序號,縣市別代碼,機關代碼,市話,傳真,年,月,日,時,分,縣市,區,死亡數量,受傷數量,2-30,天候,道路照明設備,道路類別,道路速限,道路型態,事故位置,路面鋪裝,路面狀態,路面缺陷,障礙物,視距,號誌種類,號誌動作,分向設施,快車道或一般車道間,快慢車道間,路面邊線,事故類型及型態,受傷程度,主要傷處,保護裝備,行動電話或功能裝置,當事者區分(類別),車輛用途,當事者行動狀態,駕照狀態,駕照種類,飲酒情形,車輛撞擊部位最初,車輛撞擊部位其他,肇事因素個別,肇事因素主要,肇事逃逸,職業,共享經濟或外送平台,GPS座標X,GPS座標Y,事故類別
"111","66000","387130000C","(04)23274275","(04)23288582","2026","2","1","12","37","臺中市","潭子區","0","1","0","7","3","6","50","4","1","1","5","4","6","6","1","1","5","5","5","1","17","3","10","3","1","B03","7","1","1","8","2","1","","84","84","1","13","4","120.710531","24.209951","2"
"112","66000","387130000C","(04)23274275","(04)23288582","2026","2","1","12","40","臺中市","沙鹿區","0","0","0","7","","","40","","","","","","","","","","","","","","17","","","","","C03","","","1","","1","","","59","59","1","6","4","120.568814","24.223568","3"
"113","66000","387130000C","(04)23274275","(04)23288582","2026","2","1","12","45","臺中市","大里區","0","0","0","7","","","60","","","","","","","","","","","","","","13","","","","","B03","","","1","","2","","","59","59","1","13","4","120.682618","24.104687","3"
"114","66000","387130000C","(04)23274275","(04)23288582","2026","2","1","12","49","臺中市","西區","0","0","0","7","","","50","","","","","","","","","","","","","","13","","","","","B03","","","1","","2","","","84","84","1","12","4","120.657242","24.150853","3"
"115","66000","387130000C","(04)23274275","(04)23288582","2026","2","1","12","49","臺中市","大里區","0","0","0","7","","","30","","","","","","","","","","","","","","17","","","","","B03","","","1","","11","","","84","84","1","12","4","120.714309","24.084864","3"
"116","66000","387130000C","(04)23274275","(04)23288582","2026","2","1","12","57","臺中市","中區","0","1","0","6","2","6","50","3","2","1","5","4","6","6","4","4","9","4","5","2","17","3","10","3","1","B03","7","7","1","8","2","16","","87","87","1","12","4","120.681288","24.145011","2"
"117","66000","387130000C","(04)23274275","(04)23288582","2026","2","1","13","0","臺中市","太平區","0","0","0","7","","","","","","","","","","","","","","","","","17","","","","","","","","","","","","","119","119","1","","","120.727732","24.150969","3"
"118","66000","387130000C","(04)23274275","(04)23288582","2026","2","1","13","8","臺中市","南區","0","2","0","7","3","6","50","4","1","1","5","4","6","6","2","1","10","5","5","2","16","3","10","1","1","C03","7","6","5","19","2","12","","11","11","1","6","4","120.673441","24.130682","2"
"119","66000","387130000C","(04)23274275","(04)23288582","2026","2","1","13","9","臺中市","大雅區","0","3","0","7","2","6","50","13","9","1","5","4","6","6","4","4","4","1","5","1","12","3","10","1","4","C03","7","6","1","10","2","14","14","48","48","1","12","4","120.64988","24.222222","2"
"120","66000","387130000C","(04)23274275","(04)23288582","2026","2","1","13","10","臺中市","北屯區","0","1","0","7","2","6","50","4","1","1","5","4","6","6","2","1","10","5","5","2","17","3","10","3","1","B03","7","1","1","8","2","8","","51","51","1","6","4","120.665235","24.18396","2"
"121","66000","387130000C","(04)23274275","(04)23288582","2026","2","1","13","11","臺中市","南屯區","0","0","0","7","","","50","","","","","","","","","","","","","","","","","","","B03","","","1","","1","","","51","51","1","13","4","120.644757","24.141036","3"
"122","66000","387130000C","(04)23274275","(04)23288582","2026","2","1","13","12","臺中市","南屯區","0","0","0","6","","","50","","","","","","","","","","","","","","13","","","","","B03","","","1","","1","","","82","82","1","6","4","120.647771","24.150898","3"
"123","66000","387130000C","(04)23274275","(04)23288582","2026","2","1","13","13","臺中市","西區","0","0","0","6","","","50","","","","","","","","","","","","","","17","","","","","C03","","","1","","1","","","7","7","1","13","4","120.662743","24.161379","3"
"124","66000","387130000C","(04)23274275","(04)23288582","2026","2","1","13","18","臺中市","西屯區","0","0","0","7","","","50","","","","","","","","","","","","","","13","","","","","B03","","","1","","1","","","7","7","1","13","4","120.59745","24.191535","3"
"125","66000","387130000C","(04)23274275","(04)23288582","2026","2","1","13","20","臺中市","中區","0","1","0","7","2","6","50","4","1","1","5","4","6","6","1","1","10","5","5","2","3","3","10","3","1","B01","7","5","1","2","2","5","","10","10","1","12","4","120.683617","24.141493","2"
"126","66000","387130000C","(04)23274275","(04)23288582","2026","2","1","13","21","臺中市","北區","0","0","0","7","","","50","","","","","","","","","","","","","","17","","","","","C03","","","1","","1","","","85","85","1","12","4","120.669203","24.160435","4"
"127","66000","387130000C","(04)23274275","(04)23288582","2026","2","1","13","21","臺中市","大里區","0","1","0","7","2","6","30","3","1","1","5","4","6","6","4","4","10","5","5","2","16","3","10","2","1","C03","7","6","1","10","2","11","","14","14","1","13","4","120.701296","24.094456","2"
"128","66000","387130000C","(04)23274275","(04)23288582","2026","2","1","13","22","臺中市","太平區","0","1","0","7","2","6","50","3","1","1","5","4","6","6","1","1","10","5","5","2","16","2","9","2","1","C03","7","9","1","10","2","11","","7","7","1","13","4","120.7071","24.129128","2"
"129","66000","387130000C","(04)23274275","(04)23288582","2026","2","1","13","23","臺中市","北屯區","0","0","0","7","","","50","","","","","","","","","","","","","","17","","","","","C03","","","3","","2","","","8","8","1","5","4","120.727705","24.158858","3"
"130","66000","387130000C","(04)23274275","(04)23288582","2026","2","1","13","25","臺中市","西屯區","0","0","0","5","","","30","","","","","","","","","","","","","","","","","","","B03","","","1","","1","","","12","12","1","12","4","120.58956","24.176189","3"
"131","66000","387130000C","(04)23274275","(04)23288582","2026","2","1","13","25","臺中市","清水區","0","0","0","5","","","50","","","","","","","","","","","","","","","","","","","C03","","","1","","2","","","59","59","1","12","4","120.575521","24.27038","3"
"132","66000","387130000C","(04)23274275","(04)23288582","2026","2","1","13","34","臺中市","潭子區","0","2","0","6","3","6","50","13","9","1","5","4","6","6","4","4","5","5","5","1","17","2","9","1","1","C03","7","11","1","10","2","12","","46","46","1","13","4","120.710814","24.212918","2"
"133","66000","387130000C","(04)23274275","(04)23288582","2026","2","1","13","35","臺中市","西屯區","0","1","0","5","2","6","50","13","9","1","4","4","6","6","4","4","1","4","5","2","16","3","10","5","4","B03","7","5","1","8","2","2","","84","84","1","12","4","120.654454","24.201227","2"
"134","66000","387130000C","(04)23274275","(04)23288582","2026","2","1","13","35","臺中市","龍井區","0","0","0","7","","","50","","","","","","","","","","","","","","","","","","","B03","","","1","","2","","","11","11","1","12","4","120.545934","24.191871","3"
"135","66000","387130000C","(04)23274275","(04)23288582","2026","2","1","13","38","臺中市","西屯區","0","1","0","7","2","6","50","4","1","1","5","4","6","6","1","1","5","4","5","2","16","3","10","1","1","C03","7","9","1","10","1","14","","6","6","1","12","4","120.665356","24.166801","2"
"136","66000","387130000C","(04)23274275","(04)23288582","2026","2","1","13","40","臺中市","北屯區","0","0","0","7","","","50","","","","","","","","","","","","","","16","","","","","C03","","","1","","1","","","20","20","1","6","4","120.693694","24.164595","3"
"137","66000","387130000C","(04)23274275","(04)23288582","2026","2","1","13","44","臺中市","石岡區","0","0","0","5","","","30","","","","","","","","","","","","","","14","","","","","B12","","","1","","2","","","49","49","1","13","4","120.779339","24.262073","3"
"138","66000","387130000C","(04)23274275","(04)23288582","2026","2","1","13","47","臺中市","北區","0","0","0","7","","","50","","","","","","","","","","","","","","17","","","","","C03","","","1","","1","","","7","7","1","13","4","120.685395","24.152786","3"
"139","66000","387130000C","(04)23274275","(04)23288582","2026","2","1","13","47","臺中市","大里區","0","0","0","7","","","50","","","","","","","","","","","","","","","","","","","B03","","","1","","2","","","84","84","1","12","4","120.685196","24.106382","3"
"140","66000","387130000C","(04)23274275","(04)23288582","2026","2","1","13","50","臺中市","霧峰區","0","1","0","6","2","6","30","13","9","1","5","4","6","6","4","4","10","5","5","2","17","2","9","5","4","C03","7","9","1","10","2","11","","84","84","1","13","4","120.663357","24.061901","2"
"141","66000","387130000C","(04)23274275","(04)23288582","2026","2","1","13","53","臺中市","北區","0","0","0","7","","","40","","","","","","","","","","","","","","17","","","","","B03","","","7","","10","","","87","87","1","13","4","120.694541","24.160086","3"
"142","66000","387130000C","(04)23274275","(04)23288582","2026","2","1","13","59","臺中市","北屯區","0","0","0","7","","","50","","","","","","","","","","","","","","13","","","","","B03","","","1","","1","","","7","7","1","13","4","120.68426","24.200802","3"
"143","66000","387130000C","(04)23274275","(04)23288582","2026","2","1","14","1","臺中市","西屯區","0","0","0","7","","","50","","","","","","","","","","","","","","16","","","","","B03","","","1","","1","","","11","11","1","13","4","120.635376","24.167182","3"
"144","66000","387130000C","(04)23274275","(04)23288582","2026","2","1","14","2","臺中市","南屯區","0","0","0","7","","","50","","","","","","","","","","","","","","","","","","","B03","","","1","","1","","","59","59","1","13","4","120.643755","24.147293","3"
"145","66000","387130000C","(04)23274275","(04)23288582","2026","2","1","14","3","臺中市","潭子區","0","0","0","7","","","50","","","","","","","","","","","","","","13","","","","","B03","","","1","","2","","","7","7","1","12","4","120.674179","24.204231","3"
"146","66000","387130000C","(04)23274275","(04)23288582","2026","2","1","14","5","臺中市","大甲區","0","0","0","7","","","50","","","","","","","","","","","","","","14","","","","","B03","","","1","","2","","","49","49","1","6","4","120.624866","24.344437","3"
"147","66000","387130000C","(04)23274275","(04)23288582","2026","2","1","14","8","臺中市","東區","0","0","0","7","","","50","","","","","","","","","","","","","","","","","","","B03","","","1","","2","","","23","23","1","12","4","120.701252","24.142721","3"
"148","66000","387130000C","(04)23274275","(04)23288582","2026","2","1","14","10","臺中市","大里區","0","0","0","7","2","3","80","10","7","1","5","4","6","6","4","","1","3","5","1","13","","","","","B03","","","1","","1","","","7","7","1","6","4","120.687569","24.073421","3"
"149","66000","387130000C","(04)23274275","(04)23288582","2026","2","1","14","15","臺中市","梧棲區","0","0","0","6","","","40","","","","","","","","","","","","","","17","","","","","B03","","","1","","1","","","50","50","1","12","4","120.548813","24.247867","3"
"150","66000","387130000C","(04)23274275","(04)23288582","2026","2","1","14","15","臺中市","沙鹿區","0","0","0","7","","","50","","","","","","","","","","","","","","17","","","","","B03","","","1","","9","","","82","82","2","13","4","120.559167","24.239407","3"
"151","66000","387130000C","(04)23274275","(04)23288582","2026","2","1","14","18","臺中市","大里區","0","0","0","7","","","30","","","","","","","","","","","","","","","","","","","B03","","","1","","2","","","49","49","1","13","4","120.705388","24.089548","3"
"152","66000","387130000C","(04)23274275","(04)23288582","2026","2","1","14","26","臺中市","大里區","0","0","0","7","","","50","","","","","","","","","","","","","","14","","","","","B03","","","1","","2","","","49","49","1","6","4","120.681751","24.10318","3"
"153","66000","387130000C","(04)23274275","(04)23288582","2026","2","1","14","26","臺中市","太平區","0","1","0","7","2","6","50","13","9","1","5","4","6","6","4","4","9","5","5","1","13","3","10","3","1","B03","7","9","1","8","2","1","","58","58","1","12","4","120.739808","24.131183","2"
"154","66000","387130000C","(04)23274275","(04)23288582","2026","2","1","14","28","臺中市","北屯區","0","0","0","7","","","50","","","","","","","","","","","","","","13","","","","","B12","","","1","","2","","","84","84","1","6","4","120.687078","24.187276","3"
"155","66000","387130000C","(04)23274275","(04)23288582","2026","2","1","14","30","臺中市","西區","0","0","0","7","","","50","","","","","","","","","","","","","","13","","","","","B12","","","1","","1","","","84","84","1","13","4","120.658655","24.146666","3"
"156","66000","387130000C","(04)23274275","(04)23288582","2026","2","1","14","30","臺中市","北屯區","0","0","0","7","","","50","","","","","","","","","","","","","","17","","","","","B01","","","1","","2","","","40","40","1","6","4","120.699538","24.170281","3"
"157","66000","387130000C","(04)23274275","(04)23288582","2026","2","1","14","30","臺中市","西屯區","0","0","0","6","","","50","","","","","","","","","","","","","","9","","","","","C03","","","1","","1","","","78","78","1","12","4","120.645088","24.181278","3"
"158","66000","387130000C","(04)23274275","(04)23288582","2026","2","1","14","33","臺中市","北區","0","0","0","7","","","50","","","","","","","","","","","","","","","","","","","C03","","","1","","9","","","7","7","2","12","4","120.676789","24.163054","3"
"159","66000","387130000C","(04)23274275","(04)23288582","2026","2","1","14","35","臺中市","沙鹿區","0","0","0","7","","","50","","","","","","","","","","","","","","14","","","","","B03","","","1","","2","","","49","49","1","6","4","120.575968","24.220981","3"
"160","66000","387130000C","(04)23274275","(04)23288582","2026","2","1","14","40","臺中市","和平區","0","0","0","5","","","40","","","","","","","","","","","","","","12","","","","","B03","","","1","","2","","","8","8","1","12","4","121.010259","24.204357","4"
"161","66000","387130000C","(04)23274275","(04)23288582","2026","2","1","14","41","臺中市","西區","0","0","0","7","","","50","","","","","","","","","","","","","","17","","","","","B03","","","1","","1","","","87","87","1","12","4","120.664251","24.150853","3"
"162","66000","387130000C","(04)23274275","(04)23288582","2026","2","1","14","41","臺中市","西屯區","0","0","0","7","","","50","","","","","","","","","","","","","","","","","","","B12","","","1","","2","","","59","59","1","12","4","120.63834","24.203176","3"
"163","66000","387130000C","(04)23274275","(04)23288582","2026","2","1","14","42","臺中市","南屯區","0","0","0","7","","","30","","","","","","","","","","","","","","17","","","","","B03","","","1","","2","","","59","59","1","13","4","120.613028","24.15178","3"
"164","66000","387130000C","(04)23274275","(04)23288582","2026","2","1","14","46","臺中市","沙鹿區","0","0","0","7","","","50","","","","","","","","","","","","","","","","","","","B03","","","1","","2","","","49","49","1","13","4","120.57797","24.222307","3"
"165","66000","387130000C","(04)23274275","(04)23288582","2026","2","1","14","49","臺中市","大里區","0","2","0","7","2","6","50","13","9","1","5","4","6","6","4","4","9","5","5","1","17","3","10","3","1","B03","7","13","1","8","2","4","","76","76","1","12","4","120.695836","24.101875","2"
"166","66000","387130000C","(04)23274275","(04)23288582","2026","2","1","14","51","臺中市","北屯區","0","0","0","7","","","50","","","","","","","","","","","","","","","","","","","B03","","","1","","2","","","49","49","1","6","4","120.722497","24.174079","3"
"167","66000","387130000C","(04)23274275","(04)23288582","2026","2","1","14","53","臺中市","梧棲區","0","0","0","7","","","40","","","","","","","","","","","","","","12","","","","","B03","","","1","","2","","","51","51","1","12","4","120.559045","24.257611","3"
"168","66000","387130000C","(04)23274275","(04)23288582","2026","2","1","15","9","臺中市","北屯區","0","0","0","7","","","50","","","","","","","","","","","","","","13","","","","","B03","","","1","","1","","","84","84","1","12","4","120.690039","24.171391","4"
"169","66000","387130000C","(04)23274275","(04)23288582","2026","2","1","15","10","臺中市","北屯區","0","1","0","7","3","6","50","4","1","1","5","4","6","6","1","1","10","5","5","2","17","2","9","2","1","C03","7","4","1","10","2","14","","1","1","1","6","4","120.676209","24.20071","2"
"170","66000","387130000C","(04)23274275","(04)23288582","2026","2","1","15","11","臺中市","大里區","0","1","0","6","3","6","50","4","1","1","5","4","6","6","2","1","5","5","4","1","16","3","10","3","1","B03","7","6","1","8","2","2","","11","11","1","12","4","120.675099","24.102994","2"
"171","66000","387130000C","(04)23274275","(04)23288582","2026","2","1","15","15","臺中市","神岡區","0","0","0","7","","","50","","","","","","","","","","","","","","17","","","","","B03","","","1","","2","","","48","48","1","13","4","120.67858","24.249669","3"
"172","66000","387130000C","(04)23274275","(04)23288582","2026","2","1","15","19","臺中市","豐原區","0","0","0","7","","","50","","","","","","","","","","","","","","17","","","","","C03","","","1","","2","","","84","84","1","6","4","120.70577","24.252481","3"
"173","66000","387130000C","(04)23274275","(04)23288582","2026","2","1","15","21","臺中市","東區","0","0","0","7","","","30","","","","","","","","","","","","","","12","","","","","B03","","","1","","2","","","84","84","1","13","4","120.689553","24.134985","3"
"174","66000","387130000C","(04)23274275","(04)23288582","2026","2","1","15","21","臺中市","西屯區","0","2","0","6","2","6","50","13","9","1","5","4","6","6","2","1","5","2","5","2","12","3","10","5","4","B03","7","1","1","8","2","8","","51","51","1","12","4","120.637868","24.180571","2"
"175","66000","387130000C","(04)23274275","(04)23288582","2026","2","1","15","22","臺中市","大肚區","0","0","0","7","","","30","","","","","","","","","","","","","","14","","","","","B12","","","1","","2","","","49","49","1","6","4","120.549722","24.139747","3"
"176","66000","387130000C","(04)23274275","(04)23288582","2026","2","1","15","24","臺中市","大里區","0","1","0","6","2","6","50","13","8","1","5","4","6","6","4","4","9","5","4","2","18","2","9","2","1","C03","7","6","1","10","7","15","","59","59","1","12","4","120.69163","24.111279","2"
"177","66000","387130000C","(04)23274275","(04)23288582","2026","2","1","15","25","臺中市","中區","0","0","0","7","","","50","","","","","","","","","","","","","","17","","","","","B01","","","1","","1","","","8","8","1","13","4","120.684852","24.137562","3"
"178","66000","387130000C","(04)23274275","(04)23288582","2026","2","1","15","27","臺中市","西屯區","0","0","0","7","","","50","","","","","","","","","","","","","","14","","","","","B12","","","1","","2","","","49","49","1","12","4","120.62651","24.179511","3"
"179","66000","387130000C","(04)23274275","(04)23288582","2026","2","1","15","30","臺中市","西屯區","0","1","0","7","2","6","80","13","9","1","5","4","6","6","4","4","10","4","5","1","20","2","3","3","1","B03","7","9","1","10","2","8","","90","90","1","13","4","120.647368","24.196176","2"
"180","66000","387130000C","(04)23274275","(04)23288582","2026","2","1","15","31","臺中市","南區","0","0","0","7","","","50","","","","","","","","","","","","","","17","","","","","B03","","","1","","1","","","87","87","1","12","4","120.682571","24.134469","3"
"181","66000","387130000C","(04)23274275","(04)23288582","2026","2","1","15","34","臺中市","后里區","0","0","0","7","3","6","50","","7","1","5","4","6","6","4","4","5","4","4","1","13","3","10","3","1","B03","7","9","1","8","1","5","","59","59","1","6","4","120.709224","24.311185","3"
"182","66000","387130000C","(04)23274275","(04)23288582","2026","2","1","15","39","臺中市","北屯區","0","2","0","7","3","6","50","4","1","1","5","4","6","6","1","1","10","5","5","2","30","2","9","3","1","B03","7","9","3","19","2","1","","6","6","1","6","4","120.711298","24.172134","2"
"183","66000","387130000C","(04)23274275","(04)23288582","2026","2","1","15","43","臺中市","西區","0","0","0","7","","","50","","","","","","","","","","","","","","13","","","","","C03","","","1","","1","","","84","84","1","13","4","120.666733","24.141253","3"
"184","66000","387130000C","(04)23274275","(04)23288582","2026","2","1","15","44","臺中市","西屯區","0","0","0","6","","","50","","","","","","","","","","","","","","13","","","","","C03","","","1","","1","","","59","59","1","13","4","120.645042","24.177771","4"
"185","66000","387130000C","(04)23274275","(04)23288582","2026","2","1","15","46","臺中市","龍井區","0","2","0","7","2","6","30","4","1","1","5","4","6","6","4","4","10","5","5","2","16","2","8","1","1","C03","7","6","1","10","2","12","","14","14","1","6","4","120.589881","24.183094","2"
"186","66000","387130000C","(04)23274275","(04)23288582","2026","2","1","15","49","臺中市","霧峰區","0","0","0","7","","","50","","","","","","","","","","","","","","","","","","","B03","","","1","","2","","","49","49","1","6","4","120.697168","24.063357","3"
"187","66000","387130000C","(04)23274275","(04)23288582","2026","2","1","16","6","臺中市","北屯區","0","1","0","7","2","6","50","13","9","1","5","4","6","6","1","1","10","5","5","2","16","3","10","3","1","B02","7","11","1","3","2","1","","20","20","1","6","4","120.732804","24.176905","2"
"188","66000","387130000C","(04)23274275","(04)23288582","2026","2","1","16","10","臺中市","西屯區","0","0","0","7","","","50","","","","","","","","","","","","","","13","","","","","C03","","","1","","1","","","7","7","1","12","4","120.637235","24.179017","3"
"189","66000","387130000C","(04)23274275","(04)23288582","2026","2","1","16","15","臺中市","北屯區","0","0","0","5","","","50","","","","","","","","","","","","","","17","","","","","B03","","","1","","9","","","50","50","1","12","4","120.68744","24.195071","3"
"190","66000","387130000C","(04)23274275","(04)23288582","2026","2","1","16","15","臺中市","豐原區","0","0","0","7","","","30","","","","","","","","","","","","","","12","","","","","B03","","","1","","2","","","8","8","1","12","4","120.717846","24.248006","3"
"191","66000","387130000C","(04)23274275","(04)23288582","2026","2","1","16","20","臺中市","東區","0","1","0","7","2","6","50","4","1","1","5","4","6","6","2","1","10","5","5","2","17","3","10","3","1","B03","7","5","1","8","2","5","","11","11","1","12","4","120.700018","24.138807","2"
"192","66000","387130000C","(04)23274275","(04)23288582","2026","2","1","16","25","臺中市","北屯區","0","1","0","7","1","6","50","13","9","1","5","4","6","6","4","4","3","4","5","2","12","3","10","3","1","B02","7","5","1","8","2","2","","84","84","1","13","4","120.703287","24.174795","2"
"193","66000","387130000C","(04)23274275","(04)23288582","2026","2","1","16","31","臺中市","龍井區","0","0","0","7","","","30","","","","","","","","","","","","","","15","","","","","B03","","","1","","1","","","14","14","1","6","4","120.582826","24.181151","3"
"194","66000","387130000C","(04)23274275","(04)23288582","2026","2","1","16","33","臺中市","大雅區","0","0","0","7","","","30","","","","","","","","","","","","","","14","","","","","B03","","","1","","1","","","49","49","1","12","4","120.633236","24.242285","3"
"195","66000","387130000C","(04)23274275","(04)23288582","2026","2","1","16","36","臺中市","南區","0","0","0","7","","","50","","","","","","","","","","","","","","","","","","","B03","","","1","","1","","","7","7","1","6","4","120.668987","24.128568","3"
"196","66000","387130000C","(04)23274275","(04)23288582","2026","2","1","16","37","臺中市","大雅區","0","0","0","7","","","70","","","","","","","","","","","","","","","","","","","B03","","","1","","1","","","84","84","1","12","4","120.630543","24.240616","3"
"197","66000","387130000C","(04)23274275","(04)23288582","2026","2","1","16","41","臺中市","東區","0","1","0","7","2","6","30","4","1","1","5","4","6","6","4","4","10","5","5","2","15","2","9","2","1","C03","7","9","1","10","2","12","","12","12","1","12","4","120.697751","24.135149","2"
"198","66000","387130000C","(04)23274275","(04)23288582","2026","2","1","16","45","臺中市","北區","0","1","0","7","3","6","50","4","1","1","5","4","6","6","1","1","5","5","4","2","3","3","10","3","1","B03","7","6","1","8","2","5","","10","10","1","12","4","120.676854","24.169916","2"
"199","66000","387130000C","(04)23274275","(04)23288582","2026","2","1","16","47","臺中市","西區","0","0","0","7","","","50","","","","","","","","","","","","","","17","","","","","F01","","","7","","1","","","84","84","1","12","4","120.673484","24.151487","3"
"200","66000","387130000C","(04)23274275","(04)23288582","2026","2","1","16","47","臺中市","清水區","0","0","0","7","","","40","","","","","","","","","","","","","","","","","","","B02","","","1","","11","","","49","49","1","12","4","120.571516","24.260716","3"
"201","66000","387130000C","(04)23274275","(04)23288582","2026","2","1","16","58","臺中市","南屯區","0","2","0","7","2","6","50","3","7","1","5","4","6","6","4","4","5","4","4","2","17","2","9","1","1","F03","7","5","7","21","2","14","","39","39","1","13","4","120.628343","24.119163","2"
"202","66000","387130000C","(04)23274275","(04)23288582","2026","2","1","16","58","臺中市","北屯區","0","0","0","7","","","50","","","","","","","","","","","","","","12","","","","","B01","","","1","","1","","","8","8","1","12","4","120.707122","24.188993","3"
"203","66000","387130000C","(04)23274275","(04)23288582","2026","2","1","17","8","臺中市","豐原區","0","0","0","7","","","50","","","","","","","","","","","","","","12","","","","","C03","","","1","","2","","","8","8","1","12","4","120.714876","24.244894","3"
"204","66000","387130000C","(04)23274275","(04)23288582","2026","2","1","17","9","臺中市","大里區","0","0","0","7","","","50","","","","","","","","","","","","","","13","","","","","B03","","","1","","2","","","87","87","1","6","4","120.695709","24.096426","3"
"205","66000","387130000C","(04)23274275","(04)23288582","2026","2","1","17","13","臺中市","北區","0","1","0","7","2","6","50","4","1","1","5","4","6","6","1","1","10","5","5","2","18","2","9","1","1","C03","7","9","1","10","2","16","","84","84","1","13","4","120.679833","24.152282","2"
"206","66000","387130000C","(04)23274275","(04)23288582","2026","2","1","17","17","臺中市","沙鹿區","0","0","0","7","","","30","","","","","","","","","","","","","","","","","","","B03","","","1","","2","","","49","49","1","12","4","120.591281","24.218901","3"
"207","66000","387130000C","(04)23274275","(04)23288582","2026","2","1","17","20","臺中市","霧峰區","0","0","0","7","","","50","","","","","","","","","","","","","","","","","","","B03","","","1","","2","","","51","51","1","6","4","120.691819","24.042916","3"
"208","66000","387130000C","(04)23274275","(04)23288582","2026","2","1","17","23","臺中市","北區","0","1","0","7","1","6","30","13","9","1","5","4","3","6","4","4","10","5","5","2","17","2","8","1","1","C03","7","1","1","10","2","11","","51","51","1","12","4","120.681228","24.161156","2"
"209","66000","387130000C","(04)23274275","(04)23288582","2026","2","1","17","26","臺中市","大甲區","0","0","0","7","","","50","","","","","","","","","","","","","","2","","","","","C03","","","1","","2","","","6","6","1","13","4","120.622471","24.344877","4"
"210","66000","387130000C","(04)23274275","(04)23288582","2026","2","1","17","27","臺中市","西區","0","1","0","7","1","6","50","4","2","1","5","4","6","6","1","1","5","4","5","2","3","3","10","3","1","B03","7","6","1","8","2","5","","10","10","1","13","4","120.660047","24.136629","2"
"211","66000","387130000C","(04)23274275","(04)23288582","2026","2","1","17","30","臺中市","北區","0","1","0","7","2","6","50","13","9","4","5","4","6","6","2","1","1","4","5","1","27","2","9","1","1","C03","7","9","1","10","2","12","","59","59","1","13","4","120.666775","24.158387","2"
"212","66000","387130000C","(04)23274275","(04)23288582","2026","2","1","17","32","臺中市","潭子區","0","0","0","7","","","30","","","","","","","","","","","","","","16","","","","","C03","","","1","","2","","","20","20","1","12","4","120.696836","24.196019","3"
"213","66000","387130000C","(04)23274275","(04)23288582","2026","2","1","17","40","臺中市","龍井區","0","1","0","7","1","6","30","4","1","1","5","4","6","6","4","4","10","5","5","2","15","3","10","3","1","B03","7","9","1","8","2","5","","15","15","1","12","4","120.545578","24.217899","2"
"214","66000","387130000C","(04)23274275","(04)23288582","2026","2","1","17","41","臺中市","南屯區","0","1","0","6","3","6","50","4","1","1","5","4","6","6","4","4","10","5","5","2","15","2","9","1","1","C04","7","9","1","10","2","11","","15","15","1","12","4","120.65198","24.138863","2"
"215","66000","387130000C","(04)23274275","(04)23288582","2026","2","1","17","43","臺中市","大雅區","0","0","0","7","","","60","","","","","","","","","","","","","","","","","","","B03","","","1","","2","","","7","7","1","12","4","120.650697","24.227599","3"
"216","66000","387130000C","(04)23274275","(04)23288582","2026","2","1","17","43","臺中市","南屯區","0","1","0","7","1","6","50","13","9","1","5","4","6","6","1","1","9","5","5","2","17","3","10","5","1","B03","7","15","1","8","2","4","","76","76","1","13","4","120.630198","24.122931","2"
"217","66000","387130000C","(04)23274275","(04)23288582","2026","2","1","17","47","臺中市","南屯區","0","0","0","7","","3","80","","","","","","","","","","","","","","","","","","","B03","","","1","","9","","","59","59","2","13","4","120.621618","24.134699","3"
"218","66000","387130000C","(04)23274275","(04)23288582","2026","2","1","17","51","臺中市","西屯區","0","2","0","6","1","6","30","4","1","1","4","4","6","6","4","4","10","5","5","2","15","2","9","5","4","C03","7","9","1","10","2","11","","12","12","1","12","4","120.64405","24.180655","2"
"219","66000","387130000C","(04)23274275","(04)23288582","2026","2","1","17","53","臺中市","潭子區","0","0","0","6","","","","","","","","","","","","","","","","","","","","","","","","","","","","","","86","86","1","","","120.700792","24.213221","3"
"220","66000","387130000C","(04)23274275","(04)23288582","2026","2","1","17","54","臺中市","西屯區","0","0","0","7","","","50","","","","","","","","","","","","","","16","","","","","B03","","","1","","1","","","84","84","1","12","4","120.659553","24.193109","3"
"221","66000","387130000C","(04)23274275","(04)23288582","2026","2","1","18","1","臺中市","清水區","0","0","0","7","","","50","","","","","","","","","","","","","","","","","","","B03","","","1","","1","","","8","8","1","12","4","120.575874","24.272988","3"
"222","66000","387130000C","(04)23274275","(04)23288582","2026","2","1","18","5","臺中市","南區","0","0","0","7","","","40","","","","","","","","","","","","","","14","","","","","C03","","","1","","1","","","49","49","1","13","4","120.675167","24.125141","3"
"223","66000","387130000C","(04)23274275","(04)23288582","2026","2","1","18","5","臺中市","北屯區","0","0","0","6","","","50","","","","","","","","","","","","","","16","","","","","B03","","","1","","1","","","21","21","1","13","4","120.686811","24.201274","3"