序號,縣市別代碼,機關代碼,市話,傳真,年,月,日,時,分,縣市,區,死亡數量,受傷數量,2-30,天候,道路照明設備,道路類別,道路速限,道路型態,事故位置,路面鋪裝,路面狀態,路面缺陷,障礙物,視距,號誌種類,號誌動作,分向設施,快車道或一般車道間,快慢車道間,路面邊線,事故類型及型態,受傷程度,主要傷處,保護裝備,行動電話或功能裝置,當事者區分(類別),車輛用途,當事者行動狀態,駕照狀態,駕照種類,飲酒情形,車輛撞擊部位最初,車輛撞擊部位其他,肇事因素個別,肇事因素主要,肇事逃逸,職業,共享經濟或外送平台,GPS座標X,GPS座標Y,事故類別
"224","66000","387130000C","(04)23274275","(04)23288582","2026","2","1","18","6","臺中市","潭子區","0","0","0","6","","","60","","","","","","","","","","","","","","","","","","","B03","","","1","","2","","","40","40","1","13","4","120.704884","24.205826","3"
"225","66000","387130000C","(04)23274275","(04)23288582","2026","2","1","18","7","臺中市","南區","0","0","0","7","","","50","","","","","","","","","","","","","","17","","","","","B03","","","1","","1","","","85","85","1","12","4","120.668121","24.117062","4"
"226","66000","387130000C","(04)23274275","(04)23288582","2026","2","1","18","10","臺中市","西區","0","2","0","6","1","6","50","4","2","1","5","4","6","6","2","1","5","4","5","1","16","3","10","3","1","B03","7","6","1","8","2","6","","11","11","1","13","4","120.658418","24.150862","2"
"227","66000","387130000C","(04)23274275","(04)23288582","2026","2","1","18","10","臺中市","神岡區","0","1","0","6","1","6","30","4","1","1","5","4","6","6","1","1","10","5","5","2","17","3","10","1","1","C03","7","9","1","10","2","12","","21","21","1","6","4","120.688297","24.239963","2"
"228","66000","387130000C","(04)23274275","(04)23288582","2026","2","1","18","11","臺中市","太平區","0","0","0","7","1","6","30","","","","","","","","","","","","","","","","","","","B12","","","1","","1","6","","49","49","1","12","4","120.712962","24.155356","3"
"229","66000","387130000C","(04)23274275","(04)23288582","2026","2","1","18","13","臺中市","中區","0","1","0","7","1","6","50","4","1","1","5","4","6","6","2","1","5","4","5","2","30","2","9","2","1","C03","7","9","3","19","2","16","","87","87","1","13","4","120.677987","24.140916","2"
"230","66000","387130000C","(04)23274275","(04)23288582","2026","2","1","18","17","臺中市","大里區","0","2","0","5","1","6","30","3","2","1","4","4","6","6","1","1","5","5","5","2","17","2","8","1","1","C03","7","9","5","19","11","12","","84","84","2","6","4","120.705853","24.095643","2"
"231","66000","387130000C","(04)23274275","(04)23288582","2026","2","1","18","19","臺中市","北區","0","1","0","7","1","6","50","13","9","1","5","4","6","6","4","4","5","5","5","2","17","2","9","1","1","C03","7","9","1","10","2","12","","8","8","1","12","4","120.682357","24.163726","2"
"232","66000","387130000C","(04)23274275","(04)23288582","2026","2","1","18","21","臺中市","北區","0","0","0","7","","","50","","","","","","","","","","","","","","17","","","","","B03","","","1","","1","","","84","84","1","13","4","120.69218","24.160493","3"
"233","66000","387130000C","(04)23274275","(04)23288582","2026","2","1","18","22","臺中市","神岡區","0","0","0","7","","","50","","","","","","","","","","","","","","14","","","","","B03","","","1","","2","","","49","49","1","13","4","120.689185","24.247458","3"
"234","66000","387130000C","(04)23274275","(04)23288582","2026","2","1","18","25","臺中市","南屯區","0","1","0","7","1","6","50","13","8","1","5","4","6","6","1","1","3","4","4","1","12","3","10","3","1","B03","7","3","1","8","2","2","","85","85","1","12","4","120.631196","24.146198","2"
"235","66000","387130000C","(04)23274275","(04)23288582","2026","2","1","18","28","臺中市","南區","0","0","0","7","","","50","","","","","","","","","","","","","","","","","","","B03","","","1","","1","","","49","49","1","12","4","120.658203","24.117462","3"
"236","66000","387130000C","(04)23274275","(04)23288582","2026","2","1","18","30","臺中市","北屯區","0","0","0","6","","","50","","","","","","","","","","","","","","13","","","","","B03","","","3","","2","","","59","59","1","12","4","120.705646","24.164669","3"
"237","66000","387130000C","(04)23274275","(04)23288582","2026","2","1","18","32","臺中市","沙鹿區","0","1","0","7","3","6","50","13","7","1","5","4","6","6","4","4","1","4","4","2","1","3","10","6","5","H01","8","16","7","21","10","17","","109","109","1","6","5","120.559747","24.238423","2"
"238","66000","387130000C","(04)23274275","(04)23288582","2026","2","1","18","36","臺中市","北屯區","0","0","0","7","","","50","","","","","","","","","","","","","","","","","","","C03","","","1","","2","","","84","84","1","13","4","120.680771","24.172981","4"
"239","66000","387130000C","(04)23274275","(04)23288582","2026","2","1","18","38","臺中市","烏日區","0","2","0","7","1","6","50","4","2","1","5","4","6","6","4","4","5","5","4","2","16","2","9","2","1","C03","7","6","1","10","2","11","","39","39","1","6","4","120.624007","24.102676","2"
"240","66000","387130000C","(04)23274275","(04)23288582","2026","2","1","18","44","臺中市","北屯區","0","0","0","7","","","50","","","","","","","","","","","","","","","","","","","B03","","","1","","1","","","84","84","1","12","4","120.707744","24.185067","4"
"241","66000","387130000C","(04)23274275","(04)23288582","2026","2","1","18","51","臺中市","西區","0","1","0","7","2","6","30","4","1","1","5","4","6","6","4","4","10","5","5","2","17","3","10","2","1","C03","7","9","1","10","1","11","","15","15","1","12","4","120.656545","24.154284","2"
"242","66000","387130000C","(04)23274275","(04)23288582","2026","2","1","18","52","臺中市","太平區","0","1","0","6","1","6","30","13","9","1","5","4","6","6","4","4","10","5","5","2","17","3","10","3","1","B03","7","14","1","7","2","6","","77","77","1","12","4","120.722395","24.132412","2"
"243","66000","387130000C","(04)23274275","(04)23288582","2026","2","1","18","53","臺中市","東區","0","2","0","7","1","6","50","4","1","1","5","4","6","6","2","1","5","5","5","2","11","2","9","2","1","C03","7","6","5","19","2","14","","11","11","1","6","4","120.707891","24.146135","2"
"244","66000","387130000C","(04)23274275","(04)23288582","2026","2","1","18","55","臺中市","豐原區","0","1","0","7","1","6","50","3","1","1","5","4","6","6","1","1","10","5","5","2","16","2","9","1","1","C03","7","6","1","10","2","11","","34","34","1","6","4","120.723853","24.25578","2"
"245","66000","387130000C","(04)23274275","(04)23288582","2026","2","1","18","57","臺中市","北屯區","0","0","0","7","","","50","","","","","","","","","","","","","","13","","","","","B03","","","1","","1","","","7","7","1","12","4","120.720769","24.176087","3"
"246","66000","387130000C","(04)23274275","(04)23288582","2026","2","1","19","0","臺中市","北區","0","2","0","6","1","6","50","3","2","1","5","4","6","6","4","4","5","5","4","2","17","2","4","1","1","C03","7","11","1","10","2","13","","39","39","1","12","2","120.681951","24.159115","2"
"247","66000","387130000C","(04)23274275","(04)23288582","2026","2","1","19","1","臺中市","潭子區","0","0","0","7","","","50","","","","","","","","","","","","","","","","","","","B03","","","1","","2","","","40","40","1","13","4","120.702994","24.200645","3"
"248","66000","387130000C","(04)23274275","(04)23288582","2026","2","1","19","6","臺中市","外埔區","0","0","0","6","","","50","","","","","","","","","","","","","","13","","","","","B03","","","1","","2","","","7","7","1","12","4","120.643689","24.336689","3"
"249","66000","387130000C","(04)23274275","(04)23288582","2026","2","1","19","7","臺中市","大里區","0","1","0","7","1","6","40","13","8","1","5","4","6","6","4","4","5","4","4","1","17","2","8","5","4","C03","7","9","1","10","2","12","","59","59","1","6","4","120.726872","24.091543","2"
"250","66000","387130000C","(04)23274275","(04)23288582","2026","2","1","19","10","臺中市","南屯區","0","1","0","7","2","6","50","3","1","1","5","4","6","6","4","4","5","5","5","2","17","2","9","1","1","C03","7","6","1","10","1","12","","14","14","1","13","4","120.609437","24.15024","2"
"251","66000","387130000C","(04)23274275","(04)23288582","2026","2","1","19","24","臺中市","南屯區","0","1","0","7","1","6","50","3","1","1","5","4","6","6","4","4","10","5","5","2","17","3","10","1","1","C03","7","1","1","10","2","11","","51","51","1","6","4","120.6348","24.154289","2"
"252","66000","387130000C","(04)23274275","(04)23288582","2026","2","1","19","30","臺中市","西屯區","0","1","0","7","1","6","50","13","9","1","5","4","6","6","4","4","1","4","5","2","17","2","9","2","1","C03","7","3","1","10","2","11","","50","50","1","13","4","120.655471","24.169199","2"
"253","66000","387130000C","(04)23274275","(04)23288582","2026","2","1","19","32","臺中市","南區","0","1","0","6","2","6","40","13","8","1","5","4","6","6","4","4","3","4","4","2","18","2","9","2","1","C03","7","9","1","10","2","12","","84","84","1","12","4","120.647921","24.111072","2"
"254","66000","387130000C","(04)23274275","(04)23288582","2026","2","1","19","34","臺中市","南屯區","0","1","0","7","2","6","40","13","8","1","5","4","6","6","4","4","3","4","4","2","17","3","10","3","1","B03","7","1","1","8","2","8","","51","51","1","13","4","120.641973","24.150793","2"
"255","66000","387130000C","(04)23274275","(04)23288582","2026","2","1","19","39","臺中市","西屯區","0","0","0","7","","","50","","","","","","","","","","","","","","12","","","","","B03","","","1","","1","","","40","40","1","13","4","120.652582","24.166687","3"
"256","66000","387130000C","(04)23274275","(04)23288582","2026","2","1","19","46","臺中市","霧峰區","0","0","0","7","","","30","","","","","","","","","","","","","","","","","","","B03","","","1","","2","","","49","49","1","6","4","120.669842","24.075181","3"
"257","66000","387130000C","(04)23274275","(04)23288582","2026","2","1","19","55","臺中市","南區","0","1","0","7","1","6","40","3","2","1","5","4","6","6","4","4","5","2","4","2","3","3","10","6","5","H01","8","16","7","21","1","16","","95","95","1","13","5","120.68016","24.128865","2"
"258","66000","387130000C","(04)23274275","(04)23288582","2026","2","1","19","56","臺中市","太平區","0","0","0","7","","","","","","","","","","","","","","","","","28","","","","","","","","","","","","","118","118","1","","","120.722899","24.147993","3"
"259","66000","387130000C","(04)23274275","(04)23288582","2026","2","1","20","6","臺中市","西區","0","0","0","7","","","50","","","","","","","","","","","","","","17","","","","","B03","","","","","9","","","50","50","2","13","4","120.661725","24.156754","3"
"260","66000","387130000C","(04)23274275","(04)23288582","2026","2","1","20","9","臺中市","霧峰區","0","0","0","7","","","50","","","","","","","","","","","","","","","","","","","B03","","","1","","2","","","7","7","1","6","4","120.696672","24.060741","3"
"261","66000","387130000C","(04)23274275","(04)23288582","2026","2","1","20","14","臺中市","沙鹿區","0","1","0","6","1","6","50","4","2","1","5","4","6","6","4","4","8","3","5","2","17","2","9","5","4","C03","7","9","1","10","2","11","","15","15","1","13","4","120.558464","24.236745","2"
"262","66000","387130000C","(04)23274275","(04)23288582","2026","2","1","20","16","臺中市","大里區","0","0","0","7","","","50","","","","","","","","","","","","","","","","","","","B03","","","1","","2","","","84","84","1","12","4","120.68926","24.105052","3"
"263","66000","387130000C","(04)23274275","(04)23288582","2026","2","1","20","23","臺中市","北屯區","0","1","0","7","1","6","50","3","1","1","4","4","6","6","4","4","10","5","5","2","13","2","9","2","1","C02","7","9","1","9","2","11","","7","7","1","6","4","120.68142","24.194242","2"
"264","66000","387130000C","(04)23274275","(04)23288582","2026","2","1","20","24","臺中市","南屯區","0","1","0","7","1","6","50","4","1","1","5","4","6","6","1","1","5","4","4","1","11","3","10","3","1","B03","7","6","1","8","2","2","","11","11","1","12","4","120.643836","24.133419","2"
"265","66000","387130000C","(04)23274275","(04)23288582","2026","2","1","20","28","臺中市","大里區","0","2","0","6","1","6","50","4","1","1","5","4","6","6","2","1","1","4","5","1","15","2","9","1","1","C03","7","9","3","19","2","11","","85","85","1","12","4","120.688833","24.119674","2"
"266","66000","387130000C","(04)23274275","(04)23288582","2026","2","1","20","37","臺中市","大里區","0","0","0","7","","","50","","","","","","","","","","","","","","","","","","","B12","","","1","","2","","","49","49","1","6","4","120.708465","24.085119","3"
"267","66000","387130000C","(04)23274275","(04)23288582","2026","2","1","20","41","臺中市","北屯區","0","0","0","7","","","50","","","","","","","","","","","","","","12","","","","","B03","","","1","","2","","","51","51","1","6","4","120.667724","24.179727","3"
"268","66000","387130000C","(04)23274275","(04)23288582","2026","2","1","20","43","臺中市","北區","0","0","0","5","","","40","","","","","","","","","","","","","","13","","","","","B03","","","1","","1","","","59","59","1","13","4","120.674354","24.170994","3"
"269","66000","387130000C","(04)23274275","(04)23288582","2026","2","1","20","46","臺中市","沙鹿區","0","0","0","5","","","50","","","","","","","","","","","","","","","","","","","B03","","","1","","2","","","51","51","1","12","4","120.563018","24.213583","3"
"270","66000","387130000C","(04)23274275","(04)23288582","2026","2","1","20","55","臺中市","大甲區","0","0","0","7","1","6","50","5","1","1","5","4","6","6","1","1","5","5","5","1","15","3","10","3","1","B02","7","6","1","10","2","8","","11","11","1","12","4","120.623442","24.344114","3"
"271","66000","387130000C","(04)23274275","(04)23288582","2026","2","1","20","56","臺中市","神岡區","0","1","0","5","1","6","50","13","9","1","4","4","6","6","4","4","9","5","5","1","17","2","9","1","1","C03","7","4","3","19","8","11","","53","53","1","6","4","120.676319","24.263776","2"
"272","66000","387130000C","(04)23274275","(04)23288582","2026","2","1","21","0","臺中市","西屯區","0","0","0","5","","","50","","","","","","","","","","","","","","14","","","","","B03","","","1","","1","","","49","49","1","12","4","120.642256","24.154719","3"
"273","66000","387130000C","(04)23274275","(04)23288582","2026","2","1","21","2","臺中市","后里區","0","1","0","5","1","6","50","13","9","1","4","4","6","6","4","4","1","4","5","1","17","2","9","1","1","C03","7","9","1","10","1","11","","84","84","1","12","4","120.722269","24.309231","2"
"274","66000","387130000C","(04)23274275","(04)23288582","2026","2","1","21","6","臺中市","西屯區","0","1","0","5","1","6","50","4","1","1","4","4","6","6","2","1","10","5","5","2","16","3","10","5","4","B03","7","6","1","8","2","6","","11","11","1","12","4","120.61765","24.185395","2"
"275","66000","387130000C","(04)23274275","(04)23288582","2026","2","1","21","7","臺中市","龍井區","0","1","0","7","1","6","50","5","1","1","4","4","6","6","3","1","10","5","5","2","15","3","10","1","1","C03","7","9","1","10","2","12","","8","8","1","6","4","120.592764","24.181591","2"
"276","66000","387130000C","(04)23274275","(04)23288582","2026","2","1","21","12","臺中市","南屯區","0","2","0","5","1","6","50","13","8","1","4","4","6","6","4","4","5","5","4","2","17","2","8","1","1","C03","7","9","1","10","2","12","","8","8","1","12","4","120.638432","24.140603","2"
"277","66000","387130000C","(04)23274275","(04)23288582","2026","2","1","21","14","臺中市","南區","0","1","0","5","1","6","50","4","1","1","4","4","6","6","2","1","10","5","5","2","17","3","10","3","1","B03","7","6","1","8","2","16","","11","11","1","12","4","120.670433","24.129109","2"
"278","66000","387130000C","(04)23274275","(04)23288582","2026","2","1","21","15","臺中市","西區","0","0","0","5","","","50","","","","","","","","","","","","","","17","","","","","B03","","","1","","2","","","84","84","1","13","4","120.661536","24.152028","3"
"279","66000","387130000C","(04)23274275","(04)23288582","2026","2","1","21","15","臺中市","中區","0","1","0","5","1","6","50","4","1","1","4","4","6","6","1","1","10","5","5","2","9","3","10","3","1","B01","7","6","1","4","2","1","","10","10","1","12","4","120.675939","24.141365","2"
"280","66000","387130000C","(04)23274275","(04)23288582","2026","2","1","21","17","臺中市","北屯區","0","1","0","5","1","6","50","4","1","1","4","4","6","6","4","4","10","5","5","2","15","3","10","3","1","B03","7","9","1","8","2","6","","15","15","1","12","4","120.687734","24.172471","2"
"281","66000","387130000C","(04)23274275","(04)23288582","2026","2","1","21","18","臺中市","北屯區","0","1","0","7","1","6","50","4","1","1","4","4","6","6","2","1","10","5","5","2","15","3","10","2","1","C03","7","9","1","10","2","11","","21","21","1","6","4","120.694698","24.165598","2"
"282","66000","387130000C","(04)23274275","(04)23288582","2026","2","1","21","25","臺中市","西屯區","0","2","0","5","1","6","50","13","9","1","4","4","6","6","4","4","5","5","5","2","3","2","1","6","5","H01","8","18","7","21","10","17","","95","95","1","13","5","120.618516","24.178067","2"
"283","66000","387130000C","(04)23274275","(04)23288582","2026","2","1","21","27","臺中市","中區","0","0","0","7","","","50","","","","","","","","","","","","","","17","","","","","B03","","","1","","9","","","49","49","2","12","4","120.676405","24.14512","3"
"284","66000","387130000C","(04)23274275","(04)23288582","2026","2","1","21","30","臺中市","南區","0","0","0","7","","","40","","","","","","","","","","","","","","17","","","","","","","","","","","","","85","85","1","","","120.680632","24.118878","4"
"285","66000","387130000C","(04)23274275","(04)23288582","2026","2","1","21","31","臺中市","北區","0","0","0","5","","","50","","","","","","","","","","","","","","","","","","","B12","","","1","","1","","","7","7","1","12","4","120.676229","24.157604","3"
"286","66000","387130000C","(04)23274275","(04)23288582","2026","2","1","21","37","臺中市","北屯區","0","1","0","5","1","6","50","4","1","1","4","4","6","6","1","1","10","5","5","2","18","2","9","1","1","C03","7","5","1","10","2","14","","84","84","1","6","4","120.733602","24.159946","2"
"287","66000","387130000C","(04)23274275","(04)23288582","2026","2","1","21","38","臺中市","太平區","0","1","0","5","1","6","40","13","9","1","4","4","6","6","4","4","9","5","5","2","18","2","9","2","1","C03","7","9","1","10","2","12","","84","84","1","13","4","120.701467","24.112767","2"
"288","66000","387130000C","(04)23274275","(04)23288582","2026","2","1","21","45","臺中市","后里區","0","0","0","5","1","6","50","4","1","1","4","4","6","6","1","1","5","5","5","1","16","3","10","2","1","C03","7","9","1","10","2","11","","4","4","1","12","4","120.707955","24.316529","3"
"289","66000","387130000C","(04)23274275","(04)23288582","2026","2","1","21","52","臺中市","太平區","0","0","0","7","","","50","","","","","","","","","","","","","","14","","","","","B03","","","1","","9","","","49","49","2","12","4","120.733419","24.144433","3"
"290","66000","387130000C","(04)23274275","(04)23288582","2026","2","1","21","54","臺中市","西屯區","0","1","0","5","1","6","50","13","9","1","4","4","6","6","4","4","5","4","5","1","30","2","9","1","4","C03","7","9","1","10","2","16","","59","59","1","13","4","120.619742","24.187275","2"
"291","66000","387130000C","(04)23274275","(04)23288582","2026","2","1","21","57","臺中市","沙鹿區","0","1","0","5","1","6","50","11","7","1","4","4","6","6","4","4","8","3","4","1","18","2","9","5","4","C03","7","9","1","10","2","14","","84","84","1","13","4","120.581809","24.241506","2"
"292","66000","387130000C","(04)23274275","(04)23288582","2026","2","1","22","0","臺中市","西屯區","0","2","0","5","1","6","50","13","8","1","4","4","6","6","4","4","5","4","4","1","13","2","9","1","1","C03","7","9","1","10","2","11","","59","59","1","12","4","120.662931","24.165696","2"
"293","66000","387130000C","(04)23274275","(04)23288582","2026","2","1","22","3","臺中市","烏日區","0","0","0","5","","","50","","","","","","","","","","","","","","12","","","","","B03","","","1","","1","","","40","40","1","6","4","120.618724","24.115942","3"
"294","66000","387130000C","(04)23274275","(04)23288582","2026","2","1","22","4","臺中市","大雅區","0","1","0","7","3","6","50","3","1","1","4","4","6","6","1","1","10","5","5","1","13","2","8","2","1","C03","7","1","1","10","2","14","","84","84","1","12","4","120.644125","24.208002","2"
"295","66000","387130000C","(04)23274275","(04)23288582","2026","2","1","22","8","臺中市","南區","0","2","0","5","1","6","40","4","1","1","4","4","6","6","2","1","1","5","1","2","18","2","9","2","1","C03","7","5","1","10","2","16","","5","5","1","6","4","120.682546","24.123744","2"
"296","66000","387130000C","(04)23274275","(04)23288582","2026","2","1","22","15","臺中市","西區","0","0","0","5","","","50","","","","","","","","","","","","","","","","","","","B03","","","1","","1","","","49","49","1","6","4","120.656037","24.136935","3"
"297","66000","387130000C","(04)23274275","(04)23288582","2026","2","1","22","16","臺中市","北屯區","0","0","0","5","","","50","","","","","","","","","","","","","","13","","","","","C03","","","1","","2","","","82","82","1","12","4","120.669935","24.177808","4"
"298","66000","387130000C","(04)23274275","(04)23288582","2026","2","1","22","17","臺中市","北區","0","2","0","5","1","6","50","3","1","1","4","4","6","6","2","1","10","5","5","2","17","2","9","1","1","C03","7","6","1","10","2","12","","11","11","1","13","4","120.688113","24.151003","2"
"299","66000","387130000C","(04)23274275","(04)23288582","2026","2","1","22","23","臺中市","烏日區","0","1","0","5","1","6","50","13","7","1","4","4","6","6","4","4","5","5","4","2","17","3","10","3","1","B03","7","1","1","8","2","16","","51","51","1","6","4","120.607722","24.120197","2"
"300","66000","387130000C","(04)23274275","(04)23288582","2026","2","1","22","28","臺中市","西屯區","0","1","0","5","1","6","50","3","1","1","4","4","6","6","4","4","10","5","5","2","18","2","9","5","4","C03","7","9","1","10","2","11","","59","59","1","12","4","120.663","24.165761","2"
"301","66000","387130000C","(04)23274275","(04)23288582","2026","2","1","22","31","臺中市","豐原區","0","1","0","5","1","6","50","13","9","1","4","4","6","6","4","4","9","5","5","2","18","2","9","1","1","C03","7","9","1","10","2","16","","84","84","1","12","4","120.726195","24.248479","2"
"302","66000","387130000C","(04)23274275","(04)23288582","2026","2","1","22","45","臺中市","西屯區","0","1","0","5","2","6","50","18","19","1","4","4","6","6","4","4","10","5","5","2","3","3","10","3","1","B01","7","9","1","8","2","4","","28","28","1","13","4","120.662998","24.165773","2"
"303","66000","387130000C","(04)23274275","(04)23288582","2026","2","1","22","52","臺中市","西屯區","0","1","0","5","1","6","50","13","9","1","4","4","6","6","2","1","1","4","5","1","18","2","9","1","1","C03","7","12","1","10","1","14","","84","84","1","12","4","120.649744","24.163049","2"
"304","66000","387130000C","(04)23274275","(04)23288582","2026","2","1","23","13","臺中市","北區","0","1","0","5","1","6","50","4","1","1","4","4","6","6","2","1","10","5","5","2","18","2","9","1","1","C03","7","9","1","10","2","16","","84","84","1","13","4","120.685971","24.146304","2"
"305","66000","387130000C","(04)23274275","(04)23288582","2026","2","1","23","14","臺中市","南區","0","1","0","5","1","6","50","4","4","1","4","4","6","6","4","4","1","4","4","2","18","2","9","2","1","C03","7","12","1","10","2","14","","84","84","1","5","4","120.67738","24.130531","2"
"306","66000","387130000C","(04)23274275","(04)23288582","2026","2","1","23","26","臺中市","南區","0","1","0","5","1","6","50","4","1","1","4","4","6","6","1","1","10","5","5","2","17","2","9","2","1","C03","7","9","1","10","2","11","","7","7","1","13","4","120.672931","24.131273","2"
"307","66000","387130000C","(04)23274275","(04)23288582","2026","2","1","23","31","臺中市","西屯區","0","0","0","5","","","50","","","","","","","","","","","","","","","","","","","","","","","","","","","119","119","1","","","120.654682","24.167983","3"
"308","66000","387130000C","(04)23274275","(04)23288582","2026","2","1","23","50","臺中市","東區","0","0","0","5","","","50","","","","","","","","","","","","","","14","","","","","B02","","","1","","2","","","49","49","1","6","4","120.685419","24.135579","3"
"309","66000","387130000C","(04)23274275","(04)23288582","2026","2","1","23","50","臺中市","西屯區","0","1","0","5","1","6","50","13","9","1","4","4","6","6","4","4","9","4","5","2","18","2","9","6","1","F01","7","9","7","21","1","14","","59","59","1","12","4","120.661759","24.172738","2"
"310","66000","387130000C","(04)23274275","(04)23288582","2026","2","2","0","1","臺中市","西屯區","0","2","0","5","1","6","50","4","1","1","4","4","6","6","2","1","10","5","5","2","17","2","9","1","1","C03","7","6","1","10","2","14","","84","84","1","5","4","120.661052","24.171519","2"
"311","66000","387130000C","(04)23274275","(04)23288582","2026","2","2","0","42","臺中市","北屯區","0","0","0","7","","","","","","","","","","","","","","","","","9","","","","","","","","","","","","","119","119","1","","","120.671828","24.174117","3"
"312","66000","387130000C","(04)23274275","(04)23288582","2026","2","2","0","47","臺中市","北區","0","0","0","7","","","40","","","","","","","","","","","","","","17","","","","","B03","","","1","","11","","","85","85","1","12","4","120.67676","24.156825","3"
"313","66000","387130000C","(04)23274275","(04)23288582","2026","2","2","1","21","臺中市","西區","0","2","0","5","1","6","40","4","2","1","4","4","6","6","1","1","10","4","5","2","17","2","3","3","1","B01","7","5","1","2","2","5","","84","84","1","6","4","120.674249","24.148283","2"
"314","66000","387130000C","(04)23274275","(04)23288582","2026","2","2","2","50","臺中市","后里區","0","1","0","5","1","6","50","13","9","1","4","4","6","6","4","4","9","4","5","1","18","2","9","1","1","C03","7","9","1","10","2","14","","59","59","1","12","4","120.709036","24.303235","2"
"315","66000","387130000C","(04)23274275","(04)23288582","2026","2","2","3","17","臺中市","東區","0","1","0","5","1","6","50","13","9","1","4","4","6","6","4","4","9","5","5","2","17","3","10","3","1","B03","7","1","1","8","2","8","","51","51","1","13","4","120.705033","24.140601","2"
"316","66000","387130000C","(04)23274275","(04)23288582","2026","2","2","6","6","臺中市","和平區","0","0","0","5","","","30","","","","","","","","","","","","","","18","","","","","A11","","","1","","2","","","84","84","1","12","4","121.244119","24.224031","3"
"317","66000","387130000C","(04)23274275","(04)23288582","2026","2","2","6","17","臺中市","豐原區","0","1","0","5","1","6","60","4","1","1","4","4","6","6","2","1","1","4","4","1","17","2","2","3","1","B03","7","8","1","10","2","8","","40","40","1","12","4","120.703009","24.251386","2"
"318","66000","387130000C","(04)23274275","(04)23288582","2026","2","2","6","28","臺中市","神岡區","0","1","0","5","1","6","30","4","1","1","4","4","6","6","3","1","10","4","4","1","16","3","10","3","1","B03","7","14","1","8","2","8","","24","24","1","12","4","120.671989","24.255682","2"
"319","66000","387130000C","(04)23274275","(04)23288582","2026","2","2","6","40","臺中市","北屯區","0","1","0","7","2","6","50","4","1","1","5","4","6","6","1","1","10","5","5","2","18","2","9","5","4","C03","7","9","1","10","2","14","","59","59","1","12","4","120.69079","24.191817","2"
"320","66000","387130000C","(04)23274275","(04)23288582","2026","2","2","6","50","臺中市","龍井區","0","0","0","7","","","30","","","","","","","","","","","","","","","","","","","B03","","","1","","1","","","43","43","1","12","4","120.498371","24.212418","3"
"321","66000","387130000C","(04)23274275","(04)23288582","2026","2","2","6","51","臺中市","西屯區","0","1","0","5","2","6","30","3","1","1","4","4","6","6","1","1","10","5","5","2","18","2","9","1","1","C03","7","5","1","10","2","12","","84","84","1","12","4","120.648151","24.182031","2"
"322","66000","387130000C","(04)23274275","(04)23288582","2026","2","2","6","51","臺中市","沙鹿區","0","0","0","7","","","30","","","","","","","","","","","","","","17","","","","","C03","","","1","","2","","","82","82","1","6","4","120.571198","24.224961","3"
"323","66000","387130000C","(04)23274275","(04)23288582","2026","2","2","6","52","臺中市","烏日區","0","0","0","7","","","30","","","","","","","","","","","","","","17","","","","","B03","","","1","","9","","","87","87","1","6","4","120.60482","24.108023","3"
"324","66000","387130000C","(04)23274275","(04)23288582","2026","2","2","6","58","臺中市","沙鹿區","0","1","0","6","2","6","40","13","8","1","5","4","6","6","4","4","1","5","1","1","13","2","9","1","4","C03","7","9","1","10","2","11","","84","84","1","5","4","120.576224","24.226345","2"
"325","66000","387130000C","(04)23274275","(04)23288582","2026","2","2","7","7","臺中市","太平區","0","0","0","5","","","40","","","","","","","","","","","","","","","","","","","B03","","","1","","2","","","58","58","1","12","4","120.71607","24.127406","3"
"326","66000","387130000C","(04)23274275","(04)23288582","2026","2","2","7","9","臺中市","沙鹿區","0","0","0","5","","","30","","","","","","","","","","","","","","13","","","","","B03","","","1","","1","","","7","7","1","6","4","120.580668","24.213232","3"
"327","66000","387130000C","(04)23274275","(04)23288582","2026","2","2","7","10","臺中市","沙鹿區","0","1","0","5","2","6","30","3","1","1","4","4","6","6","4","4","10","5","5","2","16","3","10","3","1","B03","7","6","1","8","2","8","","84","84","1","6","4","120.574433","24.236839","2"
"328","66000","387130000C","(04)23274275","(04)23288582","2026","2","2","7","12","臺中市","沙鹿區","0","0","0","6","","","50","","","","","","","","","","","","","","14","","","","","C03","","","1","","1","","","49","49","1","6","4","120.560639","24.236228","3"
"329","66000","387130000C","(04)23274275","(04)23288582","2026","2","2","7","22","臺中市","潭子區","0","0","0","6","","","40","","","","","","","","","","","","","","","","","","","B03","","","1","","2","","","51","51","1","13","4","120.704478","24.190822","3"
"330","66000","387130000C","(04)23274275","(04)23288582","2026","2","2","7","25","臺中市","北屯區","0","1","0","5","2","6","50","13","9","1","4","4","6","6","4","4","1","4","5","2","18","2","9","1","1","C03","7","9","1","10","2","12","","84","84","1","6","4","120.676561","24.201283","2"
"331","66000","387130000C","(04)23274275","(04)23288582","2026","2","2","7","26","臺中市","大雅區","0","2","0","5","3","6","50","13","11","1","4","4","6","6","4","4","4","1","5","2","12","2","9","1","4","C03","7","9","1","10","2","14","14","84","84","1","12","4","120.640325","24.219191","2"
"332","66000","387130000C","(04)23274275","(04)23288582","2026","2","2","7","27","臺中市","西屯區","0","0","0","6","","","50","","","","","","","","","","","","","","13","","","","","B03","","","1","","1","","","59","59","1","12","4","120.593981","24.175992","3"