序號,縣市別代碼,機關代碼,市話,傳真,年,月,日,時,分,縣市,區,死亡數量,受傷數量,2-30,天候,道路照明設備,道路類別,道路速限,道路型態,事故位置,路面鋪裝,路面狀態,路面缺陷,障礙物,視距,號誌種類,號誌動作,分向設施,快車道或一般車道間,快慢車道間,路面邊線,事故類型及型態,受傷程度,主要傷處,保護裝備,行動電話或功能裝置,當事者區分(類別),車輛用途,當事者行動狀態,駕照狀態,駕照種類,飲酒情形,車輛撞擊部位最初,車輛撞擊部位其他,肇事因素個別,肇事因素主要,肇事逃逸,職業,共享經濟或外送平台,GPS座標X,GPS座標Y,事故類別
"333","66000","387130000C","(04)23274275","(04)23288582","2026","2","2","7","29","臺中市","大里區","0","1","0","7","2","6","50","3","2","1","5","4","6","6","4","4","5","5","5","2","1","3","10","3","1","B03","7","6","1","8","2","1","","84","84","1","12","4","120.6848","24.106089","2"
"334","66000","387130000C","(04)23274275","(04)23288582","2026","2","2","7","30","臺中市","北區","0","1","0","6","2","6","50","4","1","1","4","4","6","6","1","1","10","5","5","2","18","2","9","1","1","C03","7","9","1","10","2","16","","84","84","1","13","4","120.674064","24.164856","2"
"335","66000","387130000C","(04)23274275","(04)23288582","2026","2","2","7","30","臺中市","烏日區","0","1","0","5","2","6","50","4","1","1","4","4","6","6","2","1","5","5","5","2","16","3","10","3","1","B03","7","6","1","8","2","1","","11","11","1","6","4","120.631954","24.045274","2"
"336","66000","387130000C","(04)23274275","(04)23288582","2026","2","2","7","32","臺中市","大里區","0","1","0","5","3","6","30","13","9","1","4","4","6","6","4","4","10","5","5","1","16","2","9","1","1","C03","7","6","1","10","2","14","","65","65","1","6","4","120.664915","24.10515","2"
"337","66000","387130000C","(04)23274275","(04)23288582","2026","2","2","7","33","臺中市","西屯區","0","1","0","6","2","6","50","13","9","1","5","4","6","6","4","4","5","4","5","2","13","2","9","1","1","C03","7","9","1","10","2","11","","7","7","1","12","4","120.614935","24.181119","2"
"338","66000","387130000C","(04)23274275","(04)23288582","2026","2","2","7","34","臺中市","太平區","0","1","0","7","2","6","50","4","1","1","4","4","6","6","4","4","10","5","5","2","18","2","9","2","1","C03","7","9","1","10","2","12","","84","84","1","12","4","120.717537","24.12968","2"
"339","66000","387130000C","(04)23274275","(04)23288582","2026","2","2","7","35","臺中市","西區","0","2","0","7","2","6","50","13","9","1","5","4","6","6","4","4","9","5","5","2","12","3","10","5","4","B03","7","15","1","8","2","2","","84","84","1","6","4","120.678752","24.1362","2"
"340","66000","387130000C","(04)23274275","(04)23288582","2026","2","2","7","35","臺中市","南區","0","0","0","5","","","50","","","","","","","","","","","","","","17","","","","","C03","","","1","","2","","","7","7","1","12","4","120.67012","24.118709","3"
"341","66000","387130000C","(04)23274275","(04)23288582","2026","2","2","7","36","臺中市","清水區","0","0","0","7","","","70","","","","","","","","","","","","","","","","","","","B03","","","1","","2","","","8","8","1","12","4","120.583073","24.283351","3"
"342","66000","387130000C","(04)23274275","(04)23288582","2026","2","2","7","38","臺中市","梧棲區","0","0","0","7","","","30","","","","","","","","","","","","","","13","","","","","C03","","","1","","1","","","7","7","1","6","4","120.552883","24.25844","3"
"343","66000","387130000C","(04)23274275","(04)23288582","2026","2","2","7","39","臺中市","龍井區","0","2","0","7","2","6","30","3","2","1","4","4","6","2","4","4","10","5","5","2","16","2","9","1","1","C03","7","5","1","10","2","14","","14","14","1","12","4","120.51001","24.20352","2"
"344","66000","387130000C","(04)23274275","(04)23288582","2026","2","2","7","40","臺中市","潭子區","0","1","0","5","2","6","40","13","8","1","4","4","6","6","4","4","1","4","4","1","18","2","9","2","1","C03","7","9","1","10","2","16","","82","82","1","13","4","120.70768","24.226682","2"
"345","66000","387130000C","(04)23274275","(04)23288582","2026","2","2","7","40","臺中市","潭子區","0","1","0","7","3","6","50","3","2","1","5","4","6","6","4","4","5","4","4","2","17","3","10","2","1","C03","7","9","1","10","2","14","13","7","7","1","13","4","120.700942","24.209366","2"
"346","66000","387130000C","(04)23274275","(04)23288582","2026","2","2","7","40","臺中市","太平區","0","0","0","7","","","30","","","","","","","","","","","","","","17","","","","","B03","","","1","","2","","","84","84","1","12","4","120.718511","24.102333","3"
"347","66000","387130000C","(04)23274275","(04)23288582","2026","2","2","7","41","臺中市","西屯區","0","1","0","7","2","6","50","4","1","1","5","4","6","6","2","1","10","5","5","2","13","3","10","5","4","C03","7","15","1","10","2","12","","85","85","1","13","4","120.598382","24.204683","2"
"348","66000","387130000C","(04)23274275","(04)23288582","2026","2","2","7","42","臺中市","神岡區","0","1","0","6","2","6","50","4","1","1","4","4","6","6","4","4","5","5","4","1","17","3","10","5","4","B03","7","7","1","8","2","5","","40","40","1","12","4","120.674136","24.252589","2"
"349","66000","387130000C","(04)23274275","(04)23288582","2026","2","2","7","43","臺中市","大甲區","0","0","0","5","","","50","","","","","","","","","","","","","","13","","","","","B03","","","1","","1","","","7","7","1","6","4","120.655609","24.403874","3"
"350","66000","387130000C","(04)23274275","(04)23288582","2026","2","2","7","44","臺中市","東區","0","1","0","6","3","6","50","4","1","1","4","4","6","6","1","1","10","5","5","2","18","2","8","5","4","C03","7","9","1","10","2","12","","84","84","1","12","4","120.704769","24.130631","2"
"351","66000","387130000C","(04)23274275","(04)23288582","2026","2","2","7","45","臺中市","西屯區","0","0","0","7","2","6","60","4","1","1","5","4","6","6","2","1","10","5","5","2","14","3","10","3","1","G03","7","2","1","7","9","3","","49","49","2","13","4","120.636566","24.170851","3"
"352","66000","387130000C","(04)23274275","(04)23288582","2026","2","2","7","45","臺中市","大里區","0","0","0","7","","","50","","","","","","","","","","","","","","","","","","","B02","","","1","","2","","","7","7","1","12","4","120.692802","24.107007","3"
"353","66000","387130000C","(04)23274275","(04)23288582","2026","2","2","7","47","臺中市","西區","0","1","0","7","2","6","50","4","4","1","4","4","6","6","2","1","1","2","4","2","18","2","8","1","1","C03","7","9","1","10","2","12","","84","84","1","13","4","120.666848","24.141376","2"
"354","66000","387130000C","(04)23274275","(04)23288582","2026","2","2","7","47","臺中市","烏日區","0","3","0","5","2","6","30","3","1","1","4","4","6","6","4","4","10","5","5","2","16","3","10","5","4","B03","7","6","1","8","2","1","","14","14","1","13","4","120.650414","24.060773","2"
"355","66000","387130000C","(04)23274275","(04)23288582","2026","2","2","7","47","臺中市","大甲區","0","0","0","6","","","40","","","","","","","","","","","","","","15","","","","","B03","","","1","","1","","","87","87","1","13","4","120.653837","24.402147","3"
"356","66000","387130000C","(04)23274275","(04)23288582","2026","2","2","7","48","臺中市","潭子區","0","2","0","6","3","6","60","13","7","1","5","4","6","6","4","4","1","4","4","1","12","3","10","3","1","B12","7","8","4","19","2","7","","40","40","1","13","4","120.686704","24.206886","2"
"357","66000","387130000C","(04)23274275","(04)23288582","2026","2","2","7","48","臺中市","北屯區","0","1","0","7","2","6","50","3","2","1","5","4","6","6","1","1","1","5","1","2","17","2","9","1","1","C03","7","7","1","10","2","11","","27","27","1","6","4","120.722158","24.188419","2"
"358","66000","387130000C","(04)23274275","(04)23288582","2026","2","2","7","48","臺中市","大甲區","0","1","0","5","1","6","50","11","9","1","4","4","6","6","4","4","4","3","5","1","18","2","9","2","1","C03","7","2","1","10","2","14","","87","87","1","5","4","120.628078","24.340637","2"
"359","66000","387130000C","(04)23274275","(04)23288582","2026","2","2","7","49","臺中市","潭子區","0","1","0","7","2","6","30","4","1","1","5","4","6","6","4","4","9","5","5","2","15","3","10","3","1","B03","7","9","1","8","2","2","","12","12","1","13","4","120.679787","24.206609","2"
"360","66000","387130000C","(04)23274275","(04)23288582","2026","2","2","7","50","臺中市","南區","0","1","0","6","2","6","50","4","1","1","4","4","6","6","4","4","5","5","5","2","15","2","9","2","1","C03","7","9","1","10","2","12","","15","15","1","13","4","120.664114","24.126489","2"
"361","66000","387130000C","(04)23274275","(04)23288582","2026","2","2","7","50","臺中市","大里區","0","1","0","6","3","6","50","4","1","1","4","4","6","6","1","1","10","5","5","2","17","3","10","1","1","C03","7","1","1","10","2","13","","51","51","1","6","4","120.679269","24.114135","2"
"362","66000","387130000C","(04)23274275","(04)23288582","2026","2","2","7","53","臺中市","烏日區","0","1","0","5","2","6","50","3","1","1","4","4","6","6","4","4","5","4","5","1","16","3","10","3","1","A11","7","6","1","2","2","4","","39","39","1","6","4","120.642937","24.093629","2"
"363","66000","387130000C","(04)23274275","(04)23288582","2026","2","2","7","54","臺中市","大雅區","0","1","0","6","1","6","60","13","9","1","4","4","6","6","4","4","1","4","5","1","18","2","9","2","1","C03","7","9","1","10","2","14","","84","84","1","12","4","120.658589","24.231","2"
"364","66000","387130000C","(04)23274275","(04)23288582","2026","2","2","7","54","臺中市","北區","0","1","0","7","2","6","50","4","1","1","4","4","6","6","4","4","5","5","5","2","15","3","10","3","1","B03","7","9","1","8","2","5","","15","15","1","12","4","120.666755","24.160421","2"
"365","66000","387130000C","(04)23274275","(04)23288582","2026","2","2","7","55","臺中市","龍井區","0","0","0","7","","","60","","","","","","","","","","","","","","","","","","","B03","","","1","","1","","","7","7","1","12","4","120.580706","24.176525","3"
"366","66000","387130000C","(04)23274275","(04)23288582","2026","2","2","7","56","臺中市","烏日區","0","1","0","5","3","6","50","4","1","1","4","4","6","6","2","1","10","5","5","2","12","2","9","5","4","C03","7","9","1","10","2","11","","7","7","1","13","4","120.613919","24.106594","2"
"367","66000","387130000C","(04)23274275","(04)23288582","2026","2","2","7","56","臺中市","新社區","0","1","0","6","2","6","50","13","9","1","5","4","6","6","4","4","5","5","5","1","12","2","8","1","4","C03","7","9","1","10","2","14","","84","84","1","12","4","120.803427","24.229435","2"
"368","66000","387130000C","(04)23274275","(04)23288582","2026","2","2","7","58","臺中市","西區","0","2","0","7","2","6","40","3","1","1","5","4","6","6","4","4","1","4","1","2","13","2","9","2","1","C03","7","9","1","10","2","11","","84","84","1","12","4","120.661394","24.15631","2"
"369","66000","387130000C","(04)23274275","(04)23288582","2026","2","2","8","0","臺中市","豐原區","0","1","0","7","2","6","50","4","1","1","4","4","6","6","1","1","1","2","5","1","17","3","10","3","1","B03","7","6","1","8","2","4","","39","39","1","13","4","120.721863","24.272933","2"
"370","66000","387130000C","(04)23274275","(04)23288582","2026","2","2","8","1","臺中市","北屯區","0","0","0","7","","","50","","","","","","","","","","","","","","","","","","","C03","","","1","","1","","","7","7","1","6","4","120.670822","24.175161","3"
"371","66000","387130000C","(04)23274275","(04)23288582","2026","2","2","8","3","臺中市","梧棲區","0","1","0","6","2","6","50","4","1","1","5","4","6","6","4","4","10","5","5","2","18","2","9","1","1","C03","7","5","1","8","2","12","","82","82","1","6","4","120.553989","24.241774","2"
"372","66000","387130000C","(04)23274275","(04)23288582","2026","2","2","8","7","臺中市","大里區","0","2","0","7","2","6","50","4","1","1","4","4","6","6","4","4","9","5","5","1","15","2","9","1","1","C03","7","9","1","10","2","12","","15","15","1","12","4","120.697812","24.102447","2"
"373","66000","387130000C","(04)23274275","(04)23288582","2026","2","2","8","9","臺中市","西區","0","1","0","7","2","6","50","13","8","1","5","4","6","6","4","4","1","4","5","2","17","3","10","5","1","B03","7","15","1","8","2","4","","76","76","1","6","4","120.658605","24.155706","2"
"374","66000","387130000C","(04)23274275","(04)23288582","2026","2","2","8","12","臺中市","西屯區","0","2","0","7","2","6","50","4","9","1","5","4","6","6","2","1","5","4","5","2","12","2","8","2","1","C03","7","7","3","19","2","12","","40","40","1","12","4","120.616779","24.188688","2"
"375","66000","387130000C","(04)23274275","(04)23288582","2026","2","2","8","13","臺中市","烏日區","0","0","0","6","2","6","50","13","9","1","5","4","6","6","4","4","3","4","5","2","12","","","","","B03","","","1","","9","","","8","8","1","6","4","120.618379","24.116053","3"
"376","66000","387130000C","(04)23274275","(04)23288582","2026","2","2","8","14","臺中市","西屯區","0","1","0","7","2","6","50","13","8","1","4","4","6","6","4","4","1","4","5","2","17","3","10","5","4","B13","7","9","1","8","2","5","","8","8","1","13","4","120.636524","24.183708","2"
"377","66000","387130000C","(04)23274275","(04)23288582","2026","2","2","8","15","臺中市","西屯區","0","0","0","7","","","50","","","","","","","","","","","","","","12","","","","","B03","","","1","","1","","","7","7","1","12","4","120.62904","24.163157","3"
"378","66000","387130000C","(04)23274275","(04)23288582","2026","2","2","8","15","臺中市","大里區","0","1","0","5","3","6","50","11","9","1","4","4","6","6","4","4","1","5","5","2","17","2","9","1","1","C03","7","12","1","10","7","11","","84","84","1","13","4","120.694322","24.112642","2"
"379","66000","387130000C","(04)23274275","(04)23288582","2026","2","2","8","16","臺中市","梧棲區","0","1","0","7","3","6","40","3","2","1","5","4","6","6","4","4","1","4","1","1","16","2","9","1","1","C03","7","9","1","10","2","16","","84","84","1","6","4","120.548856","24.245191","2"
"380","66000","387130000C","(04)23274275","(04)23288582","2026","2","2","8","19","臺中市","北屯區","0","1","0","7","2","6","50","4","1","1","5","4","6","6","1","1","10","5","5","2","16","3","10","3","1","B03","7","5","1","8","2","6","","22","22","1","6","4","120.663435","24.185372","2"
"381","66000","387130000C","(04)23274275","(04)23288582","2026","2","2","8","19","臺中市","大里區","0","2","0","6","2","6","50","4","2","1","5","4","6","6","1","1","9","4","4","1","13","2","8","2","1","C03","7","9","1","10","2","11","","7","7","1","13","4","120.688202","24.101848","2"
"382","66000","387130000C","(04)23274275","(04)23288582","2026","2","2","8","21","臺中市","東區","0","1","0","6","1","6","50","4","1","1","4","4","3","3","4","4","10","5","5","2","17","2","9","5","4","C03","7","6","1","10","2","11","","14","14","1","12","4","120.685298","24.134489","2"
"383","66000","387130000C","(04)23274275","(04)23288582","2026","2","2","8","24","臺中市","北屯區","0","0","0","7","","","50","","","","","","","","","","","","","","13","","","","","B03","","","5","","1","","","7","7","1","6","4","120.721341","24.18012","3"
"384","66000","387130000C","(04)23274275","(04)23288582","2026","2","2","8","25","臺中市","南區","0","0","0","7","","","50","","","","","","","","","","","","","","","","","","","B03","","","1","","1","","","40","40","1","12","4","120.666689","24.127307","3"
"385","66000","387130000C","(04)23274275","(04)23288582","2026","2","2","8","29","臺中市","西屯區","0","0","0","7","","","50","","","","","","","","","","","","","","17","","","","","B03","","","1","","2","","","84","84","1","13","4","120.636795","24.179594","3"
"386","66000","387130000C","(04)23274275","(04)23288582","2026","2","2","8","30","臺中市","后里區","0","1","0","6","3","6","40","11","9","1","4","4","6","6","4","4","10","5","5","1","11","2","9","1","1","C03","7","9","1","10","2","11","","41","41","1","6","4","120.748625","24.311784","2"
"387","66000","387130000C","(04)23274275","(04)23288582","2026","2","2","8","31","臺中市","龍井區","0","2","0","7","2","6","50","4","1","1","5","4","6","6","2","1","10","5","5","2","16","3","10","5","4","B03","7","6","1","8","3","2","","11","11","1","6","4","120.582887","24.178785","2"
"388","66000","387130000C","(04)23274275","(04)23288582","2026","2","2","8","33","臺中市","太平區","0","1","0","7","3","6","50","13","9","1","5","4","6","6","4","4","9","5","5","1","17","3","10","3","1","B12","7","1","1","8","2","8","","51","51","1","12","4","120.709516","24.130446","2"
"389","66000","387130000C","(04)23274275","(04)23288582","2026","2","2","8","34","臺中市","北屯區","0","2","0","7","1","6","50","4","1","1","5","4","6","6","1","1","10","5","5","2","17","2","9","1","1","C03","7","6","1","10","2","11","","48","48","1","6","4","120.690404","24.190515","2"
"390","66000","387130000C","(04)23274275","(04)23288582","2026","2","2","8","34","臺中市","西屯區","0","1","0","7","2","6","50","3","1","1","5","4","6","6","4","4","10","5","5","2","16","2","9","5","4","C03","7","9","1","10","2","11","","7","7","1","13","4","120.637481","24.170724","2"
"391","66000","387130000C","(04)23274275","(04)23288582","2026","2","2","8","35","臺中市","北屯區","0","1","0","6","2","6","50","3","1","1","4","4","6","6","2","1","10","5","5","2","15","3","10","1","1","C03","7","9","1","10","2","12","","21","21","1","12","4","120.697047","24.169516","2"
"392","66000","387130000C","(04)23274275","(04)23288582","2026","2","2","8","36","臺中市","東勢區","0","1","0","7","2","6","50","13","9","1","5","4","6","6","4","4","5","5","5","1","17","2","9","1","1","C03","7","1","1","10","2","14","","51","51","1","12","4","120.829627","24.253321","2"
"393","66000","387130000C","(04)23274275","(04)23288582","2026","2","2","8","37","臺中市","北屯區","0","0","0","7","","","50","","","","","","","","","","","","","","","","","","","B03","","","1","","1","","","7","7","1","6","4","120.735932","24.177851","3"
"394","66000","387130000C","(04)23274275","(04)23288582","2026","2","2","8","39","臺中市","潭子區","0","0","0","7","","","60","","","","","","","","","","","","","","","","","","","C02","","","1","","2","","","84","84","1","12","4","120.708964","24.233718","3"
"395","66000","387130000C","(04)23274275","(04)23288582","2026","2","2","8","40","臺中市","霧峰區","0","1","0","7","2","6","50","4","1","1","5","4","6","6","4","4","1","4","4","1","12","3","10","3","1","B01","7","8","1","4","2","8","2","40","40","1","12","4","120.662389","24.071729","2"
"396","66000","387130000C","(04)23274275","(04)23288582","2026","2","2","8","42","臺中市","北區","0","2","0","7","2","6","30","13","9","1","5","4","6","6","3","1","1","4","5","1","17","2","9","5","1","C03","7","9","1","10","2","11","","7","7","1","13","4","120.667449","24.157342","2"
"397","66000","387130000C","(04)23274275","(04)23288582","2026","2","2","8","46","臺中市","大雅區","0","1","0","5","3","6","50","13","8","1","4","4","6","6","4","4","8","3","4","1","17","2","9","1","4","C03","7","9","1","10","2","12","12","84","84","1","12","4","120.647917","24.226603","2"
"398","66000","387130000C","(04)23274275","(04)23288582","2026","2","2","8","46","臺中市","西屯區","0","1","0","7","2","6","50","3","1","1","5","4","6","6","4","4","10","5","5","2","13","2","9","1","1","C03","7","9","1","10","2","11","","7","7","1","13","4","120.588756","24.169778","2"
"399","66000","387130000C","(04)23274275","(04)23288582","2026","2","2","8","46","臺中市","豐原區","0","1","0","6","2","6","50","13","8","1","5","4","6","6","4","4","1","4","4","1","17","3","10","5","4","B03","7","1","1","8","2","7","","51","51","1","12","4","120.755963","24.274996","2"
"400","66000","387130000C","(04)23274275","(04)23288582","2026","2","2","8","48","臺中市","南區","0","0","0","5","","","50","","","","","","","","","","","","","","12","","","","","C03","","","1","","1","","","8","8","1","12","4","120.670444","24.114814","3"
"401","66000","387130000C","(04)23274275","(04)23288582","2026","2","2","8","49","臺中市","南屯區","0","1","0","6","2","6","50","13","9","1","5","4","6","6","4","4","5","4","5","1","12","3","10","2","1","C03","7","7","3","19","2","12","","40","40","1","13","4","120.647551","24.146871","2"
"402","66000","387130000C","(04)23274275","(04)23288582","2026","2","2","8","51","臺中市","西屯區","0","0","0","7","","","50","","","","","","","","","","","","","","","","","","","B03","","","1","","1","","","85","85","1","12","4","120.652895","24.204303","3"
"403","66000","387130000C","(04)23274275","(04)23288582","2026","2","2","8","53","臺中市","豐原區","0","0","0","6","","","50","","","","","","","","","","","","","","24","","","","","B03","","","1","","2","","","84","84","1","12","4","120.714497","24.257493","3"
"404","66000","387130000C","(04)23274275","(04)23288582","2026","2","2","8","55","臺中市","北區","0","0","0","6","","","50","","","","","","","","","","","","","","17","","","","","C03","","","1","","2","","","84","84","1","13","4","120.681123","24.155899","3"
"405","66000","387130000C","(04)23274275","(04)23288582","2026","2","2","8","56","臺中市","西區","0","1","0","7","2","6","50","3","1","1","5","4","6","6","4","4","5","4","5","2","17","2","9","1","1","C03","7","9","1","10","2","11","","84","84","1","12","4","120.66229","24.146795","2"
"406","66000","387130000C","(04)23274275","(04)23288582","2026","2","2","8","56","臺中市","南屯區","0","0","0","7","","","50","","","","","","","","","","","","","","13","","","","","B03","","","1","","1","","","59","59","1","12","4","120.632691","24.137659","3"
"407","66000","387130000C","(04)23274275","(04)23288582","2026","2","2","8","57","臺中市","西區","0","1","0","7","2","6","40","3","1","1","5","4","6","6","1","1","10","5","5","2","18","2","9","2","1","C03","7","9","1","10","2","12","","84","84","1","12","4","120.664199","24.1544","2"
"408","66000","387130000C","(04)23274275","(04)23288582","2026","2","2","8","57","臺中市","南屯區","0","1","0","7","2","6","50","4","1","1","5","4","6","6","2","1","5","5","5","2","15","3","10","3","1","B03","7","9","5","19","2","2","","21","21","1","6","4","120.61521","24.147622","2"
"409","66000","387130000C","(04)23274275","(04)23288582","2026","2","2","8","58","臺中市","大雅區","0","1","0","6","1","6","60","13","8","1","5","4","6","6","4","4","1","4","4","1","16","3","10","3","1","B03","7","5","1","8","2","2","","84","84","1","12","4","120.649625","24.21376","2"
"410","66000","387130000C","(04)23274275","(04)23288582","2026","2","2","8","58","臺中市","南屯區","0","0","0","7","","","50","","","","","","","","","","","","","","15","","","","","B03","","","1","","2","","","12","12","1","13","4","120.643011","24.136057","3"
"411","66000","387130000C","(04)23274275","(04)23288582","2026","2","2","9","1","臺中市","北區","0","0","0","7","","","50","","","","","","","","","","","","","","13","","","","","C03","","","1","","2","","","7","7","1","13","4","120.675014","24.16171","3"
"412","66000","387130000C","(04)23274275","(04)23288582","2026","2","2","9","1","臺中市","西屯區","0","1","0","7","2","6","50","4","1","1","5","4","6","6","2","1","10","5","5","2","16","3","10","3","1","B03","7","6","1","8","2","6","","11","11","1","12","4","120.660363","24.1645","2"
"413","66000","387130000C","(04)23274275","(04)23288582","2026","2","2","9","2","臺中市","西屯區","0","0","0","7","","","50","","","","","","","","","","","","","","17","","","","","C03","","","1","","2","","","50","50","1","12","4","120.63398","24.162448","3"
"414","66000","387130000C","(04)23274275","(04)23288582","2026","2","2","9","3","臺中市","霧峰區","0","0","0","7","","","50","","","","","","","","","","","","","","","","","","","C03","","","1","","2","","","7","7","1","13","4","120.701339","24.067095","3"
"415","66000","387130000C","(04)23274275","(04)23288582","2026","2","2","9","3","臺中市","大肚區","0","0","0","7","","","30","","","","","","","","","","","","","","","","","","","B12","","","1","","2","","","59","59","1","6","4","120.559398","24.120898","3"
"416","66000","387130000C","(04)23274275","(04)23288582","2026","2","2","9","3","臺中市","后里區","0","1","0","6","3","6","50","13","9","1","5","4","6","6","4","4","5","5","5","1","12","2","9","1","1","C04","7","5","1","10","2","14","","47","47","1","6","4","120.73046","24.309246","2"
"417","66000","387130000C","(04)23274275","(04)23288582","2026","2","2","9","5","臺中市","太平區","0","0","0","7","2","6","50","","","","","","","","","","","","","","","","","","","C03","","","1","","2","11","","85","85","1","12","4","120.706712","24.129258","3"
"418","66000","387130000C","(04)23274275","(04)23288582","2026","2","2","9","8","臺中市","大雅區","0","0","0","5","","","50","","","","","","","","","","","","","","","","","","","B01","","","1","","2","","","84","84","1","12","4","120.647863","24.216307","3"
"419","66000","387130000C","(04)23274275","(04)23288582","2026","2","2","9","11","臺中市","南屯區","0","0","0","7","","","50","","","","","","","","","","","","","","14","","","","","B03","","","1","","1","","","49","49","1","12","4","120.635365","24.148501","3"
"420","66000","387130000C","(04)23274275","(04)23288582","2026","2","2","9","12","臺中市","神岡區","0","0","0","7","1","6","50","13","12","1","5","4","6","6","4","4","1","4","4","2","12","","","","","A32","","","1","","2","","","40","40","1","12","4","120.695669","24.248477","3"
"421","66000","387130000C","(04)23274275","(04)23288582","2026","2","2","9","13","臺中市","大里區","0","0","0","6","","","60","","","","","","","","","","","","","","14","","","","","A05","","","1","","2","","","82","82","1","12","4","120.690909","24.100987","3"
"422","66000","387130000C","(04)23274275","(04)23288582","2026","2","2","9","15","臺中市","豐原區","0","0","0","6","","","30","","","","","","","","","","","","","","17","","","","","B12","","","1","","2","","","8","8","1","13","4","120.739081","24.260197","3"
"423","66000","387130000C","(04)23274275","(04)23288582","2026","2","2","9","21","臺中市","大甲區","0","0","0","5","","","50","","","","","","","","","","","","","","16","","","","","C03","","","1","","1","","","51","51","1","6","4","120.6276","24.34758","3"
"424","66000","387130000C","(04)23274275","(04)23288582","2026","2","2","9","23","臺中市","東區","0","0","0","7","","","50","","","","","","","","","","","","","","16","","","","","B03","","","1","","1","","","11","11","1","12","4","120.705278","24.130273","3"
"425","66000","387130000C","(04)23274275","(04)23288582","2026","2","2","9","25","臺中市","太平區","0","1","0","7","3","6","50","3","9","1","5","4","6","6","4","4","9","5","5","2","17","3","10","5","1","B01","7","14","1","4","2","4","","76","76","1","12","4","120.721184","24.130111","2"
"426","66000","387130000C","(04)23274275","(04)23288582","2026","2","2","9","26","臺中市","南屯區","0","1","0","7","2","6","50","4","1","1","5","4","6","6","2","1","1","5","5","2","17","2","8","3","1","B11","7","9","1","4","2","1","","84","84","1","6","4","120.622974","24.145199","2"
"427","66000","387130000C","(04)23274275","(04)23288582","2026","2","2","9","27","臺中市","北區","0","1","0","7","2","6","30","3","1","1","4","4","6","6","4","4","5","5","5","2","16","3","10","3","1","B03","7","6","1","8","2","16","","14","14","1","12","4","120.691676","24.156899","2"
"428","66000","387130000C","(04)23274275","(04)23288582","2026","2","2","9","30","臺中市","北屯區","0","0","0","7","","","50","","","","","","","","","","","","","","17","","","","","B03","","","1","","2","","","50","50","1","6","4","120.677124","24.176","3"
"429","66000","387130000C","(04)23274275","(04)23288582","2026","2","2","9","30","臺中市","西屯區","0","0","0","7","","","30","","","","","","","","","","","","","","17","","","","","B13","","","1","","2","","","8","8","1","13","4","120.615323","24.181463","3"
"430","66000","387130000C","(04)23274275","(04)23288582","2026","2","2","9","30","臺中市","烏日區","0","1","0","7","2","6","50","13","9","1","5","4","6","6","4","4","9","4","5","1","1","3","10","2","1","C03","7","1","5","19","9","14","","58","58","2","12","4","120.638167","24.107239","2"
"431","66000","387130000C","(04)23274275","(04)23288582","2026","2","2","9","31","臺中市","北區","0","0","0","7","","","30","","","","","","","","","","","","","","17","","","","","B03","","","1","","2","","","8","8","1","13","4","120.692551","24.16019","3"
"432","66000","387130000C","(04)23274275","(04)23288582","2026","2","2","9","31","臺中市","豐原區","0","0","0","6","","","40","","","","","","","","","","","","","","17","","","","","C03","","","1","","2","","","59","59","1","12","4","120.724342","24.225462","3"
"433","66000","387130000C","(04)23274275","(04)23288582","2026","2","2","9","38","臺中市","北屯區","0","1","0","7","2","6","50","4","1","1","5","4","6","6","1","1","1","2","5","2","13","3","10","3","1","B03","7","11","1","8","2","1","","7","7","1","6","4","120.71956","24.163194","2"
"434","66000","387130000C","(04)23274275","(04)23288582","2026","2","2","9","40","臺中市","南區","0","0","0","7","","","50","","","","","","","","","","","","","","12","","","","","B03","","","1","","1","","","40","40","1","13","4","120.679339","24.123024","3"
"435","66000","387130000C","(04)23274275","(04)23288582","2026","2","2","9","44","臺中市","豐原區","0","1","0","6","2","6","50","13","9","1","4","4","6","6","4","4","9","5","5","1","12","3","10","3","1","B03","7","9","1","8","2","5","","8","8","1","12","4","120.734433","24.237755","2"
"436","66000","387130000C","(04)23274275","(04)23288582","2026","2","2","9","46","臺中市","南屯區","0","0","0","7","3","6","30","13","9","1","5","4","6","6","4","4","10","5","5","2","17","","","","","B03","","","1","","9","","","50","50","2","12","4","120.628194","24.152626","3"
"437","66000","387130000C","(04)23274275","(04)23288582","2026","2","2","9","46","臺中市","北屯區","0","1","0","7","2","6","50","13","9","1","5","4","6","6","4","4","9","5","5","2","18","2","9","1","1","C03","7","9","1","10","2","14","","84","84","1","6","4","120.693885","24.172586","2"
"438","66000","387130000C","(04)23274275","(04)23288582","2026","2","2","9","50","臺中市","北區","0","0","0","7","","","50","","","","","","","","","","","","","","17","","","","","B03","","","1","","9","","","8","8","2","13","4","120.668951","24.172657","3"
"439","66000","387130000C","(04)23274275","(04)23288582","2026","2","2","9","51","臺中市","東區","0","2","0","6","1","6","30","4","1","1","5","4","3","3","4","4","10","5","5","2","15","2","9","5","4","C03","7","9","1","10","2","11","","12","12","1","12","4","120.688378","24.133049","2"
"440","66000","387130000C","(04)23274275","(04)23288582","2026","2","2","9","51","臺中市","西屯區","0","2","0","7","3","6","30","4","1","1","5","4","6","6","4","4","10","5","5","2","16","2","9","5","4","C03","7","6","1","10","2","14","","14","14","1","13","4","120.656865","24.16698","2"
"441","66000","387130000C","(04)23274275","(04)23288582","2026","2","2","9","54","臺中市","北區","0","1","0","7","2","6","50","4","1","1","5","4","6","6","1","1","10","5","5","2","16","3","10","3","1","B12","7","6","1","8","2","5","","48","48","1","13","4","120.685099","24.167","2"
"442","66000","387130000C","(04)23274275","(04)23288582","2026","2","2","9","54","臺中市","北區","0","0","0","7","","","50","","","","","","","","","","","","","","17","","","","","C03","","","6","","1","","","85","85","1","13","4","120.694593","24.159612","4"