序號,縣市別代碼,機關代碼,市話,傳真,年,月,日,時,分,縣市,區,死亡數量,受傷數量,2-30,天候,道路照明設備,道路類別,道路速限,道路型態,事故位置,路面鋪裝,路面狀態,路面缺陷,障礙物,視距,號誌種類,號誌動作,分向設施,快車道或一般車道間,快慢車道間,路面邊線,事故類型及型態,受傷程度,主要傷處,保護裝備,行動電話或功能裝置,當事者區分(類別),車輛用途,當事者行動狀態,駕照狀態,駕照種類,飲酒情形,車輛撞擊部位最初,車輛撞擊部位其他,肇事因素個別,肇事因素主要,肇事逃逸,職業,共享經濟或外送平台,GPS座標X,GPS座標Y,事故類別
"443","66000","387130000C","(04)23274275","(04)23288582","2026","2","2","9","58","臺中市","烏日區","0","0","0","7","","","50","","","","","","","","","","","","","","14","","","","","B12","","","1","","2","","","49","49","1","13","4","120.643104","24.078434","3"
"444","66000","387130000C","(04)23274275","(04)23288582","2026","2","2","10","5","臺中市","北區","0","0","0","7","","","50","","","","","","","","","","","","","","17","","","","","B12","","","1","","2","","","49","49","1","13","4","120.687465","24.154022","3"
"445","66000","387130000C","(04)23274275","(04)23288582","2026","2","2","10","11","臺中市","烏日區","0","1","0","7","2","6","50","5","9","1","5","4","6","6","2","1","1","4","5","2","12","2","9","2","1","C03","7","7","1","10","2","12","","40","40","1","6","4","120.649032","24.093994","2"
"446","66000","387130000C","(04)23274275","(04)23288582","2026","2","2","10","12","臺中市","北屯區","0","0","0","7","","","30","","","","","","","","","","","","","","17","","","","","A11","","","1","","1","","","58","58","1","6","4","120.674034","24.177906","3"
"447","66000","387130000C","(04)23274275","(04)23288582","2026","2","2","10","13","臺中市","大甲區","0","0","0","7","","","60","","","","","","","","","","","","","","9","","","","","B12","","","1","","1","","","50","50","1","13","4","120.618571","24.340023","3"
"448","66000","387130000C","(04)23274275","(04)23288582","2026","2","2","10","14","臺中市","南區","0","0","0","7","","","50","","","","","","","","","","","","","","13","","","","","B12","","","1","7","1","","","7","7","1","12","4","120.679344","24.124062","3"
"449","66000","387130000C","(04)23274275","(04)23288582","2026","2","2","10","15","臺中市","北屯區","0","1","0","7","2","6","50","5","1","1","5","4","6","6","2","1","10","5","5","2","17","2","9","2","1","C03","7","9","1","10","2","14","","42","42","1","6","4","120.686361","24.188586","2"
"450","66000","387130000C","(04)23274275","(04)23288582","2026","2","2","10","16","臺中市","北屯區","0","0","0","7","","","50","","","","","","","","","","","","","","13","","","","","B03","","","1","","1","","","84","84","1","6","4","120.681009","24.169614","3"
"451","66000","387130000C","(04)23274275","(04)23288582","2026","2","2","10","20","臺中市","大里區","0","0","0","7","","","30","","","","","","","","","","","","","","14","","","","","A12","","","1","","1","","","49","49","1","6","4","120.709556","24.089272","3"
"452","66000","387130000C","(04)23274275","(04)23288582","2026","2","2","10","23","臺中市","大里區","0","2","0","6","2","6","50","3","2","1","5","4","6","6","4","4","5","2","5","1","3","2","8","6","5","H01","8","16","7","21","10","17","","98","98","1","13","5","120.702084","24.099064","2"
"453","66000","387130000C","(04)23274275","(04)23288582","2026","2","2","10","24","臺中市","神岡區","0","0","0","7","","","30","","","","","","","","","","","","","","24","","","","","A12","","","1","","11","","","8","8","1","12","4","120.686634","24.254646","3"
"454","66000","387130000C","(04)23274275","(04)23288582","2026","2","2","10","36","臺中市","太平區","0","0","0","7","","","50","","","","","","","","","","","","","","","","","","","C03","","","1","","2","","","84","84","1","12","4","120.712605","24.141178","3"
"455","66000","387130000C","(04)23274275","(04)23288582","2026","2","2","10","40","臺中市","西屯區","0","1","0","6","2","6","50","5","1","1","5","4","6","6","2","1","10","5","5","2","16","3","10","3","1","B03","7","5","1","8","2","2","","84","84","1","12","4","120.66522","24.166759","2"
"456","66000","387130000C","(04)23274275","(04)23288582","2026","2","2","10","45","臺中市","南屯區","0","0","0","7","","","40","","","","","","","","","","","","","","14","","","","","B13","","","1","","2","","","49","49","1","13","4","120.625025","24.145649","3"
"457","66000","387130000C","(04)23274275","(04)23288582","2026","2","2","10","46","臺中市","大雅區","0","1","0","6","1","6","50","13","9","1","5","4","6","6","4","4","1","4","5","1","18","2","9","2","1","C03","7","9","1","10","2","12","","84","84","1","12","4","120.613276","24.227942","2"
"458","66000","387130000C","(04)23274275","(04)23288582","2026","2","2","10","51","臺中市","西屯區","0","0","0","7","","","50","","","","","","","","","","","","","","","","","","","B03","","","1","","9","","","8","8","2","12","4","120.658076","24.164834","3"
"459","66000","387130000C","(04)23274275","(04)23288582","2026","2","2","10","52","臺中市","神岡區","0","1","0","6","2","6","30","4","1","1","5","4","6","6","4","4","10","5","5","2","16","4","11","5","4","C03","7","9","1","10","2","11","","7","7","1","12","4","120.703867","24.264133","2"
"460","66000","387130000C","(04)23274275","(04)23288582","2026","2","2","10","55","臺中市","南屯區","0","0","0","7","","","50","","","","","","","","","","","","","","12","","","","","B03","","","1","","1","","","40","40","1","12","4","120.639563","24.141724","3"
"461","66000","387130000C","(04)23274275","(04)23288582","2026","2","2","10","57","臺中市","西屯區","0","1","0","7","2","6","60","3","1","1","5","4","6","6","4","4","10","4","5","2","12","3","10","3","1","B03","7","5","1","8","2","5","","47","47","1","13","4","120.626986","24.17739","2"
"462","66000","387130000C","(04)23274275","(04)23288582","2026","2","2","10","58","臺中市","西區","0","0","0","6","3","6","50","13","9","1","5","4","6","6","2","1","4","1","5","2","14","","","","","B03","","","1","","2","","","49","49","1","13","4","120.658901","24.155325","3"
"463","66000","387130000C","(04)23274275","(04)23288582","2026","2","2","11","7","臺中市","北屯區","0","0","0","7","","","50","","","","","","","","","","","","","","13","","","","","B03","","","1","","2","","","59","59","1","6","4","120.716055","24.182306","3"
"464","66000","387130000C","(04)23274275","(04)23288582","2026","2","2","11","12","臺中市","南屯區","0","0","0","7","","","50","","","","","","","","","","","","","","13","","","","","B03","","","1","","1","","","82","82","1","6","4","120.654643","24.135234","3"
"465","66000","387130000C","(04)23274275","(04)23288582","2026","2","2","11","13","臺中市","西區","0","0","0","7","","","50","","","","","","","","","","","","","","","","","","","C03","","","1","","1","","","84","84","1","6","2","120.655221","24.143748","3"
"466","66000","387130000C","(04)23274275","(04)23288582","2026","2","2","11","14","臺中市","北區","0","0","0","7","","","50","","","","","","","","","","","","","","17","","","","","B01","","","1","","2","","","84","84","1","12","4","120.680482","24.162975","3"
"467","66000","387130000C","(04)23274275","(04)23288582","2026","2","2","11","14","臺中市","北區","0","0","0","7","","","50","","","","","","","","","","","","","","17","","","","","B03","","","1","","2","","","84","84","1","13","4","120.677778","24.157232","3"
"468","66000","387130000C","(04)23274275","(04)23288582","2026","2","2","11","18","臺中市","大肚區","0","0","0","7","","","50","","","","","","","","","","","","","","","","","","","B03","","","1","","2","","","8","8","1","12","4","120.579176","24.174942","3"
"469","66000","387130000C","(04)23274275","(04)23288582","2026","2","2","11","22","臺中市","神岡區","0","0","0","7","1","6","30","3","1","1","5","4","6","6","4","4","10","5","5","2","11","","","","","A11","","","1","","1","","","85","85","1","12","4","120.691389","24.277249","3"
"470","66000","387130000C","(04)23274275","(04)23288582","2026","2","2","11","25","臺中市","西屯區","0","0","0","7","","","50","","","","","","","","","","","","","","12","","","","","B12","","","1","","2","","","51","51","1","12","4","120.618752","24.178522","3"
"471","66000","387130000C","(04)23274275","(04)23288582","2026","2","2","11","25","臺中市","梧棲區","0","1","0","6","2","6","50","13","9","1","5","4","6","6","4","4","9","4","5","1","13","2","8","1","1","C03","7","9","1","8","2","12","","7","7","1","12","4","120.537162","24.242776","2"
"472","66000","387130000C","(04)23274275","(04)23288582","2026","2","2","11","30","臺中市","清水區","0","0","0","7","","","60","","","","","","","","","","","","","","17","","","","","B01","","","1","","2","","","7","7","1","12","4","120.546329","24.277816","3"
"473","66000","387130000C","(04)23274275","(04)23288582","2026","2","2","11","33","臺中市","大里區","0","1","0","7","2","6","50","13","9","1","5","4","6","6","4","4","5","5","5","2","17","3","10","3","1","B12","7","6","1","8","2","16","","39","39","1","12","4","120.694763","24.113039","2"
"474","66000","387130000C","(04)23274275","(04)23288582","2026","2","2","11","34","臺中市","太平區","0","0","0","7","2","6","50","","","","","","","","","","","","","","","","","","","C03","","","1","","2","14","","12","12","1","12","4","120.718748","24.126507","3"
"475","66000","387130000C","(04)23274275","(04)23288582","2026","2","2","11","36","臺中市","豐原區","0","0","0","7","","","50","","","","","","","","","","","","","","13","","","","","B03","","","1","","2","","","59","59","1","13","4","120.741304","24.266321","3"
"476","66000","387130000C","(04)23274275","(04)23288582","2026","2","2","11","39","臺中市","南屯區","0","2","0","7","2","6","50","4","1","1","5","4","6","6","2","1","5","5","5","2","16","2","9","1","1","C03","7","9","3","19","2","11","","84","84","1","12","4","120.626882","24.116332","2"
"477","66000","387130000C","(04)23274275","(04)23288582","2026","2","2","11","41","臺中市","清水區","0","0","0","7","","","30","","","","","","","","","","","","","","","","","","","B03","","","1","","2","","","14","14","1","12","4","120.587498","24.293416","3"
"478","66000","387130000C","(04)23274275","(04)23288582","2026","2","2","11","44","臺中市","外埔區","0","2","0","6","3","6","50","13","9","1","4","4","6","6","1","1","1","4","5","1","13","2","1","3","1","B03","7","9","1","8","2","1","","84","84","1","6","4","120.666881","24.319815","2"
"479","66000","387130000C","(04)23274275","(04)23288582","2026","2","2","11","44","臺中市","豐原區","0","1","0","7","2","6","50","3","1","1","5","4","6","6","3","1","5","5","4","2","18","2","9","5","4","C03","7","9","1","10","2","16","","59","59","1","12","4","120.718491","24.240543","2"
"480","66000","387130000C","(04)23274275","(04)23288582","2026","2","2","11","45","臺中市","梧棲區","0","1","0","7","3","6","70","4","1","1","5","4","6","6","1","1","10","5","5","2","16","2","8","1","1","C03","7","5","1","10","2","14","","22","22","1","6","4","120.549853","24.239298","2"
"481","66000","387130000C","(04)23274275","(04)23288582","2026","2","2","11","46","臺中市","南區","0","1","0","7","3","6","50","4","1","1","5","4","6","6","1","1","10","5","5","2","16","3","10","5","4","B03","7","6","1","8","2","1","","11","11","1","12","4","120.661905","24.130029","2"
"482","66000","387130000C","(04)23274275","(04)23288582","2026","2","2","11","50","臺中市","北區","0","0","0","7","","","50","","","","","","","","","","","","","","17","","","","","B01","","","1","","1","","","84","84","1","13","4","120.677781","24.151554","4"
"483","66000","387130000C","(04)23274275","(04)23288582","2026","2","2","11","54","臺中市","東區","0","0","0","7","","","30","","","","","","","","","","","","","","12","","","","","C03","","","1","","9","","","8","8","1","12","4","120.705142","24.132221","3"
"484","66000","387130000C","(04)23274275","(04)23288582","2026","2","2","11","55","臺中市","南區","0","1","0","7","2","6","50","13","9","1","5","4","6","6","2","1","3","4","5","2","12","3","10","3","1","B11","7","9","1","8","9","5","","84","84","2","13","4","120.670061","24.119029","2"
"485","66000","387130000C","(04)23274275","(04)23288582","2026","2","2","11","56","臺中市","西屯區","0","0","0","7","","","30","","","","","","","","","","","","","","14","","","","","B03","","","1","","1","","","49","49","1","12","4","120.660961","24.174365","3"
"486","66000","387130000C","(04)23274275","(04)23288582","2026","2","2","11","56","臺中市","烏日區","0","0","0","7","","","50","","","","","","","","","","","","","","17","","","","","B03","","","1","","2","","","51","51","1","13","4","120.610794","24.110589","3"
"487","66000","387130000C","(04)23274275","(04)23288582","2026","2","2","11","57","臺中市","東勢區","0","3","0","7","2","6","50","3","1","1","5","4","6","6","3","1","10","5","5","2","17","2","9","2","1","C03","7","6","1","10","8","14","","48","48","1","12","4","120.839364","24.210961","2"
"488","66000","387130000C","(04)23274275","(04)23288582","2026","2","2","11","58","臺中市","北屯區","0","1","0","7","2","6","30","4","1","1","5","4","6","6","4","4","10","5","5","2","15","2","7","1","1","C03","7","9","1","10","1","12","","15","15","1","6","4","120.701879","24.16753","2"
"489","66000","387130000C","(04)23274275","(04)23288582","2026","2","2","11","58","臺中市","豐原區","0","1","0","6","2","6","50","5","1","1","5","4","6","6","2","1","1","4","5","2","16","3","10","1","1","C03","7","6","1","10","2","13","","48","48","1","12","4","120.724501","24.253725","2"
"490","66000","387130000C","(04)23274275","(04)23288582","2026","2","2","11","59","臺中市","東區","0","0","0","7","","","40","","","","","","","","","","","","","","","","","","","B03","","","1","","2","","","65","65","1","12","4","120.696502","24.138866","3"
"491","66000","387130000C","(04)23274275","(04)23288582","2026","2","2","11","59","臺中市","豐原區","0","0","0","7","","","50","","","","","","","","","","","","","","12","","","","","C03","","","1","","2","","","7","7","1","12","4","120.747697","24.269548","3"
"492","66000","387130000C","(04)23274275","(04)23288582","2026","2","2","12","0","臺中市","東區","0","1","0","7","2","6","40","4","1","1","5","4","6","6","1","1","10","5","5","2","17","2","9","1","1","C03","7","8","1","10","2","14","13","84","84","1","12","4","120.696502","24.138866","2"
"493","66000","387130000C","(04)23274275","(04)23288582","2026","2","2","12","0","臺中市","梧棲區","0","0","0","6","","","30","","","","","","","","","","","","","","13","","","","","B03","","","1","","2","","","82","82","1","12","4","120.540899","24.260128","3"
"494","66000","387130000C","(04)23274275","(04)23288582","2026","2","2","12","1","臺中市","北屯區","0","1","0","7","2","6","50","4","1","1","5","4","6","6","4","4","10","5","5","2","15","3","10","5","4","B11","7","9","1","8","2","1","","13","13","1","12","4","120.663491","24.191816","2"
"495","66000","387130000C","(04)23274275","(04)23288582","2026","2","2","12","3","臺中市","大里區","0","1","0","7","3","6","50","3","1","1","5","4","6","6","3","1","10","5","5","2","17","2","9","1","1","C03","7","5","1","10","2","13","","84","84","1","13","4","120.68753","24.099708","2"
"496","66000","387130000C","(04)23274275","(04)23288582","2026","2","2","12","10","臺中市","清水區","0","0","0","6","","","30","","","","","","","","","","","","","","17","","","","","B03","","","1","","2","","","14","14","1","12","4","120.563834","24.289942","3"
"497","66000","387130000C","(04)23274275","(04)23288582","2026","2","2","12","11","臺中市","外埔區","0","1","0","7","2","6","30","13","9","1","5","4","6","6","4","4","10","5","5","2","17","2","9","2","1","C03","7","1","1","10","2","14","","51","51","1","12","4","120.648115","24.349479","2"
"498","66000","387130000C","(04)23274275","(04)23288582","2026","2","2","12","13","臺中市","西屯區","0","0","0","7","","","50","","","","","","","","","","","","","","17","","","","","B03","","","1","","2","","","50","50","1","13","4","120.641509","24.173123","3"
"499","66000","387130000C","(04)23274275","(04)23288582","2026","2","2","12","16","臺中市","北區","0","2","0","7","2","6","30","4","1","1","5","4","6","6","4","4","10","5","5","2","15","2","9","1","1","C03","7","9","1","10","2","15","","15","15","1","13","4","120.695876","24.152501","2"
"500","66000","387130000C","(04)23274275","(04)23288582","2026","2","2","12","19","臺中市","神岡區","0","0","0","6","","","30","","","","","","","","","","","","","","11","","","","","B03","","","1","","2","","","8","8","1","12","4","120.685019","24.234225","3"
"501","66000","387130000C","(04)23274275","(04)23288582","2026","2","2","12","23","臺中市","北屯區","0","2","0","7","2","6","50","13","9","1","5","4","6","6","4","4","5","5","5","2","12","2","9","1","1","C03","7","4","1","10","2","12","","85","85","1","6","4","120.683172","24.168828","2"
"502","66000","387130000C","(04)23274275","(04)23288582","2026","2","2","12","23","臺中市","北屯區","0","1","0","7","2","6","50","4","1","1","5","4","6","6","1","1","10","5","5","2","17","3","10","3","1","B03","7","5","1","8","2","2","","47","47","1","6","4","120.673677","24.193417","2"
"503","66000","387130000C","(04)23274275","(04)23288582","2026","2","2","12","24","臺中市","中區","0","0","0","6","3","6","50","13","9","1","5","4","6","6","4","4","8","3","5","2","30","","","","","B03","","","1","","2","","","84","84","1","13","4","120.682767","24.142302","3"
"504","66000","387130000C","(04)23274275","(04)23288582","2026","2","2","12","27","臺中市","北屯區","0","0","0","7","","","50","","","","","","","","","","","","","","17","","","","","B03","","","1","","2","","","50","50","1","6","4","120.690237","24.173247","3"
"505","66000","387130000C","(04)23274275","(04)23288582","2026","2","2","12","28","臺中市","西屯區","0","0","0","7","","","40","","","","","","","","","","","","","","17","","","","","C04","","","7","","10","","","50","50","1","12","5","120.642708","24.163965","3"
"506","66000","387130000C","(04)23274275","(04)23288582","2026","2","2","12","40","臺中市","豐原區","0","0","0","7","","","50","","","","","","","","","","","","","","17","","","","","C03","","","1","","2","","","8","8","1","13","4","120.719908","24.252282","3"
"507","66000","387130000C","(04)23274275","(04)23288582","2026","2","2","12","45","臺中市","南區","0","1","0","7","2","6","50","3","1","1","5","4","6","6","1","1","10","5","5","2","16","2","8","1","1","C03","7","5","1","10","2","12","","47","47","1","12","4","120.682559","24.119152","2"
"508","66000","387130000C","(04)23274275","(04)23288582","2026","2","2","12","45","臺中市","烏日區","0","1","0","7","2","6","30","11","9","1","5","4","6","6","4","4","10","5","5","1","17","2","8","5","4","C03","7","9","3","19","2","11","","84","84","1","4","4","120.588208","24.130429","2"
"509","66000","387130000C","(04)23274275","(04)23288582","2026","2","2","12","46","臺中市","西屯區","0","2","0","6","2","6","50","13","9","1","5","4","6","6","4","4","5","4","5","2","13","2","7","1","1","C03","7","9","1","10","2","11","","7","7","1","12","4","120.61597","24.188905","2"
"510","66000","387130000C","(04)23274275","(04)23288582","2026","2","2","12","50","臺中市","豐原區","0","1","0","7","2","6","50","5","1","1","5","4","6","6","1","1","10","5","5","2","16","3","10","3","1","B03","7","6","1","3","2","2","","11","11","1","13","4","120.717186","24.244045","2"
"511","66000","387130000C","(04)23274275","(04)23288582","2026","2","2","12","53","臺中市","南屯區","0","0","0","7","","","30","","","","","","","","","","","","","","13","","","","","B03","","","1","","1","","","49","49","1","12","4","120.639496","24.140564","4"
"512","66000","387130000C","(04)23274275","(04)23288582","2026","2","2","12","59","臺中市","西屯區","0","1","0","7","2","6","50","4","1","1","5","4","6","6","2","1","10","5","5","2","16","3","10","5","4","B12","7","11","1","8","2","6","","45","45","1","13","4","120.64693","24.168943","2"
"513","66000","387130000C","(04)23274275","(04)23288582","2026","2","2","13","2","臺中市","神岡區","0","0","0","7","","","40","","","","","","","","","","","","","","17","","","","","B03","","","1","","2","","","84","84","1","6","4","120.697117","24.250041","3"
"514","66000","387130000C","(04)23274275","(04)23288582","2026","2","2","13","5","臺中市","南區","0","1","0","7","3","6","40","4","1","1","5","4","6","6","1","1","10","5","5","2","16","2","9","5","4","C03","7","6","1","10","2","15","","84","84","1","12","4","120.678696","24.132642","2"
"515","66000","387130000C","(04)23274275","(04)23288582","2026","2","2","13","10","臺中市","后里區","0","0","0","6","3","6","40","13","14","1","4","4","6","6","4","4","10","5","5","1","17","3","10","3","1","B03","7","9","1","8","2","8","","59","59","1","6","4","120.688508","24.315692","3"
"516","66000","387130000C","(04)23274275","(04)23288582","2026","2","2","13","12","臺中市","大雅區","0","0","0","7","","","50","","","","","","","","","","","","","","11","","","","","B01","","","1","","1","","","8","8","1","12","4","120.648933","24.219763","3"
"517","66000","387130000C","(04)23274275","(04)23288582","2026","2","2","13","13","臺中市","大雅區","0","1","0","7","3","6","50","4","1","1","5","4","6","6","1","1","10","5","5","2","13","2","9","1","1","C03","7","9","1","10","2","14","","7","7","1","12","4","120.648007","24.223027","2"
"518","66000","387130000C","(04)23274275","(04)23288582","2026","2","2","13","16","臺中市","北屯區","0","0","0","7","","","1","","","","","","","","","","","","","","14","","","","","B03","","","1","","2","","","49","49","1","6","4","120.719611","24.180137","3"
"519","66000","387130000C","(04)23274275","(04)23288582","2026","2","2","13","16","臺中市","沙鹿區","0","0","0","7","","","50","","","","","","","","","","","","","","","","","","","B03","","","1","","2","","","24","24","1","13","4","120.564279","24.236543","3"
"520","66000","387130000C","(04)23274275","(04)23288582","2026","2","2","13","22","臺中市","西區","0","0","0","7","","","50","","","","","","","","","","","","","","17","","","","","C03","","","1","","2","","","12","12","1","13","4","120.657831","24.145482","4"
"521","66000","387130000C","(04)23274275","(04)23288582","2026","2","2","13","22","臺中市","北屯區","0","0","0","7","","","50","","","","","","","","","","","","","","12","","","","","A04","","","1","","1","","","40","40","1","6","4","120.698793","24.170294","4"
"522","66000","387130000C","(04)23274275","(04)23288582","2026","2","2","13","25","臺中市","北屯區","0","0","0","7","","","50","","","","","","","","","","","","","","13","","","","","B03","","","1","","1","","","7","7","1","6","4","120.665702","24.182949","3"
"523","66000","387130000C","(04)23274275","(04)23288582","2026","2","2","13","27","臺中市","烏日區","0","0","0","7","","","50","","","","","","","","","","","","","","13","","","","","B12","","","1","","2","","","59","59","1","13","4","120.65376","24.089881","3"
"524","66000","387130000C","(04)23274275","(04)23288582","2026","2","2","13","30","臺中市","南屯區","0","2","0","7","2","6","50","3","2","1","5","4","6","6","4","4","5","4","4","2","17","2","9","2","1","C03","7","5","1","10","2","14","","12","12","1","12","4","120.638349","24.140534","2"
"525","66000","387130000C","(04)23274275","(04)23288582","2026","2","2","13","38","臺中市","豐原區","0","0","0","7","","","50","","","","","","","","","","","","","","14","","","","","B03","","","1","","2","","","59","59","1","12","4","120.718786","24.25315","3"
"526","66000","387130000C","(04)23274275","(04)23288582","2026","2","2","13","39","臺中市","沙鹿區","0","1","0","7","2","6","50","8","9","1","5","4","6","6","4","4","5","5","5","1","17","3","10","3","1","A11","7","4","1","3","1","16","","1","1","2","12","4","120.58895","24.263561","2"
"527","66000","387130000C","(04)23274275","(04)23288582","2026","2","2","13","43","臺中市","北屯區","0","0","0","7","","","50","","","","","","","","","","","","","","14","","","","","C03","","","1","","1","","","49","49","2","6","4","120.685519","24.169785","3"
"528","66000","387130000C","(04)23274275","(04)23288582","2026","2","2","13","43","臺中市","太平區","0","1","0","7","2","6","30","3","1","1","5","4","6","6","4","4","10","5","5","2","16","3","10","3","1","B03","7","6","1","8","2","7","","12","12","1","12","4","120.707673","24.111644","2"
"529","66000","387130000C","(04)23274275","(04)23288582","2026","2","2","13","47","臺中市","南屯區","0","0","0","7","","","50","","","","","","","","","","","","","","13","","","","","B01","","","1","","1","","","7","7","1","6","4","120.585494","24.166945","3"
"530","66000","387130000C","(04)23274275","(04)23288582","2026","2","2","13","49","臺中市","北屯區","0","0","0","7","","","50","","","","","","","","","","","","","","17","","","","","A41","","","1","","2","","","59","59","1","6","4","120.701582","24.179555","3"
"531","66000","387130000C","(04)23274275","(04)23288582","2026","2","2","13","50","臺中市","烏日區","0","0","0","7","","","40","","","","","","","","","","","","","","","","","","","A12","","","1","","1","","","8","8","1","6","4","120.605031","24.104861","3"
"532","66000","387130000C","(04)23274275","(04)23288582","2026","2","2","13","51","臺中市","東區","0","1","0","7","2","6","50","4","1","1","5","4","6","6","2","1","5","4","5","2","15","2","9","2","1","C03","7","9","1","10","2","12","","21","21","1","13","4","120.692484","24.138762","2"
"533","66000","387130000C","(04)23274275","(04)23288582","2026","2","2","13","51","臺中市","北屯區","0","0","0","7","","","50","","","","","","","","","","","","","","12","","","","","A04","","","1","","2","","","85","85","1","6","4","120.699721","24.176222","4"
"534","66000","387130000C","(04)23274275","(04)23288582","2026","2","2","13","53","臺中市","北區","0","0","0","7","","","50","","","","","","","","","","","","","","12","","","","","B03","","","1","","1","","","84","84","1","12","4","120.683301","24.155066","3"
"535","66000","387130000C","(04)23274275","(04)23288582","2026","2","2","13","54","臺中市","南屯區","0","1","0","7","2","6","50","4","2","1","5","4","6","6","4","4","9","5","5","2","17","3","10","3","1","B03","7","3","1","8","2","5","","20","20","1","13","4","120.650049","24.139288","2"
"536","66000","387130000C","(04)23274275","(04)23288582","2026","2","2","13","56","臺中市","東區","0","1","0","7","3","6","50","3","1","1","5","4","6","6","1","1","10","5","5","2","13","2","8","5","4","C03","7","9","1","10","2","11","","7","7","1","12","4","120.69096","24.140038","2"
"537","66000","387130000C","(04)23274275","(04)23288582","2026","2","2","13","57","臺中市","西屯區","0","1","0","7","2","6","30","13","9","1","5","4","6","6","4","4","10","5","5","2","18","2","9","1","1","C03","7","9","1","10","2","12","","84","84","1","13","4","120.593428","24.196504","2"
"538","66000","387130000C","(04)23274275","(04)23288582","2026","2","2","13","58","臺中市","南屯區","0","3","0","7","2","6","50","4","1","1","5","4","6","6","1","1","9","4","5","2","12","2","9","1","1","C03","7","6","1","10","2","13","","48","48","1","12","4","120.649826","24.132003","2"
"539","66000","387130000C","(04)23274275","(04)23288582","2026","2","2","13","59","臺中市","太平區","0","1","0","7","2","6","50","3","1","1","5","4","6","6","4","4","10","5","5","2","16","3","10","3","1","B03","7","6","1","8","2","8","","48","48","1","12","4","120.714441","24.143357","2"
"540","66000","387130000C","(04)23274275","(04)23288582","2026","2","2","13","59","臺中市","烏日區","0","1","0","7","2","6","30","13","9","4","5","4","6","6","4","4","10","5","5","2","17","2","9","2","1","C03","7","9","1","10","2","12","","59","59","1","6","4","120.589367","24.110978","2"
"541","66000","387130000C","(04)23274275","(04)23288582","2026","2","2","14","0","臺中市","北區","0","1","0","7","2","6","0","4","2","1","5","4","6","6","1","1","1","4","5","2","17","2","9","5","1","F01","7","1","7","21","2","11","","51","51","1","13","4","120.667885","24.17305","2"
"542","66000","387130000C","(04)23274275","(04)23288582","2026","2","2","14","2","臺中市","太平區","0","1","0","7","2","6","50","3","2","1","5","4","6","6","4","4","5","5","5","1","17","2","9","1","1","C03","7","9","3","19","2","11","","59","59","1","12","4","120.714284","24.144345","2"
"543","66000","387130000C","(04)23274275","(04)23288582","2026","2","2","14","3","臺中市","烏日區","0","0","0","7","","","50","","","","","","","","","","","","","","","","","","","B03","","","1","","1","","","7","7","1","13","4","120.610842","24.113916","3"
"544","66000","387130000C","(04)23274275","(04)23288582","2026","2","2","14","3","臺中市","烏日區","0","0","0","7","","","50","","","","","","","","","","","","","","","","","","","B03","","","1","","1","","","7","7","1","13","4","120.61095","24.113997","3"
"545","66000","387130000C","(04)23274275","(04)23288582","2026","2","2","14","8","臺中市","沙鹿區","0","1","0","6","2","6","40","13","8","1","5","4","6","6","4","4","9","5","4","2","17","2","7","6","1","F01","7","9","7","21","2","12","","59","59","1","3","4","120.566368","24.219649","2"
"546","66000","387130000C","(04)23274275","(04)23288582","2026","2","2","14","11","臺中市","大雅區","0","1","0","6","2","6","50","4","1","1","5","4","6","6","2","1","10","5","5","2","16","2","9","2","1","C03","7","6","1","10","2","14","","11","11","1","12","4","120.668904","24.236825","2"
"547","66000","387130000C","(04)23274275","(04)23288582","2026","2","2","14","13","臺中市","西屯區","0","0","0","7","","","50","","","","","","","","","","","","","","13","","","","","B03","","","1","","1","","","59","59","1","12","4","120.637604","24.166589","3"
"548","66000","387130000C","(04)23274275","(04)23288582","2026","2","2","14","24","臺中市","北屯區","0","1","0","7","2","6","30","5","1","1","5","4","6","6","4","4","10","5","5","2","15","3","10","5","4","B03","7","9","1","8","1","2","","15","15","1","12","4","120.680626","24.189623","2"
"549","66000","387130000C","(04)23274275","(04)23288582","2026","2","2","14","25","臺中市","北屯區","0","1","0","7","2","6","50","4","1","1","5","4","6","6","1","1","10","5","5","2","13","2","8","1","1","C03","7","7","1","10","2","11","","58","58","1","6","4","120.702323","24.169832","2"
"550","66000","387130000C","(04)23274275","(04)23288582","2026","2","2","14","25","臺中市","西屯區","0","1","0","7","2","6","50","3","1","1","5","4","6","6","1","1","5","4","5","2","16","2","7","1","1","C03","7","9","1","10","2","12","","7","7","1","12","4","120.646449","24.175175","2"
"551","66000","387130000C","(04)23274275","(04)23288582","2026","2","2","14","26","臺中市","龍井區","0","0","0","7","","","50","","","","","","","","","","","","","","14","","","","","A11","","","1","","2","","","78","78","1","6","4","120.573721","24.18547","3"
"552","66000","387130000C","(04)23274275","(04)23288582","2026","2","2","14","31","臺中市","太平區","0","1","0","7","3","6","50","3","1","1","5","4","6","6","4","4","10","5","5","2","16","3","10","3","1","B03","7","5","1","8","2","2","","84","84","1","12","4","120.710006","24.115645","2"