序號,縣市別代碼,機關代碼,市話,傳真,年,月,日,時,分,縣市,區,死亡數量,受傷數量,2-30,天候,道路照明設備,道路類別,道路速限,道路型態,事故位置,路面鋪裝,路面狀態,路面缺陷,障礙物,視距,號誌種類,號誌動作,分向設施,快車道或一般車道間,快慢車道間,路面邊線,事故類型及型態,受傷程度,主要傷處,保護裝備,行動電話或功能裝置,當事者區分(類別),車輛用途,當事者行動狀態,駕照狀態,駕照種類,飲酒情形,車輛撞擊部位最初,車輛撞擊部位其他,肇事因素個別,肇事因素主要,肇事逃逸,職業,共享經濟或外送平台,GPS座標X,GPS座標Y,事故類別
"553","66000","387130000C","(04)23274275","(04)23288582","2026","2","2","14","32","臺中市","北屯區","0","2","0","7","2","3","80","14","9","1","5","4","6","6","4","4","1","4","5","2","13","2","9","3","1","B03","7","12","3","19","2","1","","7","7","1","12","4","120.720807","24.169856","2"
"554","66000","387130000C","(04)23274275","(04)23288582","2026","2","2","14","32","臺中市","霧峰區","0","2","0","7","2","6","50","3","12","1","5","4","6","6","4","4","9","4","4","2","16","2","9","2","1","C03","7","6","1","10","1","13","","13","13","1","13","4","120.701358","24.075846","2"
"555","66000","387130000C","(04)23274275","(04)23288582","2026","2","2","14","35","臺中市","霧峰區","0","0","0","7","","","30","","","","","","","","","","","","","","14","","","","","B03","","","1","","2","","","49","49","1","6","4","120.708271","24.071636","3"
"556","66000","387130000C","(04)23274275","(04)23288582","2026","2","2","14","40","臺中市","太平區","0","2","0","7","2","6","50","4","1","1","5","4","6","6","2","1","10","5","5","2","16","2","9","2","1","C03","7","1","1","10","2","14","","51","51","1","12","4","120.718129","24.116896","2"
"557","66000","387130000C","(04)23274275","(04)23288582","2026","2","2","14","45","臺中市","北屯區","0","1","0","7","2","6","50","4","1","1","5","4","6","6","2","1","10","5","5","2","15","3","10","3","1","B03","7","9","1","8","2","1","","21","21","1","6","4","120.68246","24.195168","2"
"558","66000","387130000C","(04)23274275","(04)23288582","2026","2","2","14","45","臺中市","霧峰區","0","3","0","7","2","6","50","4","2","1","5","4","6","6","4","4","5","2","5","2","16","2","9","2","1","C03","7","6","1","10","2","11","","39","39","1","13","4","120.696718","24.061701","2"
"559","66000","387130000C","(04)23274275","(04)23288582","2026","2","2","14","48","臺中市","西屯區","0","1","0","7","2","6","50","13","9","1","5","4","6","6","4","4","5","4","5","2","17","3","10","5","4","C04","7","9","1","10","2","12","","84","84","1","13","4","120.637074","24.172588","2"
"560","66000","387130000C","(04)23274275","(04)23288582","2026","2","2","14","54","臺中市","西區","0","0","0","7","","","50","","","","","","","","","","","","","","13","","","","","B03","","","1","","1","","","84","84","1","13","4","120.663877","24.157654","3"
"561","66000","387130000C","(04)23274275","(04)23288582","2026","2","2","14","54","臺中市","霧峰區","0","1","0","7","3","6","30","3","2","1","5","4","6","6","4","4","10","5","5","1","18","2","8","1","1","C03","7","5","1","10","2","12","","84","84","1","12","4","120.715886","24.015079","2"
"562","66000","387130000C","(04)23274275","(04)23288582","2026","2","2","14","55","臺中市","大里區","0","1","0","7","2","6","50","3","2","1","5","4","6","6","3","1","5","5","5","2","16","3","10","3","1","B03","7","6","3","19","2","5","","24","24","1","12","4","120.674777","24.096833","2"
"563","66000","387130000C","(04)23274275","(04)23288582","2026","2","2","14","56","臺中市","太平區","0","0","0","7","2","6","50","","","","","","","","","","","","","","","","","","","A11","","","1","","2","2","","84","84","1","12","4","120.726898","24.124547","3"
"564","66000","387130000C","(04)23274275","(04)23288582","2026","2","2","15","0","臺中市","沙鹿區","0","0","0","7","","","50","","","","","","","","","","","","","","","","","","","B03","","","1","","2","","","50","50","1","13","4","120.56952","24.220395","3"
"565","66000","387130000C","(04)23274275","(04)23288582","2026","2","2","15","7","臺中市","西屯區","0","0","0","7","","","30","","","","","","","","","","","","","","15","","","","","B03","","","1","","1","","","15","15","1","12","4","120.664553","24.174684","3"
"566","66000","387130000C","(04)23274275","(04)23288582","2026","2","2","15","8","臺中市","大里區","0","1","0","7","2","6","50","13","9","1","5","4","6","6","1","1","5","5","5","1","17","3","10","3","1","B03","7","9","1","8","2","1","","7","7","1","13","4","120.698758","24.101454","2"
"567","66000","387130000C","(04)23274275","(04)23288582","2026","2","2","15","9","臺中市","梧棲區","0","0","0","7","","","50","","","","","","","","","","","","","","14","","","","","B03","","","1","","2","","","49","49","1","12","4","120.533203","24.271094","3"
"568","66000","387130000C","(04)23274275","(04)23288582","2026","2","2","15","14","臺中市","大里區","0","1","0","7","2","6","50","13","9","1","5","4","6","6","1","1","10","5","5","2","17","3","10","1","1","F03","7","9","7","21","2","11","","7","7","1","12","4","120.705257","24.111506","2"
"569","66000","387130000C","(04)23274275","(04)23288582","2026","2","2","15","16","臺中市","烏日區","0","0","0","7","2","6","50","13","9","1","5","4","6","6","4","4","5","4","4","1","14","","","","","C03","","","1","","1","","","49","49","1","6","4","120.624678","24.10544","3"
"570","66000","387130000C","(04)23274275","(04)23288582","2026","2","2","15","17","臺中市","大雅區","0","0","0","7","","","50","","","","","","","","","","","","","","","","","","","B03","","","1","","1","","","8","8","1","12","4","120.64911","24.22481","3"
"571","66000","387130000C","(04)23274275","(04)23288582","2026","2","2","15","19","臺中市","豐原區","0","0","0","7","","","30","","","","","","","","","","","","","","17","","","","","B12","","","1","","2","","","76","76","1","12","4","120.717648","24.243492","4"
"572","66000","387130000C","(04)23274275","(04)23288582","2026","2","2","15","25","臺中市","沙鹿區","0","0","0","6","","","","","","","","","","","","","","","","","35","","","","","","","","","","","","","109","109","1","","","120.597747","24.251338","3"
"573","66000","387130000C","(04)23274275","(04)23288582","2026","2","2","15","26","臺中市","南區","0","0","0","7","","","50","","","","","","","","","","","","","","13","","","","","C03","","","1","","1","","","7","7","1","6","4","120.683398","24.133351","3"
"574","66000","387130000C","(04)23274275","(04)23288582","2026","2","2","15","28","臺中市","沙鹿區","0","0","0","7","","","60","","","","","","","","","","","","","","","","","","","A41","","","1","","1","","","40","40","1","12","4","120.570983","24.199087","3"
"575","66000","387130000C","(04)23274275","(04)23288582","2026","2","2","15","39","臺中市","烏日區","0","1","0","7","2","6","40","13","8","1","5","4","6","6","4","4","1","4","3","2","18","2","9","5","4","C03","7","9","1","10","2","14","","87","87","1","5","4","120.642591","24.114916","2"
"576","66000","387130000C","(04)23274275","(04)23288582","2026","2","2","15","44","臺中市","沙鹿區","0","0","0","7","","","50","","","","","","","","","","","","","","","","","","","B03","","","1","","2","","","8","8","1","6","4","120.564448","24.244108","3"
"577","66000","387130000C","(04)23274275","(04)23288582","2026","2","2","15","47","臺中市","北屯區","0","1","0","7","3","6","50","4","2","1","5","4","6","6","2","1","1","2","5","2","18","2","8","1","1","C03","7","9","1","10","2","14","","59","59","1","12","4","120.692767","24.161797","2"
"578","66000","387130000C","(04)23274275","(04)23288582","2026","2","2","15","48","臺中市","太平區","0","3","0","7","2","6","30","3","1","1","5","4","6","6","4","4","10","5","5","2","16","2","9","2","1","C03","7","1","1","10","2","11","","51","51","1","12","4","120.726593","24.145572","2"
"579","66000","387130000C","(04)23274275","(04)23288582","2026","2","2","15","50","臺中市","豐原區","0","1","0","7","2","6","50","11","9","1","5","4","6","6","4","4","5","4","5","1","12","2","5","1","1","C03","7","9","1","10","2","14","","87","87","1","12","4","120.724288","24.226705","2"
"580","66000","387130000C","(04)23274275","(04)23288582","2026","2","2","15","51","臺中市","豐原區","0","0","0","7","","","30","","","","","","","","","","","","","","14","","","","","B03","","","1","","2","","","49","49","1","13","4","120.732304","24.272487","3"
"581","66000","387130000C","(04)23274275","(04)23288582","2026","2","2","15","52","臺中市","北屯區","0","0","0","7","","","50","","","","","","","","","","","","","","12","","","","","C03","","","1","","1","","","84","84","1","12","4","120.681908","24.192512","3"
"582","66000","387130000C","(04)23274275","(04)23288582","2026","2","2","15","53","臺中市","北屯區","0","1","0","7","2","6","40","4","4","1","5","4","6","6","2","1","3","2","4","2","16","2","8","1","1","C03","7","9","3","19","2","11","","5","5","1","12","4","120.670839","24.196787","2"
"583","66000","387130000C","(04)23274275","(04)23288582","2026","2","2","15","55","臺中市","西區","0","1","0","7","2","6","50","13","7","1","5","4","6","6","4","4","5","4","4","2","17","3","10","3","1","B03","7","1","1","8","2","3","","51","51","1","12","4","120.667888","24.13979","2"
"584","66000","387130000C","(04)23274275","(04)23288582","2026","2","2","15","56","臺中市","北屯區","0","0","0","7","","","50","","","","","","","","","","","","","","13","","","","","B03","","","1","","1","","","84","84","1","6","4","120.730333","24.173885","3"
"585","66000","387130000C","(04)23274275","(04)23288582","2026","2","2","16","0","臺中市","北區","0","0","0","7","","","30","","","","","","","","","","","","","","17","","","","","C03","","","1","","2","","","15","15","1","13","4","120.682346","24.162349","3"
"586","66000","387130000C","(04)23274275","(04)23288582","2026","2","2","16","0","臺中市","南區","0","2","0","7","2","6","50","3","2","1","5","4","6","6","4","4","10","5","5","2","13","2","9","2","1","C03","7","9","5","19","2","11","","7","7","1","13","4","120.657101","24.113227","2"
"587","66000","387130000C","(04)23274275","(04)23288582","2026","2","2","16","10","臺中市","豐原區","0","1","0","7","2","6","30","4","1","1","5","4","6","6","1","1","10","5","5","2","17","2","9","2","1","C03","7","5","1","10","1","11","","84","84","1","13","4","120.723084","24.264026","2"
"588","66000","387130000C","(04)23274275","(04)23288582","2026","2","2","16","20","臺中市","大里區","0","0","0","6","","","50","","","","","","","","","","","","","","17","","","","","C03","","","1","","2","","","84","84","1","12","4","120.680525","24.104037","3"
"589","66000","387130000C","(04)23274275","(04)23288582","2026","2","2","16","20","臺中市","豐原區","0","0","0","7","","","60","","","","","","","","","","","","","","12","","","","","B03","","","1","","2","","","8","8","1","12","4","120.716503","24.263937","3"
"590","66000","387130000C","(04)23274275","(04)23288582","2026","2","2","16","25","臺中市","龍井區","0","1","0","7","2","6","40","4","1","1","5","4","6","6","1","1","10","5","5","2","16","3","10","3","1","B03","7","5","1","8","2","6","","8","8","1","6","4","120.585665","24.186498","2"
"591","66000","387130000C","(04)23274275","(04)23288582","2026","2","2","16","27","臺中市","西區","0","0","0","7","","","50","","","","","","","","","","","","","","","","","","","C03","","","1","10","2","","","21","21","1","13","4","120.676541","24.145018","3"
"592","66000","387130000C","(04)23274275","(04)23288582","2026","2","2","16","27","臺中市","南區","0","0","0","7","","","50","","","","","","","","","","","","","","17","","","","","B03","","","1","","2","","","84","84","1","12","4","120.678266","24.124968","3"
"593","66000","387130000C","(04)23274275","(04)23288582","2026","2","2","16","28","臺中市","南區","1","0","0","7","2","6","50","3","9","1","5","4","6","6","4","4","1","4","5","2","20","1","9","3","1","B03","7","9","1","8","2","1","","84","84","1","12","4","120.679425","24.124903","1"
"594","66000","387130000C","(04)23274275","(04)23288582","2026","2","2","16","37","臺中市","北區","0","1","0","7","2","6","50","13","9","1","5","4","6","6","4","4","1","4","5","2","16","3","10","3","1","B01","7","8","1","4","2","8","","40","40","1","12","4","120.676911","24.150669","2"
"595","66000","387130000C","(04)23274275","(04)23288582","2026","2","2","16","37","臺中市","南區","0","0","0","7","","","50","","","","","","","","","","","","","","17","","","","","B03","","","1","","9","","","50","50","1","6","4","120.677494","24.125731","3"
"596","66000","387130000C","(04)23274275","(04)23288582","2026","2","2","16","40","臺中市","東區","0","1","0","7","2","6","50","3","2","1","5","4","6","6","4","4","5","2","5","2","13","2","4","2","1","C03","7","9","1","10","2","11","","7","7","1","5","4","120.698148","24.140196","2"
"597","66000","387130000C","(04)23274275","(04)23288582","2026","2","2","16","42","臺中市","豐原區","0","0","0","7","","","50","","","","","","","","","","","","","","12","","","","","B03","","","1","","2","","","35","35","1","12","4","120.709002","24.245487","3"
"598","66000","387130000C","(04)23274275","(04)23288582","2026","2","2","16","43","臺中市","東區","0","1","0","7","2","6","50","4","1","1","5","4","6","6","2","1","10","5","5","2","13","2","9","1","1","C03","7","9","1","10","2","11","","7","7","1","12","4","120.690144","24.131691","2"
"599","66000","387130000C","(04)23274275","(04)23288582","2026","2","2","16","44","臺中市","北屯區","0","1","0","7","3","6","50","4","1","1","5","4","6","6","1","1","10","5","5","2","16","3","10","3","1","B03","7","6","1","8","2","2","","11","11","1","6","4","120.722514","24.176008","2"
"600","66000","387130000C","(04)23274275","(04)23288582","2026","2","2","16","46","臺中市","太平區","0","2","0","7","2","6","50","3","2","1","5","4","6","6","4","4","5","5","5","1","16","2","5","2","1","C03","7","5","1","10","2","14","","14","14","1","12","4","120.719553","24.121514","2"
"601","66000","387130000C","(04)23274275","(04)23288582","2026","2","2","16","46","臺中市","清水區","0","0","0","7","","","50","","","","","","","","","","","","","","","","","","","B03","","","1","","2","","","49","49","1","12","4","120.566664","24.273001","3"
"602","66000","387130000C","(04)23274275","(04)23288582","2026","2","2","16","48","臺中市","東區","0","1","0","7","2","6","50","4","2","1","5","4","6","6","1","1","10","5","5","2","13","3","10","2","1","C03","7","9","1","10","2","12","","7","7","1","13","4","120.692908","24.134788","2"
"603","66000","387130000C","(04)23274275","(04)23288582","2026","2","2","16","51","臺中市","大雅區","0","0","0","7","","","50","","","","","","","","","","","","","","13","","","","","B12","","","1","","1","","","7","7","1","12","4","120.635866","24.215471","3"
"604","66000","387130000C","(04)23274275","(04)23288582","2026","2","2","16","51","臺中市","西區","0","0","0","7","","","50","","","","","","","","","","","","","","","","","","","B12","","","1","","1","","","49","49","1","12","4","120.65896","24.135601","3"
"605","66000","387130000C","(04)23274275","(04)23288582","2026","2","2","16","51","臺中市","北屯區","0","0","0","7","","","50","","","","","","","","","","","","","","13","","","","","C03","","","1","","2","","","1","1","1","6","4","120.689798","24.182248","3"
"606","66000","387130000C","(04)23274275","(04)23288582","2026","2","2","16","57","臺中市","大里區","0","0","0","7","","","50","","","","","","","","","","","","","","17","","","","","B12","","","1","","2","","","7","7","1","12","4","120.694456","24.111441","3"
"607","66000","387130000C","(04)23274275","(04)23288582","2026","2","2","16","58","臺中市","北區","0","0","0","7","","","50","","","","","","","","","","","","","","13","","","","","B03","","","1","","2","","","59","59","1","13","4","120.675785","24.163221","3"
"608","66000","387130000C","(04)23274275","(04)23288582","2026","2","2","17","2","臺中市","西屯區","0","0","0","7","","","50","","","","","","","","","","","","","","13","","","","","A11","","","1","","1","","","7","7","1","12","4","120.607963","24.158378","3"
"609","66000","387130000C","(04)23274275","(04)23288582","2026","2","2","17","5","臺中市","梧棲區","0","1","0","7","2","6","40","13","8","1","5","4","6","6","4","4","10","5","5","1","13","2","8","6","1","F01","7","9","7","21","2","11","","7","7","1","12","4","120.551335","24.242609","2"
"610","66000","387130000C","(04)23274275","(04)23288582","2026","2","2","17","9","臺中市","大雅區","0","1","0","7","3","6","50","4","2","1","5","4","6","6","1","1","5","5","5","2","17","3","10","5","4","B03","7","9","1","8","2","1","","84","84","1","12","4","120.654137","24.229678","2"
"611","66000","387130000C","(04)23274275","(04)23288582","2026","2","2","17","9","臺中市","西區","0","0","0","7","","","50","","","","","","","","","","","","","","13","","","","","B03","","","1","","1","","","7","7","1","13","4","120.672694","24.141307","4"
"612","66000","387130000C","(04)23274275","(04)23288582","2026","2","2","17","9","臺中市","西屯區","0","0","0","7","","3","80","","","","","","","","","","","","","","13","","","","","B12","","","1","","1","","","7","7","1","13","4","120.634948","24.179291","3"
"613","66000","387130000C","(04)23274275","(04)23288582","2026","2","2","17","15","臺中市","西屯區","0","1","0","7","2","6","50","13","7","1","5","4","6","6","4","4","8","5","4","1","17","2","9","5","4","C03","7","8","1","10","2","14","","40","40","1","13","4","120.626","24.184118","2"
"614","66000","387130000C","(04)23274275","(04)23288582","2026","2","2","17","15","臺中市","太平區","0","1","0","7","2","6","30","3","1","1","5","4","6","6","4","4","10","5","5","2","16","2","8","1","1","C03","7","4","1","10","2","11","12","1","1","1","12","4","120.712254","24.125275","2"
"615","66000","387130000C","(04)23274275","(04)23288582","2026","2","2","17","15","臺中市","神岡區","0","1","0","7","3","6","40","13","9","1","5","4","6","6","4","4","9","5","5","1","11","3","10","3","1","B03","7","4","1","8","2","8","","1","1","1","13","4","120.690569","24.238133","2"
"616","66000","387130000C","(04)23274275","(04)23288582","2026","2","2","17","17","臺中市","北區","0","0","0","7","","","50","","","","","","","","","","","","","","12","","","","","B03","","","1","","2","","","84","84","1","13","4","120.678622","24.166936","3"
"617","66000","387130000C","(04)23274275","(04)23288582","2026","2","2","17","17","臺中市","西屯區","0","1","0","7","1","6","50","4","1","1","5","4","6","6","2","1","10","5","5","2","16","3","10","3","1","B03","7","6","1","8","2","1","","11","11","1","12","4","120.61739","24.185311","2"
"618","66000","387130000C","(04)23274275","(04)23288582","2026","2","2","17","18","臺中市","北屯區","0","0","0","7","","","50","","","","","","","","","","","","","","13","","","","","B03","","","1","","1","","","84","84","1","12","4","120.720592","24.181996","3"
"619","66000","387130000C","(04)23274275","(04)23288582","2026","2","2","17","18","臺中市","西屯區","0","1","0","1","2","6","50","13","9","1","5","4","6","6","4","4","9","4","5","1","16","3","10","5","4","B03","7","11","1","8","2","5","","20","20","1","12","4","120.608849","24.157847","2"
"620","66000","387130000C","(04)23274275","(04)23288582","2026","2","2","17","19","臺中市","南屯區","0","1","0","7","2","6","50","4","2","1","5","4","6","6","1","1","5","2","5","2","13","2","7","2","1","C03","7","9","1","10","2","11","","43","43","1","12","4","120.638452","24.135334","2"
"621","66000","387130000C","(04)23274275","(04)23288582","2026","2","2","17","19","臺中市","龍井區","0","0","0","7","","","50","","","","","","","","","","","","","","14","","","","","A41","","","1","","1","","","82","82","1","6","4","120.573422","24.185409","3"
"622","66000","387130000C","(04)23274275","(04)23288582","2026","2","2","17","21","臺中市","西屯區","0","0","0","7","","","40","","","","","","","","","","","","","","13","","","","","C03","","","1","","1","","","7","7","2","12","4","120.64379","24.201514","3"
"623","66000","387130000C","(04)23274275","(04)23288582","2026","2","2","17","23","臺中市","烏日區","0","2","0","7","1","6","50","3","1","1","5","4","6","6","2","1","10","5","5","2","16","2","9","5","4","C03","7","6","1","10","2","12","","11","11","1","13","4","120.625926","24.111493","2"
"624","66000","387130000C","(04)23274275","(04)23288582","2026","2","2","17","25","臺中市","南屯區","0","1","0","7","3","6","40","4","1","1","5","4","6","6","1","1","10","5","5","2","12","3","10","3","1","B12","7","5","1","8","1","5","","39","39","1","13","4","120.622865","24.135628","2"
"625","66000","387130000C","(04)23274275","(04)23288582","2026","2","2","17","25","臺中市","烏日區","0","0","0","7","","","50","","","","","","","","","","","","","","","","","","","B03","","","1","","2","","","20","20","1","13","4","120.647552","24.109631","3"
"626","66000","387130000C","(04)23274275","(04)23288582","2026","2","2","17","26","臺中市","太平區","0","2","0","7","2","6","50","3","1","1","5","4","6","6","4","4","10","5","5","2","16","2","8","2","1","C03","7","6","1","10","2","12","","14","14","1","12","4","120.716773","24.131845","2"
"627","66000","387130000C","(04)23274275","(04)23288582","2026","2","2","17","28","臺中市","豐原區","0","0","0","7","","","50","","","","","","","","","","","","","","17","","","","","B03","","","1","","1","","","84","84","1","13","4","120.700593","24.249061","3"
"628","66000","387130000C","(04)23274275","(04)23288582","2026","2","2","17","30","臺中市","西屯區","0","0","0","7","","","30","","","","","","","","","","","","","","17","","","","","B12","","","1","","1","","","59","59","1","12","4","120.66019","24.195794","3"
"629","66000","387130000C","(04)23274275","(04)23288582","2026","2","2","17","30","臺中市","沙鹿區","0","0","0","7","","","50","","","","","","","","","","","","","","","","","","","B03","","","1","","2","","","59","59","1","6","4","120.565322","24.246347","3"
"630","66000","387130000C","(04)23274275","(04)23288582","2026","2","2","17","34","臺中市","南區","0","0","0","7","","","50","","","","","","","","","","","","","","","","","","","A02","","","1","","1","","","1","1","1","12","4","120.684108","24.119514","3"
"631","66000","387130000C","(04)23274275","(04)23288582","2026","2","2","17","34","臺中市","大里區","0","0","0","6","","3","80","","","","","","","","","","","","","","13","","","","","B03","","","1","","2","","","84","84","1","12","4","120.690704","24.098029","3"
"632","66000","387130000C","(04)23274275","(04)23288582","2026","2","2","17","36","臺中市","北屯區","0","0","0","7","","","50","","","","","","","","","","","","","","17","","","","","C03","","","5","","2","","","50","50","1","12","4","120.690452","24.173346","3"
"633","66000","387130000C","(04)23274275","(04)23288582","2026","2","2","17","36","臺中市","北屯區","0","0","0","7","","","50","","","","","","","","","","","","","","17","","","","","B03","","","1","","1","","","20","20","1","6","4","120.686392","24.196656","3"
"634","66000","387130000C","(04)23274275","(04)23288582","2026","2","2","17","39","臺中市","北區","0","0","0","7","","","50","","","","","","","","","","","","","","","","","","","C03","","","1","","2","","","41","41","1","12","4","120.681029","24.157933","3"
"635","66000","387130000C","(04)23274275","(04)23288582","2026","2","2","17","41","臺中市","霧峰區","0","1","0","7","1","6","40","13","8","1","5","4","6","6","4","4","1","5","5","1","18","2","9","5","4","C03","7","9","5","19","2","12","","59","59","1","6","4","120.663479","24.077874","2"
"636","66000","387130000C","(04)23274275","(04)23288582","2026","2","2","17","44","臺中市","南屯區","0","1","0","7","3","6","50","3","4","1","5","4","6","6","1","1","5","4","4","2","17","3","10","3","1","B03","7","5","1","8","2","5","","58","58","1","6","4","120.61691","24.156033","2"
"637","66000","387130000C","(04)23274275","(04)23288582","2026","2","2","17","45","臺中市","大雅區","0","0","0","6","","","50","","","","","","","","","","","","","","17","","","","","B03","","","1","","2","","","84","84","1","12","4","120.648289","24.226613","3"
"638","66000","387130000C","(04)23274275","(04)23288582","2026","2","2","17","45","臺中市","清水區","0","0","0","7","","3","80","","","","","","","","","","","","","","17","","","","","B03","","","1","","2","","","7","7","1","12","4","120.542379","24.264069","3"
"639","66000","387130000C","(04)23274275","(04)23288582","2026","2","2","17","46","臺中市","西屯區","0","1","0","7","1","6","30","3","1","1","5","4","6","6","4","4","10","5","5","2","17","3","10","5","4","B03","7","6","1","8","2","16","","12","12","1","12","4","120.650105","24.182925","2"
"640","66000","387130000C","(04)23274275","(04)23288582","2026","2","2","17","50","臺中市","北區","0","0","0","7","","","50","","","","","","","","","","","","","","","","","","","C03","","","1","","11","","","84","84","1","13","4","120.685687","24.147435","3"
"641","66000","387130000C","(04)23274275","(04)23288582","2026","2","2","17","50","臺中市","南區","0","1","0","7","1","6","50","13","8","1","5","4","4","6","4","4","5","5","4","2","2","3","10","3","1","B03","7","9","1","8","9","2","","84","84","1","6","4","120.681208","24.129447","2"
"642","66000","387130000C","(04)23274275","(04)23288582","2026","2","2","17","50","臺中市","南屯區","0","0","0","7","","","50","","","","","","","","","","","","","","","","","","","B12","","","1","","1","","","84","84","1","13","4","120.636109","24.149163","3"
"643","66000","387130000C","(04)23274275","(04)23288582","2026","2","2","17","53","臺中市","南屯區","0","0","0","7","","","50","","","","","","","","","","","","","","17","","","","","B03","","","1","","2","","","50","50","1","12","4","120.638437","24.142446","3"
"644","66000","387130000C","(04)23274275","(04)23288582","2026","2","2","17","53","臺中市","西屯區","0","1","0","7","1","6","30","11","9","1","5","4","6","6","4","4","10","5","5","2","11","2","9","1","1","C03","7","9","1","10","2","11","","41","41","1","13","4","120.61537","24.192871","2"
"645","66000","387130000C","(04)23274275","(04)23288582","2026","2","2","17","53","臺中市","大里區","0","1","0","7","1","6","50","4","1","1","5","4","6","6","1","1","5","5","5","2","16","3","10","3","1","B03","7","6","1","8","2","5","","11","11","1","12","4","120.695781","24.096439","2"
"646","66000","387130000C","(04)23274275","(04)23288582","2026","2","2","17","57","臺中市","南屯區","0","0","0","7","","","50","","","","","","","","","","","","","","14","","","","","B03","","","1","","2","","","49","49","1","13","4","120.65104","24.132659","3"
"647","66000","387130000C","(04)23274275","(04)23288582","2026","2","2","17","57","臺中市","西屯區","0","1","0","7","1","6","50","3","9","1","5","4","6","6","2","1","5","5","5","2","12","3","10","3","1","B03","7","9","1","8","2","5","","7","7","1","12","4","120.64894","24.168666","2"
"648","66000","387130000C","(04)23274275","(04)23288582","2026","2","2","18","0","臺中市","大里區","0","1","0","7","1","6","50","4","2","1","5","4","6","6","1","1","5","5","4","1","17","3","10","3","4","B03","7","9","5","7","8","1","","84","84","1","13","4","120.706859","24.095291","2"
"649","66000","387130000C","(04)23274275","(04)23288582","2026","2","2","18","1","臺中市","東區","0","0","0","7","","","50","","","","","","","","","","","","","","17","","","","","B12","","","1","","9","","","82","82","2","13","4","120.68767","24.131982","3"
"650","66000","387130000C","(04)23274275","(04)23288582","2026","2","2","18","2","臺中市","大里區","0","1","0","7","1","6","50","13","9","1","5","4","6","6","3","1","5","5","5","1","17","2","9","1","1","C03","7","9","1","10","2","11","","7","7","1","12","4","120.676974","24.094505","2"
"651","66000","387130000C","(04)23274275","(04)23288582","2026","2","2","18","3","臺中市","北屯區","0","0","0","7","","","50","","","","","","","","","","","","","","12","","","","","B12","","","1","","1","","","40","40","1","6","4","120.693413","24.183079","3"
"652","66000","387130000C","(04)23274275","(04)23288582","2026","2","2","18","4","臺中市","大安區","0","0","0","7","","","50","","","","","","","","","","","","","","8","","","","","B12","","","7","","10","","","93","93","1","12","4","120.587644","24.34491","3"
"653","66000","387130000C","(04)23274275","(04)23288582","2026","2","2","18","6","臺中市","西屯區","0","0","0","7","","","50","","","","","","","","","","","","","","17","","","","","","","","","","","","","119","119","1","","","120.636815","24.179053","3"
"654","66000","387130000C","(04)23274275","(04)23288582","2026","2","2","18","6","臺中市","龍井區","0","2","0","7","1","6","50","3","1","1","5","4","6","6","4","4","10","5","5","2","13","2","9","1","1","C03","7","9","1","10","2","14","","7","7","1","6","4","120.5941","24.190759","2"
"655","66000","387130000C","(04)23274275","(04)23288582","2026","2","2","18","7","臺中市","北屯區","0","1","0","7","1","6","50","13","9","1","5","4","6","6","4","4","9","5","5","2","28","2","8","1","1","C03","7","9","1","10","2","11","","87","87","1","12","4","120.689416","24.163913","2"
"656","66000","387130000C","(04)23274275","(04)23288582","2026","2","2","18","7","臺中市","大里區","0","0","0","7","2","6","50","4","1","1","5","4","6","6","4","4","5","5","5","2","11","","","","","B03","","","1","","2","","","8","8","1","13","4","120.703886","24.109293","3"
"657","66000","387130000C","(04)23274275","(04)23288582","2026","2","2","18","9","臺中市","南屯區","0","0","0","7","","","60","","","","","","","","","","","","","","12","","","","","B03","","","1","","2","","","40","40","1","12","4","120.612313","24.150374","3"
"658","66000","387130000C","(04)23274275","(04)23288582","2026","2","2","18","9","臺中市","太平區","0","0","0","7","1","6","50","","","","","","","","","","","","","","","","","","","B03","","","1","","2","1","","84","84","1","12","4","120.717173","24.123776","3"
"659","66000","387130000C","(04)23274275","(04)23288582","2026","2","2","18","11","臺中市","東區","0","1","0","7","1","6","50","3","2","1","5","4","6","6","4","4","5","2","4","2","13","2","9","1","1","C03","7","9","1","10","2","11","","7","7","1","13","4","120.71032","24.144485","2"
"660","66000","387130000C","(04)23274275","(04)23288582","2026","2","2","18","11","臺中市","西屯區","0","1","0","7","1","6","50","4","1","1","5","4","6","6","1","1","10","5","5","2","18","2","9","5","4","C03","7","9","1","10","2","11","","84","84","1","12","4","120.641039","24.189028","2"
"661","66000","387130000C","(04)23274275","(04)23288582","2026","2","2","18","12","臺中市","北屯區","0","0","0","7","","","30","","","","","","","","","","","","","","12","","","","","B03","","","1","","1","","","51","51","1","12","4","120.670158","24.182635","3"
"662","66000","387130000C","(04)23274275","(04)23288582","2026","2","2","18","12","臺中市","沙鹿區","0","0","0","7","","","50","","","","","","","","","","","","","","","","","","","A11","","","1","","1","","","50","50","1","12","4","120.570119","24.20556","4"
"663","66000","387130000C","(04)23274275","(04)23288582","2026","2","2","18","19","臺中市","南區","0","0","0","7","","","","","","","","","","","","","","","","","17","","","","","","","","","","","","","119","119","1","","","120.648413","24.122722","3"