序號,縣市別代碼,機關代碼,市話,傳真,年,月,日,時,分,縣市,區,死亡數量,受傷數量,2-30,天候,道路照明設備,道路類別,道路速限,道路型態,事故位置,路面鋪裝,路面狀態,路面缺陷,障礙物,視距,號誌種類,號誌動作,分向設施,快車道或一般車道間,快慢車道間,路面邊線,事故類型及型態,受傷程度,主要傷處,保護裝備,行動電話或功能裝置,當事者區分(類別),車輛用途,當事者行動狀態,駕照狀態,駕照種類,飲酒情形,車輛撞擊部位最初,車輛撞擊部位其他,肇事因素個別,肇事因素主要,肇事逃逸,職業,共享經濟或外送平台,GPS座標X,GPS座標Y,事故類別
"664","66000","387130000C","(04)23274275","(04)23288582","2026","2","2","18","19","臺中市","梧棲區","0","0","0","7","1","6","50","4","1","1","5","4","6","6","4","4","5","5","4","2","17","3","10","3","1","B03","7","6","1","8","2","1","","14","14","1","12","4","120.551961","24.240171","3"
"665","66000","387130000C","(04)23274275","(04)23288582","2026","2","2","18","21","臺中市","南屯區","0","1","0","6","1","6","50","3","1","1","5","4","6","6","4","4","10","5","5","2","18","2","9","1","1","F03","7","15","7","21","2","12","","54","54","1","12","4","120.64727","24.134779","2"
"666","66000","387130000C","(04)23274275","(04)23288582","2026","2","2","18","25","臺中市","西屯區","0","1","0","7","1","6","40","4","1","1","5","4","6","6","2","1","10","5","5","2","16","3","10","5","4","B03","7","5","1","8","2","5","","47","47","1","12","4","120.649821","24.162757","2"
"667","66000","387130000C","(04)23274275","(04)23288582","2026","2","2","18","26","臺中市","南區","0","1","0","7","1","6","50","4","1","1","5","4","6","6","1","1","10","5","5","2","13","3","10","1","1","C03","7","9","1","10","2","11","","7","7","1","12","4","120.657517","24.1252","2"
"668","66000","387130000C","(04)23274275","(04)23288582","2026","2","2","18","26","臺中市","東區","0","1","0","7","1","6","40","5","1","1","5","4","6","6","4","4","1","1","4","2","16","2","9","2","1","C03","7","1","1","10","2","11","","51","51","1","13","4","120.691132","24.147557","2"
"669","66000","387130000C","(04)23274275","(04)23288582","2026","2","2","18","30","臺中市","大雅區","0","0","0","7","","","30","","","","","","","","","","","","","","","","","","","C03","","","1","","1","","","59","59","1","12","4","120.644803","24.22156","3"
"670","66000","387130000C","(04)23274275","(04)23288582","2026","2","2","18","30","臺中市","東區","0","1","0","7","1","6","30","4","1","1","5","4","6","6","4","4","10","5","5","2","15","3","10","3","1","B03","7","9","1","8","2","2","","12","12","1","6","4","120.696328","24.147161","2"
"671","66000","387130000C","(04)23274275","(04)23288582","2026","2","2","18","32","臺中市","龍井區","0","0","0","7","","","30","","","","","","","","","","","","","","14","","","","","B03","","","1","","2","","","49","49","1","6","4","120.587235","24.182479","4"
"672","66000","387130000C","(04)23274275","(04)23288582","2026","2","2","18","34","臺中市","太平區","0","0","0","7","1","6","30","13","9","1","5","4","6","6","4","4","10","5","5","2","17","3","10","2","1","C04","7","9","5","19","4","11","","84","84","1","12","4","120.725782","24.127936","3"
"673","66000","387130000C","(04)23274275","(04)23288582","2026","2","2","18","36","臺中市","沙鹿區","0","1","0","6","1","6","40","5","8","1","5","4","6","6","1","1","3","3","3","1","17","3","10","5","4","B03","7","9","1","8","2","1","","59","59","1","13","4","120.576096","24.251727","2"
"674","66000","387130000C","(04)23274275","(04)23288582","2026","2","2","18","37","臺中市","北屯區","0","0","0","7","","","50","","","","","","","","","","","","","","13","","","","","B03","","","1","","1","","","59","59","1","12","4","120.692918","24.16228","3"
"675","66000","387130000C","(04)23274275","(04)23288582","2026","2","2","18","39","臺中市","北區","0","2","0","7","1","6","50","5","1","1","5","4","6","6","2","1","10","5","5","2","13","2","8","1","1","C03","7","9","1","10","2","11","","7","7","1","12","4","120.685987","24.154451","2"
"676","66000","387130000C","(04)23274275","(04)23288582","2026","2","2","18","39","臺中市","北屯區","0","0","0","7","","","50","","","","","","","","","","","","","","17","","","","","B03","","","1","","2","","","40","40","1","6","4","120.69069","24.171441","3"
"677","66000","387130000C","(04)23274275","(04)23288582","2026","2","2","18","44","臺中市","西屯區","0","1","0","7","1","6","40","13","8","1","5","4","6","6","4","4","1","4","4","2","17","3","10","1","1","C03","7","1","1","10","1","14","","51","51","2","12","4","120.655414","24.1761","2"
"678","66000","387130000C","(04)23274275","(04)23288582","2026","2","2","18","45","臺中市","沙鹿區","0","0","0","7","1","6","50","13","9","1","5","4","6","6","4","4","8","4","4","2","12","","","","","C03","","","1","","2","","","82","82","1","12","4","120.559969","24.216008","3"
"679","66000","387130000C","(04)23274275","(04)23288582","2026","2","2","18","48","臺中市","北屯區","0","0","0","7","","","50","","","","","","","","","","","","","","13","","","","","B02","","","1","","1","","","59","59","1","6","4","120.730489","24.174623","3"
"680","66000","387130000C","(04)23274275","(04)23288582","2026","2","2","18","48","臺中市","大里區","0","0","0","6","","","50","","","","","","","","","","","","","","16","","","","","B03","","","1","","2","","","26","26","1","12","4","120.671602","24.102341","3"
"681","66000","387130000C","(04)23274275","(04)23288582","2026","2","2","18","49","臺中市","豐原區","0","0","0","7","1","6","50","4","2","1","5","4","6","6","4","4","5","5","5","1","2","3","10","5","4","B03","7","5","1","8","2","2","","84","84","1","12","4","120.728728","24.244284","3"
"682","66000","387130000C","(04)23274275","(04)23288582","2026","2","2","18","50","臺中市","東區","0","0","0","7","","","50","","","","","","","","","","","","","","12","","","","","B03","","","1","","1","","","2","2","1","13","4","120.69887","24.132949","3"
"683","66000","387130000C","(04)23274275","(04)23288582","2026","2","2","18","51","臺中市","南區","0","0","0","7","","","50","","","","","","","","","","","","","","13","","","","","C03","","","1","","2","","","7","7","1","13","4","120.661394","24.122327","3"
"684","66000","387130000C","(04)23274275","(04)23288582","2026","2","2","18","51","臺中市","西屯區","0","1","0","7","1","6","50","4","1","1","5","4","6","6","2","1","10","5","5","2","16","3","10","5","4","B03","7","6","1","8","2","1","","11","11","1","13","4","120.621921","24.186373","2"
"685","66000","387130000C","(04)23274275","(04)23288582","2026","2","2","18","52","臺中市","東區","0","0","0","7","","","50","","","","","","","","","","","","","","","","","","","B03","","","1","","1","","","7","7","1","12","4","120.707185","24.140449","3"
"686","66000","387130000C","(04)23274275","(04)23288582","2026","2","2","18","52","臺中市","烏日區","0","0","0","7","1","6","50","4","1","1","5","4","6","6","3","1","5","5","5","2","15","","","","","B03","","","1","","2","","","58","59","1","6","4","120.618306","24.105301","3"
"687","66000","387130000C","(04)23274275","(04)23288582","2026","2","2","18","54","臺中市","潭子區","0","0","0","6","","","50","","","","","","","","","","","","","","","","","","","B03","","","1","","2","","","8","8","1","13","4","120.698518","24.194516","3"
"688","66000","387130000C","(04)23274275","(04)23288582","2026","2","2","18","54","臺中市","西屯區","0","0","0","7","","","50","","","","","","","","","","","","","","12","","","","","A04","","","1","","2","","","8","8","1","12","4","120.656084","24.195299","3"
"689","66000","387130000C","(04)23274275","(04)23288582","2026","2","2","18","55","臺中市","西屯區","0","2","0","7","3","6","30","4","1","1","5","4","6","6","4","4","10","5","5","2","16","2","9","1","1","C03","7","6","1","10","2","11","","14","14","1","12","4","120.608264","24.162991","2"
"690","66000","387130000C","(04)23274275","(04)23288582","2026","2","2","18","56","臺中市","西屯區","0","0","0","7","","","50","","","","","","","","","","","","","","16","","","","","C01","","","1","","1","","","40","40","1","13","4","120.648241","24.167778","3"
"691","66000","387130000C","(04)23274275","(04)23288582","2026","2","2","18","59","臺中市","東區","0","2","0","7","1","6","50","4","1","1","5","4","6","6","2","1","10","5","5","2","16","2","9","2","1","C03","7","6","1","10","2","14","","48","48","1","6","4","120.689671","24.132827","2"
"692","66000","387130000C","(04)23274275","(04)23288582","2026","2","2","19","3","臺中市","后里區","0","1","0","7","1","6","50","13","9","1","5","4","6","6","4","4","5","5","5","2","28","2","9","1","1","C03","7","9","1","10","2","11","","59","59","1","12","4","120.719736","24.303129","2"
"693","66000","387130000C","(04)23274275","(04)23288582","2026","2","2","19","4","臺中市","中區","0","1","0","7","2","6","50","4","1","1","5","4","6","6","2","1","10","4","5","2","9","3","10","3","1","B03","7","6","1","8","2","8","","10","10","1","13","4","120.678351","24.144788","2"
"694","66000","387130000C","(04)23274275","(04)23288582","2026","2","2","19","5","臺中市","大雅區","0","0","0","7","","","50","","","","","","","","","","","","","","","","","","","B03","","","1","","2","","","20","20","1","13","4","120.645263","24.225553","3"
"695","66000","387130000C","(04)23274275","(04)23288582","2026","2","2","19","5","臺中市","潭子區","0","2","0","6","1","6","40","4","2","1","5","4","6","6","1","1","1","4","4","1","17","2","9","2","1","C03","7","9","1","10","2","12","14","7","7","1","13","4","120.708822","24.232922","2"
"696","66000","387130000C","(04)23274275","(04)23288582","2026","2","2","19","6","臺中市","北區","0","0","0","7","","","50","","","","","","","","","","","","","","17","","","","","B02","","","1","","1","","","1","1","1","13","4","120.664055","24.162156","3"
"697","66000","387130000C","(04)23274275","(04)23288582","2026","2","2","19","6","臺中市","清水區","0","1","0","7","2","6","40","13","9","1","5","4","6","6","1","1","8","1","4","1","17","2","9","3","1","B03","7","14","1","8","2","4","","76","76","1","12","4","120.576128","24.270605","2"
"698","66000","387130000C","(04)23274275","(04)23288582","2026","2","2","19","7","臺中市","南屯區","0","2","0","7","1","6","50","4","1","1","5","4","6","1","1","1","10","5","5","2","17","2","9","6","1","F02","7","11","7","21","2","12","","23","23","1","13","4","120.635455","24.151221","2"
"699","66000","387130000C","(04)23274275","(04)23288582","2026","2","2","19","8","臺中市","太平區","0","1","0","7","1","6","50","13","7","1","5","4","6","6","4","4","9","5","4","1","13","2","9","1","1","C03","7","9","1","10","2","11","","84","84","1","12","4","120.7171","24.151746","2"
"700","66000","387130000C","(04)23274275","(04)23288582","2026","2","2","19","9","臺中市","中區","0","2","0","7","1","6","50","13","7","1","5","4","6","6","4","4","5","5","4","2","17","2","9","2","1","C03","7","11","1","10","2","12","","39","39","1","12","4","120.677487","24.145967","2"
"701","66000","387130000C","(04)23274275","(04)23288582","2026","2","2","19","10","臺中市","潭子區","0","1","0","6","3","6","30","13","9","1","5","4","6","6","4","4","10","5","5","2","17","3","10","5","1","G02","7","9","3","19","9","17","","8","8","1","13","4","120.695742","24.217756","2"
"702","66000","387130000C","(04)23274275","(04)23288582","2026","2","2","19","12","臺中市","東勢區","0","2","0","7","1","6","50","3","1","1","5","4","6","6","2","1","10","5","5","2","17","3","10","3","1","B03","7","6","1","8","2","1","","11","11","1","12","4","120.824204","24.258562","2"
"703","66000","387130000C","(04)23274275","(04)23288582","2026","2","2","19","13","臺中市","龍井區","0","3","0","7","1","6","30","3","1","1","5","4","6","6","4","4","10","5","5","2","15","2","9","1","1","C03","7","9","2","19","2","12","","12","12","1","6","4","120.578188","24.180871","2"
"704","66000","387130000C","(04)23274275","(04)23288582","2026","2","2","19","17","臺中市","南區","0","1","0","7","1","6","50","3","1","1","5","4","6","6","4","4","1","4","5","2","13","3","10","3","1","B03","7","9","1","8","2","1","","59","59","1","13","4","120.670099","24.11403","2"
"705","66000","387130000C","(04)23274275","(04)23288582","2026","2","2","19","17","臺中市","南屯區","0","0","0","7","","","50","","","","","","","","","","","","","","17","","","","","C03","","","1","","1","","","59","59","1","5","4","120.648654","24.152152","3"
"706","66000","387130000C","(04)23274275","(04)23288582","2026","2","2","19","19","臺中市","沙鹿區","0","1","0","7","1","6","40","4","2","1","5","4","6","6","1","1","1","4","4","1","17","2","8","1","1","C03","7","7","1","10","2","12","","40","40","1","5","4","120.571908","24.233788","2"
"707","66000","387130000C","(04)23274275","(04)23288582","2026","2","2","19","20","臺中市","西屯區","0","2","0","7","1","6","50","4","1","1","5","4","6","6","1","1","10","5","5","2","16","2","9","5","4","C03","7","6","1","10","2","13","","36","36","1","12","4","120.65641","24.199864","2"
"708","66000","387130000C","(04)23274275","(04)23288582","2026","2","2","19","21","臺中市","大里區","0","2","0","7","1","6","30","4","1","1","5","4","6","6","4","4","10","5","5","2","17","2","7","5","4","C03","7","9","1","10","2","11","","15","15","1","6","4","120.706117","24.08412","2"
"709","66000","387130000C","(04)23274275","(04)23288582","2026","2","2","19","23","臺中市","烏日區","0","2","0","7","1","6","50","13","8","1","5","4","6","6","4","4","1","3","4","2","28","2","9","5","4","C03","7","9","1","10","2","12","","87","87","1","6","4","120.638453","24.113575","2"
"710","66000","387130000C","(04)23274275","(04)23288582","2026","2","2","19","33","臺中市","后里區","0","1","0","7","1","6","50","3","1","1","5","4","6","6","1","1","5","5","4","1","16","3","10","3","1","B03","7","6","1","8","2","2","","11","11","1","12","4","120.712815","24.310445","2"
"711","66000","387130000C","(04)23274275","(04)23288582","2026","2","2","19","36","臺中市","太平區","0","0","0","7","1","3","80","13","7","1","5","4","6","6","4","4","1","4","5","2","30","","","","","C03","","","1","","2","","","87","87","1","12","4","120.717506","24.157737","3"
"712","66000","387130000C","(04)23274275","(04)23288582","2026","2","2","19","39","臺中市","西屯區","0","0","0","7","","","50","","","","","","","","","","","","","","12","","","","","B03","","","1","","2","","","8","8","1","12","4","120.618539","24.187324","3"
"713","66000","387130000C","(04)23274275","(04)23288582","2026","2","2","19","49","臺中市","北區","0","1","0","7","1","6","50","4","2","1","5","4","6","6","2","1","10","5","5","2","11","3","10","3","1","B03","7","6","1","8","2","8","","11","11","1","13","4","120.668227","24.17164","2"
"714","66000","387130000C","(04)23274275","(04)23288582","2026","2","2","19","50","臺中市","西屯區","0","1","0","7","1","6","50","13","9","1","5","4","6","6","4","4","9","5","5","2","13","2","9","1","1","C03","7","9","1","10","2","11","","8","8","1","13","4","120.643745","24.200888","2"
"715","66000","387130000C","(04)23274275","(04)23288582","2026","2","2","19","51","臺中市","北屯區","0","0","0","7","","","50","","","","","","","","","","","","","","13","","","","","B03","","","1","","1","","","84","84","1","12","4","120.683559","24.183642","3"
"716","66000","387130000C","(04)23274275","(04)23288582","2026","2","2","19","55","臺中市","西區","0","0","0","7","","","50","","","","","","","","","","","","","","17","","","","","B03","","","1","8","2","","","45","45","1","13","4","120.655085","24.15086","3"
"717","66000","387130000C","(04)23274275","(04)23288582","2026","2","2","20","1","臺中市","南區","0","0","0","7","","","50","","","","","","","","","","","","","","17","","","","","C03","","","1","","2","","","50","50","1","13","4","120.666999","24.114069","3"
"718","66000","387130000C","(04)23274275","(04)23288582","2026","2","2","20","5","臺中市","北屯區","0","0","0","7","","","50","","","","","","","","","","","","","","17","","","","","B03","","","1","","1","","","59","59","1","12","4","120.684748","24.193573","3"
"719","66000","387130000C","(04)23274275","(04)23288582","2026","2","2","20","7","臺中市","西屯區","0","2","0","7","1","6","50","3","1","1","5","4","6","6","2","1","10","5","5","2","17","3","10","5","1","B03","7","12","1","8","2","3","","7","7","1","12","4","120.657768","24.170434","2"
"720","66000","387130000C","(04)23274275","(04)23288582","2026","2","2","20","9","臺中市","潭子區","0","0","0","6","","","40","","","","","","","","","","","","","","","","","","","B03","","","1","","2","","","49","49","1","13","4","120.702699","24.195533","3"
"721","66000","387130000C","(04)23274275","(04)23288582","2026","2","2","20","10","臺中市","沙鹿區","0","1","0","7","1","6","50","3","9","1","5","4","6","6","4","4","4","4","4","2","17","3","10","3","1","B03","7","6","1","8","2","16","","14","14","1","12","4","120.579951","24.216725","2"
"722","66000","387130000C","(04)23274275","(04)23288582","2026","2","2","20","11","臺中市","西屯區","0","1","0","7","1","6","50","13","9","1","5","4","6","6","4","4","1","4","5","1","13","2","9","5","4","C03","7","9","1","10","1","11","","7","7","1","13","4","120.649864","24.163498","2"
"723","66000","387130000C","(04)23274275","(04)23288582","2026","2","2","20","11","臺中市","太平區","0","1","0","7","1","6","50","13","9","1","5","4","6","6","1","1","7","4","5","2","16","2","9","1","1","C03","7","8","1","10","2","14","","40","40","1","12","4","120.707276","24.129058","2"
"724","66000","387130000C","(04)23274275","(04)23288582","2026","2","2","20","15","臺中市","西屯區","0","1","0","7","1","6","35","13","9","1","5","4","6","6","4","4","10","5","5","1","18","2","9","5","4","C03","7","9","1","10","2","16","","84","84","1","12","4","120.630994","24.173251","2"
"725","66000","387130000C","(04)23274275","(04)23288582","2026","2","2","20","30","臺中市","南屯區","0","0","0","7","","","50","","","","","","","","","","","","","","12","","","","","B01","","","1","","2","","","43","43","1","12","4","120.635182","24.151376","3"
"726","66000","387130000C","(04)23274275","(04)23288582","2026","2","2","20","31","臺中市","神岡區","0","1","0","6","1","6","50","3","1","1","5","4","6","6","4","4","10","5","5","2","17","2","9","2","1","C03","7","9","1","10","2","14","","84","84","1","6","4","120.679469","24.248979","2"
"727","66000","387130000C","(04)23274275","(04)23288582","2026","2","2","20","33","臺中市","龍井區","0","1","0","7","1","6","50","13","9","1","5","4","6","6","4","4","4","5","5","1","28","2","9","1","1","C03","7","9","1","10","2","11","","43","43","1","13","4","120.53049","24.201516","2"
"728","66000","387130000C","(04)23274275","(04)23288582","2026","2","2","20","36","臺中市","外埔區","0","0","0","7","","","50","","","","","","","","","","","","","","13","","","","","B03","","","1","","2","","","59","59","1","12","4","120.639917","24.340964","3"
"729","66000","387130000C","(04)23274275","(04)23288582","2026","2","2","20","50","臺中市","北屯區","0","0","0","7","","","50","","","","","","","","","","","","","","12","","","","","B02","","","1","","1","","","84","84","1","12","4","120.68054","24.172624","3"
"730","66000","387130000C","(04)23274275","(04)23288582","2026","2","2","21","10","臺中市","南區","0","0","0","7","","","50","","","","","","","","","","","","","","12","","","","","B03","","","1","","1","","","40","40","1","6","4","120.670273","24.113539","3"
"731","66000","387130000C","(04)23274275","(04)23288582","2026","2","2","21","10","臺中市","霧峰區","0","1","0","7","2","6","30","18","9","1","5","4","1","6","4","4","10","5","5","1","18","2","9","5","4","C03","7","9","1","10","2","12","","84","84","1","13","4","120.681654","24.054223","2"
"732","66000","387130000C","(04)23274275","(04)23288582","2026","2","2","21","11","臺中市","西區","0","0","0","7","","","50","","","","","","","","","","","","","","16","","","","","B03","","","1","","2","","","48","48","1","13","4","120.657303","24.152467","3"
"733","66000","387130000C","(04)23274275","(04)23288582","2026","2","2","21","30","臺中市","西屯區","0","0","0","7","","","30","","","","","","","","","","","","","","12","","","","","B03","","","1","","2","","","84","84","1","12","4","120.655284","24.157008","3"
"734","66000","387130000C","(04)23274275","(04)23288582","2026","2","2","21","36","臺中市","北區","0","2","0","7","1","6","50","13","9","1","5","4","6","6","4","4","7","5","5","2","12","2","8","5","4","C03","7","9","1","10","2","14","","84","84","1","13","4","120.680458","24.154627","2"
"735","66000","387130000C","(04)23274275","(04)23288582","2026","2","2","21","36","臺中市","南區","0","0","0","7","","","30","","","","","","","","","","","","","","12","","","","","B03","","","1","","1","","","49","49","1","13","4","120.672466","24.116734","3"
"736","66000","387130000C","(04)23274275","(04)23288582","2026","2","2","21","53","臺中市","北區","0","1","0","7","1","6","50","13","9","1","5","4","6","6","4","4","1","4","5","2","18","2","9","1","1","C03","7","9","1","10","2","14","","84","84","1","12","2","120.6819","24.144724","2"
"737","66000","387130000C","(04)23274275","(04)23288582","2026","2","2","22","9","臺中市","太平區","0","0","0","7","","","30","","","","","","","","","","","","","","","","","","","B03","","","1","","2","","","49","49","1","12","4","120.722679","24.13918","3"
"738","66000","387130000C","(04)23274275","(04)23288582","2026","2","2","22","15","臺中市","霧峰區","0","0","0","7","","","50","","","","","","","","","","","","","","","","","","","B03","","","1","","2","","","8","8","1","6","4","120.701119","24.066947","3"
"739","66000","387130000C","(04)23274275","(04)23288582","2026","2","2","22","23","臺中市","北屯區","0","0","0","7","","","50","","","","","","","","","","","","","","14","","","","","B03","","","1","","1","","","49","49","1","12","4","120.692705","24.172255","3"
"740","66000","387130000C","(04)23274275","(04)23288582","2026","2","2","22","30","臺中市","西屯區","0","0","0","7","","","30","","","","","","","","","","","","","","","","","","","","","","","","","","","119","119","1","","","120.662235","24.17356","3"
"741","66000","387130000C","(04)23274275","(04)23288582","2026","2","2","22","39","臺中市","龍井區","0","0","0","7","","","30","","","","","","","","","","","","","","30","","","","","B03","","","1","","2","","","43","43","1","6","4","120.589475","24.181078","3"
"742","66000","387130000C","(04)23274275","(04)23288582","2026","2","2","22","44","臺中市","西區","0","1","0","7","1","6","50","4","1","1","5","4","6","6","4","4","10","5","5","2","15","3","10","3","1","B01","7","9","1","4","2","1","","12","12","1","12","4","120.668145","24.150243","2"
"743","66000","387130000C","(04)23274275","(04)23288582","2026","2","2","22","55","臺中市","沙鹿區","0","1","0","7","1","6","60","13","14","1","5","4","6","6","4","4","1","3","5","1","19","2","9","2","1","C03","7","9","1","10","2","12","","59","59","1","6","4","120.605769","24.247433","2"
"744","66000","387130000C","(04)23274275","(04)23288582","2026","2","2","23","43","臺中市","北屯區","0","1","0","7","2","6","50","13","12","1","5","4","6","6","4","4","10","5","5","2","17","3","10","5","4","B03","7","11","1","8","2","1","","20","20","1","12","4","120.667944","24.178338","2"
"745","66000","387130000C","(04)23274275","(04)23288582","2026","2","2","23","48","臺中市","外埔區","0","0","0","7","","","50","","","","","","","","","","","","","","11","","","","","B12","","","1","","2","","","8","8","1","12","4","120.660341","24.351761","3"
"746","66000","387130000C","(04)23274275","(04)23288582","2026","2","3","0","30","臺中市","沙鹿區","0","0","0","7","","","50","","","","","","","","","","","","","","14","","","","","A11","","","1","","2","","","49","49","1","12","4","120.60148","24.258489","3"
"747","66000","387130000C","(04)23274275","(04)23288582","2026","2","3","2","46","臺中市","東區","0","1","0","7","1","6","50","13","9","1","5","4","6","6","4","4","5","5","5","2","14","3","10","3","1","B12","7","2","1","8","2","3","","49","49","1","12","4","120.698586","24.132747","2"
"748","66000","387130000C","(04)23274275","(04)23288582","2026","2","3","3","43","臺中市","豐原區","0","0","0","7","1","6","50","5","9","1","5","4","1","6","1","1","10","4","4","2","16","","","","","B12","","","1","","2","","","23","23","1","12","4","120.720299","24.240455","3"
"749","66000","387130000C","(04)23274275","(04)23288582","2026","2","3","4","10","臺中市","西屯區","0","0","0","7","","","50","","","","","","","","","","","","","","9","","","","","B12","","","1","","1","","","59","59","1","13","4","120.658","24.200174","3"
"750","66000","387130000C","(04)23274275","(04)23288582","2026","2","3","5","15","臺中市","沙鹿區","0","0","0","7","","","40","","","","","","","","","","","","","","14","","","","","B03","","","1","","2","","","49","49","1","6","4","120.578049","24.221588","3"
"751","66000","387130000C","(04)23274275","(04)23288582","2026","2","3","5","40","臺中市","大里區","0","2","0","7","2","6","40","13","8","1","5","4","6","6","4","4","1","4","4","1","9","2","9","2","1","C03","7","9","1","10","2","11","","84","84","1","12","4","120.668119","24.104404","2"
"752","66000","387130000C","(04)23274275","(04)23288582","2026","2","3","6","30","臺中市","后里區","0","1","0","7","2","6","50","3","1","1","5","4","6","6","1","1","10","5","5","2","12","3","10","3","1","B03","7","5","1","8","2","6","","84","84","1","12","4","120.723605","24.297901","2"
"753","66000","387130000C","(04)23274275","(04)23288582","2026","2","3","6","37","臺中市","潭子區","0","0","0","7","","","50","","","","","","","","","","","","","","13","","","","","C03","","","1","","2","","","51","51","1","13","4","120.692258","24.223031","3"
"754","66000","387130000C","(04)23274275","(04)23288582","2026","2","3","6","42","臺中市","大里區","0","1","0","7","2","6","50","13","9","1","5","4","6","6","4","4","5","5","5","1","16","3","10","1","1","C03","7","11","1","10","2","14","","45","45","1","12","4","120.697668","24.090127","2"
"755","66000","387130000C","(04)23274275","(04)23288582","2026","2","3","6","50","臺中市","西屯區","0","1","0","7","2","6","40","4","2","1","5","4","6","6","2","1","1","4","1","2","13","2","9","1","1","C03","7","9","1","10","2","14","12","7","7","1","12","4","120.649889","24.162674","2"
"756","66000","387130000C","(04)23274275","(04)23288582","2026","2","3","6","56","臺中市","西屯區","0","0","0","7","","","40","","","","","","","","","","","","","","13","","","","","B03","","","1","","1","","","82","82","1","13","4","120.625377","24.206908","3"
"757","66000","387130000C","(04)23274275","(04)23288582","2026","2","3","7","0","臺中市","北屯區","0","2","0","7","3","6","50","4","1","1","5","4","6","6","1","1","10","5","5","2","12","3","10","2","1","C03","7","4","1","10","2","13","","84","84","2","6","4","120.694195","24.171069","2"
"758","66000","387130000C","(04)23274275","(04)23288582","2026","2","3","7","6","臺中市","沙鹿區","0","1","0","7","2","6","40","13","8","1","5","4","6","6","4","4","10","5","3","1","13","3","10","5","4","A04","7","14","1","1","2","3","","77","77","1","6","4","120.570412","24.235438","2"
"759","66000","387130000C","(04)23274275","(04)23288582","2026","2","3","7","9","臺中市","北屯區","0","2","0","7","2","6","50","13","9","1","5","4","6","6","4","4","10","5","5","2","17","2","9","1","1","C03","7","6","1","10","2","15","","48","48","1","6","4","120.721938","24.163252","2"
"760","66000","387130000C","(04)23274275","(04)23288582","2026","2","3","7","10","臺中市","西屯區","0","0","0","7","","","40","","","","","","","","","","","","","","13","","","","","B03","","","1","","2","","","59","59","1","12","4","120.649859","24.172804","3"
"761","66000","387130000C","(04)23274275","(04)23288582","2026","2","3","7","11","臺中市","沙鹿區","0","1","0","7","2","6","50","13","9","1","5","4","6","6","4","4","5","5","5","2","17","2","8","1","1","C03","7","15","1","10","2","11","","84","84","1","6","4","120.554331","24.231351","2"
"762","66000","387130000C","(04)23274275","(04)23288582","2026","2","3","7","11","臺中市","神岡區","0","0","0","7","","","50","","","","","","","","","","","","","","17","","","","","","","","","","","","","119","119","1","","","120.662713","24.258092","3"
"763","66000","387130000C","(04)23274275","(04)23288582","2026","2","3","7","13","臺中市","太平區","0","0","0","7","","","50","","","","","","","","","","","","","","","","","","","C03","","","1","","2","","","50","50","1","12","4","120.708662","24.128302","3"
"764","66000","387130000C","(04)23274275","(04)23288582","2026","2","3","7","15","臺中市","太平區","0","2","0","7","2","6","50","11","9","1","5","4","6","6","4","4","5","4","5","2","16","2","9","2","1","C03","7","9","5","10","2","12","","84","84","1","12","4","120.734339","24.150261","2"
"765","66000","387130000C","(04)23274275","(04)23288582","2026","2","3","7","19","臺中市","東區","0","1","0","7","2","6","50","5","1","1","5","4","6","6","1","1","10","5","5","2","16","2","9","5","4","C03","7","11","1","10","2","11","14","45","45","1","12","4","120.694352","24.142863","2"
"766","66000","387130000C","(04)23274275","(04)23288582","2026","2","3","7","20","臺中市","外埔區","0","1","0","7","3","6","40","13","8","1","5","4","6","6","4","4","5","4","4","2","17","3","10","3","1","B03","7","14","3","19","2","2","","76","76","1","6","4","120.638155","24.342089","2"
"767","66000","387130000C","(04)23274275","(04)23288582","2026","2","3","7","21","臺中市","大甲區","0","1","0","7","2","6","50","13","9","1","5","4","6","6","4","4","10","5","5","2","17","3","10","2","1","C03","7","15","1","10","1","14","","84","84","1","6","4","120.623419","24.343154","2"
"768","66000","387130000C","(04)23274275","(04)23288582","2026","2","3","7","22","臺中市","大雅區","0","3","0","7","2","6","30","3","1","1","5","4","6","6","4","4","10","5","5","2","17","2","9","2","1","C03","7","6","1","10","2","14","","12","12","1","12","4","120.6728","24.235881","2"
"769","66000","387130000C","(04)23274275","(04)23288582","2026","2","3","7","24","臺中市","龍井區","0","2","0","7","2","6","50","13","9","1","5","4","6","6","4","4","5","5","5","1","13","2","9","5","4","C03","7","9","1","10","2","15","","84","84","1","12","4","120.573422","24.185409","2"
"770","66000","387130000C","(04)23274275","(04)23288582","2026","2","3","7","30","臺中市","北屯區","0","1","0","7","2","6","50","3","1","1","5","4","6","6","4","4","10","5","5","2","16","2","8","2","1","C03","7","9","1","10","2","11","","7","7","1","6","4","120.70999","24.182385","2"
"771","66000","387130000C","(04)23274275","(04)23288582","2026","2","3","7","30","臺中市","太平區","0","2","0","7","3","6","50","4","2","1","5","4","6","6","1","1","5","2","5","1","15","2","9","1","1","C03","7","9","1","10","2","11","","21","21","1","12","4","120.725943","24.134029","2"
"772","66000","387130000C","(04)23274275","(04)23288582","2026","2","3","7","31","臺中市","西屯區","0","0","0","7","","","50","","","","","","","","","","","","","","13","","","","","C03","","","1","","1","","","7","7","1","12","4","120.6452","24.201403","3"