序號,縣市別代碼,機關代碼,市話,傳真,年,月,日,時,分,縣市,區,死亡數量,受傷數量,2-30,天候,道路照明設備,道路類別,道路速限,道路型態,事故位置,路面鋪裝,路面狀態,路面缺陷,障礙物,視距,號誌種類,號誌動作,分向設施,快車道或一般車道間,快慢車道間,路面邊線,事故類型及型態,受傷程度,主要傷處,保護裝備,行動電話或功能裝置,當事者區分(類別),車輛用途,當事者行動狀態,駕照狀態,駕照種類,飲酒情形,車輛撞擊部位最初,車輛撞擊部位其他,肇事因素個別,肇事因素主要,肇事逃逸,職業,共享經濟或外送平台,GPS座標X,GPS座標Y,事故類別
"773","66000","387130000C","(04)23274275","(04)23288582","2026","2","3","7","33","臺中市","太平區","0","1","0","7","2","6","50","4","1","1","5","4","6","6","4","4","10","5","5","2","15","2","9","2","1","C03","7","9","1","10","2","11","","15","15","1","12","4","120.711402","24.139825","2"
"774","66000","387130000C","(04)23274275","(04)23288582","2026","2","3","7","33","臺中市","豐原區","0","1","0","7","2","6","50","13","8","1","5","4","6","6","4","4","5","5","4","2","17","3","10","2","1","C03","7","1","1","10","2","11","","51","51","1","12","4","120.71223","24.2473","2"
"775","66000","387130000C","(04)23274275","(04)23288582","2026","2","3","7","35","臺中市","烏日區","0","0","0","7","","","50","","","","","","","","","","","","","","13","3","10","3","1","B03","7","8","1","8","1","1","","7","7","1","6","4","120.651846","24.104873","3"
"776","66000","387130000C","(04)23274275","(04)23288582","2026","2","3","7","36","臺中市","烏日區","0","2","0","7","2","6","50","4","1","1","5","4","6","6","1","1","10","5","5","2","15","2","9","5","4","C03","7","9","1","10","2","11","","21","21","1","13","4","120.635703","24.097331","2"
"777","66000","387130000C","(04)23274275","(04)23288582","2026","2","3","7","36","臺中市","豐原區","0","2","0","7","2","6","40","4","1","1","5","4","6","6","1","1","5","2","5","1","15","2","9","1","1","C03","7","9","1","10","2","12","12","21","21","1","13","4","120.725216","24.234648","2"
"778","66000","387130000C","(04)23274275","(04)23288582","2026","2","3","7","37","臺中市","沙鹿區","0","0","0","7","","","60","","","","","","","","","","","","","","12","","","","","B03","","","1","","2","","","40","40","1","6","4","120.56433","24.239723","3"
"779","66000","387130000C","(04)23274275","(04)23288582","2026","2","3","7","40","臺中市","北屯區","0","2","0","7","2","6","50","3","1","1","5","4","6","6","4","4","10","5","5","2","9","2","9","2","1","C03","7","9","1","10","2","12","","59","59","1","6","4","120.699641","24.170186","2"
"780","66000","387130000C","(04)23274275","(04)23288582","2026","2","3","7","41","臺中市","大雅區","0","2","0","7","3","6","50","3","9","1","5","4","6","6","3","1","5","5","5","1","13","2","8","1","1","C03","7","12","1","10","1","14","","84","84","2","12","4","120.64703","24.21842","2"
"781","66000","387130000C","(04)23274275","(04)23288582","2026","2","3","7","41","臺中市","烏日區","0","2","0","7","2","6","30","13","9","1","5","4","6","6","4","4","10","5","5","2","13","2","9","1","1","C03","7","9","1","10","2","11","","7","7","1","6","4","120.604603","24.115858","2"
"782","66000","387130000C","(04)23274275","(04)23288582","2026","2","3","7","42","臺中市","潭子區","0","1","0","7","2","6","0","4","1","1","5","4","6","6","1","1","10","5","5","2","17","2","7","2","1","C03","7","1","1","10","1","11","","51","51","1","12","4","120.711661","24.209905","2"
"783","66000","387130000C","(04)23274275","(04)23288582","2026","2","3","7","42","臺中市","西屯區","0","0","0","6","","","50","","","","","","","","","","","","","","13","","","","","B03","","","1","","2","","","59","59","1","13","4","120.647222","24.200903","3"
"784","66000","387130000C","(04)23274275","(04)23288582","2026","2","3","7","42","臺中市","大里區","0","0","0","7","","","40","","","","","","","","","","","","","","18","","","","","C03","","","1","","2","","","84","84","1","13","4","120.688125","24.083113","3"
"785","66000","387130000C","(04)23274275","(04)23288582","2026","2","3","7","44","臺中市","大甲區","0","1","0","7","2","6","50","13","8","1","5","4","6","6","4","4","8","3","4","1","11","3","10","2","1","C03","7","6","1","10","2","12","","20","20","1","13","4","120.615346","24.351682","2"
"786","66000","387130000C","(04)23274275","(04)23288582","2026","2","3","7","47","臺中市","太平區","0","1","0","7","2","6","30","3","1","1","5","4","6","6","4","4","10","5","5","2","16","3","10","3","1","B03","7","6","1","8","2","8","","14","14","1","12","4","120.708335","24.156529","2"
"787","66000","387130000C","(04)23274275","(04)23288582","2026","2","3","7","48","臺中市","南屯區","0","0","0","7","3","6","50","13","9","1","5","4","6","6","1","1","5","5","4","2","13","","","","","B03","","","1","","1","","","59","59","1","12","4","120.643792","24.148788","3"
"788","66000","387130000C","(04)23274275","(04)23288582","2026","2","3","7","48","臺中市","太平區","0","1","0","7","3","6","50","4","2","1","5","4","6","6","1","1","5","2","5","1","17","2","9","1","1","C03","7","6","1","10","2","14","","48","48","1","12","4","120.720936","24.133565","2"
"789","66000","387130000C","(04)23274275","(04)23288582","2026","2","3","7","50","臺中市","北屯區","0","0","0","7","","","50","","","","","","","","","","","","","","12","","","","","B03","","","1","","1","","","39","39","1","6","4","120.710719","24.18224","4"
"790","66000","387130000C","(04)23274275","(04)23288582","2026","2","3","7","50","臺中市","北屯區","0","0","0","7","","","50","","","","","","","","","","","","","","12","","","","","B03","","","1","","1","","","40","40","1","6","4","120.706557","24.164982","3"
"791","66000","387130000C","(04)23274275","(04)23288582","2026","2","3","7","50","臺中市","太平區","0","2","0","7","3","6","50","4","3","1","5","4","6","6","4","4","5","2","5","2","15","2","9","1","1","C03","7","9","1","10","2","12","","12","12","1","12","4","120.716962","24.115372","2"
"792","66000","387130000C","(04)23274275","(04)23288582","2026","2","3","7","50","臺中市","烏日區","0","1","0","7","2","6","50","4","1","1","5","4","6","6","1","1","10","5","5","2","16","3","10","5","4","B03","7","6","1","8","2","2","","11","11","1","13","4","120.64542","24.0578","2"
"793","66000","387130000C","(04)23274275","(04)23288582","2026","2","3","7","52","臺中市","梧棲區","0","0","0","7","","","70","","","","","","","","","","","","","","14","","","","","B01","","","1","","1","","","49","49","1","6","4","120.530708","24.265629","3"
"794","66000","387130000C","(04)23274275","(04)23288582","2026","2","3","7","52","臺中市","神岡區","0","0","0","7","","","50","","","","","","","","","","","","","","13","","","","","C03","","","1","","2","","","7","7","1","12","4","120.690806","24.248036","3"
"795","66000","387130000C","(04)23274275","(04)23288582","2026","2","3","7","53","臺中市","北屯區","0","1","0","7","2","6","50","3","9","1","5","4","6","6","1","1","1","3","5","2","13","2","9","1","1","C03","7","9","1","10","2","11","","7","7","1","6","4","120.727904","24.170172","2"
"796","66000","387130000C","(04)23274275","(04)23288582","2026","2","3","7","53","臺中市","大里區","0","0","0","7","","","50","","","","","","","","","","","","","","14","","","","","C03","","","1","","1","","","49","49","1","13","4","120.694195","24.083216","3"
"797","66000","387130000C","(04)23274275","(04)23288582","2026","2","3","7","54","臺中市","大雅區","0","2","0","7","1","6","50","13","7","1","5","4","6","6","4","4","1","5","4","2","13","3","10","1","1","C03","7","9","3","19","2","11","13","7","7","1","13","4","120.656776","24.220606","2"
"798","66000","387130000C","(04)23274275","(04)23288582","2026","2","3","7","55","臺中市","西屯區","0","3","0","7","2","6","50","3","1","1","5","4","6","6","4","4","10","5","5","2","16","2","9","1","1","C03","7","6","1","10","2","14","","13","13","1","13","4","120.592982","24.180073","2"
"799","66000","387130000C","(04)23274275","(04)23288582","2026","2","3","7","56","臺中市","北屯區","0","0","0","7","","","50","","","","","","","","","","","","","","14","","","","","A41","","","1","","2","","","49","49","1","6","4","120.658848","24.190604","3"
"800","66000","387130000C","(04)23274275","(04)23288582","2026","2","3","7","56","臺中市","太平區","0","3","0","7","2","6","30","4","1","1","5","4","6","6","3","1","10","5","5","2","15","2","9","2","1","C03","7","9","1","10","2","12","","24","24","1","12","4","120.727626","24.150011","2"
"801","66000","387130000C","(04)23274275","(04)23288582","2026","2","3","7","58","臺中市","沙鹿區","0","1","0","7","2","6","30","4","1","1","5","4","6","6","1","1","10","5","5","2","16","2","7","6","1","F01","7","6","7","21","1","14","13","48","48","1","3","4","120.564874","24.244412","2"
"802","66000","387130000C","(04)23274275","(04)23288582","2026","2","3","8","1","臺中市","東勢區","0","1","0","7","3","6","50","13","9","1","5","4","6","6","4","4","9","4","5","1","17","3","10","5","4","B03","7","11","1","8","2","16","","45","45","1","13","4","120.787982","24.285425","2"
"803","66000","387130000C","(04)23274275","(04)23288582","2026","2","3","8","4","臺中市","北屯區","0","1","0","7","2","6","50","4","1","1","5","4","6","6","1","1","10","5","5","2","17","2","9","1","1","C03","7","6","1","10","2","13","","48","48","1","6","4","120.659386","24.190733","2"
"804","66000","387130000C","(04)23274275","(04)23288582","2026","2","3","8","5","臺中市","沙鹿區","0","0","0","7","","","40","","","","","","","","","","","","","","30","","","","","B03","","","1","","2","","","76","76","1","6","4","120.570202","24.211591","3"
"805","66000","387130000C","(04)23274275","(04)23288582","2026","2","3","8","6","臺中市","南屯區","0","0","0","7","","","40","","","","","","","","","","","","","","14","","","","","A12","","","1","","1","","","49","49","1","6","4","120.641661","24.142391","3"
"806","66000","387130000C","(04)23274275","(04)23288582","2026","2","3","8","6","臺中市","西屯區","0","1","0","7","2","6","0","13","9","1","5","4","6","6","4","4","1","4","5","2","16","3","10","3","1","B12","7","1","1","8","5","8","","51","51","1","12","4","120.65903","24.20042","2"
"807","66000","387130000C","(04)23274275","(04)23288582","2026","2","3","8","7","臺中市","北屯區","0","0","0","7","","","50","","","","","","","","","","","","","","13","","","","","C03","","","1","","1","","","7","7","1","6","4","120.699147","24.176115","3"
"808","66000","387130000C","(04)23274275","(04)23288582","2026","2","3","8","7","臺中市","北屯區","0","2","0","7","2","6","50","3","2","1","5","4","6","6","4","4","10","5","5","2","17","2","9","2","1","C03","7","6","1","10","2","14","","4","4","1","6","4","120.729163","24.161831","2"
"809","66000","387130000C","(04)23274275","(04)23288582","2026","2","3","8","7","臺中市","西屯區","0","0","0","7","","","30","","","","","","","","","","","","","","14","","","","","B03","","","1","","2","","","49","49","1","12","4","120.645991","24.166506","3"
"810","66000","387130000C","(04)23274275","(04)23288582","2026","2","3","8","9","臺中市","北屯區","0","2","0","7","2","6","50","4","1","1","5","4","6","6","1","1","10","5","5","2","13","2","9","1","1","C03","7","9","1","10","2","11","","7","7","1","6","4","120.661494","24.187986","2"
"811","66000","387130000C","(04)23274275","(04)23288582","2026","2","3","8","16","臺中市","大雅區","0","1","0","7","2","6","70","3","1","1","5","4","6","6","2","1","10","5","5","2","17","3","10","2","1","C03","7","9","1","10","2","11","","21","21","1","12","4","120.641417","24.229975","2"
"812","66000","387130000C","(04)23274275","(04)23288582","2026","2","3","8","20","臺中市","潭子區","0","2","0","7","3","6","30","3","2","1","5","4","6","6","4","4","10","5","5","1","13","2","9","2","1","C03","7","9","1","10","2","11","","59","59","1","12","4","120.691868","24.212426","2"
"813","66000","387130000C","(04)23274275","(04)23288582","2026","2","3","8","20","臺中市","潭子區","0","1","0","7","3","6","40","13","12","1","5","4","6","6","4","4","1","4","4","1","17","2","9","2","1","C03","7","9","1","10","2","11","12","7","7","1","13","4","120.684333","24.216886","2"
"814","66000","387130000C","(04)23274275","(04)23288582","2026","2","3","8","22","臺中市","南屯區","0","0","0","7","","","50","","","","","","","","","","","","","","13","","","","","B03","","","1","","1","","","7","7","1","13","4","120.652949","24.136218","3"
"815","66000","387130000C","(04)23274275","(04)23288582","2026","2","3","8","25","臺中市","西屯區","0","1","0","7","2","6","50","4","1","1","5","4","6","6","1","1","3","4","4","2","16","2","8","1","1","C03","7","9","1","10","2","11","","7","7","1","12","4","120.639083","24.164986","2"
"816","66000","387130000C","(04)23274275","(04)23288582","2026","2","3","8","27","臺中市","大里區","0","1","0","7","3","6","50","13","7","1","5","4","6","6","4","4","9","4","4","1","18","2","9","5","4","C03","7","9","1","10","2","12","","84","84","1","13","4","120.675559","24.104596","2"
"817","66000","387130000C","(04)23274275","(04)23288582","2026","2","3","8","32","臺中市","后里區","0","1","0","6","3","6","50","13","9","1","5","4","6","6","4","4","10","5","5","2","16","3","10","3","1","B02","7","6","1","8","2","2","","84","84","1","6","4","120.69639","24.312963","2"
"818","66000","387130000C","(04)23274275","(04)23288582","2026","2","3","8","35","臺中市","大肚區","0","1","0","7","2","6","70","13","9","1","5","4","6","6","1","1","1","4","5","1","12","3","10","3","1","B13","7","1","1","8","2","4","","51","51","1","6","4","120.549331","24.140638","2"
"819","66000","387130000C","(04)23274275","(04)23288582","2026","2","3","8","40","臺中市","神岡區","0","0","0","7","","","50","","","","","","","","","","","","","","12","","","","","B03","","","1","","1","","","35","35","1","12","4","120.69543","24.248501","3"
"820","66000","387130000C","(04)23274275","(04)23288582","2026","2","3","8","41","臺中市","中區","0","0","0","7","","","50","","","","","","","","","","","","","","13","","","","","B03","","","1","","2","","","84","84","1","12","4","120.6776","24.140606","3"
"821","66000","387130000C","(04)23274275","(04)23288582","2026","2","3","8","41","臺中市","豐原區","0","1","0","7","2","6","40","3","1","1","5","4","6","6","4","4","5","4","5","1","16","3","10","3","1","B03","7","11","1","8","2","4","","45","45","1","13","4","120.724367","24.224168","2"
"822","66000","387130000C","(04)23274275","(04)23288582","2026","2","3","8","42","臺中市","北屯區","0","0","0","7","","","50","","","","","","","","","","","","","","13","","","","","C03","","","","","","","","7","7","2","","","120.704167","24.169392","3"
"823","66000","387130000C","(04)23274275","(04)23288582","2026","2","3","8","45","臺中市","北屯區","0","0","0","7","","","30","","","","","","","","","","","","","","15","","","","","C03","","","1","","1","","","12","12","1","6","4","120.692405","24.164935","3"
"824","66000","387130000C","(04)23274275","(04)23288582","2026","2","3","8","45","臺中市","西屯區","0","0","0","7","","3","80","","","","","","","","","","","","","","13","","","","","B03","","","1","","1","","","7","7","1","12","4","120.629298","24.163894","3"
"825","66000","387130000C","(04)23274275","(04)23288582","2026","2","3","8","47","臺中市","豐原區","0","0","0","7","","","50","","","","","","","","","","","","","","17","","","","","B03","","","1","","2","","","7","7","1","12","4","120.710438","24.236964","3"
"826","66000","387130000C","(04)23274275","(04)23288582","2026","2","3","8","48","臺中市","太平區","0","1","0","7","3","6","50","13","9","1","5","4","6","6","4","4","5","2","5","2","12","3","10","3","1","A12","7","9","1","3","2","6","","84","84","1","12","4","120.732483","24.141384","2"
"827","66000","387130000C","(04)23274275","(04)23288582","2026","2","3","8","49","臺中市","豐原區","0","1","0","7","2","6","30","5","1","1","5","4","6","6","4","4","10","5","5","1","15","2","9","1","4","C03","7","9","1","10","2","11","12","12","12","1","13","4","120.714923","24.271682","2"
"828","66000","387130000C","(04)23274275","(04)23288582","2026","2","3","8","50","臺中市","豐原區","0","1","0","7","2","6","30","3","2","1","5","4","6","6","4","4","10","5","5","2","17","2","9","2","1","C03","7","9","1","10","2","11","","41","41","1","13","4","120.708902","24.253051","2"
"829","66000","387130000C","(04)23274275","(04)23288582","2026","2","3","8","52","臺中市","北區","0","2","0","7","2","6","50","4","1","1","5","4","6","6","3","1","10","5","5","2","15","2","9","5","4","C03","7","9","1","10","2","11","","24","24","1","12","4","120.66751","24.165165","2"
"830","66000","387130000C","(04)23274275","(04)23288582","2026","2","3","8","52","臺中市","南屯區","0","0","0","7","3","6","50","13","9","1","5","4","6","6","1","1","5","2","5","2","13","","","","","C03","","","1","","1","","","7","7","1","12","4","120.649881","24.143527","3"
"831","66000","387130000C","(04)23274275","(04)23288582","2026","2","3","8","53","臺中市","北區","0","2","0","7","2","6","50","4","1","1","5","4","6","6","1","1","5","4","5","2","13","2","9","1","1","C03","7","9","1","10","2","11","","7","7","1","13","4","120.684948","24.165199","2"
"832","66000","387130000C","(04)23274275","(04)23288582","2026","2","3","8","54","臺中市","南屯區","0","0","0","7","","","50","","","","","","","","","","","","","","13","","","","","C03","","","1","","1","","","7","7","1","6","4","120.615772","24.146702","3"
"833","66000","387130000C","(04)23274275","(04)23288582","2026","2","3","8","55","臺中市","烏日區","0","0","0","7","","","50","","","","","","","","","","","","","","","","","","","B03","","","1","","2","","","78","78","1","13","4","120.635477","24.107049","3"
"834","66000","387130000C","(04)23274275","(04)23288582","2026","2","3","8","58","臺中市","大里區","0","1","0","7","2","6","50","5","2","1","5","4","6","6","1","1","10","5","5","2","17","3","10","2","1","C03","7","9","1","10","2","13","","84","84","1","12","4","120.686395","24.095473","2"
"835","66000","387130000C","(04)23274275","(04)23288582","2026","2","3","8","59","臺中市","北區","0","0","0","7","","","50","","","","","","","","","","","","","","12","","","","","C03","","","1","","1","","","84","84","1","12","4","120.685046","24.149426","3"
"836","66000","387130000C","(04)23274275","(04)23288582","2026","2","3","8","59","臺中市","北屯區","0","1","0","7","2","6","50","13","9","1","5","4","6","6","4","4","9","4","5","2","12","2","9","2","1","C03","7","15","1","10","2","13","","42","42","1","6","4","120.704326","24.159502","2"
"837","66000","387130000C","(04)23274275","(04)23288582","2026","2","3","9","1","臺中市","北屯區","0","1","0","7","2","6","40","13","12","1","5","4","6","6","4","4","9","5","4","2","14","3","10","3","1","A12","7","2","1","7","3","6","","49","49","1","6","4","120.663053","24.189988","2"
"838","66000","387130000C","(04)23274275","(04)23288582","2026","2","3","9","5","臺中市","清水區","0","2","0","7","3","6","50","4","1","1","5","4","6","6","1","1","1","4","4","2","17","2","8","2","1","C03","7","9","1","10","2","11","","85","85","1","12","4","120.546372","24.267448","2"
"839","66000","387130000C","(04)23274275","(04)23288582","2026","2","3","9","7","臺中市","烏日區","0","1","0","7","2","6","30","13","9","1","5","4","6","6","4","4","10","5","5","2","13","2","8","1","1","C03","7","9","1","10","2","11","","7","7","1","6","4","120.605491","24.116844","2"
"840","66000","387130000C","(04)23274275","(04)23288582","2026","2","3","9","15","臺中市","大雅區","0","0","0","7","","","50","","","","","","","","","","","","","","17","","","","","B03","","","1","","1","","","51","51","1","12","4","120.669575","24.216123","3"
"841","66000","387130000C","(04)23274275","(04)23288582","2026","2","3","9","19","臺中市","北區","0","2","0","7","2","6","30","4","1","1","5","4","6","6","4","4","9","5","5","2","17","2","9","5","1","C03","7","9","1","10","1","12","","12","12","1","13","4","120.678292","24.162691","2"
"842","66000","387130000C","(04)23274275","(04)23288582","2026","2","3","9","23","臺中市","西屯區","0","1","0","7","2","6","50","3","1","1","5","4","6","6","4","4","10","4","5","2","16","3","10","3","1","B03","7","5","1","7","2","5","","14","14","1","12","4","120.636321","24.183138","2"
"843","66000","387130000C","(04)23274275","(04)23288582","2026","2","3","9","23","臺中市","太平區","0","0","0","7","","","50","","","","","","","","","","","","","","13","","","","","C03","","","1","","1","","","7","7","1","13","4","120.72099","24.157865","3"
"844","66000","387130000C","(04)23274275","(04)23288582","2026","2","3","9","26","臺中市","西屯區","0","0","0","7","","","60","","","","","","","","","","","","","","13","","","","","B03","","","1","","1","","","7","7","1","13","4","120.649777","24.16273","3"
"845","66000","387130000C","(04)23274275","(04)23288582","2026","2","3","9","34","臺中市","北屯區","0","0","0","7","","","50","","","","","","","","","","","","","","","","","","","B12","","","1","","1","","","50","50","1","13","4","120.682651","24.169371","3"
"846","66000","387130000C","(04)23274275","(04)23288582","2026","2","3","9","38","臺中市","豐原區","0","1","0","7","2","6","60","4","1","1","5","4","6","6","1","1","1","2","4","1","16","2","9","1","1","C03","7","6","1","10","2","13","12","36","36","1","13","4","120.703159","24.246659","2"
"847","66000","387130000C","(04)23274275","(04)23288582","2026","2","3","9","39","臺中市","西屯區","0","0","0","7","","","40","","","","","","","","","","","","","","13","","","","","C03","","","1","","1","","","7","7","1","12","4","120.645985","24.155765","3"
"848","66000","387130000C","(04)23274275","(04)23288582","2026","2","3","9","39","臺中市","沙鹿區","0","1","0","7","2","6","50","3","1","1","5","4","6","6","1","1","10","5","5","2","17","3","10","3","1","B03","7","6","1","8","2","1","","84","84","1","6","4","120.570654","24.21626","2"
"849","66000","387130000C","(04)23274275","(04)23288582","2026","2","3","9","40","臺中市","西屯區","0","0","0","7","","","50","","","","","","","","","","","","","","","","","","","C03","","","1","","2","","","7","7","1","13","4","120.636323","24.18319","4"
"850","66000","387130000C","(04)23274275","(04)23288582","2026","2","3","9","40","臺中市","太平區","0","0","0","7","","","30","","","","","","","","","","","","","","16","","","","","C03","","","1","","2","","","84","84","1","12","4","120.721153","24.122136","3"
"851","66000","387130000C","(04)23274275","(04)23288582","2026","2","3","9","49","臺中市","北區","0","0","0","7","","","50","","","","","","","","","","","","","","17","","","","","B03","","","1","","1","","","84","84","1","12","4","120.685421","24.157733","3"
"852","66000","387130000C","(04)23274275","(04)23288582","2026","2","3","9","53","臺中市","北區","0","1","0","7","2","6","30","13","9","1","5","4","6","6","1","1","1","4","5","1","16","2","8","1","1","C03","7","4","1","10","2","15","","1","1","1","13","4","120.666978","24.158107","2"
"853","66000","387130000C","(04)23274275","(04)23288582","2026","2","3","9","53","臺中市","西屯區","0","0","0","7","","","30","","","","","","","","","","","","","","14","","","","","B03","","","1","","1","","","49","49","1","12","4","120.625526","24.200492","3"
"854","66000","387130000C","(04)23274275","(04)23288582","2026","2","3","9","53","臺中市","太平區","0","1","0","7","3","6","50","3","2","1","5","4","6","6","4","4","5","2","5","2","17","2","9","1","1","C03","7","5","1","10","2","14","","84","84","1","12","4","120.724015","24.137658","2"
"855","66000","387130000C","(04)23274275","(04)23288582","2026","2","3","9","55","臺中市","北屯區","0","0","0","7","","","40","","","","","","","","","","","","","","14","","","","","B12","","","1","","1","","","49","49","1","6","4","120.723096","24.172583","3"
"856","66000","387130000C","(04)23274275","(04)23288582","2026","2","3","9","56","臺中市","清水區","0","1","0","7","3","6","40","13","7","1","5","4","6","6","4","4","9","4","4","2","14","3","10","3","1","B03","7","2","1","8","2","6","8","49","49","1","12","4","120.555085","24.281845","2"
"857","66000","387130000C","(04)23274275","(04)23288582","2026","2","3","9","57","臺中市","西屯區","0","0","0","7","","","50","","","","","","","","","","","","","","16","","","","","B03","","","1","","1","","","84","84","1","12","4","120.652641","24.176195","3"
"858","66000","387130000C","(04)23274275","(04)23288582","2026","2","3","10","5","臺中市","東區","0","1","0","7","2","6","50","4","1","1","5","4","6","6","1","1","10","5","5","2","18","2","9","1","1","C03","7","9","1","10","2","12","","84","84","1","12","4","120.68727","24.141517","2"
"859","66000","387130000C","(04)23274275","(04)23288582","2026","2","3","10","5","臺中市","豐原區","0","2","0","7","2","6","50","3","1","1","5","4","6","6","1","1","10","5","5","2","17","2","7","2","1","C03","7","1","1","10","2","14","","51","51","1","13","4","120.718154","24.257268","2"
"860","66000","387130000C","(04)23274275","(04)23288582","2026","2","3","10","8","臺中市","大里區","0","0","0","7","","","50","","","","","","","","","","","","","","","","","","","C03","","","5","","2","","","7","7","2","12","4","120.686032","24.095771","3"
"861","66000","387130000C","(04)23274275","(04)23288582","2026","2","3","10","9","臺中市","北區","0","0","0","7","","","50","","","","","","","","","","","","","","17","","","","","B11","","","1","","9","","","84","84","2","13","4","120.684959","24.167807","3"
"862","66000","387130000C","(04)23274275","(04)23288582","2026","2","3","10","10","臺中市","北屯區","0","0","0","7","","","50","","","","","","","","","","","","","","30","","","","","B03","","","1","","1","","","77","77","1","6","4","120.700681","24.186406","3"
"863","66000","387130000C","(04)23274275","(04)23288582","2026","2","3","10","10","臺中市","西屯區","0","1","0","7","2","6","30","13","9","1","5","4","6","6","4","4","10","5","5","1","10","2","9","1","1","C03","7","9","1","10","1","11","","84","84","1","12","4","120.657523","24.203141","2"
"864","66000","387130000C","(04)23274275","(04)23288582","2026","2","3","10","11","臺中市","北區","0","0","0","7","","","50","","","","","","","","","","","","","","17","","","","","B03","","","1","","2","","","40","40","1","12","4","120.682335","24.153988","3"
"865","66000","387130000C","(04)23274275","(04)23288582","2026","2","3","10","16","臺中市","東區","0","0","0","7","","","50","","","","","","","","","","","","","","13","","","","","B12","","","1","","1","","","84","84","1","12","4","120.69587","24.147759","3"
"866","66000","387130000C","(04)23274275","(04)23288582","2026","2","3","10","18","臺中市","北區","0","0","0","7","","","50","","","","","","","","","","","","","","13","","","","","B03","","","1","","1","","","7","7","1","12","4","120.682553","24.153403","3"
"867","66000","387130000C","(04)23274275","(04)23288582","2026","2","3","10","18","臺中市","太平區","0","1","0","7","2","6","30","4","1","1","5","4","6","6","4","4","10","5","5","2","15","3","10","3","1","B01","7","9","1","4","2","8","","12","12","1","12","4","120.71","24.150383","2"
"868","66000","387130000C","(04)23274275","(04)23288582","2026","2","3","10","25","臺中市","大肚區","0","0","0","7","","","30","","","","","","","","","","","","","","","","","","","B03","","","1","","1","","","84","84","1","6","4","120.570912","24.114611","3"
"869","66000","387130000C","(04)23274275","(04)23288582","2026","2","3","10","26","臺中市","南屯區","0","0","0","7","","","30","","","","","","","","","","","","","","15","","","","","C03","","","1","","2","","","12","12","1","13","4","120.640291","24.140941","3"
"870","66000","387130000C","(04)23274275","(04)23288582","2026","2","3","10","33","臺中市","沙鹿區","0","1","0","7","2","6","50","5","9","1","5","4","6","6","4","4","4","5","5","1","13","2","9","2","4","C03","7","9","1","10","2","13","","6","6","1","6","4","120.560519","24.23789","2"
"871","66000","387130000C","(04)23274275","(04)23288582","2026","2","3","10","35","臺中市","豐原區","0","0","0","7","","","50","","","","","","","","","","","","","","","","","","","C03","","","1","","2","","","8","8","1","12","4","120.718243","24.25184","4"
"872","66000","387130000C","(04)23274275","(04)23288582","2026","2","3","10","38","臺中市","龍井區","0","1","0","7","2","6","50","13","9","1","5","4","6","6","4","4","9","4","5","1","17","3","10","5","1","B12","7","11","1","8","2","5","","45","45","1","12","4","120.526552","24.208742","2"
"873","66000","387130000C","(04)23274275","(04)23288582","2026","2","3","10","40","臺中市","北區","0","0","0","7","","","50","","","","","","","","","","","","","","17","","","","","B03","","","1","","9","","","50","50","2","13","4","120.670392","24.156305","3"
"874","66000","387130000C","(04)23274275","(04)23288582","2026","2","3","10","40","臺中市","南屯區","0","1","0","7","3","6","40","5","1","1","5","4","6","6","4","4","5","5","4","2","9","2","9","1","1","C03","7","9","1","10","2","12","","6","6","1","12","4","120.638361","24.141186","2"
"875","66000","387130000C","(04)23274275","(04)23288582","2026","2","3","10","41","臺中市","潭子區","0","0","0","7","","","50","","","","","","","","","","","","","","13","","","","","A12","","","1","","2","","","84","84","1","12","4","120.702365","24.200995","3"
"876","66000","387130000C","(04)23274275","(04)23288582","2026","2","3","10","44","臺中市","西屯區","0","0","0","7","","","50","","","","","","","","","","","","","","9","","","","","B03","","","1","","2","","","59","59","1","13","4","120.660276","24.17218","3"
"877","66000","387130000C","(04)23274275","(04)23288582","2026","2","3","10","47","臺中市","霧峰區","0","0","0","7","","","50","","","","","","","","","","","","","","","","","","","H04","","","7","","2","","","98","98","1","13","5","120.707921","24.076889","3"
"878","66000","387130000C","(04)23274275","(04)23288582","2026","2","3","10","48","臺中市","南屯區","0","2","0","7","3","6","40","4","1","1","5","4","6","6","2","1","10","5","5","2","16","3","10","5","4","B03","7","6","1","8","2","1","","48","48","1","6","4","120.622976","24.145169","2"
"879","66000","387130000C","(04)23274275","(04)23288582","2026","2","3","10","48","臺中市","南屯區","0","1","0","7","2","6","50","4","1","1","5","4","6","6","2","1","5","5","4","1","12","3","10","2","1","C03","7","6","1","10","2","14","","84","84","1","13","4","120.631693","24.125535","2"
"880","66000","387130000C","(04)23274275","(04)23288582","2026","2","3","10","49","臺中市","潭子區","0","2","0","7","3","6","30","13","9","1","5","4","6","6","4","4","10","5","5","2","17","2","7","2","1","C03","7","1","1","10","2","14","12","51","51","1","13","4","120.694564","24.218451","2"
"881","66000","387130000C","(04)23274275","(04)23288582","2026","2","3","10","50","臺中市","西屯區","0","1","0","7","2","6","50","4","1","1","5","4","6","6","4","4","10","5","5","2","16","3","10","3","1","B03","7","5","1","8","2","8","","14","14","1","12","4","120.608699","24.185972","2"
"882","66000","387130000C","(04)23274275","(04)23288582","2026","2","3","10","50","臺中市","沙鹿區","0","1","0","7","2","6","50","4","1","1","5","4","6","6","2","1","10","5","5","2","16","3","10","3","1","B03","7","5","1","8","2","5","","47","47","1","13","4","120.570443","24.213473","2"