序號,縣市別代碼,機關代碼,市話,傳真,年,月,日,時,分,縣市,區,死亡數量,受傷數量,2-30,天候,道路照明設備,道路類別,道路速限,道路型態,事故位置,路面鋪裝,路面狀態,路面缺陷,障礙物,視距,號誌種類,號誌動作,分向設施,快車道或一般車道間,快慢車道間,路面邊線,事故類型及型態,受傷程度,主要傷處,保護裝備,行動電話或功能裝置,當事者區分(類別),車輛用途,當事者行動狀態,駕照狀態,駕照種類,飲酒情形,車輛撞擊部位最初,車輛撞擊部位其他,肇事因素個別,肇事因素主要,肇事逃逸,職業,共享經濟或外送平台,GPS座標X,GPS座標Y,事故類別
"883","66000","387130000C","(04)23274275","(04)23288582","2026","2","3","10","51","臺中市","西區","0","1","0","7","2","6","50","13","8","1","5","4","6","6","4","4","5","5","4","2","14","3","10","5","1","B03","7","2","1","8","2","3","","49","49","1","6","4","120.661625","24.133613","2"
"884","66000","387130000C","(04)23274275","(04)23288582","2026","2","3","10","52","臺中市","西屯區","0","0","0","7","","","50","","","","","","","","","","","","","","13","","","","","C03","","","1","","1","","","59","59","1","12","4","120.634187","24.174227","3"
"885","66000","387130000C","(04)23274275","(04)23288582","2026","2","3","10","53","臺中市","后里區","0","0","0","7","3","6","30","13","9","1","5","4","6","6","4","4","10","5","5","2","14","3","10","3","1","B03","7","3","1","8","1","7","","49","49","1","6","4","120.736419","24.301481","3"
"886","66000","387130000C","(04)23274275","(04)23288582","2026","2","3","10","53","臺中市","豐原區","0","0","0","7","","","50","","","","","","","","","","","","","","13","","","","","B03","","","1","","2","","","82","82","1","13","4","120.736478","24.272656","3"
"887","66000","387130000C","(04)23274275","(04)23288582","2026","2","3","10","54","臺中市","北區","0","0","0","7","","","50","","","","","","","","","","","","","","17","","","","","B03","","","1","","2","","","84","84","1","12","4","120.682626","24.154118","3"
"888","66000","387130000C","(04)23274275","(04)23288582","2026","2","3","10","55","臺中市","北區","0","0","0","7","","","30","","","","","","","","","","","","","","17","","","","","B03","","","1","","1","","","13","13","1","13","4","120.694319","24.156295","3"
"889","66000","387130000C","(04)23274275","(04)23288582","2026","2","3","10","56","臺中市","潭子區","0","1","0","7","2","6","40","3","1","1","5","4","6","6","1","1","10","5","5","2","12","2","5","2","1","C03","7","9","1","10","2","14","","59","59","1","12","4","120.707419","24.211151","2"
"890","66000","387130000C","(04)23274275","(04)23288582","2026","2","3","10","57","臺中市","南屯區","0","1","0","7","3","6","50","13","9","1","5","4","1","6","1","1","5","5","4","2","13","3","10","3","1","B03","7","9","1","8","1","1","","59","59","1","12","4","120.641323","24.132035","2"
"891","66000","387130000C","(04)23274275","(04)23288582","2026","2","3","10","57","臺中市","大安區","0","1","0","7","2","6","50","13","9","1","5","4","6","6","4","4","4","5","5","1","12","2","9","2","1","C03","7","9","1","10","2","14","","8","8","1","6","4","120.593478","24.345409","2"
"892","66000","387130000C","(04)23274275","(04)23288582","2026","2","3","10","58","臺中市","潭子區","0","0","0","7","","","50","","","","","","","","","","","","","","","","","","","C03","","","1","","2","","","61","61","1","13","4","120.703556","24.211029","3"
"893","66000","387130000C","(04)23274275","(04)23288582","2026","2","3","10","58","臺中市","西屯區","0","0","0","7","","","50","","","","","","","","","","","","","","12","","","","","B03","","","1","","1","","","87","87","1","12","4","120.655837","24.158937","3"
"894","66000","387130000C","(04)23274275","(04)23288582","2026","2","3","10","59","臺中市","西區","0","0","0","7","","","50","","","","","","","","","","","","","","14","","","","","B03","","","1","","2","","","49","49","1","13","4","120.661727","24.162735","3"
"895","66000","387130000C","(04)23274275","(04)23288582","2026","2","3","11","0","臺中市","豐原區","0","0","0","7","","","50","","","","","","","","","","","","","","17","","","","","C03","","","3","","9","","","45","45","2","12","4","120.722072","24.248658","3"
"896","66000","387130000C","(04)23274275","(04)23288582","2026","2","3","11","2","臺中市","北屯區","0","0","0","7","","","50","","","","","","","","","","","","","","13","","","","","B03","","","1","","1","","","82","82","1","12","4","120.67714","24.186081","3"
"897","66000","387130000C","(04)23274275","(04)23288582","2026","2","3","11","4","臺中市","北區","0","1","0","7","2","6","50","4","1","1","5","4","6","6","1","1","10","5","5","2","17","3","10","5","4","B03","7","6","1","8","2","8","","11","11","1","12","4","120.675707","24.169975","2"
"898","66000","387130000C","(04)23274275","(04)23288582","2026","2","3","11","6","臺中市","北區","0","0","0","7","","","30","","","","","","","","","","","","","","17","","","","","B03","","","1","","2","","","87","87","1","13","4","120.67852","24.157584","3"
"899","66000","387130000C","(04)23274275","(04)23288582","2026","2","3","11","9","臺中市","南區","0","0","0","7","","","50","","","","","","","","","","","","","","","","","","","B03","","","1","","2","","","7","7","1","12","4","120.669842","24.122417","3"
"900","66000","387130000C","(04)23274275","(04)23288582","2026","2","3","11","10","臺中市","西屯區","0","2","0","7","2","6","50","4","1","1","5","4","6","6","1","1","10","5","5","2","13","2","9","5","4","C03","7","9","1","10","2","11","","7","7","1","12","4","120.648983","24.194139","2"
"901","66000","387130000C","(04)23274275","(04)23288582","2026","2","3","11","11","臺中市","西屯區","0","0","0","7","","","50","","","","","","","","","","","","","","13","","","","","C03","","","1","","1","","","84","84","1","12","4","120.606194","24.19284","3"
"902","66000","387130000C","(04)23274275","(04)23288582","2026","2","3","11","12","臺中市","大雅區","0","1","0","7","3","6","50","3","1","1","5","4","6","3","4","4","10","5","5","2","17","2","8","1","1","C03","7","6","1","10","2","13","","12","12","1","12","4","120.647672","24.223842","2"
"903","66000","387130000C","(04)23274275","(04)23288582","2026","2","3","11","20","臺中市","大安區","0","2","0","7","3","6","50","4","1","1","5","4","6","6","3","1","10","5","5","2","17","2","9","1","1","C03","7","9","1","10","2","12","","24","24","1","6","4","120.60346","24.379776","2"
"904","66000","387130000C","(04)23274275","(04)23288582","2026","2","3","11","21","臺中市","西屯區","0","0","0","7","","","40","","","","","","","","","","","","","","13","","","","","B03","","","2","","1","","","59","59","1","13","4","120.614907","24.184096","3"
"905","66000","387130000C","(04)23274275","(04)23288582","2026","2","3","11","22","臺中市","豐原區","0","0","0","7","","","50","","","","","","","","","","","","","","13","","","","","B03","","","1","","2","","","7","7","1","12","4","120.716859","24.251852","3"
"906","66000","387130000C","(04)23274275","(04)23288582","2026","2","3","11","24","臺中市","東區","0","0","0","7","","","50","","","","","","","","","","","","","","","","","","","B03","","","1","","9","","","49","49","2","12","4","120.683944","24.134544","3"
"907","66000","387130000C","(04)23274275","(04)23288582","2026","2","3","11","27","臺中市","東區","0","1","0","7","2","6","40","4","19","1","5","4","6","6","1","1","5","5","4","2","3","2","9","5","4","C03","7","9","1","10","2","14","","59","59","1","12","4","120.702205","24.138911","2"
"908","66000","387130000C","(04)23274275","(04)23288582","2026","2","3","11","33","臺中市","北屯區","0","0","0","7","","","50","","","","","","","","","","","","","","17","","","","","C03","","","1","","9","","","84","84","2","6","4","120.682794","24.168885","3"
"909","66000","387130000C","(04)23274275","(04)23288582","2026","2","3","11","35","臺中市","南區","0","1","0","7","2","6","50","13","9","1","5","4","6","6","4","4","1","4","5","2","13","3","10","1","1","C03","7","9","1","10","2","11","","7","7","1","12","4","120.679336","24.123659","2"
"910","66000","387130000C","(04)23274275","(04)23288582","2026","2","3","11","35","臺中市","北屯區","0","0","0","7","","","50","","","","","","","","","","","","","","15","","","","","B01","","","1","","1","","","15","15","1","12","4","120.694088","24.178062","4"
"911","66000","387130000C","(04)23274275","(04)23288582","2026","2","3","11","37","臺中市","西區","0","1","0","7","2","6","50","4","1","1","5","4","6","6","1","1","10","5","5","2","17","3","10","3","1","B03","7","15","1","8","2","1","","4","4","1","12","4","120.664251","24.150853","2"
"912","66000","387130000C","(04)23274275","(04)23288582","2026","2","3","11","38","臺中市","沙鹿區","0","1","0","7","2","6","30","5","1","1","5","4","6","6","4","4","5","5","5","2","17","3","10","1","1","C03","7","9","1","10","2","16","","20","20","1","12","4","120.571791","24.226428","2"
"913","66000","387130000C","(04)23274275","(04)23288582","2026","2","3","11","40","臺中市","北屯區","0","0","0","7","","","50","","","","","","","","","","","","","","","","","","","B03","","","1","","1","","","65","65","1","13","4","120.686579","24.182076","3"
"914","66000","387130000C","(04)23274275","(04)23288582","2026","2","3","11","40","臺中市","北屯區","0","0","0","7","","","50","","","","","","","","","","","","","","13","","","","","A12","","","1","","1","","","7","7","1","6","4","120.726085","24.180468","3"
"915","66000","387130000C","(04)23274275","(04)23288582","2026","2","3","11","41","臺中市","豐原區","0","1","0","7","2","6","30","11","9","1","5","4","6","6","4","4","10","5","5","2","10","4","11","2","1","C03","7","9","1","10","2","11","","41","41","1","13","4","120.721925","24.248188","2"
"916","66000","387130000C","(04)23274275","(04)23288582","2026","2","3","11","46","臺中市","北屯區","0","1","0","7","2","6","50","13","9","1","5","4","6","6","4","4","9","4","5","2","17","3","10","1","1","C03","7","11","1","10","2","11","","45","45","1","6","4","120.689305","24.166771","2"
"917","66000","387130000C","(04)23274275","(04)23288582","2026","2","3","11","47","臺中市","南區","0","1","0","7","3","6","50","4","1","1","5","4","6","6","1","1","10","5","5","2","16","3","10","5","4","B12","7","9","1","8","2","8","","84","84","1","12","4","120.653655","24.113751","2"
"918","66000","387130000C","(04)23274275","(04)23288582","2026","2","3","11","48","臺中市","南屯區","0","0","0","7","","","50","","","","","","","","","","","","","","13","","","","","B03","","","1","","1","","","7","7","1","6","4","120.643894","24.140139","3"
"919","66000","387130000C","(04)23274275","(04)23288582","2026","2","3","11","51","臺中市","神岡區","0","1","0","7","1","6","50","13","9","1","5","4","6","6","4","4","5","5","5","2","17","3","10","1","4","C03","7","1","1","10","2","11","","51","51","1","12","4","120.660872","24.257544","2"
"920","66000","387130000C","(04)23274275","(04)23288582","2026","2","3","11","53","臺中市","豐原區","0","1","0","7","2","6","50","4","4","1","5","4","6","6","1","1","1","2","4","1","13","2","8","1","1","C03","7","9","1","10","2","11","14","58","58","1","13","4","120.720227","24.262551","2"
"921","66000","387130000C","(04)23274275","(04)23288582","2026","2","3","11","58","臺中市","大里區","0","0","0","7","","","50","","","","","","","","","","","","","","","","","","","A04","","","1","","2","","","84","84","1","12","4","120.688767","24.103492","4"
"922","66000","387130000C","(04)23274275","(04)23288582","2026","2","3","11","58","臺中市","龍井區","0","0","0","7","","","30","","","","","","","","","","","","","","","","","","","B03","","","1","","2","","","24","24","1","12","4","120.505176","24.20133","3"
"923","66000","387130000C","(04)23274275","(04)23288582","2026","2","3","12","0","臺中市","南屯區","0","0","0","7","","","50","","","","","","","","","","","","","","11","","","","","B03","","","1","","2","","","45","45","1","12","4","120.63363","24.148275","3"
"924","66000","387130000C","(04)23274275","(04)23288582","2026","2","3","12","2","臺中市","大里區","0","0","0","7","","","30","","","","","","","","","","","","","","17","","","","","B03","","","1","","2","","","76","76","1","6","4","120.678979","24.080947","3"
"925","66000","387130000C","(04)23274275","(04)23288582","2026","2","3","12","4","臺中市","西屯區","0","0","0","7","","","50","","","","","","","","","","","","","","","","","","","B12","","","1","","1","","","7","7","1","13","4","120.647626","24.196701","3"
"926","66000","387130000C","(04)23274275","(04)23288582","2026","2","3","12","5","臺中市","中區","0","0","0","7","","","50","","","","","","","","","","","","","","12","","","","","B03","","","1","","1","","","40","40","1","13","4","120.683422","24.141282","3"
"927","66000","387130000C","(04)23274275","(04)23288582","2026","2","3","12","5","臺中市","西區","0","0","0","7","","","30","","","","","","","","","","","","","","","","","","","C04","","","1","","2","","","50","50","1","6","1","120.661164","24.146469","3"
"928","66000","387130000C","(04)23274275","(04)23288582","2026","2","3","12","5","臺中市","北區","0","0","0","7","","","50","","","","","","","","","","","","","","17","","","","","B03","","","1","","1","","","76","76","1","12","4","120.684562","24.153425","3"
"929","66000","387130000C","(04)23274275","(04)23288582","2026","2","3","12","5","臺中市","北屯區","0","0","0","7","","","40","","","","","","","","","","","","","","13","","","","","C03","","","1","","1","","","7","7","1","6","4","120.671899","24.18027","4"
"930","66000","387130000C","(04)23274275","(04)23288582","2026","2","3","12","6","臺中市","梧棲區","0","0","0","7","","","50","","","","","","","","","","","","","","13","","","","","B03","","","1","","1","","","78","78","1","12","4","120.532808","24.259935","3"
"931","66000","387130000C","(04)23274275","(04)23288582","2026","2","3","12","9","臺中市","大里區","0","1","0","7","2","6","50","4","1","1","5","4","6","6","1","1","10","5","5","1","17","3","10","3","1","B03","7","6","5","19","2","8","","11","11","2","12","4","120.691887","24.109621","2"
"932","66000","387130000C","(04)23274275","(04)23288582","2026","2","3","12","10","臺中市","北屯區","0","0","0","7","","","50","","","","","","","","","","","","","","17","","","","","C03","","","1","","2","","","84","84","1","12","4","120.682551","24.171677","3"
"933","66000","387130000C","(04)23274275","(04)23288582","2026","2","3","12","18","臺中市","沙鹿區","0","0","0","7","","","30","","","","","","","","","","","","","","9","","","","","A12","","","1","","2","","","8","8","1","8","4","120.574615","24.228355","3"
"934","66000","387130000C","(04)23274275","(04)23288582","2026","2","3","12","20","臺中市","北屯區","0","2","0","7","3","6","50","3","1","1","5","4","6","6","1","1","1","4","5","2","12","2","9","2","1","C03","7","4","1","10","2","12","","8","8","1","6","4","120.697047","24.169516","2"
"935","66000","387130000C","(04)23274275","(04)23288582","2026","2","3","12","20","臺中市","大肚區","0","0","0","7","","","50","","","","","","","","","","","","","","","","","","","B03","","","1","","2","","","11","11","1","6","4","120.544375","24.154305","4"
"936","66000","387130000C","(04)23274275","(04)23288582","2026","2","3","12","21","臺中市","大里區","0","0","0","7","","","40","","","","","","","","","","","","","","12","","","","","C02","","","1","","2","","","40","40","1","13","4","120.680629","24.109541","3"
"937","66000","387130000C","(04)23274275","(04)23288582","2026","2","3","12","22","臺中市","北屯區","0","0","0","7","","","50","","","","","","","","","","","","","","15","","","","","C03","","","1","","2","","","85","85","1","6","4","120.680215","24.175131","3"
"938","66000","387130000C","(04)23274275","(04)23288582","2026","2","3","12","22","臺中市","北屯區","0","2","0","7","2","6","30","4","1","1","5","4","6","6","4","4","10","5","5","2","16","2","9","2","1","C03","7","9","1","10","2","12","","15","15","1","9","4","120.690136","24.164087","2"
"939","66000","387130000C","(04)23274275","(04)23288582","2026","2","3","12","25","臺中市","西屯區","0","0","0","7","","","50","","","","","","","","","","","","","","13","","","","","B02","","","1","","1","","","7","7","1","12","4","120.619303","24.181684","3"
"940","66000","387130000C","(04)23274275","(04)23288582","2026","2","3","12","26","臺中市","西屯區","0","0","0","7","","","40","","","","","","","","","","","","","","12","","","","","C03","","","1","","2","","","51","51","1","12","4","120.661964","24.165237","3"
"941","66000","387130000C","(04)23274275","(04)23288582","2026","2","3","12","28","臺中市","潭子區","0","1","0","7","2","6","60","3","2","1","5","4","6","6","2","1","1","4","4","1","17","3","10","3","1","B03","7","11","1","8","2","2","","45","45","1","13","4","120.704707","24.204832","2"
"942","66000","387130000C","(04)23274275","(04)23288582","2026","2","3","12","28","臺中市","霧峰區","0","2","0","7","2","6","40","5","1","1","5","4","6","6","1","1","10","5","5","1","17","2","9","1","1","C03","7","1","1","10","2","14","","51","51","1","13","4","120.715157","24.073353","2"
"943","66000","387130000C","(04)23274275","(04)23288582","2026","2","3","12","29","臺中市","北區","0","0","0","7","","","30","","","","","","","","","","","","","","2","","","","","C03","","","1","","2","","","84","84","1","12","4","120.675665","24.170713","4"
"944","66000","387130000C","(04)23274275","(04)23288582","2026","2","3","12","33","臺中市","北區","0","0","0","7","","","50","","","","","","","","","","","","","","17","","","","","B03","","","1","","9","","","84","84","2","13","4","120.678167","24.151133","3"
"945","66000","387130000C","(04)23274275","(04)23288582","2026","2","3","12","39","臺中市","南屯區","0","0","0","7","","","50","","","","","","","","","","","","","","13","","","","","C03","","","1","","2","","","43","43","1","12","4","120.634701","24.154366","3"
"946","66000","387130000C","(04)23274275","(04)23288582","2026","2","3","12","40","臺中市","西區","0","0","0","7","","","","","","","","","","","","","","","","","17","","","","","","","","","","","","","119","119","1","","","120.659819","24.135297","3"
"947","66000","387130000C","(04)23274275","(04)23288582","2026","2","3","12","40","臺中市","北區","0","0","0","7","","","50","","","","","","","","","","","","","","17","","","","","C03","","","1","","2","","","85","85","1","13","4","120.683872","24.148755","4"
"948","66000","387130000C","(04)23274275","(04)23288582","2026","2","3","12","40","臺中市","豐原區","0","0","0","7","","","50","","","","","","","","","","","","","","17","","","","","A41","","","1","","2","","","84","84","1","12","4","120.712954","24.255633","3"
"949","66000","387130000C","(04)23274275","(04)23288582","2026","2","3","12","45","臺中市","清水區","0","1","0","7","3","6","40","3","1","1","5","4","6","6","1","1","1","4","4","2","16","2","9","2","1","C03","7","9","1","10","2","11","","21","21","1","12","4","120.572611","24.262394","2"
"950","66000","387130000C","(04)23274275","(04)23288582","2026","2","3","12","46","臺中市","西屯區","0","1","0","7","2","6","50","13","7","1","5","4","6","6","4","4","3","4","3","2","13","3","10","5","4","B03","7","9","1","8","2","1","","7","7","1","12","4","120.644008","24.165646","2"
"951","66000","387130000C","(04)23274275","(04)23288582","2026","2","3","12","46","臺中市","神岡區","0","1","0","7","2","6","30","3","1","1","5","4","6","6","4","4","10","5","5","2","16","3","10","5","4","B03","7","5","1","8","2","8","","14","14","1","12","4","120.690726","24.238061","2"
"952","66000","387130000C","(04)23274275","(04)23288582","2026","2","3","12","48","臺中市","大雅區","0","0","0","7","","","30","","","","","","","","","","","","","","10","","","","","C03","","","1","","2","","","84","84","1","12","4","120.649438","24.253865","3"
"953","66000","387130000C","(04)23274275","(04)23288582","2026","2","3","12","48","臺中市","西屯區","0","0","0","7","","","50","","","","","","","","","","","","","","12","","","","","C03","","","1","","1","","","84","84","1","12","4","120.637824","24.163119","3"
"954","66000","387130000C","(04)23274275","(04)23288582","2026","2","3","12","52","臺中市","北屯區","0","0","0","7","","","50","","","","","","","","","","","","","","14","","","","","B03","","","3","","1","","","49","49","1","6","4","120.746969","24.192442","3"
"955","66000","387130000C","(04)23274275","(04)23288582","2026","2","3","12","58","臺中市","豐原區","0","0","0","7","","","30","","","","","","","","","","","","","","17","","","","","B03","","","1","","2","","","59","59","1","12","4","120.708181","24.239531","3"
"956","66000","387130000C","(04)23274275","(04)23288582","2026","2","3","12","59","臺中市","中區","0","1","0","7","1","6","50","13","9","1","5","4","6","6","1","1","5","4","5","2","17","3","10","5","4","B03","7","7","1","8","2","16","","84","84","1","12","4","120.675894","24.144541","2"
"957","66000","387130000C","(04)23274275","(04)23288582","2026","2","3","12","59","臺中市","西屯區","0","1","0","7","2","6","50","13","9","1","5","4","6","6","1","1","5","4","4","2","13","3","10","5","4","B03","7","14","1","8","2","1","","84","84","1","13","4","120.637651","24.162024","2"
"958","66000","387130000C","(04)23274275","(04)23288582","2026","2","3","13","0","臺中市","大甲區","0","0","0","7","","","50","","","","","","","","","","","","","","14","","","","","B13","","","1","","2","","","49","49","1","6","4","120.622633","24.34259","3"
"959","66000","387130000C","(04)23274275","(04)23288582","2026","2","3","13","1","臺中市","西屯區","0","0","0","7","","","50","","","","","","","","","","","","","","","","","","","C03","","","1","","1","","","40","40","1","13","4","120.645935","24.169723","4"
"960","66000","387130000C","(04)23274275","(04)23288582","2026","2","3","13","6","臺中市","西屯區","0","0","0","7","","","50","","","","","","","","","","","","","","14","","","","","B03","","","1","","9","","","49","49","1","12","4","120.637666","24.163226","3"
"961","66000","387130000C","(04)23274275","(04)23288582","2026","2","3","13","10","臺中市","南屯區","0","2","0","7","3","6","50","13","9","1","5","4","6","6","4","4","1","4","5","2","12","2","9","1","1","C03","7","9","1","10","2","14","","42","42","1","12","4","120.647993","24.12364","2"
"962","66000","387130000C","(04)23274275","(04)23288582","2026","2","3","13","10","臺中市","北屯區","0","0","0","7","","","50","","","","","","","","","","","","","","25","","","","","B12","","","1","","1","","","84","84","1","6","4","120.698557","24.174755","3"
"963","66000","387130000C","(04)23274275","(04)23288582","2026","2","3","13","14","臺中市","南屯區","0","0","0","7","","","50","","","","","","","","","","","","","","17","","","","","B03","","","1","","1","","","50","50","1","12","4","120.637595","24.14312","3"
"964","66000","387130000C","(04)23274275","(04)23288582","2026","2","3","13","15","臺中市","北屯區","0","2","0","7","3","6","50","13","9","1","5","4","6","6","4","4","1","4","5","2","13","2","9","2","1","C03","7","9","1","10","2","11","","7","7","1","6","4","120.680128","24.172603","2"
"965","66000","387130000C","(04)23274275","(04)23288582","2026","2","3","13","17","臺中市","北屯區","0","1","0","7","2","6","50","3","1","1","5","4","6","6","4","4","10","5","5","2","16","3","10","3","1","B03","7","6","1","8","2","8","","14","14","1","12","4","120.677138","24.191736","2"
"966","66000","387130000C","(04)23274275","(04)23288582","2026","2","3","13","22","臺中市","南區","0","1","0","7","2","6","40","13","8","1","5","4","6","6","4","4","5","4","4","2","18","2","9","1","1","F01","7","9","7","21","2","12","","84","84","1","12","4","120.681689","24.133386","2"
"967","66000","387130000C","(04)23274275","(04)23288582","2026","2","3","13","25","臺中市","西屯區","0","0","0","7","","","50","","","","","","","","","","","","","","17","","","","","B03","","","1","","1","","","45","45","1","12","4","120.65033","24.177095","3"
"968","66000","387130000C","(04)23274275","(04)23288582","2026","2","3","13","25","臺中市","西屯區","0","1","0","7","2","6","50","4","2","1","5","4","6","6","1","1","5","4","5","2","3","3","10","1","1","C03","7","15","1","10","2","11","","84","84","1","12","4","120.642535","24.164224","2"
"969","66000","387130000C","(04)23274275","(04)23288582","2026","2","3","13","29","臺中市","沙鹿區","0","0","0","7","","","30","","","","","","","","","","","","","","","","","","","B03","","","1","","2","","","49","49","1","12","4","120.574612","24.258866","3"
"970","66000","387130000C","(04)23274275","(04)23288582","2026","2","3","13","30","臺中市","大肚區","0","0","0","7","","","30","","","","","","","","","","","","","","16","","","","","B03","","","1","","2","","","14","14","1","6","4","120.578094","24.121208","3"
"971","66000","387130000C","(04)23274275","(04)23288582","2026","2","3","13","30","臺中市","梧棲區","0","1","0","7","3","6","40","3","1","1","5","4","6","6","4","4","10","5","5","2","16","3","10","3","1","B03","7","5","1","8","2","6","","47","47","1","6","4","120.516126","24.233184","2"
"972","66000","387130000C","(04)23274275","(04)23288582","2026","2","3","13","31","臺中市","西區","0","0","0","7","","","50","","","","","","","","","","","","","","16","","","","","B03","","","1","","1","","","11","11","1","13","4","120.673636","24.1477","3"
"973","66000","387130000C","(04)23274275","(04)23288582","2026","2","3","13","36","臺中市","東區","0","1","0","7","3","9","50","3","2","1","5","4","6","6","1","1","10","5","5","2","13","2","8","5","4","C03","7","9","1","10","2","14","","84","84","1","12","4","120.694277","24.151568","2"
"974","66000","387130000C","(04)23274275","(04)23288582","2026","2","3","13","36","臺中市","北屯區","0","0","0","7","","","30","","","","","","","","","","","","","","15","","","","","C03","","","1","","2","","","22","22","1","6","4","120.667397","24.179677","3"
"975","66000","387130000C","(04)23274275","(04)23288582","2026","2","3","13","39","臺中市","大里區","0","0","0","7","","","50","","","","","","","","","","","","","","14","","","","","B12","","","1","","9","","","49","49","2","13","4","120.674612","24.11301","3"
"976","66000","387130000C","(04)23274275","(04)23288582","2026","2","3","13","40","臺中市","南區","0","0","0","7","","","50","","","","","","","","","","","","","","","","","","","C03","","","1","","2","","","84","84","1","12","4","120.660927","24.12337","3"
"977","66000","387130000C","(04)23274275","(04)23288582","2026","2","3","13","41","臺中市","豐原區","0","0","0","7","","","50","","","","","","","","","","","","","","14","","","","","B03","","","1","","2","","","49","49","1","13","4","120.724388","24.22843","4"
"978","66000","387130000C","(04)23274275","(04)23288582","2026","2","3","13","43","臺中市","大里區","0","0","0","7","","","50","","","","","","","","","","","","","","","","","","","B03","","","1","","2","","","84","84","1","12","4","120.681193","24.105032","3"
"979","66000","387130000C","(04)23274275","(04)23288582","2026","2","3","13","54","臺中市","西區","0","0","0","7","","","30","","","","","","","","","","","","","","16","","","","","B03","","","1","","1","","","51","51","1","12","4","120.65848","24.154328","3"
"980","66000","387130000C","(04)23274275","(04)23288582","2026","2","3","13","57","臺中市","南屯區","0","0","0","7","3","6","40","13","24","1","5","4","6","6","4","4","10","5","5","2","17","","","","","C03","","","1","","1","","","59","59","1","12","4","120.649538","24.131992","3"
"981","66000","387130000C","(04)23274275","(04)23288582","2026","2","3","13","58","臺中市","西屯區","0","0","0","7","","","40","","","","","","","","","","","","","","13","","","","","B03","","","1","","1","","","59","59","1","12","4","120.615369","24.183119","3"
"982","66000","387130000C","(04)23274275","(04)23288582","2026","2","3","14","0","臺中市","南屯區","0","0","0","7","","","40","","","","","","","","","","","","","","14","","","","","B03","","","1","","1","","","49","49","1","6","4","120.611613","24.136204","3"
"983","66000","387130000C","(04)23274275","(04)23288582","2026","2","3","14","4","臺中市","南區","0","2","0","7","2","6","40","4","1","1","5","4","6","6","1","1","10","5","5","2","16","2","9","5","4","C03","7","6","1","10","1","14","","48","48","1","12","4","120.68182","24.134031","2"
"984","66000","387130000C","(04)23274275","(04)23288582","2026","2","3","14","6","臺中市","太平區","0","0","0","7","","","50","","","","","","","","","","","","","","14","","","","","B03","","","1","","1","","","49","49","1","13","4","120.725275","24.149842","3"
"985","66000","387130000C","(04)23274275","(04)23288582","2026","2","3","14","9","臺中市","豐原區","0","0","0","7","","","50","","","","","","","","","","","","","","13","","","","","B03","","","1","","1","","","84","84","1","13","4","120.721761","24.273031","3"
"986","66000","387130000C","(04)23274275","(04)23288582","2026","2","3","14","10","臺中市","新社區","0","0","0","7","","","50","","","","","","","","","","","","","","13","","","","","B03","","","1","","1","","","56","56","1","13","4","120.803371","24.229351","3"
"987","66000","387130000C","(04)23274275","(04)23288582","2026","2","3","14","11","臺中市","太平區","0","2","0","7","3","6","50","13","9","1","5","4","6","6","4","4","5","5","5","2","13","2","9","1","1","C03","7","9","1","10","2","11","","58","58","1","12","4","120.715166","24.147554","2"
"988","66000","387130000C","(04)23274275","(04)23288582","2026","2","3","14","14","臺中市","西屯區","0","0","0","7","","","50","","","","","","","","","","","","","","13","","","","","B03","","","1","","2","","","62","62","1","13","4","120.655588","24.176029","3"
"989","66000","387130000C","(04)23274275","(04)23288582","2026","2","3","14","14","臺中市","太平區","0","2","0","7","3","6","0","3","2","1","5","4","6","6","1","1","5","2","4","1","17","2","9","1","1","C03","7","1","1","10","2","14","","51","51","1","12","4","120.713578","24.1443","2"
"990","66000","387130000C","(04)23274275","(04)23288582","2026","2","3","14","16","臺中市","豐原區","0","1","0","7","2","6","30","4","1","1","5","4","6","6","4","4","10","5","5","2","15","2","9","2","1","C03","7","1","1","10","2","11","","12","12","1","13","4","120.71947","24.237601","2"
"991","66000","387130000C","(04)23274275","(04)23288582","2026","2","3","14","17","臺中市","西屯區","0","0","0","7","","","30","","","","","","","","","","","","","","17","","","","","G03","","","1","","2","","","84","84","1","12","4","120.647465","24.19696","3"
"992","66000","387130000C","(04)23274275","(04)23288582","2026","2","3","14","18","臺中市","豐原區","0","0","0","7","","","50","","","","","","","","","","","","","","14","","","","","B12","","","1","","2","","","49","49","1","12","4","120.715298","24.261612","3"
"993","66000","387130000C","(04)23274275","(04)23288582","2026","2","3","14","19","臺中市","北屯區","0","0","0","7","","","50","","","","","","","","","","","","","","12","","","","","B12","","","1","","9","","","35","35","2","6","4","120.686892","24.201309","3"
"994","66000","387130000C","(04)23274275","(04)23288582","2026","2","3","14","21","臺中市","北屯區","0","2","0","7","2","6","50","13","9","1","5","4","6","6","4","4","5","4","5","2","13","2","9","1","1","C03","7","9","1","10","2","11","","7","7","1","6","4","120.709757","24.171254","2"