序號,縣市別代碼,機關代碼,市話,傳真,年,月,日,時,分,縣市,區,死亡數量,受傷數量,2-30,天候,道路照明設備,道路類別,道路速限,道路型態,事故位置,路面鋪裝,路面狀態,路面缺陷,障礙物,視距,號誌種類,號誌動作,分向設施,快車道或一般車道間,快慢車道間,路面邊線,事故類型及型態,受傷程度,主要傷處,保護裝備,行動電話或功能裝置,當事者區分(類別),車輛用途,當事者行動狀態,駕照狀態,駕照種類,飲酒情形,車輛撞擊部位最初,車輛撞擊部位其他,肇事因素個別,肇事因素主要,肇事逃逸,職業,共享經濟或外送平台,GPS座標X,GPS座標Y,事故類別
"995","66000","387130000C","(04)23274275","(04)23288582","2026","2","3","14","21","臺中市","太平區","0","2","0","7","2","6","50","13","9","1","5","4","6","6","4","4","5","4","5","2","9","2","8","6","5","H03","8","20","7","21","10","17","","109","109","1","13","5","120.71873","24.148518","2"
"996","66000","387130000C","(04)23274275","(04)23288582","2026","2","3","14","23","臺中市","南屯區","0","0","0","7","","","0","","","","","","","","","","","","","","14","","","","","B12","","","1","","2","","","49","49","1","12","4","120.623454","24.143248","3"
"997","66000","387130000C","(04)23274275","(04)23288582","2026","2","3","14","26","臺中市","豐原區","0","0","0","7","","","50","","","","","","","","","","","","","","17","","","","","B03","","","1","","1","","","51","51","1","13","4","120.719602","24.237534","3"
"998","66000","387130000C","(04)23274275","(04)23288582","2026","2","3","14","27","臺中市","龍井區","0","0","0","7","","","30","","","","","","","","","","","","","","14","","","","","B03","","","1","","2","","","49","49","1","6","4","120.592842","24.181445","4"
"999","66000","387130000C","(04)23274275","(04)23288582","2026","2","3","14","30","臺中市","烏日區","0","2","0","7","2","6","30","3","1","1","5","4","6","6","4","4","10","5","5","2","9","2","9","6","5","H01","8","18","7","21","10","17","","98","98","1","1","5","120.642754","24.11156","2"
"1000","66000","387130000C","(04)23274275","(04)23288582","2026","2","3","14","31","臺中市","北屯區","0","0","0","7","","","50","","","","","","","","","","","","","","14","","","","","B12","","","1","","1","","","49","49","1","6","4","120.694084","24.184188","3"
"1001","66000","387130000C","(04)23274275","(04)23288582","2026","2","3","14","38","臺中市","霧峰區","0","2","0","7","2","6","50","11","9","1","5","4","6","6","4","4","10","5","5","1","17","2","9","2","1","F01","7","11","7","21","2","14","","45","45","1","13","4","120.663279","24.065536","2"
"1002","66000","387130000C","(04)23274275","(04)23288582","2026","2","3","14","40","臺中市","大里區","0","0","0","7","","","50","","","","","","","","","","","","","","","","","","","B03","","","1","","2","","","7","7","1","12","4","120.68977","24.11507","3"
"1003","66000","387130000C","(04)23274275","(04)23288582","2026","2","3","14","41","臺中市","東區","0","1","0","7","2","6","40","4","1","1","5","4","6","6","1","1","10","5","5","2","16","2","8","1","1","C03","7","5","1","10","2","12","","11","11","1","12","4","120.706247","24.136827","2"
"1004","66000","387130000C","(04)23274275","(04)23288582","2026","2","3","14","45","臺中市","西區","0","1","0","7","2","6","50","4","1","1","5","4","6","6","2","1","10","5","5","2","16","2","9","1","1","C03","7","5","1","10","2","12","","11","11","1","6","4","120.656346","24.155994","2"
"1005","66000","387130000C","(04)23274275","(04)23288582","2026","2","3","14","45","臺中市","太平區","0","0","0","7","","","30","","","","","","","","","","","","","","","","","","","A12","","","1","","2","","","49","49","1","12","4","120.707425","24.127523","3"
"1006","66000","387130000C","(04)23274275","(04)23288582","2026","2","3","14","47","臺中市","后里區","0","0","0","7","2","6","50","4","2","1","5","4","6","6","1","1","4","5","4","1","17","3","10","3","1","A04","7","5","1","1","2","6","","84","84","1","12","4","120.713578","24.306167","3"
"1007","66000","387130000C","(04)23274275","(04)23288582","2026","2","3","14","50","臺中市","北區","0","0","0","7","","","50","","","","","","","","","","","","","","11","","","","","B03","","","1","","1","","","84","84","1","12","4","120.678374","24.15396","3"
"1008","66000","387130000C","(04)23274275","(04)23288582","2026","2","3","14","54","臺中市","北屯區","0","2","0","7","1","6","50","4","2","1","5","4","6","6","1","1","10","4","5","2","12","2","8","1","1","C03","7","6","1","10","2","14","","84","84","1","13","4","120.718797","24.17015","2"
"1009","66000","387130000C","(04)23274275","(04)23288582","2026","2","3","15","6","臺中市","南區","0","0","0","7","","","50","","","","","","","","","","","","","","17","","","","","B12","","","1","","9","","","8","8","1","6","4","120.656007","24.113909","3"
"1010","66000","387130000C","(04)23274275","(04)23288582","2026","2","3","15","10","臺中市","龍井區","0","2","0","7","2","6","50","3","1","1","5","4","6","6","4","4","10","5","5","2","16","2","9","1","1","C03","7","9","1","10","2","12","","34","34","1","6","4","120.586952","24.181291","2"
"1011","66000","387130000C","(04)23274275","(04)23288582","2026","2","3","15","11","臺中市","豐原區","0","1","0","7","2","6","50","13","9","1","5","4","6","6","4","4","1","4","5","1","17","3","10","5","4","B12","7","1","1","8","2","8","","51","51","1","13","4","120.727029","24.248305","2"
"1012","66000","387130000C","(04)23274275","(04)23288582","2026","2","3","15","12","臺中市","北屯區","0","1","0","7","2","6","50","13","9","1","5","4","3","6","4","4","1","4","5","2","12","3","10","3","1","B03","7","9","1","7","2","2","","84","84","1","12","4","120.696528","24.168489","2"
"1013","66000","387130000C","(04)23274275","(04)23288582","2026","2","3","15","14","臺中市","北區","0","1","0","6","3","6","50","3","2","1","5","4","6","6","4","4","5","4","5","2","18","2","9","5","4","C03","7","9","5","19","11","15","","84","84","1","13","4","120.685093","24.162653","2"
"1014","66000","387130000C","(04)23274275","(04)23288582","2026","2","3","15","14","臺中市","梧棲區","0","1","0","7","2","6","50","13","7","1","5","2","6","6","4","4","3","4","4","1","30","2","9","2","1","C03","7","9","1","10","2","14","","84","84","1","12","4","120.548548","24.247883","2"
"1015","66000","387130000C","(04)23274275","(04)23288582","2026","2","3","15","15","臺中市","東區","0","1","0","7","3","6","50","13","8","1","5","4","6","5","4","4","5","4","4","2","2","3","10","3","1","B12","7","3","1","8","2","5","","50","50","1","6","4","120.688864","24.134387","2"
"1016","66000","387130000C","(04)23274275","(04)23288582","2026","2","3","15","15","臺中市","東勢區","0","0","0","7","","","30","","","","","","","","","","","","","","11","","","","","B03","","","1","","1","","","41","41","1","13","4","120.799262","24.304894","3"
"1017","66000","387130000C","(04)23274275","(04)23288582","2026","2","3","15","20","臺中市","西區","0","0","0","7","","","50","","","","","","","","","","","","","","17","","","","","B03","","","1","","1","","","59","59","1","13","4","120.657371","24.147529","3"
"1018","66000","387130000C","(04)23274275","(04)23288582","2026","2","3","15","23","臺中市","西區","0","0","0","7","","","50","","","","","","","","","","","","","","","","","","","B13","","","1","","2","","","7","7","1","12","4","120.665773","24.152137","3"
"1019","66000","387130000C","(04)23274275","(04)23288582","2026","2","3","15","25","臺中市","太平區","0","0","0","7","","","50","","","","","","","","","","","","","","","","","","","B03","","","1","","1","","","8","8","2","12","4","120.719183","24.149054","3"
"1020","66000","387130000C","(04)23274275","(04)23288582","2026","2","3","15","27","臺中市","大里區","0","1","0","7","2","6","50","13","8","1","5","4","6","6","4","4","5","5","4","1","17","2","9","1","1","C03","7","9","1","10","2","11","","84","84","1","12","4","120.664432","24.096739","2"
"1021","66000","387130000C","(04)23274275","(04)23288582","2026","2","3","15","33","臺中市","北區","0","1","0","7","2","6","40","13","8","1","5","4","6","6","4","4","5","4","4","2","17","3","10","3","1","B03","7","1","1","8","2","4","","51","51","1","12","4","120.679612","24.159177","2"
"1022","66000","387130000C","(04)23274275","(04)23288582","2026","2","3","15","35","臺中市","大雅區","0","0","0","7","","","60","","","","","","","","","","","","","","","","","","","B12","","","1","","2","","","8","8","1","13","4","120.649763","24.214498","3"
"1023","66000","387130000C","(04)23274275","(04)23288582","2026","2","3","15","35","臺中市","北區","0","0","0","7","","","50","","","","","","","","","","","","","","","","","","","B03","","","1","","2","","","49","49","1","12","4","120.695823","24.156887","3"
"1024","66000","387130000C","(04)23274275","(04)23288582","2026","2","3","15","36","臺中市","北區","0","2","0","7","2","6","50","4","1","1","5","4","6","6","1","1","10","5","5","2","16","2","1","1","1","C04","7","4","1","8","2","12","","84","84","1","12","4","120.67899","24.150049","2"
"1025","66000","387130000C","(04)23274275","(04)23288582","2026","2","3","15","38","臺中市","霧峰區","0","0","0","7","","","50","","","","","","","","","","","","","","","","","","","B12","","","1","","1","","","84","84","1","12","4","120.665916","24.036762","3"
"1026","66000","387130000C","(04)23274275","(04)23288582","2026","2","3","15","40","臺中市","太平區","0","0","0","7","","","30","","","","","","","","","","","","","","30","","","","","A41","","","1","","11","","","87","87","1","13","4","120.734396","24.118291","3"
"1027","66000","387130000C","(04)23274275","(04)23288582","2026","2","3","15","42","臺中市","南屯區","0","2","0","7","3","6","50","4","1","1","5","4","6","6","1","1","10","5","5","2","16","2","8","1","1","C03","7","6","1","10","2","14","","11","11","1","12","4","120.652072","24.143854","2"
"1028","66000","387130000C","(04)23274275","(04)23288582","2026","2","3","15","44","臺中市","北屯區","0","3","0","7","2","6","50","4","2","1","5","4","6","6","1","1","4","2","5","2","13","3","10","3","1","A11","7","9","1","3","2","1","","84","84","1","12","4","120.776457","24.198687","2"
"1029","66000","387130000C","(04)23274275","(04)23288582","2026","2","3","15","45","臺中市","豐原區","0","1","0","7","2","6","30","13","9","1","5","4","6","6","4","4","10","5","5","1","12","3","10","5","4","C03","7","6","5","19","2","14","","48","48","1","13","4","120.726822","24.23008","2"
"1030","66000","387130000C","(04)23274275","(04)23288582","2026","2","3","15","57","臺中市","太平區","0","0","0","7","","","50","","","","","","","","","","","","","","14","","","","","B03","","","1","","2","","","49","49","1","13","4","120.72412","24.133785","3"
"1031","66000","387130000C","(04)23274275","(04)23288582","2026","2","3","16","7","臺中市","西屯區","0","1","0","7","2","6","50","4","1","1","5","4","6","6","1","1","10","5","5","2","13","3","10","5","4","C03","7","9","3","19","2","11","","7","7","1","12","4","120.626072","24.184557","2"
"1032","66000","387130000C","(04)23274275","(04)23288582","2026","2","3","16","10","臺中市","北區","0","0","0","7","","","50","","","","","","","","","","","","","","","","","","","B03","","","1","","1","","","7","7","1","12","4","120.678581","24.152005","3"
"1033","66000","387130000C","(04)23274275","(04)23288582","2026","2","3","16","15","臺中市","沙鹿區","0","1","0","7","2","6","60","13","9","1","5","4","6","6","4","4","1","3","5","1","12","2","9","1","1","C03","7","1","1","10","2","11","","51","51","1","12","4","120.606028","24.247379","2"
"1034","66000","387130000C","(04)23274275","(04)23288582","2026","2","3","16","15","臺中市","沙鹿區","0","0","0","7","","","50","","","","","","","","","","","","","","14","","","","","A12","","","1","","2","","","49","49","1","12","4","120.556854","24.228552","3"
"1035","66000","387130000C","(04)23274275","(04)23288582","2026","2","3","16","15","臺中市","豐原區","0","0","0","7","","","30","","","","","","","","","","","","","","17","","","","","B03","","","1","","1","","","49","49","1","6","4","120.71816","24.253895","3"
"1036","66000","387130000C","(04)23274275","(04)23288582","2026","2","3","16","18","臺中市","西區","0","0","0","7","","","50","","","","","","","","","","","","","","18","","","","","C03","","","1","","2","","","87","87","1","13","4","120.669777","24.14732","4"
"1037","66000","387130000C","(04)23274275","(04)23288582","2026","2","3","16","26","臺中市","西區","0","0","0","7","","","50","","","","","","","","","","","","","","17","","","","","B12","","","1","","1","","","84","84","1","13","4","120.658825","24.142901","3"
"1038","66000","387130000C","(04)23274275","(04)23288582","2026","2","3","16","26","臺中市","烏日區","0","1","0","7","2","6","30","4","1","1","5","4","6","6","4","4","4","5","5","2","15","3","10","3","1","B03","7","9","1","8","2","6","","6","6","1","6","4","120.64206","24.103177","2"
"1039","66000","387130000C","(04)23274275","(04)23288582","2026","2","3","16","30","臺中市","大里區","0","1","0","7","3","6","50","13","8","1","5","4","6","6","4","4","5","5","4","1","17","3","10","3","1","B03","7","7","1","7","2","6","","84","84","1","12","4","120.710008","24.094408","2"
"1040","66000","387130000C","(04)23274275","(04)23288582","2026","2","3","16","33","臺中市","豐原區","0","1","0","7","2","6","30","3","1","1","5","4","6","6","4","4","10","5","5","2","16","2","6","1","1","C03","7","6","1","10","2","11","","11","11","1","12","4","120.709011","24.253193","2"
"1041","66000","387130000C","(04)23274275","(04)23288582","2026","2","3","16","34","臺中市","中區","0","0","0","7","","","50","","","","","","","","","","","","","","","","","","","C03","","","1","","1","","","7","7","1","12","4","120.681009","24.143606","3"
"1042","66000","387130000C","(04)23274275","(04)23288582","2026","2","3","16","37","臺中市","外埔區","0","0","0","6","2","6","50","3","2","1","5","4","6","6","4","4","5","5","5","1","12","3","10","3","1","B03","7","4","1","8","2","2","","1","1","1","12","4","120.675356","24.33118","3"
"1043","66000","387130000C","(04)23274275","(04)23288582","2026","2","3","16","38","臺中市","北區","0","0","0","7","","","50","","","","","","","","","","","","","","13","","","","","C03","","","1","","1","","","7","7","1","13","4","120.679125","24.157047","3"
"1044","66000","387130000C","(04)23274275","(04)23288582","2026","2","3","16","40","臺中市","南屯區","0","0","0","7","","","50","","","","","","","","","","","","","","12","","","","","B03","","","1","","1","","","40","40","1","13","4","120.625798","24.148711","3"
"1045","66000","387130000C","(04)23274275","(04)23288582","2026","2","3","16","47","臺中市","西區","0","0","0","7","","","50","","","","","","","","","","","","","","","","","","","B03","","","1","","1","","","84","84","1","12","4","120.662892","24.150853","3"
"1046","66000","387130000C","(04)23274275","(04)23288582","2026","2","3","16","48","臺中市","太平區","0","1","0","7","2","6","30","13","9","1","5","4","6","6","4","4","10","5","5","2","16","2","8","2","1","C03","7","1","1","10","2","11","","51","51","1","6","4","120.726604","24.14566","2"
"1047","66000","387130000C","(04)23274275","(04)23288582","2026","2","3","16","50","臺中市","西區","0","1","0","7","2","6","50","4","2","1","5","4","6","6","2","1","5","4","5","2","17","2","9","5","1","B02","7","13","1","8","2","16","","76","76","1","13","4","120.661266","24.146746","2"
"1048","66000","387130000C","(04)23274275","(04)23288582","2026","2","3","16","52","臺中市","北屯區","0","1","0","7","2","6","50","3","1","1","5","4","6","6","4","4","10","5","5","2","16","2","9","4","1","F02","7","6","7","21","2","11","","14","14","1","12","1","120.721682","24.174087","2"
"1049","66000","387130000C","(04)23274275","(04)23288582","2026","2","3","16","59","臺中市","南屯區","0","1","0","7","2","6","30","4","1","1","5","4","6","6","4","4","9","5","5","2","15","3","10","1","1","C03","7","9","1","10","2","12","","12","12","1","12","4","120.613028","24.145444","2"
"1050","66000","387130000C","(04)23274275","(04)23288582","2026","2","3","17","0","臺中市","北區","0","0","0","7","","","50","","","","","","","","","","","","","","17","","","","","C03","","","1","","1","","","84","84","1","13","4","120.672436","24.169992","3"
"1051","66000","387130000C","(04)23274275","(04)23288582","2026","2","3","17","3","臺中市","北屯區","0","0","0","7","","","50","","","","","","","","","","","","","","13","","","","","B03","","","1","","1","","","61","61","1","13","4","120.686821","24.172058","3"
"1052","66000","387130000C","(04)23274275","(04)23288582","2026","2","3","17","5","臺中市","南屯區","0","2","0","7","2","6","50","4","2","1","5","4","6","6","2","1","5","4","4","2","17","2","9","2","1","C03","7","9","1","10","1","11","","7","7","1","12","4","120.646423","24.137475","2"
"1053","66000","387130000C","(04)23274275","(04)23288582","2026","2","3","17","5","臺中市","西屯區","0","0","0","7","","","50","","","","","","","","","","","","","","2","","","","","C03","","","1","","2","","","8","8","1","13","4","120.636769","24.171604","3"
"1054","66000","387130000C","(04)23274275","(04)23288582","2026","2","3","17","5","臺中市","沙鹿區","0","1","0","7","2","6","50","3","2","1","5","4","6","6","4","4","8","5","4","2","16","2","9","2","1","C03","7","6","1","10","2","13","","39","39","1","6","4","120.554557","24.223338","2"
"1055","66000","387130000C","(04)23274275","(04)23288582","2026","2","3","17","6","臺中市","西屯區","0","1","0","7","2","6","50","13","9","1","5","4","6","6","4","4","5","5","5","2","30","","","","","","","","","","","","","119","119","1","","","120.649057","24.168518","2"
"1056","66000","387130000C","(04)23274275","(04)23288582","2026","2","3","17","11","臺中市","新社區","0","1","0","7","3","6","50","13","9","1","5","4","6","6","4","4","9","5","5","1","18","2","9","1","4","C03","7","9","1","10","2","14","11","84","84","1","13","4","120.809713","24.236517","2"
"1057","66000","387130000C","(04)23274275","(04)23288582","2026","2","3","17","12","臺中市","烏日區","0","1","0","7","2","6","50","3","2","1","5","4","6","6","4","4","5","4","5","1","12","2","9","5","4","C03","7","8","1","10","2","14","","40","40","1","13","4","120.627776","24.103292","2"
"1058","66000","387130000C","(04)23274275","(04)23288582","2026","2","3","17","12","臺中市","豐原區","0","1","0","6","2","6","50","3","7","1","5","4","6","6","4","4","5","5","4","2","17","2","9","5","4","C03","7","9","1","10","2","15","","84","84","1","13","4","120.725751","24.241687","2"
"1059","66000","387130000C","(04)23274275","(04)23288582","2026","2","3","17","14","臺中市","北屯區","0","0","0","7","","","50","","","","","","","","","","","","","","12","","","","","B02","","","1","","2","","","2","2","1","6","4","120.667398","24.179522","3"
"1060","66000","387130000C","(04)23274275","(04)23288582","2026","2","3","17","15","臺中市","大雅區","0","0","0","7","","","30","","","","","","","","","","","","","","","","","","","C03","","","1","","1","","","20","20","1","13","4","120.654387","24.21114","3"
"1061","66000","387130000C","(04)23274275","(04)23288582","2026","2","3","17","18","臺中市","西區","0","2","0","7","2","6","50","4","2","1","5","4","6","6","1","1","5","4","5","1","16","2","9","2","1","C03","7","6","1","10","2","11","","48","48","1","13","4","120.660182","24.136584","2"
"1062","66000","387130000C","(04)23274275","(04)23288582","2026","2","3","17","19","臺中市","西屯區","0","0","0","7","","","40","","","","","","","","","","","","","","13","","","","","C03","","","1","","1","","","7","7","1","12","4","120.65201","24.161079","3"
"1063","66000","387130000C","(04)23274275","(04)23288582","2026","2","3","17","19","臺中市","大里區","0","0","0","7","","","50","","","","","","","","","","","","","","16","","","","","B03","","","1","","2","","","11","11","1","6","4","120.690251","24.092775","3"
"1064","66000","387130000C","(04)23274275","(04)23288582","2026","2","3","17","19","臺中市","后里區","0","2","0","7","2","6","30","5","1","1","5","4","6","6","4","4","10","5","5","2","15","2","9","2","1","C03","7","9","1","10","2","12","","12","12","1","12","4","120.673253","24.313183","2"
"1065","66000","387130000C","(04)23274275","(04)23288582","2026","2","3","17","20","臺中市","北區","0","0","0","7","","","50","","","","","","","","","","","","","","","","","","","B03","","","1","","1","","","84","84","1","12","4","120.686202","24.155078","3"
"1066","66000","387130000C","(04)23274275","(04)23288582","2026","2","3","17","20","臺中市","豐原區","0","0","0","7","","","50","","","","","","","","","","","","","","17","","","","","C03","","","1","","2","","","20","20","1","6","4","120.717737","24.253134","3"
"1067","66000","387130000C","(04)23274275","(04)23288582","2026","2","3","17","22","臺中市","后里區","0","2","0","7","1","6","50","13","9","1","5","4","6","6","4","4","9","4","4","1","17","2","8","2","1","C03","7","6","1","10","2","12","","84","84","1","12","4","120.708782","24.311116","2"
"1068","66000","387130000C","(04)23274275","(04)23288582","2026","2","3","17","23","臺中市","西區","0","0","0","7","","","30","","","","","","","","","","","","","","17","","","","","C03","","","1","","1","","","6","6","1","13","4","120.660876","24.151977","3"
"1069","66000","387130000C","(04)23274275","(04)23288582","2026","2","3","17","25","臺中市","東區","0","0","0","7","","","50","","","","","","","","","","","","","","17","","","","","B03","","","1","","1","","","49","49","1","12","4","120.690982","24.129706","3"
"1070","66000","387130000C","(04)23274275","(04)23288582","2026","2","3","17","28","臺中市","潭子區","0","2","0","7","3","6","30","4","1","1","5","4","6","6","4","4","10","5","5","2","15","2","7","2","1","C03","7","9","1","10","2","14","","13","13","1","13","4","120.701495","24.211612","2"
"1071","66000","387130000C","(04)23274275","(04)23288582","2026","2","3","17","28","臺中市","大里區","0","0","0","7","2","6","50","5","1","1","5","4","6","6","1","1","5","5","4","2","17","","","","","B03","","","1","","2","","","84","84","1","13","4","120.700971","24.102811","3"
"1072","66000","387130000C","(04)23274275","(04)23288582","2026","2","3","17","28","臺中市","大肚區","0","2","0","7","1","6","50","13","9","1","5","4","6","6","4","4","9","5","5","1","16","2","9","1","1","F03","7","6","7","21","2","14","","20","20","1","6","4","120.578749","24.16794","2"
"1073","66000","387130000C","(04)23274275","(04)23288582","2026","2","3","17","30","臺中市","北區","0","0","0","7","","","50","","","","","","","","","","","","","","17","","","","","C04","","","1","","1","","","84","84","1","13","4","120.672158","24.171061","3"
"1074","66000","387130000C","(04)23274275","(04)23288582","2026","2","3","17","34","臺中市","豐原區","0","1","0","7","2","6","50","4","1","1","5","4","6","6","4","4","10","5","5","2","15","2","9","1","1","C03","7","9","1","10","2","14","","12","12","1","12","4","120.71783","24.262758","2"
"1075","66000","387130000C","(04)23274275","(04)23288582","2026","2","3","17","35","臺中市","北屯區","0","0","0","7","","","50","","","","","","","","","","","","","","12","","","","","B03","","","1","","1","","","84","84","1","12","4","120.691267","24.171146","4"
"1076","66000","387130000C","(04)23274275","(04)23288582","2026","2","3","17","38","臺中市","大肚區","0","0","0","7","","","50","","","","","","","","","","","","","","14","","","","","B03","","","1","","1","","","49","49","1","6","4","120.545908","24.149993","3"
"1077","66000","387130000C","(04)23274275","(04)23288582","2026","2","3","17","38","臺中市","豐原區","0","0","0","7","","","50","","","","","","","","","","","","","","13","","","","","C03","","","1","","2","","","7","7","1","12","4","120.72087","24.251584","4"
"1078","66000","387130000C","(04)23274275","(04)23288582","2026","2","3","17","39","臺中市","西屯區","0","0","0","7","","","50","","","","","","","","","","","","","","13","","","","","B03","","","1","","1","","","7","7","1","12","4","120.65808","24.192737","3"
"1079","66000","387130000C","(04)23274275","(04)23288582","2026","2","3","17","40","臺中市","西屯區","0","0","0","7","","3","80","","","","","","","","","","","","","","13","","","","","B13","","","1","","1","","","7","7","1","13","4","120.626779","24.159186","3"
"1080","66000","387130000C","(04)23274275","(04)23288582","2026","2","3","17","40","臺中市","豐原區","0","0","0","7","","","50","","","","","","","","","","","","","","17","","","","","B03","","","1","","2","","","84","84","1","6","4","120.716034","24.261777","3"
"1081","66000","387130000C","(04)23274275","(04)23288582","2026","2","3","17","46","臺中市","南屯區","0","1","0","7","3","6","50","4","1","1","5","4","6","6","2","1","10","5","5","2","16","2","8","1","1","C02","7","5","1","9","1","12","","11","11","1","6","4","120.623737","24.149256","2"
"1082","66000","387130000C","(04)23274275","(04)23288582","2026","2","3","17","46","臺中市","西屯區","0","0","0","7","","","60","","","","","","","","","","","","","","13","","","","","B03","","","1","","1","","","7","7","1","13","4","120.63371","24.161264","3"
"1083","66000","387130000C","(04)23274275","(04)23288582","2026","2","3","17","47","臺中市","梧棲區","0","1","0","7","2","6","50","3","1","1","5","4","6","6","4","4","10","5","5","2","13","2","9","1","1","C03","7","9","1","10","2","11","","7","7","1","12","4","120.535096","24.24284","2"
"1084","66000","387130000C","(04)23274275","(04)23288582","2026","2","3","17","48","臺中市","南區","0","1","0","7","2","6","50","3","1","1","5","4","6","6","4","4","10","5","5","2","17","3","10","3","1","B03","7","6","1","8","2","4","","48","48","1","6","4","120.657936","24.110066","2"
"1085","66000","387130000C","(04)23274275","(04)23288582","2026","2","3","17","51","臺中市","北屯區","0","1","0","7","1","6","40","13","7","1","5","4","6","6","4","4","5","5","4","2","12","3","10","1","1","C04","7","9","1","10","1","13","","85","85","1","12","4","120.722196","24.163452","2"
"1086","66000","387130000C","(04)23274275","(04)23288582","2026","2","3","17","52","臺中市","龍井區","0","1","0","7","1","6","30","4","1","1","5","4","6","6","3","1","5","5","5","1","15","3","10","3","1","B01","7","9","1","4","2","2","","24","24","1","12","4","120.505176","24.20133","2"
"1087","66000","387130000C","(04)23274275","(04)23288582","2026","2","3","17","53","臺中市","西區","0","1","0","7","1","6","50","13","8","1","5","4","6","6","4","4","5","5","4","2","13","2","9","1","1","C03","7","9","1","10","2","11","","7","7","1","5","4","120.661879","24.135978","2"
"1088","66000","387130000C","(04)23274275","(04)23288582","2026","2","3","17","54","臺中市","北屯區","0","2","0","7","1","6","50","4","1","1","5","4","6","6","1","1","10","5","5","2","16","2","8","1","1","C03","7","6","1","10","2","14","","48","48","1","12","4","120.660737","24.188954","2"
"1089","66000","387130000C","(04)23274275","(04)23288582","2026","2","3","17","54","臺中市","烏日區","0","0","0","7","","","50","","","","","","","","","","","","","","","","","","","B03","","","1","","2","","","49","49","1","13","4","120.64452","24.085056","3"
"1090","66000","387130000C","(04)23274275","(04)23288582","2026","2","3","17","55","臺中市","沙鹿區","0","2","0","6","1","6","50","13","9","1","5","4","6","6","4","4","9","5","5","1","13","2","9","1","1","C03","7","9","1","10","2","11","14","7","7","1","12","4","120.576675","24.205516","2"
"1091","66000","387130000C","(04)23274275","(04)23288582","2026","2","3","17","55","臺中市","大甲區","0","1","0","7","1","6","50","4","1","1","5","4","6","6","4","4","10","5","5","2","12","2","9","5","4","C03","7","4","3","19","2","12","","84","84","1","6","4","120.621609","24.346527","2"
"1092","66000","387130000C","(04)23274275","(04)23288582","2026","2","3","17","56","臺中市","西屯區","0","2","0","7","1","6","50","3","1","1","5","4","6","6","4","4","3","4","5","2","17","2","8","5","4","C03","7","6","1","10","2","11","","39","39","1","12","4","120.6523","24.205614","2"
"1093","66000","387130000C","(04)23274275","(04)23288582","2026","2","3","17","57","臺中市","北屯區","0","0","0","7","","","50","","","","","","","","","","","","","","12","","","","","C03","","","1","","1","","","85","85","1","12","4","120.679917","24.175219","3"
"1094","66000","387130000C","(04)23274275","(04)23288582","2026","2","3","17","57","臺中市","西屯區","0","2","0","7","1","6","50","4","1","1","5","4","6","6","1","1","4","3","5","2","11","2","7","1","1","C03","7","6","1","10","2","12","","11","11","1","13","4","120.655917","24.170507","2"
"1095","66000","387130000C","(04)23274275","(04)23288582","2026","2","3","18","1","臺中市","大里區","0","0","0","7","","","50","","","","","","","","","","","","","","","","","","","B03","","","5","","2","","","84","84","1","12","4","120.664462","24.086332","3"
"1096","66000","387130000C","(04)23274275","(04)23288582","2026","2","3","18","2","臺中市","北區","0","2","0","7","2","6","50","13","9","1","5","4","6","6","4","4","5","5","5","2","13","2","8","1","1","C03","7","9","1","10","2","11","","59","59","1","12","4","120.68217","24.161613","2"
"1097","66000","387130000C","(04)23274275","(04)23288582","2026","2","3","18","2","臺中市","梧棲區","0","0","0","7","","","50","","","","","","","","","","","","","","13","","","","","B03","","","1","","1","","","7","7","1","12","4","120.538775","24.25788","3"
"1098","66000","387130000C","(04)23274275","(04)23288582","2026","2","3","18","4","臺中市","太平區","0","0","0","7","","","50","","","","","","","","","","","","","","","","","","","B03","","","1","","1","","","11","11","1","12","4","120.71296","24.144522","3"
"1099","66000","387130000C","(04)23274275","(04)23288582","2026","2","3","18","4","臺中市","太平區","0","0","0","7","","","50","","","","","","","","","","","","","","12","","","","","B02","","","1","","2","","","7","7","1","12","4","120.704629","24.148248","3"
"1100","66000","387130000C","(04)23274275","(04)23288582","2026","2","3","18","4","臺中市","梧棲區","0","1","0","7","1","6","50","4","1","1","5","4","6","6","2","1","3","2","4","2","18","2","9","2","1","C01","7","9","1","9","2","14","","82","82","1","12","4","120.549913","24.241484","2"
"1101","66000","387130000C","(04)23274275","(04)23288582","2026","2","3","18","5","臺中市","東區","0","1","0","7","1","6","50","4","1","1","5","4","6","6","1","1","5","4","4","2","18","2","9","2","1","C03","7","9","1","10","2","16","","84","84","1","6","4","120.702911","24.142663","2"
"1102","66000","387130000C","(04)23274275","(04)23288582","2026","2","3","18","10","臺中市","清水區","0","1","0","7","1","6","50","13","9","1","5","4","6","6","4","4","8","3","4","1","17","3","10","1","1","C03","7","9","1","10","2","11","","58","58","1","12","4","120.557137","24.266401","2"
"1103","66000","387130000C","(04)23274275","(04)23288582","2026","2","3","18","10","臺中市","沙鹿區","0","0","0","7","","","50","","","","","","","","","","","","","","12","","","","","C03","","","1","","1","","","50","50","1","12","4","120.574393","24.227819","4"
"1104","66000","387130000C","(04)23274275","(04)23288582","2026","2","3","18","11","臺中市","北屯區","0","0","0","7","","","50","","","","","","","","","","","","","","13","","","","","B12","","","1","","1","","","7","7","1","6","4","120.710723","24.18225","3"