序號,縣市別代碼,機關代碼,市話,傳真,年,月,日,時,分,縣市,區,死亡數量,受傷數量,2-30,天候,道路照明設備,道路類別,道路速限,道路型態,事故位置,路面鋪裝,路面狀態,路面缺陷,障礙物,視距,號誌種類,號誌動作,分向設施,快車道或一般車道間,快慢車道間,路面邊線,事故類型及型態,受傷程度,主要傷處,保護裝備,行動電話或功能裝置,當事者區分(類別),車輛用途,當事者行動狀態,駕照狀態,駕照種類,飲酒情形,車輛撞擊部位最初,車輛撞擊部位其他,肇事因素個別,肇事因素主要,肇事逃逸,職業,共享經濟或外送平台,GPS座標X,GPS座標Y,事故類別
"1105","66000","387130000C","(04)23274275","(04)23288582","2026","2","3","18","11","臺中市","沙鹿區","0","0","0","7","","","50","","","","","","","","","","","","","","","","","","","B03","","","1","","1","","","49","49","1","12","4","120.572416","24.229589","3"
"1106","66000","387130000C","(04)23274275","(04)23288582","2026","2","3","18","13","臺中市","西區","0","1","0","7","1","6","30","4","1","1","5","4","6","6","4","4","10","4","5","2","15","2","9","2","1","C03","7","9","1","10","2","11","","15","15","1","13","4","120.658127","24.139271","2"
"1107","66000","387130000C","(04)23274275","(04)23288582","2026","2","3","18","13","臺中市","西屯區","0","0","0","7","","","70","","","","","","","","","","","","","","14","","","","","B03","","","1","","1","","","49","49","1","12","4","120.601046","24.182433","3"
"1108","66000","387130000C","(04)23274275","(04)23288582","2026","2","3","18","13","臺中市","梧棲區","0","1","0","7","2","6","50","3","9","1","5","4","6","6","4","4","5","5","4","2","17","2","9","2","1","C03","7","6","1","10","2","13","","84","84","1","12","4","120.539975","24.246858","2"
"1109","66000","387130000C","(04)23274275","(04)23288582","2026","2","3","18","14","臺中市","烏日區","0","0","0","7","1","6","60","13","7","1","5","4","6","6","4","4","1","4","5","1","12","3","10","3","1","A41","1","7","1","1","2","8","","84","84","1","6","4","120.646982","24.071389","3"
"1110","66000","387130000C","(04)23274275","(04)23288582","2026","2","3","18","15","臺中市","西屯區","0","0","0","7","","","40","","","","","","","","","","","","","","13","","","","","C03","","","1","","1","","","7","7","1","12","4","120.656454","24.158447","3"
"1111","66000","387130000C","(04)23274275","(04)23288582","2026","2","3","18","16","臺中市","西屯區","0","1","0","7","1","6","50","13","9","1","5","4","6","6","4","4","1","4","5","1","17","3","10","5","4","B03","7","9","1","8","2","5","","59","59","1","13","4","120.660348","24.201241","2"
"1112","66000","387130000C","(04)23274275","(04)23288582","2026","2","3","18","18","臺中市","南屯區","0","0","0","7","","","50","","","","","","","","","","","","","","13","","","","","C03","","","1","","2","","","7","7","1","12","4","120.616918","24.155167","3"
"1113","66000","387130000C","(04)23274275","(04)23288582","2026","2","3","18","18","臺中市","西屯區","0","1","0","7","1","6","50","13","9","1","5","4","6","6","4","4","5","4","5","2","13","3","10","1","1","C03","7","9","1","10","1","13","","7","7","1","12","4","120.634951","24.169498","2"
"1114","66000","387130000C","(04)23274275","(04)23288582","2026","2","3","18","19","臺中市","大里區","0","1","0","7","1","6","50","3","1","1","5","4","6","6","4","4","10","5","5","2","17","3","10","3","1","B01","7","11","1","4","2","5","","45","45","1","12","4","120.695658","24.111308","2"
"1115","66000","387130000C","(04)23274275","(04)23288582","2026","2","3","18","24","臺中市","東勢區","0","1","0","7","2","6","50","4","1","1","5","4","6","6","1","1","10","5","5","2","16","3","10","1","1","C03","7","6","1","10","2","12","","11","11","1","12","4","120.828007","24.260218","2"
"1116","66000","387130000C","(04)23274275","(04)23288582","2026","2","3","18","25","臺中市","大里區","0","1","0","7","1","6","30","4","1","1","5","4","6","6","4","4","10","5","5","1","15","2","9","1","1","C03","7","9","1","10","2","11","","15","15","1","13","4","120.664739","24.101651","2"
"1117","66000","387130000C","(04)23274275","(04)23288582","2026","2","3","18","27","臺中市","西屯區","0","0","0","7","","3","40","","","","","","","","","","","","","","13","","","","","B03","","","1","","1","","","7","7","1","13","4","120.636336","24.183491","3"
"1118","66000","387130000C","(04)23274275","(04)23288582","2026","2","3","18","30","臺中市","大雅區","0","0","0","7","","","50","","","","","","","","","","","","","","","","","","","C03","","","1","","1","","","7","7","1","12","4","120.64648","24.226022","3"
"1119","66000","387130000C","(04)23274275","(04)23288582","2026","2","3","18","35","臺中市","太平區","0","1","0","7","1","6","50","3","1","1","5","4","6","6","1","1","10","5","5","2","16","3","10","3","1","B03","7","6","1","8","2","6","","11","11","1","13","4","120.712953","24.158805","2"
"1120","66000","387130000C","(04)23274275","(04)23288582","2026","2","3","18","38","臺中市","西屯區","0","0","0","7","","","50","","","","","","","","","","","","","","16","","","","","B03","","","1","","1","","","11","11","1","12","4","120.623195","24.175948","3"
"1121","66000","387130000C","(04)23274275","(04)23288582","2026","2","3","18","42","臺中市","北區","0","0","0","7","","","50","","","","","","","","","","","","","","","","","","","B03","","","1","","11","","","50","50","2","13","4","120.672443","24.14461","3"
"1122","66000","387130000C","(04)23274275","(04)23288582","2026","2","3","18","43","臺中市","西屯區","0","2","0","7","1","6","30","4","1","1","5","4","6","6","4","4","10","5","5","2","15","2","9","5","4","C03","7","9","1","10","2","12","","4","4","1","12","4","120.641521","24.172084","2"
"1123","66000","387130000C","(04)23274275","(04)23288582","2026","2","3","18","44","臺中市","潭子區","0","0","0","6","","3","80","","","","","","","","","","","","","","","","","","","B03","","","1","","2","","","7","7","1","13","4","120.721576","24.194248","3"
"1124","66000","387130000C","(04)23274275","(04)23288582","2026","2","3","18","48","臺中市","大里區","0","1","0","7","1","6","50","4","9","1","5","4","6","6","1","1","5","5","5","1","13","2","9","1","1","C03","7","9","1","10","7","11","","84","84","1","12","4","120.686176","24.110575","2"
"1125","66000","387130000C","(04)23274275","(04)23288582","2026","2","3","18","50","臺中市","西屯區","0","0","0","7","","","40","","","","","","","","","","","","","","13","","","","","C03","","","1","","1","","","7","7","1","13","4","120.641334","24.167664","3"
"1126","66000","387130000C","(04)23274275","(04)23288582","2026","2","3","18","52","臺中市","豐原區","0","0","0","7","","","40","","","","","","","","","","","","","","14","","","","","B12","","","1","","1","","","50","50","1","13","4","120.72792","24.25016","3"
"1127","66000","387130000C","(04)23274275","(04)23288582","2026","2","3","18","55","臺中市","大肚區","0","1","0","7","1","6","50","3","1","1","5","4","6","6","4","4","10","5","5","2","16","3","10","3","1","B03","7","5","1","8","2","6","","14","14","1","6","4","120.554254","24.131561","2"
"1128","66000","387130000C","(04)23274275","(04)23288582","2026","2","3","18","58","臺中市","太平區","0","0","0","6","","","40","","","","","","","","","","","","","","","","","","","B03","","","1","","1","","","50","50","1","12","4","120.703381","24.15186","3"
"1129","66000","387130000C","(04)23274275","(04)23288582","2026","2","3","19","7","臺中市","北區","0","1","0","7","1","6","50","3","1","1","5","4","6","6","4","4","10","5","5","2","16","3","10","1","1","C03","7","6","1","10","2","11","","14","14","1","12","4","120.671955","24.153795","2"
"1130","66000","387130000C","(04)23274275","(04)23288582","2026","2","3","19","7","臺中市","霧峰區","0","1","0","7","3","6","50","13","9","1","5","4","6","6","4","4","9","5","5","1","28","","","","","","","","","","","","","118","118","1","","","120.706532","24.075167","2"
"1131","66000","387130000C","(04)23274275","(04)23288582","2026","2","3","19","10","臺中市","西屯區","0","2","0","7","1","6","50","4","1","1","5","4","6","6","2","1","10","5","5","2","16","3","10","1","1","C03","7","6","1","10","2","13","","48","48","1","12","4","120.638934","24.180157","2"
"1132","66000","387130000C","(04)23274275","(04)23288582","2026","2","3","19","11","臺中市","太平區","0","0","0","7","","","30","","","","","","","","","","","","","","11","","","","","B03","","","1","","2","","","8","8","1","12","4","120.732521","24.154694","3"
"1133","66000","387130000C","(04)23274275","(04)23288582","2026","2","3","19","13","臺中市","南屯區","0","0","0","7","","","40","","","","","","","","","","","","","","12","","","","","B03","","","1","","1","","","2","2","1","12","4","120.585375","24.166733","3"
"1134","66000","387130000C","(04)23274275","(04)23288582","2026","2","3","19","15","臺中市","大雅區","0","0","0","7","","","40","","","","","","","","","","","","","","","","","","","B03","","","1","","2","","","50","50","1","12","4","120.631701","24.239302","3"
"1135","66000","387130000C","(04)23274275","(04)23288582","2026","2","3","19","15","臺中市","大雅區","0","2","0","7","1","6","40","13","8","1","5","4","6","6","4","4","1","3","4","1","17","2","8","5","4","C03","7","9","1","10","2","11","","7","7","1","13","4","120.649532","24.213799","2"
"1136","66000","387130000C","(04)23274275","(04)23288582","2026","2","3","19","15","臺中市","西屯區","0","0","0","7","","","60","","","","","","","","","","","","","","17","","","","","B03","","","1","","1","","","40","40","1","13","4","120.649503","24.162436","3"
"1137","66000","387130000C","(04)23274275","(04)23288582","2026","2","3","19","16","臺中市","北區","0","0","0","7","","","50","","","","","","","","","","","","","","17","","","","","B03","","","1","","9","","","39","39","1","13","4","120.683215","24.145267","3"
"1138","66000","387130000C","(04)23274275","(04)23288582","2026","2","3","19","17","臺中市","北屯區","0","0","0","7","","","50","","","","","","","","","","","","","","17","","","","","","","","","","","","","86","86","1","","","120.726726","24.174635","3"
"1139","66000","387130000C","(04)23274275","(04)23288582","2026","2","3","19","20","臺中市","豐原區","0","1","0","7","1","6","50","13","9","1","5","4","6","6","4","4","9","4","5","1","17","2","9","1","1","C03","7","9","1","10","2","11","","7","7","1","6","4","120.719601","24.249662","2"
"1140","66000","387130000C","(04)23274275","(04)23288582","2026","2","3","19","31","臺中市","南區","0","1","0","6","1","6","50","3","1","1","5","4","6","6","4","4","9","4","5","2","9","3","10","3","1","B03","7","9","1","8","2","8","","87","87","1","12","4","120.667933","24.114842","2"
"1141","66000","387130000C","(04)23274275","(04)23288582","2026","2","3","19","31","臺中市","豐原區","0","1","0","7","1","6","50","3","1","1","5","4","6","6","4","4","10","5","5","2","13","2","9","1","1","C03","7","9","1","9","2","11","","7","7","1","12","4","120.721624","24.271665","2"
"1142","66000","387130000C","(04)23274275","(04)23288582","2026","2","3","19","32","臺中市","大雅區","0","2","0","7","1","6","50","4","1","1","5","4","6","6","1","1","10","5","5","2","17","2","9","2","1","C03","7","6","3","19","2","11","","36","36","1","12","4","120.657755","24.220485","2"
"1143","66000","387130000C","(04)23274275","(04)23288582","2026","2","3","19","33","臺中市","太平區","0","1","0","7","1","6","50","4","1","1","5","4","6","6","2","1","10","5","5","2","16","3","10","3","1","B03","7","6","1","8","2","2","","11","11","1","13","4","120.717625","24.15851","2"
"1144","66000","387130000C","(04)23274275","(04)23288582","2026","2","3","19","35","臺中市","北屯區","0","2","0","7","3","6","50","4","1","1","5","4","6","6","1","1","10","5","5","2","17","2","9","2","1","C03","7","6","3","19","9","11","","84","84","2","12","4","120.690986","24.162866","2"
"1145","66000","387130000C","(04)23274275","(04)23288582","2026","2","3","19","36","臺中市","豐原區","0","1","0","7","1","6","50","3","1","1","5","4","6","6","3","1","5","5","5","1","15","3","10","5","4","C03","7","9","1","10","2","12","","24","24","1","13","4","120.708799","24.251074","2"
"1146","66000","387130000C","(04)23274275","(04)23288582","2026","2","3","19","40","臺中市","西區","0","0","0","7","","","50","","","","","","","","","","","","","","13","","","","","B03","","","1","","1","","","7","7","1","13","4","120.671787","24.142162","3"
"1147","66000","387130000C","(04)23274275","(04)23288582","2026","2","3","19","40","臺中市","沙鹿區","0","1","0","7","1","6","40","13","8","1","5","4","6","6","4","4","4","5","4","2","17","2","9","2","1","C03","7","9","1","10","2","12","","59","59","1","6","4","120.567639","24.257108","2"
"1148","66000","387130000C","(04)23274275","(04)23288582","2026","2","3","19","41","臺中市","南屯區","0","0","0","7","","","50","","","","","","","","","","","","","","13","","","","","B03","","","1","","2","","","50","50","1","12","4","120.633248","24.124221","3"
"1149","66000","387130000C","(04)23274275","(04)23288582","2026","2","3","19","43","臺中市","南屯區","0","1","0","7","1","6","50","13","9","1","5","4","6","6","1","1","5","4","5","2","18","2","9","1","1","C03","7","9","1","10","2","12","","59","59","1","12","4","120.646449","24.146803","2"
"1150","66000","387130000C","(04)23274275","(04)23288582","2026","2","3","19","45","臺中市","神岡區","0","0","0","7","","","50","","","","","","","","","","","","","","12","","","","","B03","","","1","","1","","","51","51","1","13","4","120.683457","24.246569","3"
"1151","66000","387130000C","(04)23274275","(04)23288582","2026","2","3","19","50","臺中市","后里區","0","1","0","7","1","6","50","3","1","1","5","4","6","6","4","4","10","5","5","2","16","3","10","3","1","B03","7","5","1","8","2","7","","14","14","1","12","4","120.719243","24.325119","2"
"1152","66000","387130000C","(04)23274275","(04)23288582","2026","2","3","19","50","臺中市","后里區","0","0","0","7","","","50","","","","","","","","","","","","","","16","","","","","C03","","","1","","1","","","11","11","1","12","4","120.712232","24.308162","3"
"1153","66000","387130000C","(04)23274275","(04)23288582","2026","2","3","19","54","臺中市","北區","0","0","0","7","","","50","","","","","","","","","","","","","","13","","","","","C03","","","1","","1","","","7","7","1","13","4","120.685833","24.153367","3"
"1154","66000","387130000C","(04)23274275","(04)23288582","2026","2","3","19","59","臺中市","大里區","0","0","0","7","","","50","","","","","","","","","","","","","","17","","","","","B12","","","1","","1","","","78","78","1","12","4","120.705745","24.087528","3"
"1155","66000","387130000C","(04)23274275","(04)23288582","2026","2","3","19","59","臺中市","大里區","0","1","0","7","1","6","50","4","1","1","5","4","6","6","1","1","5","5","4","1","16","3","10","3","1","B03","7","5","1","8","2","5","","47","47","1","13","4","120.683729","24.110216","2"
"1156","66000","387130000C","(04)23274275","(04)23288582","2026","2","3","20","2","臺中市","神岡區","0","2","0","6","1","6","50","3","1","1","5","4","6","1","1","1","10","5","4","1","11","2","9","1","1","C03","7","9","3","19","2","11","","39","39","1","12","4","120.695441","24.236448","2"
"1157","66000","387130000C","(04)23274275","(04)23288582","2026","2","3","20","6","臺中市","南屯區","0","0","0","7","","","50","","","","","","","","","","","","","","17","","","","","B03","","","1","","1","","","84","84","1","12","4","120.622352","24.150069","3"
"1158","66000","387130000C","(04)23274275","(04)23288582","2026","2","3","20","8","臺中市","北區","0","0","0","7","","","50","","","","","","","","","","","","","","","","","","","B03","","","1","","2","","","1","1","1","12","4","120.682806","24.153156","3"
"1159","66000","387130000C","(04)23274275","(04)23288582","2026","2","3","20","8","臺中市","大甲區","0","0","0","7","","","50","","","","","","","","","","","","","","13","","","","","B01","","","1","","1","","","7","7","1","13","4","120.627444","24.350521","3"
"1160","66000","387130000C","(04)23274275","(04)23288582","2026","2","3","20","15","臺中市","大甲區","0","0","0","7","","","50","","","","","","","","","","","","","","","","","","","B03","","","1","","2","","","49","49","1","6","4","120.652895","24.391148","3"
"1161","66000","387130000C","(04)23274275","(04)23288582","2026","2","3","20","19","臺中市","龍井區","0","0","0","7","","","50","","","","","","","","","","","","","","15","","","","","B03","","","1","","1","","","21","21","1","13","4","120.523051","24.197083","3"
"1162","66000","387130000C","(04)23274275","(04)23288582","2026","2","3","20","20","臺中市","北區","0","2","0","7","1","6","50","13","9","1","5","4","6","6","4","4","5","4","5","2","12","2","9","2","1","C03","7","4","1","10","2","12","","8","8","1","12","4","120.672807","24.159026","2"
"1163","66000","387130000C","(04)23274275","(04)23288582","2026","2","3","20","21","臺中市","太平區","0","1","0","7","1","6","50","4","2","1","5","4","6","6","2","1","10","5","5","2","16","3","10","3","1","B03","7","6","1","8","2","8","","48","48","1","12","4","120.712465","24.157346","2"
"1164","66000","387130000C","(04)23274275","(04)23288582","2026","2","3","20","30","臺中市","北區","0","0","0","7","","","50","","","","","","","","","","","","","","","","","","","B12","","","1","","11","","","87","87","1","12","4","120.683255","24.157317","3"
"1165","66000","387130000C","(04)23274275","(04)23288582","2026","2","3","20","32","臺中市","西區","0","0","0","7","","","50","","","","","","","","","","","","","","17","","","","","B03","","","","","","","","40","40","1","12","4","120.672171","24.148872","3"
"1166","66000","387130000C","(04)23274275","(04)23288582","2026","2","3","20","32","臺中市","北區","0","1","0","7","1","6","40","13","8","1","5","4","6","6","4","4","1","4","4","2","24","2","8","1","1","C03","7","9","1","10","2","11","","84","84","1","12","4","120.674754","24.162082","2"
"1167","66000","387130000C","(04)23274275","(04)23288582","2026","2","3","20","37","臺中市","龍井區","0","1","0","7","1","6","50","13","9","1","5","4","6","6","4","4","10","5","5","1","17","3","10","5","1","B03","7","13","1","7","2","4","","76","76","1","13","4","120.545461","24.215258","2"
"1168","66000","387130000C","(04)23274275","(04)23288582","2026","2","3","20","40","臺中市","東勢區","0","0","0","7","3","7","30","13","9","1","5","4","6","6","4","4","5","5","5","2","27","3","10","5","5","B03","7","9","1","8","2","5","","7","7","1","13","4","120.827208","24.259989","3"
"1169","66000","387130000C","(04)23274275","(04)23288582","2026","2","3","20","49","臺中市","南屯區","0","1","0","7","1","6","50","13","7","1","5","4","6","6","4","4","10","5","5","2","17","3","10","3","1","B03","7","11","1","8","2","4","","84","84","1","12","4","120.616105","24.152244","2"
"1170","66000","387130000C","(04)23274275","(04)23288582","2026","2","3","20","53","臺中市","后里區","0","1","0","7","1","6","50","3","1","1","5","4","6","6","4","4","10","5","5","2","13","2","8","1","1","C03","7","9","1","10","2","11","","7","7","1","12","4","120.720971","24.30792","2"
"1171","66000","387130000C","(04)23274275","(04)23288582","2026","2","3","20","53","臺中市","東勢區","0","2","0","7","1","6","50","13","9","1","5","4","6","6","4","4","4","1","5","2","13","2","9","5","4","C03","7","6","1","10","2","13","","20","20","1","13","4","120.828317","24.25231","2"
"1172","66000","387130000C","(04)23274275","(04)23288582","2026","2","3","20","54","臺中市","東區","0","0","0","7","","","50","","","","","","","","","","","","","","","","","","","A12","","","1","","2","","","84","84","1","6","4","120.693337","24.143667","3"
"1173","66000","387130000C","(04)23274275","(04)23288582","2026","2","3","20","58","臺中市","西屯區","0","0","0","7","","","50","","","","","","","","","","","","","","13","","","","","B01","","","1","","2","","","7","7","1","12","4","120.635095","24.172337","3"
"1174","66000","387130000C","(04)23274275","(04)23288582","2026","2","3","21","7","臺中市","北區","0","0","0","7","","","50","","","","","","","","","","","","","","","","","","","B03","","","1","","1","","","84","84","1","12","4","120.665825","24.155567","3"
"1175","66000","387130000C","(04)23274275","(04)23288582","2026","2","3","21","13","臺中市","南屯區","0","1","0","7","2","6","50","13","9","1","5","4","6","6","4","4","5","4","5","2","13","3","10","3","1","B03","7","9","1","8","2","1","","7","7","1","13","4","120.61354","24.138975","2"
"1176","66000","387130000C","(04)23274275","(04)23288582","2026","2","3","21","13","臺中市","南屯區","0","1","0","7","2","6","50","4","9","1","5","4","6","6","2","1","5","4","5","2","13","2","8","2","1","C03","7","9","1","10","2","11","","7","7","1","13","4","120.613174","24.138875","2"
"1177","66000","387130000C","(04)23274275","(04)23288582","2026","2","3","21","20","臺中市","豐原區","0","1","0","7","1","6","30","4","1","1","5","4","6","6","4","4","5","5","5","2","17","4","11","1","1","C03","7","9","1","10","2","11","","12","12","1","6","4","120.73382","24.247705","2"
"1178","66000","387130000C","(04)23274275","(04)23288582","2026","2","3","21","23","臺中市","西屯區","0","2","0","7","1","6","30","5","1","1","5","4","6","6","2","1","10","5","5","2","12","2","9","5","4","C03","7","9","1","10","2","12","","8","8","1","12","4","120.643205","24.176755","2"
"1179","66000","387130000C","(04)23274275","(04)23288582","2026","2","3","21","30","臺中市","北區","0","0","0","7","","","0","","","","","","","","","","","","","","30","","","","","B02","","","1","","2","","","49","49","1","13","4","120.67008","24.159453","3"
"1180","66000","387130000C","(04)23274275","(04)23288582","2026","2","3","21","35","臺中市","西區","0","2","0","7","1","6","50","4","1","1","5","4","6","6","2","1","10","5","5","2","13","2","9","2","1","C03","7","9","1","10","2","12","","59","59","1","13","4","120.675136","24.133612","2"
"1181","66000","387130000C","(04)23274275","(04)23288582","2026","2","3","21","37","臺中市","北屯區","0","0","0","7","","","50","","","","","","","","","","","","","","17","","","","","B02","","","1","","1","","","50","50","1","13","4","120.709241","24.171197","3"
"1182","66000","387130000C","(04)23274275","(04)23288582","2026","2","3","21","37","臺中市","太平區","0","0","0","7","","","50","","","","","","","","","","","","","","14","","","","","B03","","","1","","2","","","49","49","1","13","4","120.718859","24.147964","3"
"1183","66000","387130000C","(04)23274275","(04)23288582","2026","2","3","21","40","臺中市","東區","0","2","0","7","1","6","50","3","1","1","5","4","6","6","1","1","10","5","5","2","16","2","9","1","1","C03","7","6","1","10","2","12","","11","11","1","5","4","120.702897","24.125381","2"
"1184","66000","387130000C","(04)23274275","(04)23288582","2026","2","3","21","40","臺中市","西屯區","0","1","0","7","1","6","50","13","9","1","5","4","6","6","4","4","4","3","5","2","16","3","10","3","1","B03","7","5","1","8","2","5","","47","47","1","13","4","120.645308","24.172111","2"
"1185","66000","387130000C","(04)23274275","(04)23288582","2026","2","3","21","49","臺中市","東區","0","2","0","7","1","6","50","4","1","1","5","4","6","6","1","1","5","2","5","2","16","2","9","2","1","C03","7","6","1","10","2","11","","11","11","1","13","4","120.688122","24.133605","2"
"1186","66000","387130000C","(04)23274275","(04)23288582","2026","2","3","21","54","臺中市","西區","0","0","0","7","","","30","","","","","","","","","","","","","","","","","","","B12","","","1","8","2","","","51","51","1","13","4","120.66243","24.134094","3"
"1187","66000","387130000C","(04)23274275","(04)23288582","2026","2","3","22","13","臺中市","中區","0","0","0","7","","","50","","","","","","","","","","","","","","12","","","","","C03","","","1","","1","","","59","59","1","13","4","120.684307","24.137299","3"
"1188","66000","387130000C","(04)23274275","(04)23288582","2026","2","3","22","24","臺中市","南區","0","1","0","7","1","6","50","4","1","1","5","4","6","6","1","1","9","4","4","2","17","2","9","2","1","C03","7","9","1","10","2","14","","7","7","1","12","4","120.661727","24.130271","2"
"1189","66000","387130000C","(04)23274275","(04)23288582","2026","2","3","22","25","臺中市","西屯區","0","1","0","7","1","6","50","4","1","1","5","4","6","6","3","1","10","5","5","2","15","3","10","5","4","B03","7","9","1","8","2","2","","24","24","1","13","4","120.625093","24.185606","2"
"1190","66000","387130000C","(04)23274275","(04)23288582","2026","2","3","22","27","臺中市","大雅區","0","1","0","7","1","6","50","4","1","1","5","4","6","6","1","1","10","5","5","2","17","3","10","3","1","B03","7","6","1","8","2","2","","11","11","1","12","4","120.657369","24.246095","2"
"1191","66000","387130000C","(04)23274275","(04)23288582","2026","2","3","22","42","臺中市","東區","0","2","0","7","1","6","50","4","1","1","5","4","6","6","1","1","5","4","4","2","15","3","10","3","1","B03","7","9","1","8","2","1","","21","21","1","13","4","120.69964","24.144677","2"
"1192","66000","387130000C","(04)23274275","(04)23288582","2026","2","3","22","48","臺中市","南屯區","0","2","0","7","1","6","50","4","2","1","5","4","6","6","2","1","5","4","5","2","12","2","8","2","1","C02","7","5","1","9","2","12","","84","84","1","13","4","120.615218","24.148072","2"
"1193","66000","387130000C","(04)23274275","(04)23288582","2026","2","3","22","50","臺中市","神岡區","0","1","0","7","1","6","10","4","1","1","5","4","1","4","4","4","10","5","5","2","15","2","9","1","1","F01","7","9","7","21","2","12","","12","12","1","12","4","120.692261","24.235605","2"
"1194","66000","387130000C","(04)23274275","(04)23288582","2026","2","3","22","54","臺中市","太平區","0","2","0","7","1","6","50","5","1","1","5","4","6","6","1","1","10","5","5","2","16","2","8","2","1","C03","7","6","1","10","2","11","","11","11","1","12","4","120.718255","24.12573","2"
"1195","66000","387130000C","(04)23274275","(04)23288582","2026","2","3","22","56","臺中市","太平區","0","1","0","7","1","6","50","4","1","1","5","4","6","6","2","1","10","5","5","2","16","3","10","3","1","B12","7","11","1","8","2","5","","45","45","1","13","4","120.733222","24.142623","2"
"1196","66000","387130000C","(04)23274275","(04)23288582","2026","2","3","23","0","臺中市","豐原區","0","0","0","7","","","60","","","","","","","","","","","","","","18","","","","","B03","","","1","","2","","","84","84","1","6","4","120.732591","24.246742","3"
"1197","66000","387130000C","(04)23274275","(04)23288582","2026","2","3","23","20","臺中市","梧棲區","0","1","0","7","1","6","50","3","1","1","5","4","6","6","1","1","10","5","5","2","16","2","9","1","1","C03","7","6","1","10","2","14","","20","20","1","6","4","120.547054","24.233378","2"
"1198","66000","387130000C","(04)23274275","(04)23288582","2026","2","3","23","22","臺中市","霧峰區","0","0","0","7","","","50","","","","","","","","","","","","","","12","","","","","B03","","","1","","2","","","8","8","1","12","4","120.691099","24.071068","3"
"1199","66000","387130000C","(04)23274275","(04)23288582","2026","2","4","0","20","臺中市","南屯區","0","2","0","7","1","6","40","13","12","1","5","4","6","6","4","4","5","4","4","1","13","2","9","2","1","C03","7","9","1","10","2","11","","59","59","1","13","4","120.615353","24.13932","2"
"1200","66000","387130000C","(04)23274275","(04)23288582","2026","2","4","0","32","臺中市","潭子區","0","1","0","7","1","6","30","3","1","1","5","4","6","6","4","4","10","5","5","1","16","3","10","3","1","B03","7","6","3","19","2","5","","14","14","1","13","4","120.698539","24.196184","2"
"1201","66000","387130000C","(04)23274275","(04)23288582","2026","2","4","0","57","臺中市","西屯區","0","1","0","7","1","6","30","4","1","1","5","4","6","6","4","4","10","5","5","2","15","2","9","1","1","C03","7","9","1","10","2","12","","15","15","1","13","4","120.646283","24.181954","2"
"1202","66000","387130000C","(04)23274275","(04)23288582","2026","2","4","1","3","臺中市","南屯區","0","1","0","7","2","6","50","13","7","1","5","4","6","6","4","4","9","5","4","2","16","3","10","3","1","B03","7","11","1","8","2","8","","45","45","1","12","4","120.637189","24.143906","2"
"1203","66000","387130000C","(04)23274275","(04)23288582","2026","2","4","1","8","臺中市","清水區","0","0","0","7","","","30","","","","","","","","","","","","","","","","","","","C03","","","5","","1","","","24","24","1","12","4","120.567761","24.265361","3"
"1204","66000","387130000C","(04)23274275","(04)23288582","2026","2","4","2","30","臺中市","梧棲區","0","1","0","7","1","6","70","13","7","1","5","4","6","6","1","1","1","2","1","1","13","3","10","3","1","B03","7","9","1","8","2","1","","7","7","1","6","4","120.551141","24.244443","2"
"1205","66000","387130000C","(04)23274275","(04)23288582","2026","2","4","3","0","臺中市","東區","0","0","0","7","","","","","","","","","","","","","","","","","17","","","","","","","","","","","","","119","119","1","","","120.705329","24.148232","3"
"1206","66000","387130000C","(04)23274275","(04)23288582","2026","2","4","3","39","臺中市","太平區","0","2","0","7","3","6","50","13","7","1","5","4","6","6","4","4","9","4","4","1","12","2","9","5","1","B03","7","9","1","8","2","2","","84","84","1","13","4","120.735127","24.128259","2"
"1207","66000","387130000C","(04)23274275","(04)23288582","2026","2","4","3","56","臺中市","北屯區","0","1","0","7","1","6","50","4","1","1","5","4","6","6","4","4","4","3","5","2","15","2","9","2","1","C03","7","9","1","10","2","12","14","12","12","1","13","4","120.695344","24.172261","2"
"1208","66000","387130000C","(04)23274275","(04)23288582","2026","2","4","4","40","臺中市","東區","0","1","0","7","1","6","30","4","1","1","5","4","6","6","4","4","10","5","5","2","15","2","9","2","1","C03","7","9","1","10","2","11","14","12","12","1","12","4","120.688994","24.136143","2"
"1209","66000","387130000C","(04)23274275","(04)23288582","2026","2","4","4","54","臺中市","潭子區","0","2","0","7","1","6","50","3","2","1","5","4","6","6","3","1","5","5","5","2","21","2","7","3","1","B03","7","15","1","8","2","5","","59","59","1","13","4","120.720783","24.218025","2"
"1210","66000","387130000C","(04)23274275","(04)23288582","2026","2","4","5","30","臺中市","神岡區","0","0","0","7","2","6","50","13","9","1","5","4","6","6","4","4","10","5","5","1","17","3","10","3","1","B03","7","15","1","8","1","8","8","59","59","2","12","4","120.652831","24.276331","3"
"1211","66000","387130000C","(04)23274275","(04)23288582","2026","2","4","5","37","臺中市","神岡區","0","0","0","7","1","6","50","3","1","1","5","4","6","6","4","4","5","5","5","1","20","3","10","5","4","B03","7","9","4","8","7","1","","53","53","1","12","4","120.655721","24.265152","3"
"1212","66000","387130000C","(04)23274275","(04)23288582","2026","2","4","5","58","臺中市","神岡區","0","0","0","7","","","30","","","","","","","","","","","","","","25","","","","","A12","","","1","","1","","","49","49","1","12","4","120.711133","24.263249","3"
"1213","66000","387130000C","(04)23274275","(04)23288582","2026","2","4","6","40","臺中市","東勢區","0","0","0","7","3","5","50","13","9","1","5","4","6","6","4","4","5","5","5","2","17","3","10","5","4","A11","7","1","1","2","1","9","","87","87","1","12","4","120.785033","24.309927","3"