序號,縣市別代碼,機關代碼,市話,傳真,年,月,日,時,分,縣市,區,死亡數量,受傷數量,2-30,天候,道路照明設備,道路類別,道路速限,道路型態,事故位置,路面鋪裝,路面狀態,路面缺陷,障礙物,視距,號誌種類,號誌動作,分向設施,快車道或一般車道間,快慢車道間,路面邊線,事故類型及型態,受傷程度,主要傷處,保護裝備,行動電話或功能裝置,當事者區分(類別),車輛用途,當事者行動狀態,駕照狀態,駕照種類,飲酒情形,車輛撞擊部位最初,車輛撞擊部位其他,肇事因素個別,肇事因素主要,肇事逃逸,職業,共享經濟或外送平台,GPS座標X,GPS座標Y,事故類別
"1214","66000","387130000C","(04)23274275","(04)23288582","2026","2","4","6","50","臺中市","西屯區","0","1","0","7","2","6","30","3","1","1","5","4","6","6","4","4","10","5","5","2","16","3","10","5","1","B12","7","6","1","8","2","8","","11","11","1","12","4","120.613214","24.165682","2"
"1215","66000","387130000C","(04)23274275","(04)23288582","2026","2","4","6","52","臺中市","西屯區","0","2","0","7","2","6","50","13","9","1","5","4","6","6","2","1","5","4","5","1","12","2","9","5","1","C03","7","9","1","10","2","14","","8","8","1","12","4","120.653103","24.160705","2"
"1216","66000","387130000C","(04)23274275","(04)23288582","2026","2","4","6","56","臺中市","大里區","0","0","0","7","","","","","","","","","","","","","","","","","12","","","","","","","","","","","","","119","119","1","","","120.714792","24.084047","3"
"1217","66000","387130000C","(04)23274275","(04)23288582","2026","2","4","7","0","臺中市","北區","0","0","0","7","","","50","","","","","","","","","","","","","","13","","","","","B01","","","1","","1","","","56","56","1","12","4","120.664157","24.162367","3"
"1218","66000","387130000C","(04)23274275","(04)23288582","2026","2","4","7","13","臺中市","龍井區","0","0","0","7","","","50","","","","","","","","","","","","","","","","","","","A41","","","1","","2","","","87","87","1","6","4","120.513732","24.197692","3"
"1219","66000","387130000C","(04)23274275","(04)23288582","2026","2","4","7","18","臺中市","大雅區","0","0","0","7","","","60","","","","","","","","","","","","","","","","","","","B03","","","1","","1","","","7","7","1","12","4","120.65005","24.212034","3"
"1220","66000","387130000C","(04)23274275","(04)23288582","2026","2","4","7","19","臺中市","神岡區","0","0","0","7","","","50","","","","","","","","","","","","","","12","","","","","B03","","","1","","1","","","40","40","1","12","4","120.665717","24.27431","3"
"1221","66000","387130000C","(04)23274275","(04)23288582","2026","2","4","7","22","臺中市","龍井區","0","0","0","7","","","50","","","","","","","","","","","","","","","","","","","B03","","","1","","1","","","51","51","1","12","4","120.585515","24.185698","3"
"1222","66000","387130000C","(04)23274275","(04)23288582","2026","2","4","7","23","臺中市","大里區","0","0","0","7","","","50","","","","","","","","","","","","","","17","","","","","C03","","","3","","9","","","58","58","1","6","4","120.715198","24.102383","3"
"1223","66000","387130000C","(04)23274275","(04)23288582","2026","2","4","7","25","臺中市","西屯區","0","1","0","7","2","6","0","4","1","1","5","4","6","6","2","1","10","5","5","2","16","2","8","1","1","C03","7","1","1","10","2","11","","51","51","1","12","4","120.650264","24.172096","2"
"1224","66000","387130000C","(04)23274275","(04)23288582","2026","2","4","7","30","臺中市","大雅區","0","2","0","7","1","6","40","4","2","1","5","4","6","6","4","4","9","5","5","1","17","2","9","1","1","C03","7","9","3","19","2","11","","15","15","1","13","4","120.628031","24.229374","2"
"1225","66000","387130000C","(04)23274275","(04)23288582","2026","2","4","7","30","臺中市","新社區","0","0","0","7","3","6","50","13","9","1","5","4","6","6","4","4","5","4","4","1","21","3","10","5","4","B03","7","9","1","8","1","5","","84","84","1","13","4","120.818679","24.212329","3"
"1226","66000","387130000C","(04)23274275","(04)23288582","2026","2","4","7","34","臺中市","豐原區","0","0","0","7","","","50","","","","","","","","","","","","","","","","","","","C03","","","1","","2","","","59","59","1","13","4","120.718912","24.238022","3"
"1227","66000","387130000C","(04)23274275","(04)23288582","2026","2","4","7","36","臺中市","北屯區","0","0","0","7","","","50","","","","","","","","","","","","","","13","","","","","C03","","","1","","2","","","59","59","1","6","2","120.685498","24.172177","3"
"1228","66000","387130000C","(04)23274275","(04)23288582","2026","2","4","7","36","臺中市","西屯區","0","1","0","7","2","6","50","3","1","1","5","4","6","6","1","1","10","5","5","2","13","3","10","5","4","C03","7","9","1","10","2","11","13","7","7","1","13","4","120.636553","24.1818","2"
"1229","66000","387130000C","(04)23274275","(04)23288582","2026","2","4","7","36","臺中市","大里區","0","0","0","7","","","50","","","","","","","","","","","","","","17","","","","","B03","","","1","","2","","","11","11","1","13","4","120.70277","24.088274","3"
"1230","66000","387130000C","(04)23274275","(04)23288582","2026","2","4","7","36","臺中市","烏日區","0","1","0","7","2","6","30","13","9","1","5","4","6","6","4","4","5","4","4","2","13","2","8","1","1","C03","7","9","1","10","2","11","","7","7","1","6","4","120.6386","24.106019","2"
"1231","66000","387130000C","(04)23274275","(04)23288582","2026","2","4","7","37","臺中市","大里區","0","0","0","7","3","6","30","3","1","1","5","4","6","6","4","4","10","5","5","1","13","","","","","C03","","","3","","2","","","84","84","1","12","4","120.702104","24.110984","3"
"1232","66000","387130000C","(04)23274275","(04)23288582","2026","2","4","7","39","臺中市","神岡區","0","1","0","7","2","6","50","13","9","1","5","4","6","6","4","4","9","5","5","1","17","2","9","1","1","F02","7","9","7","21","2","14","14","4","4","1","12","4","120.656726","24.251775","2"
"1233","66000","387130000C","(04)23274275","(04)23288582","2026","2","4","7","40","臺中市","潭子區","0","2","0","7","2","6","50","5","2","1","5","4","6","6","1","1","1","4","4","1","17","2","9","2","1","C03","7","5","1","10","2","12","","14","14","1","13","4","120.703948","24.216003","2"
"1234","66000","387130000C","(04)23274275","(04)23288582","2026","2","4","7","40","臺中市","太平區","0","0","0","7","","","50","","","","","","","","","","","","","","","","","","","C03","","","1","","2","","","84","84","1","12","4","120.732635","24.134866","3"
"1235","66000","387130000C","(04)23274275","(04)23288582","2026","2","4","7","42","臺中市","西屯區","0","0","0","7","","","40","","","","","","","","","","","","","","13","","","","","C03","","","1","","1","","","7","7","1","12","4","120.625019","24.206923","3"
"1236","66000","387130000C","(04)23274275","(04)23288582","2026","2","4","7","43","臺中市","梧棲區","0","1","0","7","3","6","40","3","2","1","5","4","6","6","4","4","1","4","1","1","13","3","10","3","1","A31","7","14","1","1","3","7","","77","77","1","6","4","120.541271","24.248439","2"
"1237","66000","387130000C","(04)23274275","(04)23288582","2026","2","4","7","45","臺中市","北區","0","1","0","7","2","6","30","13","9","1","5","4","6","6","4","4","10","5","5","2","18","2","9","5","4","C03","7","9","1","10","2","12","11","84","84","1","12","4","120.680251","24.148361","2"
"1238","66000","387130000C","(04)23274275","(04)23288582","2026","2","4","7","45","臺中市","南屯區","0","1","0","7","3","6","50","13","8","1","5","4","6","6","4","4","1","4","1","2","12","3","10","3","1","B03","7","5","1","10","2","6","","20","20","1","12","4","120.62327","24.150953","2"
"1239","66000","387130000C","(04)23274275","(04)23288582","2026","2","4","7","45","臺中市","北屯區","0","1","0","7","3","6","50","13","9","1","5","4","6","6","4","4","5","4","5","2","12","3","10","3","1","B03","7","5","1","8","1","2","","47","47","1","6","4","120.681737","24.188427","2"
"1240","66000","387130000C","(04)23274275","(04)23288582","2026","2","4","7","46","臺中市","東區","0","1","0","7","1","6","50","3","1","1","5","4","6","6","1","1","9","4","5","2","11","2","3","1","1","C03","7","6","1","10","2","12","14","7","7","1","12","4","120.697895","24.14478","2"
"1241","66000","387130000C","(04)23274275","(04)23288582","2026","2","4","7","47","臺中市","潭子區","0","0","0","7","","","30","","","","","","","","","","","","","","","","","","","B03","","","1","","9","","","14","14","2","13","4","120.712242","24.213778","3"
"1242","66000","387130000C","(04)23274275","(04)23288582","2026","2","4","7","48","臺中市","大里區","0","1","0","7","3","6","30","3","2","1","5","4","6","6","4","4","10","5","5","2","16","2","9","1","1","C03","7","5","1","10","2","11","","84","84","1","12","4","120.688983","24.112461","2"
"1243","66000","387130000C","(04)23274275","(04)23288582","2026","2","4","7","49","臺中市","西屯區","0","0","0","7","","","50","","","","","","","","","","","","","","13","","","","","C03","","","1","","1","","","7","7","1","12","4","120.646894","24.157315","3"
"1244","66000","387130000C","(04)23274275","(04)23288582","2026","2","4","7","51","臺中市","西屯區","0","0","0","7","","","50","","","","","","","","","","","","","","13","","","","","B03","","","1","","1","","","59","59","1","12","4","120.646839","24.16905","3"
"1245","66000","387130000C","(04)23274275","(04)23288582","2026","2","4","7","51","臺中市","霧峰區","0","2","0","7","2","6","30","4","1","1","5","4","6","6","4","4","10","5","5","2","15","2","7","2","1","C03","7","9","1","10","2","11","","12","12","1","6","4","120.6994","24.070113","2"
"1246","66000","387130000C","(04)23274275","(04)23288582","2026","2","4","7","53","臺中市","大肚區","0","1","0","7","2","6","40","5","1","1","5","4","6","6","1","1","10","5","5","2","16","2","9","2","1","C03","7","9","1","10","2","14","","21","21","1","6","4","120.548517","24.142554","2"
"1247","66000","387130000C","(04)23274275","(04)23288582","2026","2","4","7","54","臺中市","西屯區","0","0","0","7","","","50","","","","","","","","","","","","","","13","","","","","A11","","","3","","2","","","7","7","1","12","4","120.635488","24.182253","3"
"1248","66000","387130000C","(04)23274275","(04)23288582","2026","2","4","7","55","臺中市","南屯區","0","1","0","6","3","6","40","13","8","1","5","4","6","6","2","1","1","5","1","2","13","2","9","2","4","C03","7","9","1","10","2","11","","7","7","1","6","4","120.614904","24.147877","2"
"1249","66000","387130000C","(04)23274275","(04)23288582","2026","2","4","7","55","臺中市","霧峰區","0","0","0","7","","","30","","","","","","","","","","","","","","13","","","","","C03","","","1","","1","","","58","58","1","6","4","120.68166","24.054227","3"
"1250","66000","387130000C","(04)23274275","(04)23288582","2026","2","4","7","56","臺中市","西屯區","0","1","0","7","2","6","50","5","1","1","5","4","6","6","1","1","10","5","5","2","16","3","10","5","1","B03","7","6","1","8","2","2","","11","11","1","12","4","120.606155","24.161558","2"
"1251","66000","387130000C","(04)23274275","(04)23288582","2026","2","4","7","57","臺中市","北區","0","1","0","7","2","6","30","13","9","1","5","4","6","6","3","1","1","2","5","1","13","2","9","1","1","C03","7","9","1","10","2","11","","7","7","1","13","4","120.667935","24.156808","2"
"1252","66000","387130000C","(04)23274275","(04)23288582","2026","2","4","7","57","臺中市","后里區","0","1","0","7","2","6","30","3","1","1","5","4","6","6","4","4","10","5","5","2","17","3","10","1","1","C03","7","5","1","10","2","11","","14","14","1","6","4","120.700526","24.321958","2"
"1253","66000","387130000C","(04)23274275","(04)23288582","2026","2","4","7","59","臺中市","北屯區","0","1","0","7","2","6","50","4","1","1","5","4","6","6","1","1","10","5","5","2","17","3","10","3","1","B03","7","6","1","7","2","2","","4","4","1","6","4","120.668782","24.192742","2"
"1254","66000","387130000C","(04)23274275","(04)23288582","2026","2","4","8","0","臺中市","西屯區","0","1","0","7","2","6","50","3","19","1","5","4","6","6","4","4","10","5","5","2","3","3","10","3","1","B03","7","9","1","8","2","1","","10","10","1","12","4","120.593608","24.179878","2"
"1255","66000","387130000C","(04)23274275","(04)23288582","2026","2","4","8","3","臺中市","潭子區","0","1","0","7","2","6","50","5","1","1","5","4","6","6","2","1","1","4","4","1","17","3","10","3","1","B03","7","5","1","8","2","6","","84","84","1","13","4","120.703337","24.200707","2"
"1256","66000","387130000C","(04)23274275","(04)23288582","2026","2","4","8","5","臺中市","豐原區","0","1","0","7","2","6","50","13","9","1","5","4","6","6","4","4","5","5","5","2","16","2","7","1","1","C03","7","6","1","10","2","11","","20","20","1","13","4","120.720619","24.245643","2"
"1257","66000","387130000C","(04)23274275","(04)23288582","2026","2","4","8","10","臺中市","沙鹿區","0","0","0","7","","","50","","","","","","","","","","","","","","","","","","","B03","","","1","","2","","","39","39","1","13","4","120.56068","24.223302","3"
"1258","66000","387130000C","(04)23274275","(04)23288582","2026","2","4","8","11","臺中市","北區","0","0","0","7","","","30","","","","","","","","","","","","","","15","","","","","B03","","","1","","1","","","12","12","1","12","4","120.693686","24.156392","3"
"1259","66000","387130000C","(04)23274275","(04)23288582","2026","2","4","8","11","臺中市","南屯區","0","0","0","7","","","30","","","","","","","","","","","","","","11","","","","","B03","","","1","","1","","","8","8","1","13","4","120.612484","24.145524","3"
"1260","66000","387130000C","(04)23274275","(04)23288582","2026","2","4","8","11","臺中市","梧棲區","0","0","0","7","","","40","","","","","","","","","","","","","","13","","","","","B03","","","1","","1","","","7","7","1","6","4","120.538071","24.254108","3"
"1261","66000","387130000C","(04)23274275","(04)23288582","2026","2","4","8","12","臺中市","南屯區","0","1","0","7","2","6","50","4","1","1","5","4","6","6","1","1","5","5","5","2","18","2","9","1","1","C03","7","9","1","10","2","12","","59","59","1","13","4","120.609707","24.138486","2"
"1262","66000","387130000C","(04)23274275","(04)23288582","2026","2","4","8","12","臺中市","大里區","0","0","0","7","","","40","","","","","","","","","","","","","","17","","","","","C03","","","1","","1","","","7","7","1","13","4","120.700586","24.096252","3"
"1263","66000","387130000C","(04)23274275","(04)23288582","2026","2","4","8","17","臺中市","西區","0","0","0","7","","","50","","","","","","","","","","","","","","","","","","","C03","","","1","","2","","","7","7","1","12","4","120.657374","24.145755","3"
"1264","66000","387130000C","(04)23274275","(04)23288582","2026","2","4","8","17","臺中市","北區","0","0","0","7","","","50","","","","","","","","","","","","","","13","","","","","C03","","","1","","2","","","59","59","1","12","4","120.673283","24.16745","3"
"1265","66000","387130000C","(04)23274275","(04)23288582","2026","2","4","8","17","臺中市","南屯區","0","1","0","7","3","6","50","13","7","1","5","4","6","6","4","4","5","5","4","2","12","2","9","1","1","C03","7","9","1","10","2","12","","84","84","1","12","4","120.652107","24.153522","2"
"1266","66000","387130000C","(04)23274275","(04)23288582","2026","2","4","8","18","臺中市","大雅區","0","2","0","7","3","6","50","3","1","1","5","4","6","6","4","4","10","5","5","2","16","2","9","5","4","C03","7","6","3","19","2","12","","14","14","1","12","4","120.642319","24.219696","2"
"1267","66000","387130000C","(04)23274275","(04)23288582","2026","2","4","8","20","臺中市","西屯區","0","2","0","7","2","6","50","3","7","1","4","4","6","6","4","4","5","4","4","2","16","2","8","1","1","C03","7","5","1","10","2","13","12","12","12","1","12","4","120.651742","24.166756","2"
"1268","66000","387130000C","(04)23274275","(04)23288582","2026","2","4","8","20","臺中市","外埔區","0","1","0","7","3","6","40","3","2","1","5","4","6","6","4","4","5","5","5","1","16","3","10","3","1","B03","7","6","1","8","2","5","","14","14","1","6","4","120.633954","24.330769","2"
"1269","66000","387130000C","(04)23274275","(04)23288582","2026","2","4","8","22","臺中市","潭子區","0","2","0","7","3","6","50","3","1","1","5","4","6","6","1","1","1","4","5","2","17","2","5","2","1","C03","7","6","1","10","2","14","12","48","48","1","13","4","120.691208","24.215976","2"
"1270","66000","387130000C","(04)23274275","(04)23288582","2026","2","4","8","24","臺中市","后里區","0","0","0","7","3","6","50","3","2","1","5","4","6","6","4","4","10","5","5","2","15","3","10","3","1","B03","7","5","1","8","2","8","","24","24","1","13","4","120.709841","24.309089","3"
"1271","66000","387130000C","(04)23274275","(04)23288582","2026","2","4","8","24","臺中市","豐原區","0","0","0","7","","","50","","","","","","","","","","","","","","17","","","","","B03","","","1","","2","","","40","40","1","13","4","120.750315","24.269231","3"
"1272","66000","387130000C","(04)23274275","(04)23288582","2026","2","4","8","25","臺中市","清水區","0","1","0","7","3","6","50","3","1","1","5","4","6","6","4","4","5","5","5","1","10","2","8","1","1","F03","7","15","7","21","2","11","","4","4","1","12","4","120.574791","24.28323","2"
"1273","66000","387130000C","(04)23274275","(04)23288582","2026","2","4","8","27","臺中市","北屯區","0","0","0","7","","","50","","","","","","","","","","","","","","12","","","","","B03","","","1","","9","","","43","43","1","6","4","120.696165","24.166645","3"
"1274","66000","387130000C","(04)23274275","(04)23288582","2026","2","4","8","27","臺中市","西屯區","0","1","0","7","2","6","50","4","1","1","5","4","6","6","3","1","10","5","5","2","15","2","9","1","1","C03","7","9","1","10","2","14","","24","24","1","12","4","120.643652","24.192021","2"
"1275","66000","387130000C","(04)23274275","(04)23288582","2026","2","4","8","28","臺中市","西區","0","2","0","6","2","6","50","4","1","1","5","4","6","6","4","4","8","5","5","2","16","2","9","2","1","C03","7","6","1","10","2","14","","14","14","1","12","4","120.670315","24.14071","2"
"1276","66000","387130000C","(04)23274275","(04)23288582","2026","2","4","8","28","臺中市","太平區","0","1","0","7","2","6","50","5","1","1","5","4","6","6","1","1","5","5","5","1","16","2","9","2","1","C03","7","9","1","10","2","13","","39","39","1","12","4","120.734333","24.145313","2"
"1277","66000","387130000C","(04)23274275","(04)23288582","2026","2","4","8","29","臺中市","南區","0","1","0","7","2","6","50","3","1","1","5","4","6","6","4","4","10","5","5","2","12","3","10","3","1","B03","7","13","1","8","2","4","","76","76","1","12","4","120.669256","24.112706","2"
"1278","66000","387130000C","(04)23274275","(04)23288582","2026","2","4","8","29","臺中市","西屯區","0","0","0","7","","","50","","","","","","","","","","","","","","13","","","","","B03","","","1","","1","","","84","84","1","12","4","120.64346","24.165935","3"
"1279","66000","387130000C","(04)23274275","(04)23288582","2026","2","4","8","31","臺中市","東區","0","0","0","7","","","30","","","","","","","","","","","","","","17","","","","","B03","","","1","","2","","","59","59","1","12","4","120.692319","24.151517","3"
"1280","66000","387130000C","(04)23274275","(04)23288582","2026","2","4","8","35","臺中市","龍井區","0","0","0","7","","","40","","","","","","","","","","","","","","13","","","","","C03","","","1","","1","","","85","85","1","6","4","120.564855","24.180327","4"
"1281","66000","387130000C","(04)23274275","(04)23288582","2026","2","4","8","37","臺中市","西屯區","0","0","0","7","","3","80","","","","","","","","","","","","","","13","","","","","B03","","","1","","1","","","7","7","1","12","4","120.629396","24.164107","3"
"1282","66000","387130000C","(04)23274275","(04)23288582","2026","2","4","8","39","臺中市","潭子區","0","0","0","7","","","50","","","","","","","","","","","","","","","","","","","B12","","","1","","2","","","40","40","1","13","4","120.69709","24.216474","3"
"1283","66000","387130000C","(04)23274275","(04)23288582","2026","2","4","8","39","臺中市","北屯區","0","1","0","7","1","6","50","4","2","1","5","4","6","6","1","1","3","4","4","2","12","3","10","1","1","C03","7","6","1","10","2","13","","36","36","1","13","4","120.663453","24.185308","2"
"1284","66000","387130000C","(04)23274275","(04)23288582","2026","2","4","8","40","臺中市","西屯區","0","0","0","7","","","50","","","","","","","","","","","","","","30","","","","","B03","","","1","","2","","","8","8","1","12","4","120.651653","24.166791","4"
"1285","66000","387130000C","(04)23274275","(04)23288582","2026","2","4","8","40","臺中市","大里區","0","1","0","7","2","6","50","3","1","1","5","4","6","6","4","4","10","5","5","2","18","2","9","2","1","F03","7","9","7","21","2","12","","84","84","1","6","4","120.702973","24.096172","2"
"1286","66000","387130000C","(04)23274275","(04)23288582","2026","2","4","8","40","臺中市","神岡區","0","0","0","7","","","30","","","","","","","","","","","","","","17","","","","","","","","","","","","","119","119","1","","","120.65018","24.274444","3"
"1287","66000","387130000C","(04)23274275","(04)23288582","2026","2","4","8","41","臺中市","龍井區","0","1","0","7","2","6","50","4","1","1","5","4","6","6","4","4","10","5","5","2","11","3","10","3","1","B03","7","9","1","8","2","1","","12","12","1","12","4","120.544197","24.180745","2"
"1288","66000","387130000C","(04)23274275","(04)23288582","2026","2","4","8","43","臺中市","神岡區","0","0","0","7","2","6","50","13","7","1","5","4","6","6","1","1","1","4","4","2","17","3","10","3","1","B12","7","9","1","8","2","1","1","7","7","1","12","4","120.66233","24.271948","3"
"1289","66000","387130000C","(04)23274275","(04)23288582","2026","2","4","8","47","臺中市","北區","0","1","0","7","2","6","50","4","1","1","5","4","6","6","1","1","10","5","5","2","15","3","10","5","4","B03","7","9","1","8","2","2","","21","21","1","12","4","120.677176","24.165176","2"
"1290","66000","387130000C","(04)23274275","(04)23288582","2026","2","4","8","47","臺中市","大里區","0","1","0","7","3","6","50","3","1","1","5","4","6","6","3","1","10","5","5","2","13","2","9","1","1","F03","7","9","7","21","2","11","","7","7","1","12","4","120.679857","24.074797","2"
"1291","66000","387130000C","(04)23274275","(04)23288582","2026","2","4","8","50","臺中市","烏日區","0","0","0","7","","","60","","","","","","","","","","","","","","12","","","","","B03","","","1","","1","","","8","8","1","6","4","120.624731","24.099873","3"
"1292","66000","387130000C","(04)23274275","(04)23288582","2026","2","4","8","55","臺中市","沙鹿區","0","1","0","7","2","6","50","13","9","1","5","4","6","6","4","4","1","4","4","2","17","3","10","3","1","B03","7","11","1","8","2","6","","45","45","1","6","4","120.554636","24.21928","2"
"1293","66000","387130000C","(04)23274275","(04)23288582","2026","2","4","8","56","臺中市","豐原區","0","1","0","7","2","6","50","3","1","1","5","4","6","6","4","4","10","4","4","2","18","2","9","2","1","C03","7","9","1","10","2","15","","84","84","1","13","4","120.715987","24.244178","2"
"1294","66000","387130000C","(04)23274275","(04)23288582","2026","2","4","8","59","臺中市","南屯區","0","1","0","7","2","6","40","13","8","1","5","4","6","6","4","4","5","5","4","1","9","3","10","2","1","C03","7","9","1","10","2","11","","7","7","1","13","4","120.615638","24.149426","2"
"1295","66000","387130000C","(04)23274275","(04)23288582","2026","2","4","9","0","臺中市","南屯區","0","2","0","7","3","6","40","4","1","1","5","4","6","6","2","1","10","5","5","2","16","2","9","5","4","C03","7","6","1","10","2","14","","48","48","1","6","4","120.634053","24.158317","2"
"1296","66000","387130000C","(04)23274275","(04)23288582","2026","2","4","9","2","臺中市","烏日區","0","0","0","7","","","50","","","","","","","","","","","","","","","","","","","B03","","","1","","1","","","7","7","1","13","4","120.615087","24.1061","3"
"1297","66000","387130000C","(04)23274275","(04)23288582","2026","2","4","9","5","臺中市","豐原區","0","0","0","7","","","50","","","","","","","","","","","","","","13","","","","","C03","","","1","","2","","","58","58","1","13","4","120.745156","24.270078","3"
"1298","66000","387130000C","(04)23274275","(04)23288582","2026","2","4","9","6","臺中市","北屯區","0","0","0","7","","","50","","","","","","","","","","","","","","","","","","","B03","","","1","","9","","","84","84","2","13","4","120.66221","24.188417","3"
"1299","66000","387130000C","(04)23274275","(04)23288582","2026","2","4","9","11","臺中市","西屯區","0","0","0","7","","","50","","","","","","","","","","","","","","17","","","","","C03","","","1","","1","","","84","84","1","12","4","120.666928","24.175835","3"
"1300","66000","387130000C","(04)23274275","(04)23288582","2026","2","4","9","12","臺中市","南屯區","0","0","0","7","","","30","","","","","","","","","","","","","","","","","","","A32","","","1","","1","","","49","49","1","13","4","120.6343","24.112434","3"
"1301","66000","387130000C","(04)23274275","(04)23288582","2026","2","4","9","14","臺中市","中區","0","0","0","7","","","50","","","","","","","","","","","","","","","","","","","C03","","","1","","1","","","7","7","1","6","4","120.681147","24.145035","3"
"1302","66000","387130000C","(04)23274275","(04)23288582","2026","2","4","9","14","臺中市","太平區","0","0","0","7","","3","80","","","","","","","","","","","","","","","","","","","B12","","","1","","2","","","84","84","1","12","4","120.716149","24.1531","3"
"1303","66000","387130000C","(04)23274275","(04)23288582","2026","2","4","9","14","臺中市","烏日區","0","0","0","7","2","6","50","10","9","1","5","4","6","6","1","1","2","3","5","1","13","3","10","3","1","A12","7","1","1","6","1","1","","84","84","1","6","4","120.608963","24.112655","3"
"1304","66000","387130000C","(04)23274275","(04)23288582","2026","2","4","9","14","臺中市","沙鹿區","0","0","0","7","","","50","","","","","","","","","","","","","","13","","","","","B03","","","1","","1","","","7","7","1","6","4","120.5626","24.233458","3"
"1305","66000","387130000C","(04)23274275","(04)23288582","2026","2","4","9","14","臺中市","梧棲區","0","0","0","7","","","70","","","","","","","","","","","","","","12","","","","","C03","","","1","","2","","","7","7","1","6","4","120.555946","24.250687","3"
"1306","66000","387130000C","(04)23274275","(04)23288582","2026","2","4","9","20","臺中市","烏日區","0","1","0","7","2","6","30","3","9","1","5","4","6","6","4","4","10","5","5","2","16","2","9","2","1","C03","7","9","1","10","2","12","","12","12","1","6","4","120.625864","24.103239","2"
"1307","66000","387130000C","(04)23274275","(04)23288582","2026","2","4","9","21","臺中市","西屯區","0","1","0","7","2","6","50","4","1","1","5","4","6","6","4","4","10","5","5","2","18","2","9","5","4","C03","7","9","1","10","2","12","","59","59","1","13","4","120.620406","24.187194","2"
"1308","66000","387130000C","(04)23274275","(04)23288582","2026","2","4","9","24","臺中市","北屯區","0","0","0","7","","","50","","","","","","","","","","","","","","13","","","","","B12","","","1","","1","","","58","58","1","6","4","120.719049","24.162833","3"
"1309","66000","387130000C","(04)23274275","(04)23288582","2026","2","4","9","24","臺中市","北屯區","0","0","0","7","","","50","","","","","","","","","","","","","","","","","","","B03","","","1","","1","","","7","7","1","12","4","120.690761","24.164965","4"
"1310","66000","387130000C","(04)23274275","(04)23288582","2026","2","4","9","25","臺中市","北屯區","0","0","0","7","","","50","","","","","","","","","","","","","","17","","","","","B01","","","1","","1","","","50","50","1","6","4","120.672821","24.17472","3"
"1311","66000","387130000C","(04)23274275","(04)23288582","2026","2","4","9","26","臺中市","西屯區","0","0","0","7","","","30","","","","","","","","","","","","","","15","","","","","C03","","","1","","2","","","12","12","1","12","4","120.605522","24.186446","3"
"1312","66000","387130000C","(04)23274275","(04)23288582","2026","2","4","9","27","臺中市","西屯區","0","1","0","7","2","6","40","13","8","1","5","4","6","6","4","4","1","5","1","2","13","2","9","1","1","C03","7","9","1","9","2","11","","7","7","1","12","4","120.638225","24.159609","2"
"1313","66000","387130000C","(04)23274275","(04)23288582","2026","2","4","9","29","臺中市","北區","0","0","0","7","","","50","","","","","","","","","","","","","","17","","","","","B03","","","1","","2","","","8","8","1","13","4","120.691078","24.161476","3"
"1314","66000","387130000C","(04)23274275","(04)23288582","2026","2","4","9","30","臺中市","西屯區","0","1","0","7","2","6","50","3","9","1","5","4","6","6","4","4","1","4","5","2","16","3","10","3","1","B03","7","5","1","8","2","5","","47","47","1","12","4","120.634829","24.17205","2"
"1315","66000","387130000C","(04)23274275","(04)23288582","2026","2","4","9","32","臺中市","南屯區","0","0","0","7","3","6","50","13","9","1","5","4","6","6","4","4","5","5","5","2","14","","","","","C03","","","1","","1","","","49","49","1","12","4","120.653959","24.13911","3"
"1316","66000","387130000C","(04)23274275","(04)23288582","2026","2","4","9","34","臺中市","梧棲區","0","1","0","7","3","6","30","3","1","1","5","4","6","6","3","1","10","5","5","2","15","2","9","1","1","C03","7","9","1","10","2","11","","24","24","1","6","4","120.55025","24.249129","2"
"1317","66000","387130000C","(04)23274275","(04)23288582","2026","2","4","9","36","臺中市","南區","0","3","0","7","3","6","40","3","1","1","5","4","6","6","4","4","10","5","5","2","16","2","9","5","4","C03","7","5","1","10","2","12","","85","85","1","12","4","120.661216","24.121281","2"
"1318","66000","387130000C","(04)23274275","(04)23288582","2026","2","4","9","37","臺中市","南區","0","0","0","7","","","30","","","","","","","","","","","","","","14","","","","","B03","","","1","","1","","","49","49","1","13","4","120.655506","24.115818","3"
"1319","66000","387130000C","(04)23274275","(04)23288582","2026","2","4","9","41","臺中市","太平區","0","0","0","7","","","30","","","","","","","","","","","","","","15","","","","","C03","","","1","","2","","","12","12","1","12","4","120.705754","24.124725","3"
"1320","66000","387130000C","(04)23274275","(04)23288582","2026","2","4","9","44","臺中市","西區","0","0","0","7","","","30","","","","","","","","","","","","","","14","","","","","B03","","","1","","2","","","49","49","1","13","4","120.654242","24.154345","3"
"1321","66000","387130000C","(04)23274275","(04)23288582","2026","2","4","9","44","臺中市","南屯區","0","0","0","7","","","50","","","","","","","","","","","","","","13","","","","","A11","","","1","","1","","","59","59","1","6","4","120.62288","24.140829","3"
"1322","66000","387130000C","(04)23274275","(04)23288582","2026","2","4","9","44","臺中市","后里區","0","2","0","7","2","6","50","13","7","1","5","4","6","6","4","4","5","4","4","2","2","2","8","1","1","F03","7","9","7","21","2","12","14","84","84","1","6","4","120.711452","24.30607","2"
"1323","66000","387130000C","(04)23274275","(04)23288582","2026","2","4","9","45","臺中市","北屯區","0","0","0","7","","","","","","","","","","","","","","","","","17","","","","","","","","","","","","","119","119","1","","","120.73362","24.17235","3"