序號,縣市別代碼,機關代碼,市話,傳真,年,月,日,時,分,縣市,區,死亡數量,受傷數量,2-30,天候,道路照明設備,道路類別,道路速限,道路型態,事故位置,路面鋪裝,路面狀態,路面缺陷,障礙物,視距,號誌種類,號誌動作,分向設施,快車道或一般車道間,快慢車道間,路面邊線,事故類型及型態,受傷程度,主要傷處,保護裝備,行動電話或功能裝置,當事者區分(類別),車輛用途,當事者行動狀態,駕照狀態,駕照種類,飲酒情形,車輛撞擊部位最初,車輛撞擊部位其他,肇事因素個別,肇事因素主要,肇事逃逸,職業,共享經濟或外送平台,GPS座標X,GPS座標Y,事故類別
"1324","66000","387130000C","(04)23274275","(04)23288582","2026","2","4","9","46","臺中市","北區","0","0","0","7","","","50","","","","","","","","","","","","","","13","","","","","B03","","","1","","1","","","7","7","1","12","4","120.676565","24.157144","3"
"1325","66000","387130000C","(04)23274275","(04)23288582","2026","2","4","9","46","臺中市","豐原區","0","1","0","7","2","6","50","13","8","1","5","4","6","6","4","4","5","5","4","2","17","2","9","2","1","C03","7","9","1","10","2","14","","84","84","1","13","4","120.709489","24.25034","2"
"1326","66000","387130000C","(04)23274275","(04)23288582","2026","2","4","9","49","臺中市","潭子區","0","2","0","7","3","6","50","4","1","1","5","4","6","6","1","1","5","4","4","2","15","2","7","2","1","C03","7","9","1","10","2","11","14","21","21","1","13","4","120.703602","24.212746","2"
"1327","66000","387130000C","(04)23274275","(04)23288582","2026","2","4","9","49","臺中市","北屯區","0","1","0","7","1","6","50","4","2","1","5","4","6","6","1","1","3","4","5","2","12","3","10","1","1","C03","7","9","1","10","2","12","","1","1","1","13","4","120.671304","24.173996","2"
"1328","66000","387130000C","(04)23274275","(04)23288582","2026","2","4","9","50","臺中市","西區","0","1","0","7","2","6","50","13","9","1","5","4","6","6","4","4","5","4","5","2","17","3","10","3","1","B03","7","5","1","8","2","6","","47","47","1","12","4","120.663724","24.14691","2"
"1329","66000","387130000C","(04)23274275","(04)23288582","2026","2","4","9","50","臺中市","西屯區","0","0","0","7","","","40","","","","","","","","","","","","","","13","","","","","C03","","","1","","11","","","7","7","2","12","4","120.638699","24.15938","3"
"1330","66000","387130000C","(04)23274275","(04)23288582","2026","2","4","9","51","臺中市","西屯區","0","0","0","7","","","50","","","","","","","","","","","","","","11","","","","","C03","","","1","","9","","","71","71","2","12","4","120.602552","24.159685","3"
"1331","66000","387130000C","(04)23274275","(04)23288582","2026","2","4","9","55","臺中市","南區","0","1","0","7","1","6","50","3","1","1","5","4","6","6","1","1","9","4","5","2","11","3","10","3","1","B03","7","6","1","8","2","8","","11","11","1","12","4","120.652755","24.121647","2"
"1332","66000","387130000C","(04)23274275","(04)23288582","2026","2","4","9","56","臺中市","烏日區","0","0","0","7","","3","80","","","","","","","","","","","","","","","","","","","A12","","","1","","1","","","84","84","1","6","4","120.616521","24.107356","3"
"1333","66000","387130000C","(04)23274275","(04)23288582","2026","2","4","9","58","臺中市","豐原區","0","1","0","7","2","6","50","5","1","1","5","4","6","6","4","4","10","5","5","2","17","2","7","1","1","C03","7","9","3","19","2","11","","21","21","1","13","4","120.714336","24.239369","2"
"1334","66000","387130000C","(04)23274275","(04)23288582","2026","2","4","10","6","臺中市","龍井區","0","0","0","7","","","50","","","","","","","","","","","","","","","","","","","C03","","","1","","2","","","84","84","1","12","4","120.585316","24.185028","3"
"1335","66000","387130000C","(04)23274275","(04)23288582","2026","2","4","10","10","臺中市","大里區","0","0","0","7","","","30","","","","","","","","","","","","","","17","","","","","B03","","","1","","1","","","84","84","1","13","4","120.675751","24.079683","3"
"1336","66000","387130000C","(04)23274275","(04)23288582","2026","2","4","10","10","臺中市","清水區","0","0","0","7","","","30","","","","","","","","","","","","","","16","","","","","B03","","","1","","2","","","14","14","1","12","4","120.555484","24.281814","3"
"1337","66000","387130000C","(04)23274275","(04)23288582","2026","2","4","10","11","臺中市","西屯區","0","1","0","7","2","6","50","3","2","1","5","4","6","6","3","1","10","5","5","2","13","2","4","1","1","C03","7","9","1","10","2","11","","7","7","1","12","4","120.647716","24.166825","2"
"1338","66000","387130000C","(04)23274275","(04)23288582","2026","2","4","10","14","臺中市","北屯區","0","0","0","7","","","50","","","","","","","","","","","","","","","","","","","C03","","","1","","2","","","84","84","1","13","4","120.692794","24.162343","3"
"1339","66000","387130000C","(04)23274275","(04)23288582","2026","2","4","10","16","臺中市","北屯區","0","0","0","7","","","30","","","","","","","","","","","","","","","","","","","B03","","","1","","2","","","50","50","1","12","4","120.692704","24.174275","3"
"1340","66000","387130000C","(04)23274275","(04)23288582","2026","2","4","10","21","臺中市","東區","0","2","0","7","2","6","50","4","4","1","5","4","6","6","1","1","5","4","5","2","13","2","9","5","4","C03","7","9","1","10","2","11","14","7","7","1","12","4","120.689183","24.142353","2"
"1341","66000","387130000C","(04)23274275","(04)23288582","2026","2","4","10","24","臺中市","北區","0","0","0","7","","","30","","","","","","","","","","","","","","17","","","","","B03","","","1","","1","","","51","51","1","12","4","120.667935","24.172768","3"
"1342","66000","387130000C","(04)23274275","(04)23288582","2026","2","4","10","25","臺中市","北區","0","0","0","7","","","5","","","","","","","","","","","","","","17","","","","","B03","","","1","","2","","","84","84","1","12","4","120.676764","24.163126","3"
"1343","66000","387130000C","(04)23274275","(04)23288582","2026","2","4","10","26","臺中市","北屯區","0","0","0","7","","","30","","","","","","","","","","","","","","14","","","","","A11","","","1","","9","","","49","49","1","6","4","120.701835","24.168179","3"
"1344","66000","387130000C","(04)23274275","(04)23288582","2026","2","4","10","29","臺中市","大雅區","0","0","0","7","","","50","","","","","","","","","","","","","","","","","","","B12","","","1","","1","","","50","50","1","12","4","120.664258","24.233542","3"
"1345","66000","387130000C","(04)23274275","(04)23288582","2026","2","4","10","29","臺中市","北屯區","0","1","0","7","2","6","50","5","1","1","5","4","6","6","1","1","10","5","5","2","16","3","10","3","1","B03","7","5","1","8","2","2","","47","47","1","6","4","120.686278","24.188417","2"
"1346","66000","387130000C","(04)23274275","(04)23288582","2026","2","4","10","29","臺中市","西屯區","0","0","0","7","","","50","","","","","","","","","","","","","","16","","","","","B03","","","1","","1","","","59","59","1","13","4","120.639549","24.183668","3"
"1347","66000","387130000C","(04)23274275","(04)23288582","2026","2","4","10","33","臺中市","豐原區","0","1","0","7","2","6","30","3","1","1","5","4","6","6","4","4","5","5","5","2","16","3","10","1","4","C03","7","6","1","10","2","14","14","12","12","1","13","4","120.71562","24.260152","2"
"1348","66000","387130000C","(04)23274275","(04)23288582","2026","2","4","10","34","臺中市","神岡區","0","0","0","7","","","60","","","","","","","","","","","","","","17","","","","","A12","","","1","","1","","","45","45","1","12","4","120.680372","24.244634","3"
"1349","66000","387130000C","(04)23274275","(04)23288582","2026","2","4","10","39","臺中市","北區","0","1","0","7","2","6","50","4","1","1","5","4","6","6","4","4","10","5","5","2","15","3","10","3","1","B03","7","9","1","8","2","5","","12","12","1","13","4","120.695978","24.156712","2"
"1350","66000","387130000C","(04)23274275","(04)23288582","2026","2","4","10","40","臺中市","北區","0","0","0","7","","","50","","","","","","","","","","","","","","17","","","","","C03","","","1","","2","","","8","8","1","12","4","120.686481","24.147541","3"
"1351","66000","387130000C","(04)23274275","(04)23288582","2026","2","4","10","42","臺中市","東勢區","0","2","0","7","2","6","50","13","8","1","5","4","6","6","4","4","1","4","4","2","17","2","9","2","1","C03","7","9","1","9","2","11","","7","7","1","12","4","120.820222","24.261101","2"
"1352","66000","387130000C","(04)23274275","(04)23288582","2026","2","4","10","43","臺中市","西屯區","0","0","0","7","","","0","","","","","","","","","","","","","","14","","","","","B12","","","1","","2","","","49","49","1","12","4","120.634905","24.182116","3"
"1353","66000","387130000C","(04)23274275","(04)23288582","2026","2","4","10","52","臺中市","南區","0","1","0","7","2","6","30","4","1","1","5","4","6","6","4","4","10","5","5","2","15","2","7","1","1","C03","7","9","1","10","1","11","","15","15","1","12","4","120.668268","24.124559","2"
"1354","66000","387130000C","(04)23274275","(04)23288582","2026","2","4","10","54","臺中市","大雅區","0","0","0","7","","","30","","","","","","","","","","","","","","","","","","","B03","","","1","","2","","","49","49","1","13","4","120.659128","24.212309","3"
"1355","66000","387130000C","(04)23274275","(04)23288582","2026","2","4","10","54","臺中市","南屯區","0","1","0","7","2","6","40","4","1","1","5","4","6","6","1","1","3","4","4","2","17","2","9","1","1","C03","7","9","1","10","2","12","","21","21","1","13","4","120.652151","24.150783","2"
"1356","66000","387130000C","(04)23274275","(04)23288582","2026","2","4","10","54","臺中市","西屯區","0","0","0","7","","","50","","","","","","","","","","","","","","17","","","","","B03","","","1","","2","","","84","84","1","12","4","120.615905","24.17454","3"
"1357","66000","387130000C","(04)23274275","(04)23288582","2026","2","4","10","57","臺中市","梧棲區","0","1","0","7","3","6","50","13","9","1","5","4","6","6","3","1","5","5","5","1","16","3","10","1","1","C03","7","6","1","10","2","14","","20","20","1","6","4","120.538839","24.250388","2"
"1358","66000","387130000C","(04)23274275","(04)23288582","2026","2","4","10","59","臺中市","南區","0","0","0","7","","","50","","","","","","","","","","","","","","11","","","","","B03","","","1","","2","","","11","11","1","13","4","120.655248","24.129497","3"
"1359","66000","387130000C","(04)23274275","(04)23288582","2026","2","4","11","0","臺中市","北屯區","0","2","0","7","2","6","50","13","8","1","5","4","6","6","4","4","9","4","4","2","17","3","10","3","1","B03","7","9","1","8","2","4","","76","76","1","6","4","120.694953","24.182219","2"
"1360","66000","387130000C","(04)23274275","(04)23288582","2026","2","4","11","3","臺中市","烏日區","0","0","0","7","2","6","40","13","9","1","5","4","6","6","4","4","10","5","5","2","9","3","10","3","1","B03","7","2","1","8","1","6","","7","7","1","6","4","120.639093","24.105387","3"
"1361","66000","387130000C","(04)23274275","(04)23288582","2026","2","4","11","5","臺中市","西屯區","0","1","0","7","2","6","50","4","9","1","5","4","6","6","1","1","5","5","5","1","13","3","10","3","1","B03","7","5","1","8","2","5","","59","59","1","12","4","120.651989","24.170015","2"
"1362","66000","387130000C","(04)23274275","(04)23288582","2026","2","4","11","10","臺中市","豐原區","0","0","0","7","","","50","","","","","","","","","","","","","","25","","","","","B03","","","1","","2","","","84","84","1","13","4","120.702488","24.251289","3"
"1363","66000","387130000C","(04)23274275","(04)23288582","2026","2","4","11","18","臺中市","霧峰區","0","0","0","7","","","40","","","","","","","","","","","","","","17","","","","","B03","","","1","","9","","","51","51","1","6","4","120.697239","24.064708","3"
"1364","66000","387130000C","(04)23274275","(04)23288582","2026","2","4","11","18","臺中市","烏日區","0","0","0","7","","","70","","","","","","","","","","","","","","13","","","","","B03","","","1","","1","","","7","7","1","6","4","120.606583","24.108469","3"
"1365","66000","387130000C","(04)23274275","(04)23288582","2026","2","4","11","20","臺中市","西區","0","1","0","7","2","6","50","13","9","1","5","4","6","6","2","1","10","3","5","2","12","2","9","2","1","C03","7","9","1","10","2","14","","42","42","1","12","4","120.677819","24.136918","2"
"1366","66000","387130000C","(04)23274275","(04)23288582","2026","2","4","11","20","臺中市","西屯區","0","0","0","7","","","50","","","","","","","","","","","","","","13","","","","","B12","","","1","","1","","","7","7","1","12","4","120.64072","24.167869","3"
"1367","66000","387130000C","(04)23274275","(04)23288582","2026","2","4","11","21","臺中市","西屯區","0","2","0","7","2","6","40","4","1","1","5","4","6","6","1","1","10","5","5","2","16","2","9","5","4","B12","7","9","1","8","2","8","","21","21","1","12","4","120.644251","24.194815","2"
"1368","66000","387130000C","(04)23274275","(04)23288582","2026","2","4","11","22","臺中市","東區","0","1","0","7","3","6","50","3","1","1","5","4","6","6","4","4","10","5","5","2","16","3","10","2","1","C03","7","5","1","10","2","12","","14","14","1","5","4","120.684779","24.122236","2"
"1369","66000","387130000C","(04)23274275","(04)23288582","2026","2","4","11","23","臺中市","北屯區","0","0","0","7","","","50","","","","","","","","","","","","","","","","","","","B03","","","1","","1","","","84","84","1","13","4","120.699758","24.186685","3"
"1370","66000","387130000C","(04)23274275","(04)23288582","2026","2","4","11","25","臺中市","東區","0","0","0","7","","","50","","","","","","","","","","","","","","","","","","","C03","","","1","","2","","","7","7","1","12","4","120.692484","24.138762","3"
"1371","66000","387130000C","(04)23274275","(04)23288582","2026","2","4","11","27","臺中市","西區","0","1","0","7","2","6","50","4","7","1","5","4","6","6","2","1","5","4","4","2","17","2","7","6","1","F01","7","8","7","21","2","14","","85","85","1","12","4","120.671717","24.13683","2"
"1372","66000","387130000C","(04)23274275","(04)23288582","2026","2","4","11","29","臺中市","南屯區","0","1","0","7","3","6","50","13","9","1","5","4","6","6","1","1","5","5","5","2","9","3","10","3","1","B03","7","6","1","8","2","1","","10","10","1","12","4","120.652206","24.148878","2"
"1373","66000","387130000C","(04)23274275","(04)23288582","2026","2","4","11","29","臺中市","清水區","0","1","0","7","3","6","60","4","1","1","5","4","6","6","2","1","1","4","4","1","16","3","10","3","1","B03","7","5","1","8","2","6","","20","20","1","12","4","120.562815","24.263846","2"
"1374","66000","387130000C","(04)23274275","(04)23288582","2026","2","4","11","30","臺中市","西屯區","0","0","0","7","","","50","","","","","","","","","","","","","","12","","","","","B03","","","1","","1","","","51","51","1","12","4","120.616438","24.18861","3"
"1375","66000","387130000C","(04)23274275","(04)23288582","2026","2","4","11","32","臺中市","梧棲區","0","1","0","7","2","6","50","13","9","1","5","4","6","6","4","4","5","4","5","1","3","3","10","1","1","F02","7","9","7","21","2","11","","6","6","1","12","4","120.538295","24.247721","2"
"1376","66000","387130000C","(04)23274275","(04)23288582","2026","2","4","11","33","臺中市","大里區","0","1","0","7","2","6","30","4","1","1","5","4","6","6","4","4","10","5","5","2","15","2","9","1","1","C03","7","9","1","10","2","11","","12","12","1","12","4","120.685349","24.112002","2"
"1377","66000","387130000C","(04)23274275","(04)23288582","2026","2","4","11","33","臺中市","烏日區","0","1","0","7","2","3","40","10","9","1","5","4","6","6","4","4","10","5","5","1","20","2","9","2","1","C02","7","9","1","9","2","12","","59","59","1","6","4","120.617654","24.119815","2"
"1378","66000","387130000C","(04)23274275","(04)23288582","2026","2","4","11","33","臺中市","大安區","0","1","0","7","3","6","50","13","14","1","5","4","6","6","4","4","9","5","5","1","9","3","10","5","4","B03","7","9","5","19","2","2","","84","84","2","6","4","120.584957","24.347965","2"
"1379","66000","387130000C","(04)23274275","(04)23288582","2026","2","4","11","40","臺中市","太平區","0","0","0","7","","","50","","","","","","","","","","","","","","","","","","","B03","","","1","","1","","","7","7","1","12","4","120.708464","24.128683","3"
"1380","66000","387130000C","(04)23274275","(04)23288582","2026","2","4","11","40","臺中市","后里區","0","0","0","7","","","50","","","","","","","","","","","","","","12","","","","","A12","","","1","","2","","","51","51","1","6","4","120.710199","24.310754","3"
"1381","66000","387130000C","(04)23274275","(04)23288582","2026","2","4","11","40","臺中市","大安區","0","0","0","7","","","50","","","","","","","","","","","","","","","","","","","B03","","","5","","2","","","7","7","1","6","4","120.587025","24.345751","3"
"1382","66000","387130000C","(04)23274275","(04)23288582","2026","2","4","11","43","臺中市","西屯區","0","1","0","7","2","6","50","4","1","1","5","4","6","6","1","1","10","5","5","2","15","3","10","3","1","B03","7","9","1","8","2","4","","21","21","1","12","4","120.652366","24.163357","2"
"1383","66000","387130000C","(04)23274275","(04)23288582","2026","2","4","11","44","臺中市","后里區","0","2","0","7","2","6","50","4","1","1","5","4","6","6","1","1","5","4","5","1","15","2","8","1","1","C03","7","9","1","10","2","12","","84","84","1","6","4","120.711471","24.300774","2"
"1384","66000","387130000C","(04)23274275","(04)23288582","2026","2","4","11","46","臺中市","南屯區","0","1","0","7","2","6","50","3","1","1","5","4","6","6","1","1","5","5","5","2","12","3","10","3","1","A04","7","5","1","6","2","6","","11","11","1","13","4","120.609971","24.14043","2"
"1385","66000","387130000C","(04)23274275","(04)23288582","2026","2","4","11","47","臺中市","西屯區","0","0","0","7","","","50","","","","","","","","","","","","","","12","","","","","C03","","","1","","2","","","8","8","1","12","4","120.649757","24.167701","3"
"1386","66000","387130000C","(04)23274275","(04)23288582","2026","2","4","11","49","臺中市","西區","0","0","0","7","","","30","","","","","","","","","","","","","","14","","","","","B03","","","1","","1","","","49","49","1","13","4","120.655806","24.14073","3"
"1387","66000","387130000C","(04)23274275","(04)23288582","2026","2","4","11","49","臺中市","霧峰區","0","1","0","7","2","6","30","13","9","1","5","4","6","6","4","4","10","5","5","2","27","2","9","2","1","C03","7","9","1","10","2","11","","84","84","1","6","4","120.657861","24.042238","2"
"1388","66000","387130000C","(04)23274275","(04)23288582","2026","2","4","11","49","臺中市","沙鹿區","0","1","0","7","2","6","50","4","2","1","5","4","6","6","4","4","8","3","5","2","17","2","9","5","4","C03","7","9","1","10","2","11","","15","15","1","13","4","120.556584","24.232453","2"
"1389","66000","387130000C","(04)23274275","(04)23288582","2026","2","4","11","52","臺中市","潭子區","0","2","0","7","3","6","50","3","1","1","5","4","6","6","4","4","5","5","5","2","17","2","7","2","1","C03","7","1","1","10","2","14","","51","51","1","13","4","120.701757","24.188916","2"
"1390","66000","387130000C","(04)23274275","(04)23288582","2026","2","4","11","52","臺中市","西屯區","0","0","0","7","","","50","","","","","","","","","","","","","","12","","","","","C03","","","1","","1","","","47","47","1","12","4","120.656211","24.196217","3"
"1391","66000","387130000C","(04)23274275","(04)23288582","2026","2","4","11","52","臺中市","大里區","0","0","0","7","","","50","","","","","","","","","","","","","","13","","","","","B03","","","1","","2","","","7","7","1","6","4","120.691412","24.091818","3"
"1392","66000","387130000C","(04)23274275","(04)23288582","2026","2","4","11","59","臺中市","西屯區","0","2","0","7","2","6","4","4","4","1","5","4","6","6","2","1","1","4","1","1","13","2","8","5","1","C03","7","9","1","10","2","11","","7","7","1","12","4","120.653464","24.160749","2"
"1393","66000","387130000C","(04)23274275","(04)23288582","2026","2","4","12","0","臺中市","北區","0","0","0","7","","","50","","","","","","","","","","","","","","11","","","","","B03","","","1","","1","","","84","84","1","12","4","120.670419","24.16643","3"
"1394","66000","387130000C","(04)23274275","(04)23288582","2026","2","4","12","0","臺中市","豐原區","0","0","0","7","","","40","","","","","","","","","","","","","","12","","","","","B03","","","1","","2","","","35","35","1","13","4","120.732817","24.258876","4"
"1395","66000","387130000C","(04)23274275","(04)23288582","2026","2","4","12","2","臺中市","梧棲區","0","0","0","7","","","50","","","","","","","","","","","","","","14","","","","","E03","","","1","","1","","","49","49","1","6","4","120.531462","24.261061","4"
"1396","66000","387130000C","(04)23274275","(04)23288582","2026","2","4","12","3","臺中市","大里區","0","0","0","7","","","30","","","","","","","","","","","","","","17","","","","","B03","","","1","","1","","","49","49","1","13","4","120.711021","24.085572","3"
"1397","66000","387130000C","(04)23274275","(04)23288582","2026","2","4","12","3","臺中市","梧棲區","0","1","0","7","3","6","50","13","9","1","5","4","6","6","4","4","1","4","5","1","16","3","10","3","1","B03","7","1","1","8","2","8","","51","51","1","6","4","120.536782","24.245696","2"
"1398","66000","387130000C","(04)23274275","(04)23288582","2026","2","4","12","4","臺中市","南區","0","2","0","7","2","6","50","13","8","1","5","4","6","6","4","4","1","4","4","2","16","3","10","5","4","B02","7","1","1","8","2","8","","51","51","1","12","4","120.66597","24.123812","2"
"1399","66000","387130000C","(04)23274275","(04)23288582","2026","2","4","12","6","臺中市","北屯區","0","0","0","7","","","50","","","","","","","","","","","","","","12","","","","","C03","","","1","","9","","","8","8","2","12","4","120.688338","24.175605","3"
"1400","66000","387130000C","(04)23274275","(04)23288582","2026","2","4","12","6","臺中市","北屯區","0","0","0","7","","","50","","","","","","","","","","","","","","","","","","","B03","","","1","","1","","","7","7","1","12","4","120.683436","24.172401","3"
"1401","66000","387130000C","(04)23274275","(04)23288582","2026","2","4","12","7","臺中市","西屯區","0","1","0","7","2","6","40","3","1","1","5","4","6","6","4","4","10","5","5","2","16","3","10","3","1","A42","7","5","1","8","2","5","","14","14","1","12","4","120.608598","24.18435","2"
"1402","66000","387130000C","(04)23274275","(04)23288582","2026","2","4","12","8","臺中市","南區","0","1","0","7","2","6","50","13","8","1","5","4","6","6","4","4","5","5","4","2","17","3","10","3","1","B03","7","7","1","8","2","16","","40","40","1","12","4","120.653289","24.121969","2"
"1403","66000","387130000C","(04)23274275","(04)23288582","2026","2","4","12","12","臺中市","大里區","0","0","0","7","","","50","","","","","","","","","","","","","","13","","","","","C03","","","1","","2","","","7","7","1","6","4","120.699912","24.089014","3"
"1404","66000","387130000C","(04)23274275","(04)23288582","2026","2","4","12","12","臺中市","豐原區","0","0","0","7","","","50","","","","","","","","","","","","","","","","","","","B12","","","1","","2","","","78","78","1","13","4","120.710904","24.250437","3"
"1405","66000","387130000C","(04)23274275","(04)23288582","2026","2","4","12","17","臺中市","南區","0","1","0","7","2","6","50","4","1","1","5","4","6","6","2","1","5","5","5","2","11","3","10","5","4","B03","7","6","1","8","2","8","","84","84","1","13","4","120.662677","24.127005","2"
"1406","66000","387130000C","(04)23274275","(04)23288582","2026","2","4","12","20","臺中市","大雅區","0","0","0","7","","","50","","","","","","","","","","","","","","","","","","","B03","","","1","","2","","","55","55","1","13","4","120.667265","24.235705","3"
"1407","66000","387130000C","(04)23274275","(04)23288582","2026","2","4","12","20","臺中市","西區","0","1","0","7","2","6","50","5","1","1","5","4","6","6","1","1","10","5","5","2","17","3","10","1","1","C03","7","6","1","10","2","14","","11","11","1","13","4","120.661653","24.134276","2"
"1408","66000","387130000C","(04)23274275","(04)23288582","2026","2","4","12","20","臺中市","北區","0","1","0","7","2","6","50","13","9","1","5","4","6","6","4","4","9","5","5","2","17","3","10","1","1","C03","7","6","1","10","2","13","","20","20","1","13","4","120.684245","24.151674","2"
"1409","66000","387130000C","(04)23274275","(04)23288582","2026","2","4","12","20","臺中市","霧峰區","0","0","0","7","","","50","","","","","","","","","","","","","","13","","","","","B02","","","1","","2","","","7","7","1","6","4","120.697872","24.056833","3"
"1410","66000","387130000C","(04)23274275","(04)23288582","2026","2","4","12","23","臺中市","龍井區","1","1","0","7","2","6","50","4","1","1","5","4","6","6","1","1","5","5","5","1","11","1","9","1","1","C03","7","9","1","10","9","11","","21","21","1","12","4","120.512272","24.208486","1"
"1411","66000","387130000C","(04)23274275","(04)23288582","2026","2","4","12","29","臺中市","梧棲區","0","1","0","7","2","6","50","3","1","1","5","4","6","6","4","4","10","5","5","2","16","2","9","1","1","C03","7","6","1","10","2","11","","48","48","1","5","4","120.528007","24.258836","2"
"1412","66000","387130000C","(04)23274275","(04)23288582","2026","2","4","12","31","臺中市","西區","0","1","0","7","2","6","50","4","1","1","5","4","6","6","2","1","8","3","4","2","16","2","9","2","1","C03","7","9","1","10","2","11","14","21","21","1","12","4","120.665203","24.14668","2"
"1413","66000","387130000C","(04)23274275","(04)23288582","2026","2","4","12","31","臺中市","北屯區","0","0","0","7","","","50","","","","","","","","","","","","","","13","","","","","C03","","","1","","1","","","7","7","1","6","4","120.729382","24.15809","3"
"1414","66000","387130000C","(04)23274275","(04)23288582","2026","2","4","12","35","臺中市","大里區","0","1","0","7","3","6","50","13","9","1","5","4","6","6","4","4","5","4","5","1","13","2","7","1","1","C03","7","9","1","10","2","11","","84","84","1","12","4","120.689884","24.107317","2"
"1415","66000","387130000C","(04)23274275","(04)23288582","2026","2","4","12","36","臺中市","豐原區","0","0","0","7","","","50","","","","","","","","","","","","","","17","","","","","B03","","","1","","2","","","50","50","1","13","4","120.733307","24.252741","3"
"1416","66000","387130000C","(04)23274275","(04)23288582","2026","2","4","12","37","臺中市","西區","0","0","0","7","","","50","","","","","","","","","","","","","","","","","","","B03","","","1","","1","","","84","84","1","6","4","120.658354","24.144311","3"
"1417","66000","387130000C","(04)23274275","(04)23288582","2026","2","4","12","39","臺中市","大雅區","0","1","0","7","3","6","50","13","9","1","5","4","6","3","4","4","5","5","5","1","3","2","9","6","5","H01","8","18","7","21","10","17","","95","95","1","12","5","120.648509","24.229176","2"
"1418","66000","387130000C","(04)23274275","(04)23288582","2026","2","4","12","39","臺中市","中區","0","3","0","7","2","6","50","13","8","1","5","4","6","6","4","4","7","5","4","2","2","2","9","1","1","C03","7","9","1","10","2","11","","84","84","1","13","4","120.680661","24.14559","2"
"1419","66000","387130000C","(04)23274275","(04)23288582","2026","2","4","12","39","臺中市","南屯區","0","0","0","7","","","50","","","","","","","","","","","","","","12","3","10","3","1","B01","7","9","1","4","1","1","","7","7","1","12","4","120.645397","24.14101","3"
"1420","66000","387130000C","(04)23274275","(04)23288582","2026","2","4","12","39","臺中市","大里區","0","1","0","7","3","6","50","4","1","1","5","4","6","6","4","4","10","5","5","2","16","3","10","3","1","B12","7","5","1","8","2","6","","20","20","1","6","4","120.695413","24.096845","2"
"1421","66000","387130000C","(04)23274275","(04)23288582","2026","2","4","12","40","臺中市","霧峰區","0","0","0","7","","","50","","","","","","","","","","","","","","17","","","","","C03","","","1","","2","","","7","7","1","13","4","120.697872","24.056833","3"
"1422","66000","387130000C","(04)23274275","(04)23288582","2026","2","4","12","45","臺中市","北屯區","0","1","0","7","2","6","30","13","9","1","5","4","6","6","4","4","10","5","5","2","18","2","9","2","1","C03","7","9","1","10","2","12","","84","84","1","6","4","120.701939","24.166729","2"
"1423","66000","387130000C","(04)23274275","(04)23288582","2026","2","4","12","50","臺中市","大雅區","0","0","0","7","","","30","","","","","","","","","","","","","","","","","","","A11","","","1","","1","","","84","84","1","13","4","120.659227","24.20905","3"
"1424","66000","387130000C","(04)23274275","(04)23288582","2026","2","4","12","50","臺中市","清水區","0","0","0","7","","","50","","","","","","","","","","","","","","17","","","","","B03","","","1","","3","","","59","59","1","12","4","120.537159","24.268322","3"
"1425","66000","387130000C","(04)23274275","(04)23288582","2026","2","4","12","56","臺中市","北屯區","0","0","0","7","","","50","","","","","","","","","","","","","","","","","","","B03","","","1","","2","","","11","11","1","13","4","120.668248","24.197949","3"
"1426","66000","387130000C","(04)23274275","(04)23288582","2026","2","4","12","56","臺中市","霧峰區","0","0","0","7","","","40","","","","","","","","","","","","","","17","","","","","B03","","","1","","2","","","40","40","1","6","4","120.662905","24.06418","3"
"1427","66000","387130000C","(04)23274275","(04)23288582","2026","2","4","12","57","臺中市","東區","0","2","0","7","2","6","50","4","1","1","5","4","6","6","1","1","5","5","5","2","12","2","9","2","1","C03","7","9","1","10","1","12","","84","84","1","13","4","120.701252","24.142721","2"
"1428","66000","387130000C","(04)23274275","(04)23288582","2026","2","4","12","58","臺中市","北屯區","0","0","0","7","","","50","","","","","","","","","","","","","","","","","","","C03","","","1","","1","","","12","12","1","12","4","120.677518","24.175444","3"
"1429","66000","387130000C","(04)23274275","(04)23288582","2026","2","4","13","2","臺中市","大里區","0","0","0","7","2","6","50","13","7","1","5","4","6","6","1","1","4","5","4","2","13","","","","","B03","","","1","","2","","","59","59","1","12","4","120.689943","24.101334","3"
"1430","66000","387130000C","(04)23274275","(04)23288582","2026","2","4","13","2","臺中市","大里區","0","1","0","7","3","6","50","5","9","1","5","4","6","6","3","1","5","4","5","1","13","3","10","5","4","C03","7","9","1","10","2","11","","7","7","1","13","2","120.680525","24.115086","2"
"1431","66000","387130000C","(04)23274275","(04)23288582","2026","2","4","13","3","臺中市","太平區","0","0","0","7","","","50","","","","","","","","","","","","","","","","","","","B11","","","1","","2","","","84","84","1","12","4","120.717155","24.125299","3"
"1432","66000","387130000C","(04)23274275","(04)23288582","2026","2","4","13","6","臺中市","大肚區","0","1","0","7","2","6","50","3","1","1","5","4","6","6","1","1","10","5","5","2","16","3","10","2","1","C03","7","9","1","10","2","12","","39","39","1","6","4","120.542961","24.163007","2"
"1433","66000","387130000C","(04)23274275","(04)23288582","2026","2","4","13","10","臺中市","清水區","0","1","0","7","3","6","50","13","14","1","5","4","6","6","4","4","9","5","5","1","12","2","8","1","1","F03","7","15","7","21","2","11","","82","82","1","12","4","120.5512","24.261779","2"