序號,縣市別代碼,機關代碼,市話,傳真,年,月,日,時,分,縣市,區,死亡數量,受傷數量,2-30,天候,道路照明設備,道路類別,道路速限,道路型態,事故位置,路面鋪裝,路面狀態,路面缺陷,障礙物,視距,號誌種類,號誌動作,分向設施,快車道或一般車道間,快慢車道間,路面邊線,事故類型及型態,受傷程度,主要傷處,保護裝備,行動電話或功能裝置,當事者區分(類別),車輛用途,當事者行動狀態,駕照狀態,駕照種類,飲酒情形,車輛撞擊部位最初,車輛撞擊部位其他,肇事因素個別,肇事因素主要,肇事逃逸,職業,共享經濟或外送平台,GPS座標X,GPS座標Y,事故類別
"1434","66000","387130000C","(04)23274275","(04)23288582","2026","2","4","13","18","臺中市","大里區","0","0","0","7","3","6","40","18","16","1","5","4","6","6","4","4","10","5","5","1","13","","","","","A12","","","1","","2","","","7","7","1","12","4","120.69209","24.101766","3"
"1435","66000","387130000C","(04)23274275","(04)23288582","2026","2","4","13","20","臺中市","太平區","0","0","0","7","","","","","","","","","","","","","","","","","","","","","","","","","","","","","","119","119","1","","","120.713171","24.131517","3"
"1436","66000","387130000C","(04)23274275","(04)23288582","2026","2","4","13","24","臺中市","豐原區","0","1","0","7","2","6","50","13","9","1","5","4","6","6","4","4","1","4","5","2","17","3","10","3","1","B03","7","1","1","8","2","8","","51","51","1","13","4","120.708523","24.25019","2"
"1437","66000","387130000C","(04)23274275","(04)23288582","2026","2","4","13","27","臺中市","潭子區","0","0","0","7","","","30","","","","","","","","","","","","","","","","","","","B03","","","1","","2","","","49","49","1","13","4","120.71157","24.235762","3"
"1438","66000","387130000C","(04)23274275","(04)23288582","2026","2","4","13","27","臺中市","北區","0","0","0","7","","","50","","","","","","","","","","","","","","16","","","","","B03","","","1","","2","","","84","84","1","12","4","120.686813","24.166934","3"
"1439","66000","387130000C","(04)23274275","(04)23288582","2026","2","4","13","30","臺中市","潭子區","0","0","0","7","","","40","","","","","","","","","","","","","","14","","","","","B03","","","1","","1","","","50","50","1","13","4","120.706837","24.223538","3"
"1440","66000","387130000C","(04)23274275","(04)23288582","2026","2","4","13","31","臺中市","北屯區","0","1","0","7","2","6","50","4","2","1","5","4","6","6","2","1","1","1","5","2","12","2","9","1","1","C03","7","7","1","10","1","12","","42","42","1","12","4","120.68525","24.17203","2"
"1441","66000","387130000C","(04)23274275","(04)23288582","2026","2","4","13","35","臺中市","大里區","0","0","0","7","","","30","","","","","","","","","","","","","","","","","","","B12","","","1","","11","","","59","59","2","12","4","120.698204","24.095893","3"
"1442","66000","387130000C","(04)23274275","(04)23288582","2026","2","4","13","36","臺中市","東區","0","0","0","7","","","50","","","","","","","","","","","","","","13","","","","","B03","","","1","8","1","","","84","84","1","6","4","120.695371","24.142901","3"
"1443","66000","387130000C","(04)23274275","(04)23288582","2026","2","4","13","37","臺中市","北區","0","1","0","7","2","6","50","13","9","1","5","4","6","6","4","4","5","4","5","1","17","3","10","5","4","B03","7","1","1","8","2","8","","51","51","1","12","4","120.666986","24.15918","2"
"1444","66000","387130000C","(04)23274275","(04)23288582","2026","2","4","13","38","臺中市","沙鹿區","0","1","0","7","2","6","30","11","9","1","5","4","6","6","4","4","10","5","5","1","18","2","9","2","1","C03","7","9","1","10","2","14","","59","59","1","6","4","120.593523","24.218293","2"
"1445","66000","387130000C","(04)23274275","(04)23288582","2026","2","4","13","39","臺中市","北區","0","0","0","7","","","50","","","","","","","","","","","","","","30","","","","","A11","","","1","","2","","","84","84","1","13","4","120.676943","24.167184","3"
"1446","66000","387130000C","(04)23274275","(04)23288582","2026","2","4","13","40","臺中市","大里區","0","0","0","7","","","30","","","","","","","","","","","","","","","","","","","B03","","","1","","2","","","51","51","1","13","4","120.689712","24.091371","3"
"1447","66000","387130000C","(04)23274275","(04)23288582","2026","2","4","13","44","臺中市","北屯區","0","0","0","7","","","50","","","","","","","","","","","","","","13","","","","","C03","","","1","","1","","","7","7","1","6","4","120.681987","24.181898","3"
"1448","66000","387130000C","(04)23274275","(04)23288582","2026","2","4","13","50","臺中市","南區","0","0","0","7","","","50","","","","","","","","","","","","","","","","","","","B03","","","1","","2","","","7","7","1","12","4","120.657743","24.129006","4"
"1449","66000","387130000C","(04)23274275","(04)23288582","2026","2","4","13","52","臺中市","北屯區","0","1","0","7","3","6","50","13","9","1","5","4","6","6","1","1","1","4","5","2","12","3","10","3","1","A41","7","4","1","1","2","5","","2","2","1","6","4","120.667029","24.180064","2"
"1450","66000","387130000C","(04)23274275","(04)23288582","2026","2","4","13","52","臺中市","龍井區","0","0","0","7","","","60","","","","","","","","","","","","","","","","","","","B03","","","1","","1","","","7","7","1","12","4","120.580157","24.189864","3"
"1451","66000","387130000C","(04)23274275","(04)23288582","2026","2","4","13","55","臺中市","西屯區","0","0","0","7","","","0","","","","","","","","","","","","","","12","","","","","A12","","","1","","1","","","8","8","1","12","4","120.614695","24.183146","3"
"1452","66000","387130000C","(04)23274275","(04)23288582","2026","2","4","13","56","臺中市","南區","0","0","0","7","","","50","","","","","","","","","","","","","","12","","","","","B03","","","1","","1","","","85","85","1","12","4","120.666638","24.119662","3"
"1453","66000","387130000C","(04)23274275","(04)23288582","2026","2","4","13","56","臺中市","南屯區","0","0","0","7","3","6","50","13","9","1","5","4","6","6","4","4","3","4","5","2","12","","","","","A12","","","1","","9","","","59","59","2","12","4","120.628877","24.149233","3"
"1454","66000","387130000C","(04)23274275","(04)23288582","2026","2","4","13","57","臺中市","豐原區","0","1","0","7","2","6","50","3","1","1","5","4","3","3","1","1","5","5","4","2","16","4","11","1","1","C03","7","6","1","10","2","12","12","11","11","1","13","4","120.715117","24.249169","2"
"1455","66000","387130000C","(04)23274275","(04)23288582","2026","2","4","13","58","臺中市","南區","0","1","0","7","2","6","40","5","2","1","5","4","6","6","2","1","5","4","4","2","12","3","10","5","4","C03","7","9","3","19","2","12","","8","8","1","13","4","120.668432","24.114564","2"
"1456","66000","387130000C","(04)23274275","(04)23288582","2026","2","4","13","59","臺中市","南屯區","0","0","0","7","","","40","","","","","","","","","","","","","","","","","","","B03","","","1","","1","","","7","7","1","13","4","120.62267","24.140394","3"
"1457","66000","387130000C","(04)23274275","(04)23288582","2026","2","4","14","0","臺中市","北屯區","0","1","0","7","1","6","50","5","2","1","5","4","6","6","4","4","5","4","4","2","12","3","10","3","1","B03","7","5","1","8","2","2","","20","20","1","13","4","120.726943","24.173135","2"
"1458","66000","387130000C","(04)23274275","(04)23288582","2026","2","4","14","0","臺中市","豐原區","0","0","0","7","","","50","","","","","","","","","","","","","","13","","","","","B12","","","1","","2","","","7","7","1","13","4","120.714916","24.249478","3"
"1459","66000","387130000C","(04)23274275","(04)23288582","2026","2","4","14","2","臺中市","西屯區","0","1","0","7","2","6","50","4","1","1","5","4","6","6","1","1","10","5","5","2","16","2","8","1","1","C03","7","6","1","10","2","11","14","36","36","1","12","4","120.642979","24.158756","2"
"1460","66000","387130000C","(04)23274275","(04)23288582","2026","2","4","14","5","臺中市","大雅區","0","0","0","7","","","50","","","","","","","","","","","","","","","","","","","C03","","","1","","9","","","84","84","2","13","4","120.653103","24.225746","3"
"1461","66000","387130000C","(04)23274275","(04)23288582","2026","2","4","14","5","臺中市","豐原區","0","1","0","7","1","6","50","3","8","1","5","4","6","6","1","1","1","4","4","1","17","3","10","3","1","B03","7","7","1","8","2","2","","20","20","1","6","4","120.751471","24.270711","2"
"1462","66000","387130000C","(04)23274275","(04)23288582","2026","2","4","14","7","臺中市","潭子區","0","0","0","7","","","50","","","","","","","","","","","","","","","","","","","B03","","","1","","2","","","84","84","1","13","4","120.69642","24.196046","3"
"1463","66000","387130000C","(04)23274275","(04)23288582","2026","2","4","14","7","臺中市","西區","0","0","0","7","","","50","","","","","","","","","","","","","","16","","","","","B03","","","1","","11","","","26","26","1","13","4","120.657242","24.150853","3"
"1464","66000","387130000C","(04)23274275","(04)23288582","2026","2","4","14","11","臺中市","石岡區","0","1","0","7","3","6","70","3","1","1","5","4","6","6","1","1","1","4","4","1","12","3","10","5","4","B03","7","5","1","8","2","7","","11","11","1","13","4","120.784512","24.274436","2"
"1465","66000","387130000C","(04)23274275","(04)23288582","2026","2","4","14","12","臺中市","南屯區","0","0","0","7","","","50","","","","","","","","","","","","","","14","","","","","B01","","","1","","2","","","58","58","1","12","4","120.623578","24.152559","3"
"1466","66000","387130000C","(04)23274275","(04)23288582","2026","2","4","14","12","臺中市","神岡區","0","0","0","7","1","6","50","13","7","1","5","4","6","6","4","4","1","4","5","1","12","","","","","B03","","","1","","2","","","40","40","1","12","4","120.686779","24.246914","3"
"1467","66000","387130000C","(04)23274275","(04)23288582","2026","2","4","14","14","臺中市","大甲區","0","0","0","7","","","50","","","","","","","","","","","","","","16","","","","","F01","","","7","","1","","","14","14","1","6","1","120.620177","24.347553","3"
"1468","66000","387130000C","(04)23274275","(04)23288582","2026","2","4","14","15","臺中市","北屯區","0","0","0","7","","","50","","","","","","","","","","","","","","","","","","","B03","","","1","","1","","","40","40","1","13","4","120.669226","24.177721","3"
"1469","66000","387130000C","(04)23274275","(04)23288582","2026","2","4","14","19","臺中市","北屯區","0","0","0","7","","","50","","","","","","","","","","","","","","","","","","","B03","","","1","","2","","","51","51","1","12","4","120.686285","24.179876","3"
"1470","66000","387130000C","(04)23274275","(04)23288582","2026","2","4","14","20","臺中市","大里區","0","2","0","7","3","6","50","4","1","1","5","4","6","6","1","1","10","5","5","2","16","2","8","1","1","C03","7","6","1","10","2","11","","23","23","1","6","4","120.709696","24.089213","2"
"1471","66000","387130000C","(04)23274275","(04)23288582","2026","2","4","14","21","臺中市","烏日區","0","2","0","7","2","6","50","4","1","1","5","4","6","6","1","1","10","5","5","2","17","3","10","5","4","B03","7","5","1","8","2","5","","11","11","1","12","4","120.624747","24.104277","2"
"1472","66000","387130000C","(04)23274275","(04)23288582","2026","2","4","14","21","臺中市","大肚區","0","1","0","7","2","6","40","13","14","1","5","4","6","6","4","4","1","4","4","1","13","2","9","1","1","F01","7","9","7","21","2","11","","59","59","1","6","4","120.546496","24.158338","2"
"1473","66000","387130000C","(04)23274275","(04)23288582","2026","2","4","14","23","臺中市","太平區","0","0","0","7","","","50","","","","","","","","","","","","","","17","","","","","","","","","","","","","86","86","1","","","120.708333","24.128115","3"
"1474","66000","387130000C","(04)23274275","(04)23288582","2026","2","4","14","26","臺中市","太平區","0","0","0","7","","","50","","","","","","","","","","","","","","17","","","","","B03","","","1","","9","","","49","49","1","6","4","120.716225","24.155886","3"
"1475","66000","387130000C","(04)23274275","(04)23288582","2026","2","4","14","26","臺中市","大甲區","0","0","0","7","","","30","","","","","","","","","","","","","","","","","","","B12","","","1","","1","","","8","8","1","6","4","120.620788","24.349841","3"
"1476","66000","387130000C","(04)23274275","(04)23288582","2026","2","4","14","30","臺中市","豐原區","0","0","0","7","","","50","","","","","","","","","","","","","","17","","","","","B12","","","1","","1","","","7","7","2","6","4","120.744979","24.264255","3"
"1477","66000","387130000C","(04)23274275","(04)23288582","2026","2","4","14","31","臺中市","潭子區","0","0","0","7","","3","80","","","","","","","","","","","","","","","","","","","B12","","","1","","2","","","84","84","1","13","4","120.712055","24.200606","3"
"1478","66000","387130000C","(04)23274275","(04)23288582","2026","2","4","14","34","臺中市","西區","0","0","0","7","","","50","","","","","","","","","","","","","","14","","","","","B03","","","1","","1","","","84","84","1","13","4","120.674066","24.142627","3"
"1479","66000","387130000C","(04)23274275","(04)23288582","2026","2","4","14","38","臺中市","大甲區","0","1","0","7","2","6","50","4","1","1","5","4","6","6","4","4","5","5","5","1","15","2","9","2","1","C03","7","9","3","19","2","11","","12","12","1","6","4","120.627574","24.354506","2"
"1480","66000","387130000C","(04)23274275","(04)23288582","2026","2","4","14","42","臺中市","新社區","0","0","0","7","","","50","","","","","","","","","","","","","","","","","","","C03","","","1","","1","","","4","4","1","13","4","120.808198","24.24623","3"
"1481","66000","387130000C","(04)23274275","(04)23288582","2026","2","4","14","48","臺中市","龍井區","0","2","0","7","2","6","50","13","9","1","5","4","6","6","4","4","5","5","5","1","13","2","9","1","1","C03","7","9","1","10","2","11","","7","7","1","12","4","120.547847","24.213868","2"
"1482","66000","387130000C","(04)23274275","(04)23288582","2026","2","4","14","50","臺中市","北區","0","1","0","7","2","6","50","4","2","1","5","4","6","6","2","1","10","5","5","2","12","2","9","2","1","C04","7","9","1","10","2","14","","7","7","1","13","4","120.684962","24.159048","2"
"1483","66000","387130000C","(04)23274275","(04)23288582","2026","2","4","14","57","臺中市","烏日區","0","2","0","7","2","6","40","4","1","1","5","4","6","6","4","4","10","5","5","2","15","2","4","1","1","C03","7","9","1","10","2","16","","12","12","1","6","4","120.635028","24.110406","2"
"1484","66000","387130000C","(04)23274275","(04)23288582","2026","2","4","14","58","臺中市","北屯區","0","2","0","7","2","6","50","4","2","1","5","4","6","6","2","1","1","1","5","2","16","2","9","1","1","C03","7","5","1","10","2","12","","11","11","1","6","4","120.685461","24.173445","2"
"1485","66000","387130000C","(04)23274275","(04)23288582","2026","2","4","15","3","臺中市","西區","0","0","0","7","","","50","","","","","","","","","","","","","","","","","","","B03","","","1","","2","","","84","84","1","12","4","120.673207","24.141026","4"
"1486","66000","387130000C","(04)23274275","(04)23288582","2026","2","4","15","3","臺中市","沙鹿區","0","0","0","7","","","30","","","","","","","","","","","","","","","","","","","B03","","","1","","2","","","8","8","1","13","4","120.564368","24.241193","3"
"1487","66000","387130000C","(04)23274275","(04)23288582","2026","2","4","15","4","臺中市","神岡區","0","1","0","7","2","6","50","5","1","1","5","4","6","6","4","4","1","4","5","1","17","3","10","3","1","B12","7","6","1","8","2","8","8","12","12","1","12","4","120.69107","24.24811","2"
"1488","66000","387130000C","(04)23274275","(04)23288582","2026","2","4","15","10","臺中市","北屯區","0","0","0","7","","","40","","","","","","","","","","","","","","17","","","","","B03","","","1","","1","","","51","51","1","6","4","120.711252","24.170562","4"
"1489","66000","387130000C","(04)23274275","(04)23288582","2026","2","4","15","10","臺中市","外埔區","0","1","0","7","3","6","50","3","1","1","5","4","6","6","1","1","10","5","5","2","16","3","10","3","1","A04","7","5","1","1","2","2","","47","47","1","6","4","120.651716","24.333139","2"
"1490","66000","387130000C","(04)23274275","(04)23288582","2026","2","4","15","12","臺中市","西屯區","0","0","0","7","","","50","","","","","","","","","","","","","","14","","","","","B02","","","1","","1","","","49","49","1","12","4","120.606989","24.155124","3"
"1491","66000","387130000C","(04)23274275","(04)23288582","2026","2","4","15","19","臺中市","北區","0","0","0","7","","","0","","","","","","","","","","","","","","14","","","","","B01","","","1","","1","","","49","49","1","13","4","120.694661","24.154909","3"
"1492","66000","387130000C","(04)23274275","(04)23288582","2026","2","4","15","20","臺中市","大雅區","0","1","0","7","3","6","0","13","24","1","5","4","6","6","4","4","5","5","5","2","17","3","10","3","1","B03","7","2","1","8","2","6","","49","49","1","12","4","120.641203","24.219188","2"
"1493","66000","387130000C","(04)23274275","(04)23288582","2026","2","4","15","21","臺中市","中區","0","0","0","7","","","50","","","","","","","","","","","","","","17","","","","","C03","","","1","","1","","","51","51","1","13","4","120.681723","24.137499","4"
"1494","66000","387130000C","(04)23274275","(04)23288582","2026","2","4","15","22","臺中市","南屯區","0","0","0","7","","","50","","","","","","","","","","","","","","13","","","","","B03","","","1","","2","","","7","7","1","12","4","120.646629","24.140096","3"
"1495","66000","387130000C","(04)23274275","(04)23288582","2026","2","4","15","23","臺中市","南屯區","0","1","0","7","3","6","40","13","7","1","5","4","6","6","4","4","5","5","4","2","17","3","10","3","1","B03","7","1","1","8","1","5","","51","51","1","12","4","120.641484","24.136337","2"
"1496","66000","387130000C","(04)23274275","(04)23288582","2026","2","4","15","28","臺中市","大里區","0","1","0","7","2","6","60","13","14","1","5","4","6","6","4","4","1","4","4","1","17","3","10","3","1","B03","7","1","1","8","2","8","","51","51","1","13","4","120.685693","24.102832","2"
"1497","66000","387130000C","(04)23274275","(04)23288582","2026","2","4","15","28","臺中市","豐原區","0","0","0","7","","","60","","","","","","","","","","","","","","13","","","","","B03","","","1","","1","","","59","59","1","13","4","120.703794","24.23813","3"
"1498","66000","387130000C","(04)23274275","(04)23288582","2026","2","4","15","30","臺中市","北區","0","1","0","7","3","6","50","4","2","1","5","4","6","6","4","4","5","4","5","2","17","3","10","5","4","C03","7","1","1","10","2","12","","51","51","1","13","4","120.684625","24.152899","2"
"1499","66000","387130000C","(04)23274275","(04)23288582","2026","2","4","15","30","臺中市","西屯區","0","2","0","7","2","6","50","3","1","1","5","4","6","6","2","1","10","5","5","2","16","2","9","2","4","C03","7","5","1","10","2","12","","11","11","1","13","4","120.644574","24.157707","2"
"1500","66000","387130000C","(04)23274275","(04)23288582","2026","2","4","15","30","臺中市","梧棲區","0","0","0","7","","","50","","","","","","","","","","","","","","14","","","","","B12","","","1","","1","","","49","49","1","6","4","120.534479","24.247669","3"
"1501","66000","387130000C","(04)23274275","(04)23288582","2026","2","4","15","31","臺中市","南屯區","0","1","0","7","2","6","50","13","9","1","5","4","6","6","4","4","5","5","5","2","17","2","9","1","1","C03","7","9","3","19","2","11","","82","82","1","13","4","120.650449","24.147674","2"
"1502","66000","387130000C","(04)23274275","(04)23288582","2026","2","4","15","38","臺中市","太平區","0","1","0","7","2","6","30","3","1","1","5","4","6","6","4","4","5","5","4","1","16","3","10","3","1","B02","7","6","1","8","2","8","","13","13","1","6","4","120.732787","24.116879","2"
"1503","66000","387130000C","(04)23274275","(04)23288582","2026","2","4","15","40","臺中市","大里區","0","1","0","7","2","6","50","5","1","1","5","4","6","6","2","1","5","5","5","1","16","3","10","3","3","B03","7","5","1","8","2","2","","11","11","1","6","4","120.686566","24.095396","2"
"1504","66000","387130000C","(04)23274275","(04)23288582","2026","2","4","15","42","臺中市","后里區","0","0","0","7","2","6","50","13","8","","5","4","6","6","4","4","3","4","4","1","14","","","","","B12","","","1","","2","","","49","49","1","6","4","120.722432","24.309372","3"
"1505","66000","387130000C","(04)23274275","(04)23288582","2026","2","4","15","45","臺中市","外埔區","0","0","0","7","","","50","","","","","","","","","","","","","","12","","","","","B03","","","1","","2","","","50","50","1","6","4","120.655453","24.329765","3"
"1506","66000","387130000C","(04)23274275","(04)23288582","2026","2","4","15","48","臺中市","西區","0","0","0","7","","","50","","","","","","","","","","","","","","12","","","","","B03","","","1","","1","","","40","40","1","13","4","120.657242","24.136195","3"
"1507","66000","387130000C","(04)23274275","(04)23288582","2026","2","4","15","49","臺中市","北屯區","0","1","0","7","2","6","50","13","9","1","5","4","6","6","4","4","1","4","5","2","18","2","9","2","1","C03","7","9","1","10","2","12","","84","84","1","5","4","120.699838","24.177008","2"
"1508","66000","387130000C","(04)23274275","(04)23288582","2026","2","4","15","51","臺中市","東區","0","1","0","7","1","6","50","4","1","1","5","4","6","6","2","1","10","5","5","2","17","3","10","5","4","B01","7","6","1","4","2","8","","11","11","1","13","4","120.69243","24.147914","2"
"1509","66000","387130000C","(04)23274275","(04)23288582","2026","2","4","15","52","臺中市","北屯區","0","0","0","7","","","30","","","","","","","","","","","","","","17","","","","","B12","","","1","","2","","","59","59","1","12","4","120.723646","24.176859","3"
"1510","66000","387130000C","(04)23274275","(04)23288582","2026","2","4","16","2","臺中市","西區","0","0","0","7","","","50","","","","","","","","","","","","","","13","","","","","C03","","","1","","1","","","59","59","1","13","4","120.676283","24.137265","3"
"1511","66000","387130000C","(04)23274275","(04)23288582","2026","2","4","16","3","臺中市","北屯區","0","1","0","7","2","6","50","11","9","1","5","4","6","6","4","4","5","5","5","2","17","3","10","3","1","B03","7","1","1","8","2","4","","51","51","1","12","4","120.668595","24.174262","2"
"1512","66000","387130000C","(04)23274275","(04)23288582","2026","2","4","16","3","臺中市","大里區","0","0","0","7","","","50","","","","","","","","","","","","","","","","","","","B03","","","1","","2","","","84","84","1","12","4","120.679868","24.109382","3"
"1513","66000","387130000C","(04)23274275","(04)23288582","2026","2","4","16","4","臺中市","西屯區","0","0","0","7","","","50","","","","","","","","","","","","","","13","","","","","B03","","","1","","1","","","59","59","1","12","4","120.624129","24.182319","3"
"1514","66000","387130000C","(04)23274275","(04)23288582","2026","2","4","16","9","臺中市","北屯區","0","0","0","7","","","50","","","","","","","","","","","","","","17","","","","","","","","","","","","","119","119","1","","","120.705646","24.191517","3"
"1515","66000","387130000C","(04)23274275","(04)23288582","2026","2","4","16","12","臺中市","龍井區","0","1","0","7","2","6","50","4","1","1","5","4","6","6","1","1","3","2","5","2","16","3","10","1","1","C03","7","6","1","10","2","13","","42","42","1","12","4","120.546565","24.196467","2"
"1516","66000","387130000C","(04)23274275","(04)23288582","2026","2","4","16","13","臺中市","烏日區","0","0","0","7","","","50","","","","","","","","","","","","","","13","","","","","A11","","","1","","1","","","7","7","1","6","4","120.608","24.117962","3"
"1517","66000","387130000C","(04)23274275","(04)23288582","2026","2","4","16","16","臺中市","西屯區","0","0","0","7","","","40","","","","","","","","","","","","","","14","","","","","B03","","","1","","1","","","50","50","1","13","4","120.656386","24.169282","3"
"1518","66000","387130000C","(04)23274275","(04)23288582","2026","2","4","16","16","臺中市","大甲區","0","2","0","7","2","6","60","4","1","1","5","3","6","6","2","1","1","3","4","1","15","2","8","2","1","C03","7","9","1","10","2","11","","21","21","1","12","4","120.643325","24.409362","2"
"1519","66000","387130000C","(04)23274275","(04)23288582","2026","2","4","16","17","臺中市","西屯區","0","0","0","7","","","50","","","","","","","","","","","","","","17","","","","","F03","","","7","","2","","","59","59","1","13","4","120.665925","24.170508","3"
"1520","66000","387130000C","(04)23274275","(04)23288582","2026","2","4","16","18","臺中市","大甲區","0","1","0","7","3","6","70","13","11","1","5","4","6","6","4","4","1","4","4","1","17","3","10","5","4","B03","7","2","1","8","2","7","","49","49","1","12","4","120.637263","24.362607","2"
"1521","66000","387130000C","(04)23274275","(04)23288582","2026","2","4","16","20","臺中市","北屯區","0","0","0","7","","","50","","","","","","","","","","","","","","13","","","","","B03","","","1","","1","","","58","58","1","6","4","120.721416","24.169962","3"
"1522","66000","387130000C","(04)23274275","(04)23288582","2026","2","4","16","25","臺中市","北區","0","1","0","7","3","6","50","18","24","1","5","4","6","6","2","1","3","4","5","2","17","3","10","5","4","C03","7","15","1","10","2","11","","7","7","1","13","4","120.677398","24.151379","2"
"1523","66000","387130000C","(04)23274275","(04)23288582","2026","2","4","16","26","臺中市","烏日區","0","1","0","7","2","6","30","13","9","1","5","4","6","6","4","4","10","5","5","2","17","3","10","5","4","B12","7","11","1","8","2","4","","84","84","1","12","4","120.649076","24.098752","2"
"1524","66000","387130000C","(04)23274275","(04)23288582","2026","2","4","16","28","臺中市","大甲區","0","1","0","7","2","6","50","4","1","1","5","4","6","6","4","4","5","5","5","1","15","2","9","2","1","C03","7","9","1","10","2","11","","15","15","1","6","4","120.618122","24.351416","2"
"1525","66000","387130000C","(04)23274275","(04)23288582","2026","2","4","16","29","臺中市","中區","0","0","0","7","","","0","","","","","","","","","","","","","","17","","","","","F03","","","1","","9","","","84","84","1","13","4","120.680269","24.144796","3"
"1526","66000","387130000C","(04)23274275","(04)23288582","2026","2","4","16","30","臺中市","西區","0","0","0","7","","","50","","","","","","","","","","","","","","","","","","","B03","","","1","","1","","","40","40","1","12","4","120.667176","24.153404","3"
"1527","66000","387130000C","(04)23274275","(04)23288582","2026","2","4","16","31","臺中市","北屯區","0","0","0","7","","","50","","","","","","","","","","","","","","16","","","","","B03","","","1","","2","","","12","12","1","12","4","120.74131","24.17987","3"
"1528","66000","387130000C","(04)23274275","(04)23288582","2026","2","4","16","35","臺中市","南區","0","0","0","7","","","30","","","","","","","","","","","","","","13","","","","","B03","","","1","","2","","","58","58","1","6","4","120.66529","24.12689","3"
"1529","66000","387130000C","(04)23274275","(04)23288582","2026","2","4","16","36","臺中市","烏日區","0","0","0","7","2","6","40","13","9","1","5","4","6","6","4","4","40","5","5","2","12","3","10","3","1","B03","7","3","1","8","2","6","","8","8","1","6","4","120.625946","24.107511","3"
"1530","66000","387130000C","(04)23274275","(04)23288582","2026","2","4","16","36","臺中市","沙鹿區","0","0","0","7","","","60","","","","","","","","","","","","","","","","","","","B03","","","1","","2","","","82","82","1","6","4","120.569453","24.202096","3"
"1531","66000","387130000C","(04)23274275","(04)23288582","2026","2","4","16","39","臺中市","南屯區","0","0","0","7","","","50","","","","","","","","","","","","","","14","","","","","B03","","","1","","2","","","49","49","1","12","4","120.636732","24.153283","3"
"1532","66000","387130000C","(04)23274275","(04)23288582","2026","2","4","16","39","臺中市","大里區","0","1","0","7","2","6","50","13","7","1","5","4","6","6","2","1","5","4","4","1","17","3","10","3","3","B03","7","6","5","19","2","7","4","34","34","1","13","4","120.676861","24.100592","2"
"1533","66000","387130000C","(04)23274275","(04)23288582","2026","2","4","16","39","臺中市","豐原區","0","1","0","7","3","6","50","13","7","1","5","4","6","6","4","4","9","5","4","2","13","2","9","1","4","C03","7","9","3","19","2","11","","7","7","1","12","4","120.72705","24.243005","2"
"1534","66000","387130000C","(04)23274275","(04)23288582","2026","2","4","16","40","臺中市","西屯區","0","0","0","7","","","50","","","","","","","","","","","","","","12","","","","","B03","","","1","","2","","","50","50","1","12","4","120.611703","24.190648","3"
"1535","66000","387130000C","(04)23274275","(04)23288582","2026","2","4","16","41","臺中市","西屯區","0","2","0","7","2","6","40","3","1","1","5","4","6","6","4","4","10","5","5","2","12","2","9","4","1","F01","7","15","7","21","2","14","","84","84","1","12","4","120.615879","24.177016","2"
"1536","66000","387130000C","(04)23274275","(04)23288582","2026","2","4","16","44","臺中市","大里區","0","0","0","7","","","30","","","","","","","","","","","","","","","","","","","C03","","","1","","1","","","84","84","1","12","4","120.677058","24.114348","4"
"1537","66000","387130000C","(04)23274275","(04)23288582","2026","2","4","16","44","臺中市","梧棲區","0","1","0","7","2","6","70","4","1","1","5","4","6","6","1","1","10","5","5","2","16","3","10","3","1","B03","7","5","1","8","2","2","","11","11","1","12","4","120.559268","24.25811","2"
"1538","66000","387130000C","(04)23274275","(04)23288582","2026","2","4","16","46","臺中市","北屯區","0","0","0","7","","","50","","","","","","","","","","","","","","13","","","","","B12","","","1","","1","","","7","7","1","6","4","120.72418","24.1622","3"
"1539","66000","387130000C","(04)23274275","(04)23288582","2026","2","4","16","46","臺中市","太平區","0","1","0","7","2","6","30","13","9","1","5","4","6","6","4","4","10","5","5","2","28","2","9","1","1","C03","7","9","1","10","2","12","","87","87","1","12","4","120.737234","24.134903","2"
"1540","66000","387130000C","(04)23274275","(04)23288582","2026","2","4","16","49","臺中市","大里區","0","1","0","7","2","6","50","4","1","1","5","4","6","6","3","3","10","5","5","1","16","3","10","2","1","C03","7","6","1","10","2","12","","11","11","1","13","4","120.696216","24.079763","2"
"1541","66000","387130000C","(04)23274275","(04)23288582","2026","2","4","16","50","臺中市","潭子區","0","1","0","7","2","6","50","3","1","1","5","4","6","6","4","4","10","5","5","2","3","2","9","1","1","C03","7","9","1","8","2","11","","10","10","1","13","4","120.7005","24.212725","2"
"1542","66000","387130000C","(04)23274275","(04)23288582","2026","2","4","16","50","臺中市","龍井區","0","3","0","7","1","6","40","13","11","1","5","4","5","6","4","4","3","5","5","1","13","2","9","1","1","C03","7","9","1","10","2","11","","7","7","1","6","4","120.543062","24.218056","2"
"1543","66000","387130000C","(04)23274275","(04)23288582","2026","2","4","16","55","臺中市","龍井區","0","0","0","7","","","50","","","","","","","","","","","","","","","","","","","C03","","","1","","2","","","7","7","1","6","4","120.543124","24.218039","3"
"1544","66000","387130000C","(04)23274275","(04)23288582","2026","2","4","16","59","臺中市","豐原區","0","0","0","7","","","40","","","","","","","","","","","","","","14","","","","","B03","","","1","","9","","","49","49","2","13","4","120.712406","24.250533","3"