序號,縣市別代碼,機關代碼,市話,傳真,年,月,日,時,分,縣市,區,死亡數量,受傷數量,2-30,天候,道路照明設備,道路類別,道路速限,道路型態,事故位置,路面鋪裝,路面狀態,路面缺陷,障礙物,視距,號誌種類,號誌動作,分向設施,快車道或一般車道間,快慢車道間,路面邊線,事故類型及型態,受傷程度,主要傷處,保護裝備,行動電話或功能裝置,當事者區分(類別),車輛用途,當事者行動狀態,駕照狀態,駕照種類,飲酒情形,車輛撞擊部位最初,車輛撞擊部位其他,肇事因素個別,肇事因素主要,肇事逃逸,職業,共享經濟或外送平台,GPS座標X,GPS座標Y,事故類別
"1545","66000","387130000C","(04)23274275","(04)23288582","2026","2","4","17","3","臺中市","太平區","0","0","0","7","","","50","","","","","","","","","","","","","","16","","","","","B12","","","1","","2","","","11","11","1","6","4","120.710863","24.12633","3"
"1546","66000","387130000C","(04)23274275","(04)23288582","2026","2","4","17","6","臺中市","大雅區","0","2","0","7","3","6","50","13","9","1","5","4","6","6","4","4","1","4","5","2","17","2","8","2","1","C03","7","15","1","10","2","14","","85","85","1","12","4","120.614647","24.218017","2"
"1547","66000","387130000C","(04)23274275","(04)23288582","2026","2","4","17","6","臺中市","西屯區","0","0","0","7","","","50","","","","","","","","","","","","","","12","","","","","C03","","","1","","1","","","34","34","1","12","4","120.646557","24.171325","3"
"1548","66000","387130000C","(04)23274275","(04)23288582","2026","2","4","17","8","臺中市","沙鹿區","0","0","0","7","","","60","","","","","","","","","","","","","","17","","","","","B03","","","1","","2","","","43","43","1","12","4","120.570211","24.239766","3"
"1549","66000","387130000C","(04)23274275","(04)23288582","2026","2","4","17","9","臺中市","太平區","0","0","0","7","","","50","","","","","","","","","","","","","","17","","","","","C03","","","1","","2","","","21","21","1","12","4","120.716192","24.133357","3"
"1550","66000","387130000C","(04)23274275","(04)23288582","2026","2","4","17","10","臺中市","大雅區","0","1","0","7","3","6","50","13","8","1","5","4","6","6","4","4","4","3","4","2","9","3","10","3","1","B03","7","9","1","8","2","2","","8","8","1","12","4","120.6513","24.227826","2"
"1551","66000","387130000C","(04)23274275","(04)23288582","2026","2","4","17","10","臺中市","豐原區","0","0","0","7","","","50","","","","","","","","","","","","","","3","","","","","B03","","","1","","2","","","10","10","1","6","4","120.722423","24.260487","3"
"1552","66000","387130000C","(04)23274275","(04)23288582","2026","2","4","17","13","臺中市","西區","0","1","0","7","3","6","50","3","1","1","5","4","6","6","1","1","5","5","5","1","12","3","10","3","1","B03","7","5","1","15","2","5","","11","11","1","13","4","120.665236","24.146697","2"
"1553","66000","387130000C","(04)23274275","(04)23288582","2026","2","4","17","15","臺中市","大里區","0","0","0","7","2","6","50","","14","1","5","4","6","6","4","4","5","5","5","1","17","","","","","C03","","","1","","2","","","84","84","1","13","4","120.698429","24.10745","3"
"1554","66000","387130000C","(04)23274275","(04)23288582","2026","2","4","17","16","臺中市","沙鹿區","0","1","0","7","2","6","50","4","1","1","5","4","6","6","4","4","10","5","5","2","13","3","10","2","1","C03","7","9","1","10","2","11","","7","7","1","6","4","120.55868","24.237517","2"
"1555","66000","387130000C","(04)23274275","(04)23288582","2026","2","4","17","16","臺中市","沙鹿區","0","1","0","7","2","6","50","13","14","1","5","4","6","6","4","4","1","4","5","1","18","2","9","2","1","C03","7","9","1","10","2","14","","39","39","1","6","4","120.613995","24.238936","2"
"1556","66000","387130000C","(04)23274275","(04)23288582","2026","2","4","17","17","臺中市","西屯區","0","1","0","7","2","6","30","11","9","1","5","4","6","6","4","4","10","5","5","2","18","2","9","2","4","C03","7","9","1","10","2","12","","84","84","1","13","4","120.613012","24.162219","2"
"1557","66000","387130000C","(04)23274275","(04)23288582","2026","2","4","17","19","臺中市","北屯區","0","1","0","7","2","6","40","13","8","1","5","4","6","6","4","4","1","4","4","2","17","2","9","6","1","F01","7","9","7","21","2","11","","84","84","1","12","4","120.713313","24.177622","2"
"1558","66000","387130000C","(04)23274275","(04)23288582","2026","2","4","17","20","臺中市","西屯區","0","2","0","7","2","6","30","4","1","1","5","4","6","6","4","4","10","5","5","2","15","2","9","5","4","C03","7","9","3","19","2","11","","15","15","1","12","4","120.602058","24.183538","2"
"1559","66000","387130000C","(04)23274275","(04)23288582","2026","2","4","17","20","臺中市","太平區","0","0","0","7","","","50","","","","","","","","","","","","","","13","","","","","B03","","","1","","2","","","84","84","1","12","4","120.724779","24.149643","3"
"1560","66000","387130000C","(04)23274275","(04)23288582","2026","2","4","17","20","臺中市","烏日區","0","1","0","7","2","6","50","3","1","1","5","4","6","6","1","1","10","5","5","2","16","2","9","2","1","C03","7","6","1","10","2","13","","48","48","1","6","4","120.643277","24.078813","2"
"1561","66000","387130000C","(04)23274275","(04)23288582","2026","2","4","17","21","臺中市","西區","0","0","0","7","","","50","","","","","","","","","","","","","","17","","","","","B03","","","1","","2","","","50","50","1","13","4","120.660681","24.1403","3"
"1562","66000","387130000C","(04)23274275","(04)23288582","2026","2","4","17","22","臺中市","南屯區","0","0","0","7","","","50","","","","","","","","","","","","","","13","3","10","3","1","B03","7","9","1","8","1","1","","7","7","1","12","4","120.628648","24.147818","3"
"1563","66000","387130000C","(04)23274275","(04)23288582","2026","2","4","17","23","臺中市","西屯區","0","1","0","7","2","6","50","13","9","1","5","4","6","6","4","4","9","4","5","2","16","3","10","3","1","B01","7","11","1","4","2","4","","45","45","1","12","4","120.63358","24.165248","2"
"1564","66000","387130000C","(04)23274275","(04)23288582","2026","2","4","17","23","臺中市","豐原區","0","0","0","7","","","50","","","","","","","","","","","","","","17","","","","","C03","","","1","","2","","","4","4","1","13","4","120.719133","24.248088","3"
"1565","66000","387130000C","(04)23274275","(04)23288582","2026","2","4","17","23","臺中市","豐原區","0","0","0","7","","","50","","","","","","","","","","","","","","13","","","","","B03","","","1","","2","","","58","58","1","12","4","120.728571","24.276494","3"
"1566","66000","387130000C","(04)23274275","(04)23288582","2026","2","4","17","25","臺中市","南屯區","0","1","0","7","1","6","50","13","9","1","5","4","6","6","4","4","3","4","5","2","12","2","9","1","1","C03","7","9","1","10","2","12","","85","85","1","12","4","120.617149","24.145383","2"
"1567","66000","387130000C","(04)23274275","(04)23288582","2026","2","4","17","25","臺中市","烏日區","0","3","0","7","2","6","40","4","1","1","5","4","6","6","1","1","10","5","5","2","17","2","9","5","4","C03","7","9","1","10","2","11","","21","21","1","6","4","120.6479","24.084159","2"
"1568","66000","387130000C","(04)23274275","(04)23288582","2026","2","4","17","26","臺中市","太平區","0","1","0","7","2","6","40","4","1","1","5","4","6","6","1","1","4","5","4","2","16","2","9","2","1","C03","7","6","1","10","2","13","","48","48","1","12","4","120.716235","24.105895","2"
"1569","66000","387130000C","(04)23274275","(04)23288582","2026","2","4","17","26","臺中市","后里區","0","0","0","7","","","30","","","","","","","","","","","","","","14","","","","","B03","","","1","","1","","","49","49","1","6","4","120.707565","24.306084","3"
"1570","66000","387130000C","(04)23274275","(04)23288582","2026","2","4","17","28","臺中市","西區","0","0","0","7","","","50","","","","","","","","","","","","","","16","","","","","C03","","","1","","1","","","11","11","1","13","4","120.655579","24.154791","3"
"1571","66000","387130000C","(04)23274275","(04)23288582","2026","2","4","17","30","臺中市","東區","0","0","0","7","","","50","","","","","","","","","","","","","","13","","","","","B03","","","1","","1","","","7","7","1","13","4","120.694678","24.138808","3"
"1572","66000","387130000C","(04)23274275","(04)23288582","2026","2","4","17","31","臺中市","西屯區","0","1","0","7","1","6","50","3","1","1","5","4","6","6","4","4","4","4","5","2","16","3","10","5","4","B03","7","6","1","8","2","5","","14","14","1","13","4","120.621077","24.186846","2"
"1573","66000","387130000C","(04)23274275","(04)23288582","2026","2","4","17","31","臺中市","清水區","0","0","0","7","2","6","60","3","2","1","5","4","6","6","4","4","8","3","4","2","13","","","","","B03","","","1","","1","","","7","7","1","12","4","120.548633","24.278757","3"
"1574","66000","387130000C","(04)23274275","(04)23288582","2026","2","4","17","31","臺中市","新社區","0","1","0","7","3","6","30","13","9","1","5","4","6","6","4","4","10","5","5","1","27","2","1","5","4","B03","7","9","1","8","2","1","","84","84","1","12","4","120.815928","24.235444","2"
"1575","66000","387130000C","(04)23274275","(04)23288582","2026","2","4","17","32","臺中市","西屯區","0","2","0","7","2","6","50","4","1","1","5","4","6","6","1","1","5","5","4","2","16","2","8","1","1","C03","7","11","1","10","2","12","","45","45","1","12","4","120.666731","24.175129","2"
"1576","66000","387130000C","(04)23274275","(04)23288582","2026","2","4","17","36","臺中市","潭子區","0","2","0","6","1","6","50","5","1","1","5","4","6","6","1","1","5","5","5","1","17","2","9","2","1","C03","7","6","1","10","2","12","14","11","11","1","13","4","120.710201","24.208245","2"
"1577","66000","387130000C","(04)23274275","(04)23288582","2026","2","4","17","37","臺中市","西屯區","0","0","0","7","","","40","","","","","","","","","","","","","","13","","","","","C03","","","1","","1","","","7","7","1","12","4","120.645931","24.164396","3"
"1578","66000","387130000C","(04)23274275","(04)23288582","2026","2","4","17","37","臺中市","大肚區","0","0","0","7","","","40","","","","","","","","","","","","","","","","","","","C03","","","1","","1","","","7","7","1","6","4","120.550931","24.138218","3"
"1579","66000","387130000C","(04)23274275","(04)23288582","2026","2","4","17","40","臺中市","北區","0","1","0","7","1","6","50","13","9","1","5","4","6","6","4","4","1","4","5","2","12","3","10","3","1","B03","7","9","1","8","2","2","","8","8","1","12","4","120.676307","24.163118","2"
"1580","66000","387130000C","(04)23274275","(04)23288582","2026","2","4","17","41","臺中市","烏日區","0","1","0","7","2","6","0","18","21","4","5","4","6","6","4","4","10","5","5","2","9","3","10","6","1","F01","7","9","7","21","2","16","","84","84","1","6","3","120.626456","24.103025","2"
"1581","66000","387130000C","(04)23274275","(04)23288582","2026","2","4","17","43","臺中市","大里區","0","1","0","7","1","6","50","4","1","1","5","4","6","6","2","1","5","4","4","1","16","3","10","3","1","B03","7","6","1","7","2","8","","11","11","1","6","4","120.676613","24.107917","2"
"1582","66000","387130000C","(04)23274275","(04)23288582","2026","2","4","17","45","臺中市","南屯區","0","0","0","7","","","50","","","","","","","","","","","","","","17","","","","","C03","","","1","","1","","","20","20","1","12","4","120.646419","24.153601","3"
"1583","66000","387130000C","(04)23274275","(04)23288582","2026","2","4","17","45","臺中市","北屯區","0","1","0","7","1","6","40","13","12","1","5","4","6","6","4","4","5","5","4","2","13","2","9","1","1","C03","7","9","1","10","2","11","","7","7","1","12","4","120.690376","24.175677","2"
"1584","66000","387130000C","(04)23274275","(04)23288582","2026","2","4","17","45","臺中市","霧峰區","0","0","0","7","","","30","","","","","","","","","","","","","","","","","","","B11","","","1","","2","","","49","49","1","12","4","120.707536","24.072007","3"
"1585","66000","387130000C","(04)23274275","(04)23288582","2026","2","4","17","52","臺中市","潭子區","0","0","0","7","","","60","","","","","","","","","","","","","","","","","","","B03","","","1","","2","","","84","84","1","13","4","120.705073","24.211977","3"
"1586","66000","387130000C","(04)23274275","(04)23288582","2026","2","4","17","55","臺中市","北屯區","0","0","0","7","","","30","","","","","","","","","","","","","","17","","","","","B03","","","1","","1","","","48","48","1","6","4","120.709601","24.171309","3"
"1587","66000","387130000C","(04)23274275","(04)23288582","2026","2","4","17","55","臺中市","大里區","0","0","0","7","","","50","","","","","","","","","","","","","","","","","","","C03","","","1","","9","","","84","84","2","13","4","120.702661","24.088594","3"
"1588","66000","387130000C","(04)23274275","(04)23288582","2026","2","4","17","57","臺中市","大甲區","0","0","0","7","","","50","","","","","","","","","","","","","","10","","","","","B03","","","1","","2","","","7","7","1","13","4","120.622585","24.347253","3"
"1589","66000","387130000C","(04)23274275","(04)23288582","2026","2","4","17","59","臺中市","西屯區","0","1","0","7","1","6","50","3","1","1","5","4","6","6","2","1","10","5","5","2","16","3","10","2","4","C03","7","6","1","10","1","11","","11","11","1","13","4","120.63342","24.169955","2"
"1590","66000","387130000C","(04)23274275","(04)23288582","2026","2","4","18","0","臺中市","沙鹿區","0","0","0","7","","","50","","","","","","","","","","","","","","13","","","","","B03","","","1","","1","","","7","7","1","12","4","120.564752","24.248884","4"
"1591","66000","387130000C","(04)23274275","(04)23288582","2026","2","4","18","3","臺中市","北區","0","1","0","7","3","6","50","4","2","1","5","4","6","6","4","4","5","4","5","2","17","2","8","5","4","C03","7","7","1","10","2","11","","84","84","1","12","4","120.678496","24.168957","2"
"1592","66000","387130000C","(04)23274275","(04)23288582","2026","2","4","18","5","臺中市","大雅區","0","1","0","7","1","6","50","13","9","1","5","4","6","6","4","4","4","3","5","1","17","3","10","5","4","B12","7","2","1","8","2","8","","49","49","1","13","4","120.650967","24.227452","2"
"1593","66000","387130000C","(04)23274275","(04)23288582","2026","2","4","18","6","臺中市","西屯區","0","0","0","7","","","40","","","","","","","","","","","","","","13","","","","","C03","","","1","","1","","","7","7","1","12","4","120.64497","24.164934","3"
"1594","66000","387130000C","(04)23274275","(04)23288582","2026","2","4","18","8","臺中市","北屯區","0","0","0","7","","","50","","","","","","","","","","","","","","13","","","","","B03","","","1","","1","","","59","59","1","6","4","120.701871","24.181658","3"
"1595","66000","387130000C","(04)23274275","(04)23288582","2026","2","4","18","13","臺中市","東區","0","0","0","7","","","50","","","","","","","","","","","","","","17","","","","","","","","","","","","","85","85","1","","","120.697235","24.138907","4"
"1596","66000","387130000C","(04)23274275","(04)23288582","2026","2","4","18","15","臺中市","沙鹿區","0","1","0","7","1","6","40","13","9","1","5","4","6","6","4","4","4","5","5","1","17","2","8","2","1","C03","7","3","1","10","2","11","","50","50","2","6","4","120.561348","24.23776","2"
"1597","66000","387130000C","(04)23274275","(04)23288582","2026","2","4","18","18","臺中市","南屯區","0","1","0","7","1","6","50","13","9","1","5","4","6","6","4","4","5","4","5","2","12","3","10","3","1","B03","7","7","1","8","2","16","","40","40","1","13","4","120.610466","24.131687","2"
"1598","66000","387130000C","(04)23274275","(04)23288582","2026","2","4","18","18","臺中市","西屯區","0","0","0","7","","","50","","","","","","","","","","","","","","12","","","","","B03","","","1","","1","","","40","40","1","12","4","120.640985","24.155756","3"
"1599","66000","387130000C","(04)23274275","(04)23288582","2026","2","4","18","20","臺中市","清水區","0","1","0","7","3","6","30","11","9","1","5","4","6","6","4","4","10","4","5","2","17","3","10","3","1","B03","7","9","1","8","2","2","","84","84","1","12","4","120.566232","24.269201","2"
"1600","66000","387130000C","(04)23274275","(04)23288582","2026","2","4","18","22","臺中市","北區","0","0","0","7","3","6","50","13","24","1","5","4","6","6","4","4","9","5","5","2","17","","","","","B03","","","1","","2","","","84","84","1","13","4","120.67853","24.161491","3"
"1601","66000","387130000C","(04)23274275","(04)23288582","2026","2","4","18","23","臺中市","北區","0","0","0","7","","","50","","","","","","","","","","","","","","13","","","","","B03","","","1","","1","","","84","84","1","13","4","120.676355","24.155565","3"
"1602","66000","387130000C","(04)23274275","(04)23288582","2026","2","4","18","23","臺中市","南屯區","0","1","0","7","1","6","50","4","1","1","5","4","6","6","2","1","3","4","4","1","12","3","10","3","1","B03","7","11","1","8","2","4","","39","39","1","12","4","120.625858","24.140373","2"
"1603","66000","387130000C","(04)23274275","(04)23288582","2026","2","4","18","23","臺中市","北屯區","0","0","0","7","","","50","","","","","","","","","","","","","","13","","","","","B12","","","1","","1","","","84","84","1","12","4","120.702346","24.169976","3"
"1604","66000","387130000C","(04)23274275","(04)23288582","2026","2","4","18","26","臺中市","西屯區","0","0","0","7","","","30","","","","","","","","","","","","","","11","","","","","B12","","","1","","2","","","84","84","1","12","4","120.618692","24.179354","3"
"1605","66000","387130000C","(04)23274275","(04)23288582","2026","2","4","18","28","臺中市","南區","0","0","0","7","","","50","","","","","","","","","","","","","","16","","","","","B03","","","1","","2","","","11","11","1","6","4","120.679099","24.126956","3"
"1606","66000","387130000C","(04)23274275","(04)23288582","2026","2","4","18","30","臺中市","霧峰區","0","0","0","7","","","50","","","","","","","","","","","","","","12","","","","","B03","","","1","","2","","","84","84","1","13","4","120.696098","24.06555","3"
"1607","66000","387130000C","(04)23274275","(04)23288582","2026","2","4","18","30","臺中市","大里區","0","0","0","7","","","50","","","","","","","","","","","","","","","","","","","B03","","","1","","2","","","8","8","1","12","4","120.700409","24.097913","3"
"1608","66000","387130000C","(04)23274275","(04)23288582","2026","2","4","18","30","臺中市","豐原區","0","0","0","7","","","30","","","","","","","","","","","","","","17","","","","","B03","","","1","","2","","","49","49","1","6","4","120.729409","24.251101","3"
"1609","66000","387130000C","(04)23274275","(04)23288582","2026","2","4","18","34","臺中市","東勢區","0","0","0","7","","","50","","","","","","","","","","","","","","","","","","","B03","","","1","","2","","","50","50","1","12","4","120.828478","24.252159","3"
"1610","66000","387130000C","(04)23274275","(04)23288582","2026","2","4","18","41","臺中市","南屯區","0","1","0","7","1","6","40","13","8","1","5","4","6","6","4","4","3","4","4","2","18","2","9","1","1","C03","7","9","1","10","2","14","","59","59","1","12","4","120.640531","24.149668","2"
"1611","66000","387130000C","(04)23274275","(04)23288582","2026","2","4","18","41","臺中市","龍井區","0","0","0","7","","","30","","","","","","","","","","","","","","13","","","","","C03","","","1","","1","","","7","7","1","6","4","120.576842","24.180945","3"
"1612","66000","387130000C","(04)23274275","(04)23288582","2026","2","4","18","41","臺中市","后里區","0","1","0","7","1","6","40","4","2","1","5","4","6","6","1","1","3","4","3","1","21","2","9","1","1","C03","7","9","1","10","2","11","14","59","59","1","6","4","120.676946","24.295041","2"
"1613","66000","387130000C","(04)23274275","(04)23288582","2026","2","4","18","46","臺中市","烏日區","0","0","0","7","","","50","","","","","","","","","","","","","","13","","","","","B12","","","1","","1","","","7","7","1","6","4","120.641968","24.115655","3"
"1614","66000","387130000C","(04)23274275","(04)23288582","2026","2","4","18","51","臺中市","龍井區","0","0","0","7","","","50","","","","","","","","","","","","","","13","","","","","B03","","","3","","2","","","7","7","1","13","4","120.539806","24.218746","3"
"1615","66000","387130000C","(04)23274275","(04)23288582","2026","2","4","18","59","臺中市","烏日區","0","1","0","7","1","6","50","4","1","1","5","4","6","6","1","1","10","5","5","2","17","2","9","5","4","B03","7","6","1","8","2","6","","11","11","1","12","4","120.607624","24.120853","2"
"1616","66000","387130000C","(04)23274275","(04)23288582","2026","2","4","19","0","臺中市","東區","0","0","0","7","","","50","","","","","","","","","","","","","","","","","","","B03","","","1","","2","","","49","49","1","13","4","120.692905","24.131024","3"
"1617","66000","387130000C","(04)23274275","(04)23288582","2026","2","4","19","0","臺中市","龍井區","0","0","0","7","","","50","","","","","","","","","","","","","","13","","","","","B03","","","1","","1","","","84","84","1","13","4","120.523035","24.196898","3"
"1618","66000","387130000C","(04)23274275","(04)23288582","2026","2","4","19","1","臺中市","龍井區","0","0","0","7","","","50","","","","","","","","","","","","","","12","","","","","B03","","","1","","2","","","40","40","1","13","4","120.510893","24.221523","3"
"1619","66000","387130000C","(04)23274275","(04)23288582","2026","2","4","19","5","臺中市","大里區","0","0","0","7","","","30","","","","","","","","","","","","","","","","","","","C03","","","1","","1","","","7","7","1","12","4","120.707729","24.091253","3"
"1620","66000","387130000C","(04)23274275","(04)23288582","2026","2","4","19","7","臺中市","北區","0","1","0","7","1","6","50","4","1","1","5","4","6","6","1","1","5","4","5","2","16","2","9","1","1","C03","7","9","1","9","2","11","","21","21","1","12","4","120.675154","24.166983","2"
"1621","66000","387130000C","(04)23274275","(04)23288582","2026","2","4","19","8","臺中市","西屯區","0","2","0","7","2","6","40","13","8","1","5","4","6","6","4","4","5","4","4","2","13","3","10","2","4","C03","7","9","1","10","2","11","","7","7","1","13","4","120.617971","24.161206","2"
"1622","66000","387130000C","(04)23274275","(04)23288582","2026","2","4","19","9","臺中市","西區","0","0","0","7","","","50","","","","","","","","","","","","","","17","","","","","B03","","","1","","1","","","84","84","1","13","4","120.65615","24.13946","3"
"1623","66000","387130000C","(04)23274275","(04)23288582","2026","2","4","19","9","臺中市","大里區","0","0","0","7","1","6","40","13","14","1","5","4","6","6","4","4","5","2","5","1","30","","","","","","","","","","","","","119","119","1","","","120.689836","24.11033","3"
"1624","66000","387130000C","(04)23274275","(04)23288582","2026","2","4","19","11","臺中市","太平區","0","2","0","7","1","6","40","3","1","1","5","4","6","6","1","1","4","5","4","2","16","2","9","1","1","C03","7","6","1","10","2","14","","48","48","1","12","4","120.73369","24.156906","2"
"1625","66000","387130000C","(04)23274275","(04)23288582","2026","2","4","19","14","臺中市","北屯區","0","1","0","7","1","6","40","3","1","1","5","4","6","6","4","4","1","4","4","2","14","3","10","3","1","B01","7","2","1","4","2","3","","49","49","1","12","4","120.667812","24.178998","2"
"1626","66000","387130000C","(04)23274275","(04)23288582","2026","2","4","19","16","臺中市","太平區","0","1","0","7","1","6","40","4","1","1","5","4","6","6","2","1","5","5","4","1","16","2","7","2","1","C03","7","9","5","10","2","11","","39","39","1","12","4","120.716804","24.151348","2"
"1627","66000","387130000C","(04)23274275","(04)23288582","2026","2","4","19","17","臺中市","西區","0","0","0","7","","","50","","","","","","","","","","","","","","14","","","","","B03","","","1","","1","","","84","84","1","13","4","120.657721","24.14222","3"
"1628","66000","387130000C","(04)23274275","(04)23288582","2026","2","4","19","25","臺中市","大雅區","0","1","0","7","1","6","50","4","1","1","5","4","6","6","1","1","4","3","5","2","17","3","10","3","1","B03","7","5","1","8","2","2","","11","11","1","12","4","120.643103","24.220003","2"
"1629","66000","387130000C","(04)23274275","(04)23288582","2026","2","4","19","27","臺中市","北屯區","0","0","0","7","","3","80","","","","","","","","","","","","","","17","","","","","B11","","","1","","2","","","87","87","1","12","4","120.720767","24.175797","3"
"1630","66000","387130000C","(04)23274275","(04)23288582","2026","2","4","19","28","臺中市","南屯區","0","0","0","7","","","50","","","","","","","","","","","","","","14","","","","","B03","","","1","","9","","","49","49","2","12","4","120.65158","24.143889","3"
"1631","66000","387130000C","(04)23274275","(04)23288582","2026","2","4","19","29","臺中市","大里區","0","0","0","7","","","30","","","","","","","","","","","","","","11","","","","","C03","","","1","","1","","","7","7","1","13","4","120.701617","24.096418","3"
"1632","66000","387130000C","(04)23274275","(04)23288582","2026","2","4","19","34","臺中市","梧棲區","0","0","0","7","","","30","","","","","","","","","","","","","","14","","","","","C03","","","1","","1","","","49","49","1","12","4","120.536977","24.26109","3"
"1633","66000","387130000C","(04)23274275","(04)23288582","2026","2","4","19","35","臺中市","東區","0","1","0","7","1","6","50","4","8","1","5","4","6","6","2","1","5","2","5","2","12","3","10","3","1","B03","7","5","1","8","2","2","","8","8","1","13","4","120.683588","24.133142","2"
"1634","66000","387130000C","(04)23274275","(04)23288582","2026","2","4","19","38","臺中市","大里區","0","0","0","7","","","50","","","","","","","","","","","","","","17","","","","","B03","","","1","","2","","","84","84","1","6","4","120.689749","24.116663","3"
"1635","66000","387130000C","(04)23274275","(04)23288582","2026","2","4","19","41","臺中市","潭子區","0","0","0","7","","","60","","","","","","","","","","","","","","","","","","","B03","","","1","","2","","","7","7","1","13","4","120.708732","24.231513","3"
"1636","66000","387130000C","(04)23274275","(04)23288582","2026","2","4","19","42","臺中市","烏日區","0","0","0","7","","","50","","","","","","","","","","","","","","","","","","","B03","","","1","","2","","","7","7","1","13","4","120.614471","24.107269","3"
"1637","66000","387130000C","(04)23274275","(04)23288582","2026","2","4","19","43","臺中市","南屯區","0","0","0","7","","","40","","","","","","","","","","","","","","13","","","","","B03","","","1","","1","","","59","59","1","13","4","120.632152","24.125334","3"
"1638","66000","387130000C","(04)23274275","(04)23288582","2026","2","4","19","45","臺中市","大里區","0","2","0","7","1","6","40","13","9","1","5","4","6","6","4","4","5","4","5","1","13","2","8","1","1","C03","7","9","1","10","2","11","","7","7","1","13","4","120.68922","24.11894","2"
"1639","66000","387130000C","(04)23274275","(04)23288582","2026","2","4","19","46","臺中市","太平區","0","0","0","7","","","50","","","","","","","","","","","","","","14","","","","","B03","","","1","","2","","","50","50","1","12","4","120.711329","24.150743","3"
"1640","66000","387130000C","(04)23274275","(04)23288582","2026","2","4","19","52","臺中市","豐原區","0","0","0","7","","","50","","","","","","","","","","","","","","13","","","","","C03","","","1","","2","","","7","7","1","12","4","120.723786","24.269379","3"
"1641","66000","387130000C","(04)23274275","(04)23288582","2026","2","4","19","54","臺中市","西屯區","0","0","0","7","","","50","","","","","","","","","","","","","","13","","","","","C03","","","1","","1","","","7","7","1","12","4","120.608076","24.187308","3"
"1642","66000","387130000C","(04)23274275","(04)23288582","2026","2","4","20","2","臺中市","潭子區","0","0","0","7","","","40","","","","","","","","","","","","","","12","","","","","C03","","","1","","9","","","40","40","1","13","4","120.706884","24.211326","3"
"1643","66000","387130000C","(04)23274275","(04)23288582","2026","2","4","20","2","臺中市","太平區","0","1","0","7","1","6","50","3","1","1","5","4","6","6","2","1","5","4","5","2","16","3","10","3","1","B03","7","6","5","8","2","2","","11","11","1","12","4","120.704857","24.161243","2"
"1644","66000","387130000C","(04)23274275","(04)23288582","2026","2","4","20","3","臺中市","南屯區","0","0","0","7","","","50","","","","","","","","","","","","","","19","3","10","3","1","B03","7","3","1","8","1","5","","50","50","1","12","4","120.645698","24.133473","3"
"1645","66000","387130000C","(04)23274275","(04)23288582","2026","2","4","20","7","臺中市","后里區","0","0","0","7","1","6","50","3","2","1","5","4","6","6","4","4","5","4","5","1","12","3","10","3","1","B03","7","9","1","8","2","6","","8","8","1","12","4","120.725152","24.321288","3"
"1646","66000","387130000C","(04)23274275","(04)23288582","2026","2","4","20","24","臺中市","清水區","0","0","0","7","1","6","30","3","2","1","5","4","6","6","4","4","9","4","5","2","16","","","","","B03","","","1","","1","","","14","14","1","12","4","120.565283","24.265074","3"
"1647","66000","387130000C","(04)23274275","(04)23288582","2026","2","4","20","25","臺中市","神岡區","0","1","0","7","1","6","50","3","2","1","5","4","6","6","1","1","5","2","5","2","13","2","9","5","4","C03","7","9","1","10","2","11","","59","59","1","12","4","120.66464","24.258174","2"
"1648","66000","387130000C","(04)23274275","(04)23288582","2026","2","4","20","28","臺中市","南區","0","0","0","7","","","50","","","","","","","","","","","","","","","","","","","B01","","","1","","1","","","49","49","1","13","4","120.653046","24.122589","3"
"1649","66000","387130000C","(04)23274275","(04)23288582","2026","2","4","20","30","臺中市","北區","0","0","0","7","","","50","","","","","","","","","","","","","","","","","","","B03","","","1","","2","","","84","84","1","13","4","120.677156","24.150952","3"
"1650","66000","387130000C","(04)23274275","(04)23288582","2026","2","4","20","36","臺中市","潭子區","0","0","0","7","","3","80","","","","","","","","","","","","","","","","","","","B03","","","1","","2","","","40","40","1","13","4","120.715039","24.199754","3"
"1651","66000","387130000C","(04)23274275","(04)23288582","2026","2","4","20","37","臺中市","霧峰區","0","0","0","7","","","50","","","","","","","","","","","","","","","","","","","B03","","","1","","1","","","59","59","1","12","4","120.694893","24.051741","4"
"1652","66000","387130000C","(04)23274275","(04)23288582","2026","2","4","20","42","臺中市","南屯區","0","1","0","7","1","6","50","13","9","1","5","4","6","6","4","4","4","5","5","2","2","3","10","3","1","B03","7","4","1","8","2","4","","4","4","2","13","4","120.64926","24.141023","2"
"1653","66000","387130000C","(04)23274275","(04)23288582","2026","2","4","21","1","臺中市","北區","0","1","0","7","1","6","50","3","1","1","5","4","6","6","2","1","10","5","5","2","9","3","10","5","4","B03","7","6","3","19","2","1","","10","10","1","13","4","120.679047","24.155721","2"
"1654","66000","387130000C","(04)23274275","(04)23288582","2026","2","4","21","3","臺中市","大甲區","0","0","0","7","","","50","","","","","","","","","","","","","","","","","","","B03","","","1","","1","","","49","49","1","6","4","120.65185","24.38357","3"
"1655","66000","387130000C","(04)23274275","(04)23288582","2026","2","4","21","9","臺中市","西區","0","0","0","7","","","50","","","","","","","","","","","","","","17","","","","","B03","","","1","","11","","","87","87","1","13","4","120.661794","24.160672","3"