序號,縣市別代碼,機關代碼,市話,傳真,年,月,日,時,分,縣市,區,死亡數量,受傷數量,2-30,天候,道路照明設備,道路類別,道路速限,道路型態,事故位置,路面鋪裝,路面狀態,路面缺陷,障礙物,視距,號誌種類,號誌動作,分向設施,快車道或一般車道間,快慢車道間,路面邊線,事故類型及型態,受傷程度,主要傷處,保護裝備,行動電話或功能裝置,當事者區分(類別),車輛用途,當事者行動狀態,駕照狀態,駕照種類,飲酒情形,車輛撞擊部位最初,車輛撞擊部位其他,肇事因素個別,肇事因素主要,肇事逃逸,職業,共享經濟或外送平台,GPS座標X,GPS座標Y,事故類別
"1656","66000","387130000C","(04)23274275","(04)23288582","2026","2","4","21","14","臺中市","后里區","0","1","0","7","1","6","40","13","8","1","5","4","6","6","4","4","9","4","4","1","14","3","10","3","1","B03","7","2","1","8","2","8","","49","49","1","12","2","120.691149","24.314128","2"
"1657","66000","387130000C","(04)23274275","(04)23288582","2026","2","4","21","17","臺中市","大里區","0","1","0","7","1","6","50","13","9","1","5","4","6","6","4","4","1","5","5","1","17","3","10","1","1","C03","7","9","1","10","1","16","","68","68","1","6","4","120.682035","24.101638","2"
"1658","66000","387130000C","(04)23274275","(04)23288582","2026","2","4","21","21","臺中市","龍井區","0","2","0","7","1","6","40","13","8","1","5","4","6","6","4","4","3","4","3","2","12","2","8","5","1","B03","7","13","1","8","2","7","","77","77","1","6","4","120.579533","24.17633","2"
"1659","66000","387130000C","(04)23274275","(04)23288582","2026","2","4","21","34","臺中市","南屯區","0","1","0","7","1","6","50","4","1","1","5","4","6","6","1","1","10","5","5","2","17","2","9","2","1","C03","7","9","1","10","2","12","","59","59","1","13","4","120.633892","24.144735","2"
"1660","66000","387130000C","(04)23274275","(04)23288582","2026","2","4","21","40","臺中市","北屯區","0","0","0","7","","","30","","","","","","","","","","","","","","14","","","","","B03","","","1","","1","","","50","50","1","13","4","120.694072","24.175244","3"
"1661","66000","387130000C","(04)23274275","(04)23288582","2026","2","4","21","43","臺中市","南屯區","0","2","0","7","1","6","50","13","8","1","5","4","6","6","2","1","9","4","4","2","16","2","1","1","1","C03","7","6","1","10","2","12","","39","39","1","13","4","120.635374","24.150794","2"
"1662","66000","387130000C","(04)23274275","(04)23288582","2026","2","4","21","45","臺中市","龍井區","0","0","0","7","","","50","","","","","","","","","","","","","","14","","","","","B03","","","1","","1","","","43","43","1","13","4","120.524429","24.210552","3"
"1663","66000","387130000C","(04)23274275","(04)23288582","2026","2","4","21","46","臺中市","西屯區","0","0","0","7","","","50","","","","","","","","","","","","","","13","","","","","C03","","","1","","1","","","59","59","1","13","4","120.645311","24.175799","3"
"1664","66000","387130000C","(04)23274275","(04)23288582","2026","2","4","21","54","臺中市","北屯區","0","1","0","7","1","6","50","13","7","1","5","4","6","6","4","4","1","4","4","1","12","3","10","3","1","B03","7","1","1","8","2","7","","51","51","1","12","4","120.711345","24.164996","2"
"1665","66000","387130000C","(04)23274275","(04)23288582","2026","2","4","22","1","臺中市","烏日區","0","0","0","7","1","6","50","13","8","1","5","4","6","6","4","4","5","4","4","2","12","3","10","3","1","B03","7","9","1","8","2","2","","50","50","1","6","4","120.634106","24.108592","3"
"1666","66000","387130000C","(04)23274275","(04)23288582","2026","2","4","22","5","臺中市","北區","0","1","0","7","1","6","50","3","2","1","5","4","6","6","2","1","10","5","5","2","3","3","10","3","1","B01","7","6","1","4","2","1","","10","10","1","13","4","120.688411","24.151722","2"
"1667","66000","387130000C","(04)23274275","(04)23288582","2026","2","4","22","5","臺中市","豐原區","0","0","0","7","","","50","","","","","","","","","","","","","","17","","","","","B03","","","1","","2","","","55","55","1","6","4","120.717092","24.238484","3"
"1668","66000","387130000C","(04)23274275","(04)23288582","2026","2","4","22","9","臺中市","大里區","0","0","0","7","1","6","30","13","9","1","5","4","6","6","4","4","10","5","5","2","17","","","","","B03","","","1","","2","","","50","50","1","13","4","120.68463","24.112675","3"
"1669","66000","387130000C","(04)23274275","(04)23288582","2026","2","4","22","18","臺中市","南屯區","0","1","0","7","1","6","50","4","1","1","5","4","6","6","1","1","10","5","5","2","18","2","9","2","1","C03","7","9","1","10","2","14","","59","59","1","13","4","120.648705","24.146838","2"
"1670","66000","387130000C","(04)23274275","(04)23288582","2026","2","4","22","28","臺中市","大甲區","0","1","0","7","3","6","50","13","9","1","5","4","6","6","4","4","1","4","5","2","17","3","10","3","1","B03","7","2","1","8","2","3","","49","49","1","6","4","120.617647","24.342523","2"
"1671","66000","387130000C","(04)23274275","(04)23288582","2026","2","4","22","30","臺中市","沙鹿區","0","1","0","6","1","6","50","5","1","1","5","4","6","6","2","1","1","4","5","2","12","2","8","1","1","C03","7","9","1","10","7","11","14","8","8","1","12","4","120.571414","24.225704","2"
"1672","66000","387130000C","(04)23274275","(04)23288582","2026","2","4","22","32","臺中市","太平區","0","3","0","7","1","6","50","4","1","1","5","4","6","6","4","4","10","5","5","2","16","2","8","2","1","F02","7","1","7","21","7","12","","51","51","1","13","4","120.720917","24.119242","2"
"1673","66000","387130000C","(04)23274275","(04)23288582","2026","2","4","22","37","臺中市","西區","0","0","0","7","","","40","","","","","","","","","","","","","","15","","","","","C03","","","1","","1","","","12","12","1","12","4","120.669098","24.147686","3"
"1674","66000","387130000C","(04)23274275","(04)23288582","2026","2","4","22","37","臺中市","烏日區","0","0","0","7","1","6","50","3","1","1","5","4","6","6","1","1","1","4","5","2","16","3","10","3","1","B03","7","9","1","8","1","5","","26","26","1","6","4","120.616844","24.116186","3"
"1675","66000","387130000C","(04)23274275","(04)23288582","2026","2","4","22","40","臺中市","沙鹿區","0","0","0","7","","","60","","","","","","","","","","","","","","30","","","","","B03","","","1","","1","","","87","87","1","12","4","120.585228","24.25065","3"
"1676","66000","387130000C","(04)23274275","(04)23288582","2026","2","4","23","40","臺中市","西屯區","0","0","0","7","","","50","","","","","","","","","","","","","","14","","","","","B03","","","1","","1","","","7","7","1","13","4","120.606598","24.187279","3"
"1677","66000","387130000C","(04)23274275","(04)23288582","2026","2","5","0","0","臺中市","西屯區","0","0","0","7","","","50","","","","","","","","","","","","","","17","","","","","B03","","","1","","1","","","85","85","1","13","5","120.642163","24.16935","3"
"1678","66000","387130000C","(04)23274275","(04)23288582","2026","2","5","0","28","臺中市","西屯區","0","2","0","7","1","6","50","4","1","1","5","4","6","6","2","1","10","5","5","2","16","3","10","5","4","B01","7","5","1","4","2","5","","47","47","1","13","4","120.643352","24.159934","2"
"1679","66000","387130000C","(04)23274275","(04)23288582","2026","2","5","0","45","臺中市","北屯區","0","1","0","7","1","6","50","3","1","1","5","4","6","6","4","4","1","3","5","2","23","2","9","2","1","C03","7","9","1","10","2","11","12","58","58","1","13","4","120.720976","24.173341","2"
"1680","66000","387130000C","(04)23274275","(04)23288582","2026","2","5","1","1","臺中市","西屯區","0","1","0","7","1","6","50","13","9","1","5","4","6","6","4","4","5","4","5","2","13","2","9","1","1","C03","7","9","1","3","2","11","","59","59","1","13","4","120.628126","24.202404","2"
"1681","66000","387130000C","(04)23274275","(04)23288582","2026","2","5","1","12","臺中市","北屯區","0","0","0","7","","","50","","","","","","","","","","","","","","17","","","","","B01","","","1","","9","","","84","84","2","6","4","120.686877","24.179966","3"
"1682","66000","387130000C","(04)23274275","(04)23288582","2026","2","5","1","19","臺中市","大里區","0","1","0","7","1","6","30","4","1","1","5","4","6","6","4","4","10","5","5","2","16","3","10","3","1","B03","7","6","1","8","2","4","","4","4","1","12","4","120.70651","24.096173","2"
"1683","66000","387130000C","(04)23274275","(04)23288582","2026","2","5","1","40","臺中市","中區","0","0","0","7","","","50","","","","","","","","","","","","","","16","","","","","B03","","","1","","1","","","42","42","1","12","4","120.680274","24.146631","3"
"1684","66000","387130000C","(04)23274275","(04)23288582","2026","2","5","1","41","臺中市","南屯區","0","0","0","7","","","50","","","","","","","","","","","","","","","","","","","B03","","","1","","2","","","84","84","1","12","4","120.634436","24.155775","3"
"1685","66000","387130000C","(04)23274275","(04)23288582","2026","2","5","1","48","臺中市","東勢區","0","1","0","7","1","6","40","13","9","1","5","4","6","6","4","4","4","3","4","2","27","2","1","5","4","B12","7","9","5","19","8","8","","5","5","1","13","4","120.848461","24.254266","2"
"1686","66000","387130000C","(04)23274275","(04)23288582","2026","2","5","2","40","臺中市","北區","0","0","0","7","","","40","","","","","","","","","","","","","","17","","","","","A11","","","6","","1","","","85","85","1","13","4","120.678129","24.151356","4"
"1687","66000","387130000C","(04)23274275","(04)23288582","2026","2","5","5","19","臺中市","北區","0","2","0","7","1","6","30","3","2","1","5","4","6","6","4","4","10","5","5","2","17","2","9","2","1","C03","7","6","1","10","2","11","","12","12","1","13","4","120.675465","24.156132","2"
"1688","66000","387130000C","(04)23274275","(04)23288582","2026","2","5","5","30","臺中市","東區","0","2","0","7","1","6","50","13","9","1","5","4","6","6","4","4","9","4","5","2","17","2","9","1","1","C03","7","9","1","10","2","11","","7","7","1","12","4","120.694982","24.136078","2"
"1689","66000","387130000C","(04)23274275","(04)23288582","2026","2","5","6","2","臺中市","南屯區","0","1","0","7","2","6","50","13","8","1","5","4","6","6","4","4","5","4","4","2","28","2","9","1","1","C03","7","9","1","10","2","11","","82","82","1","13","4","120.61268","24.139321","2"
"1690","66000","387130000C","(04)23274275","(04)23288582","2026","2","5","6","18","臺中市","南屯區","0","1","0","7","2","6","50","3","9","1","5","4","6","6","4","4","5","5","5","2","17","2","9","1","1","C03","7","9","1","10","2","13","","85","85","1","12","4","120.605723","24.138955","2"
"1691","66000","387130000C","(04)23274275","(04)23288582","2026","2","5","6","31","臺中市","東勢區","0","0","0","7","","","50","","","","","","","","","","","","","","17","","","","","B03","","","1","","1","","","8","8","1","12","4","120.828065","24.258088","3"
"1692","66000","387130000C","(04)23274275","(04)23288582","2026","2","5","6","42","臺中市","大里區","0","0","0","7","","","50","","","","","","","","","","","","","","","","","","","B03","","","1","","2","","","84","84","1","12","4","120.696318","24.100127","3"
"1693","66000","387130000C","(04)23274275","(04)23288582","2026","2","5","6","42","臺中市","大肚區","0","1","0","7","2","6","50","3","1","1","5","4","6","6","4","4","2","3","4","1","9","3","10","3","1","B03","7","5","1","8","2","1","","43","43","1","12","4","120.561829","24.124843","2"
"1694","66000","387130000C","(04)23274275","(04)23288582","2026","2","5","6","43","臺中市","后里區","0","0","0","7","2","6","60","4","1","1","5","4","6","6","1","1","1","2","5","1","16","3","10","1","1","C02","7","9","1","9","2","11","","21","21","1","12","4","120.724415","24.316323","3"
"1695","66000","387130000C","(04)23274275","(04)23288582","2026","2","5","6","47","臺中市","西屯區","0","0","0","7","","","30","","","","","","","","","","","","","","14","","","","","A11","","","1","","1","","","49","49","1","12","4","120.621227","24.170657","3"
"1696","66000","387130000C","(04)23274275","(04)23288582","2026","2","5","7","7","臺中市","大肚區","0","0","0","7","","","50","","","","","","","","","","","","","","","","","","","B03","","","1","","1","","","84","84","1","6","4","120.565072","24.122997","3"
"1697","66000","387130000C","(04)23274275","(04)23288582","2026","2","5","7","11","臺中市","南屯區","0","0","0","7","","","50","","","","","","","","","","","","","","12","","","","","B02","","","1","","1","","","40","40","1","12","4","120.635493","24.143578","3"
"1698","66000","387130000C","(04)23274275","(04)23288582","2026","2","5","7","11","臺中市","豐原區","0","1","0","7","2","6","50","5","1","1","5","4","6","6","3","1","10","5","5","2","17","2","9","1","1","C03","7","9","1","10","2","11","","7","7","1","13","4","120.726415","24.245619","2"
"1699","66000","387130000C","(04)23274275","(04)23288582","2026","2","5","7","16","臺中市","梧棲區","0","0","0","7","","","50","","","","","","","","","","","","","","16","","","","","A11","","","1","","2","","","40","40","1","6","4","120.524779","24.223332","3"
"1700","66000","387130000C","(04)23274275","(04)23288582","2026","2","5","7","25","臺中市","沙鹿區","0","0","0","7","","","50","","","","","","","","","","","","","","","","","","","C03","","","1","","2","","","48","48","1","12","4","120.570972","24.215624","3"
"1701","66000","387130000C","(04)23274275","(04)23288582","2026","2","5","7","26","臺中市","豐原區","0","2","0","7","2","6","30","4","1","1","5","4","6","6","4","4","10","5","5","1","16","2","9","1","4","C03","7","6","1","10","2","14","12","85","85","1","13","4","120.737952","24.273321","2"
"1702","66000","387130000C","(04)23274275","(04)23288582","2026","2","5","7","29","臺中市","北區","0","1","0","7","2","6","50","13","9","1","5","4","6","6","4","4","5","4","5","2","13","2","9","1","1","C03","7","9","1","10","2","11","","59","59","1","12","4","120.680686","24.162183","2"
"1703","66000","387130000C","(04)23274275","(04)23288582","2026","2","5","7","29","臺中市","北屯區","0","1","0","7","2","6","50","4","1","1","5","4","6","6","1","1","10","5","5","2","16","3","10","3","1","B03","7","5","1","8","2","2","","85","85","1","6","4","120.694259","24.16491","2"
"1704","66000","387130000C","(04)23274275","(04)23288582","2026","2","5","7","31","臺中市","沙鹿區","0","1","0","7","2","6","50","4","2","1","5","4","6","6","1","1","8","3","5","1","17","3","10","5","4","B12","7","6","1","8","2","1","","11","11","1","13","4","120.563289","24.20579","2"
"1705","66000","387130000C","(04)23274275","(04)23288582","2026","2","5","7","31","臺中市","神岡區","0","1","0","7","2","6","50","4","1","1","5","4","6","6","1","1","10","5","5","2","17","3","10","5","4","B03","7","6","1","8","2","7","","11","11","1","13","4","120.68552","24.251018","2"
"1706","66000","387130000C","(04)23274275","(04)23288582","2026","2","5","7","35","臺中市","北屯區","0","1","0","7","2","6","50","3","1","1","5","4","6","6","1","1","10","5","5","2","16","2","9","1","1","C03","7","9","1","10","2","11","","21","21","1","6","4","120.770384","24.197481","2"
"1707","66000","387130000C","(04)23274275","(04)23288582","2026","2","5","7","37","臺中市","豐原區","0","1","0","7","2","6","30","11","9","1","5","4","6","6","4","4","10","5","5","2","11","3","10","3","1","B03","7","9","1","8","2","8","4","84","84","1","6","4","120.708486","24.240541","2"
"1708","66000","387130000C","(04)23274275","(04)23288582","2026","2","5","7","40","臺中市","中區","0","1","0","6","2","6","50","4","1","1","5","4","6","6","1","1","10","5","5","2","17","3","10","1","1","C03","7","9","1","10","2","13","","8","8","1","12","4","120.678778","24.14719","2"
"1709","66000","387130000C","(04)23274275","(04)23288582","2026","2","5","7","40","臺中市","北屯區","0","1","0","7","3","6","50","13","8","1","5","4","6","6","4","4","9","5","4","2","9","3","10","2","1","C03","7","2","1","10","1","13","","49","49","1","6","4","120.6812","24.190653","2"
"1710","66000","387130000C","(04)23274275","(04)23288582","2026","2","5","7","43","臺中市","后里區","0","1","0","7","2","6","50","13","14","1","5","4","6","6","4","4","3","4","4","1","21","2","9","1","1","C03","7","9","1","10","2","11","14","59","59","1","6","4","120.676946","24.295041","2"
"1711","66000","387130000C","(04)23274275","(04)23288582","2026","2","5","7","45","臺中市","神岡區","0","1","0","7","2","6","50","5","9","1","5","4","6","6","1","1","1","4","5","2","17","2","8","1","1","C02","7","7","1","9","2","11","11","7","7","1","12","4","120.664964","24.273564","2"
"1712","66000","387130000C","(04)23274275","(04)23288582","2026","2","5","7","47","臺中市","北屯區","0","1","0","7","1","6","50","13","9","1","5","4","6","6","4","4","3","4","4","2","12","3","10","3","1","B03","7","9","1","8","2","3","","59","59","1","13","4","120.686314","24.185298","2"
"1713","66000","387130000C","(04)23274275","(04)23288582","2026","2","5","7","47","臺中市","西屯區","0","0","0","7","","","50","","","","","","","","","","","","","","13","","","","","C03","","","1","","1","","","84","84","1","12","4","120.65742","24.165042","3"
"1714","66000","387130000C","(04)23274275","(04)23288582","2026","2","5","7","48","臺中市","太平區","0","2","0","7","2","6","50","4","1","1","5","4","6","6","4","4","10","5","5","2","16","2","9","2","1","C03","7","6","1","10","2","12","","12","12","1","12","4","120.724518","24.155603","2"
"1715","66000","387130000C","(04)23274275","(04)23288582","2026","2","5","7","50","臺中市","沙鹿區","0","1","0","7","2","6","30","4","1","1","5","4","6","6","4","4","10","5","5","2","15","2","8","1","1","C03","7","9","1","10","2","12","","12","12","1","6","4","120.570154","24.230087","2"
"1716","66000","387130000C","(04)23274275","(04)23288582","2026","2","5","7","51","臺中市","西屯區","0","0","0","7","","","50","","","","","","","","","","","","","","14","","","","","B12","","","1","","2","","","49","49","1","12","4","120.58959","24.176187","3"
"1717","66000","387130000C","(04)23274275","(04)23288582","2026","2","5","7","51","臺中市","大安區","0","0","0","6","","","50","","","","","","","","","","","","","","14","","","","","B03","","","1","","2","","","49","49","1","6","4","120.603251","24.360615","3"
"1718","66000","387130000C","(04)23274275","(04)23288582","2026","2","5","7","55","臺中市","南屯區","0","1","0","7","3","6","40","13","9","1","5","4","6","6","4","4","5","5","4","2","17","3","10","3","1","B03","7","11","1","8","2","4","","45","45","1","12","4","120.641202","24.128119","2"
"1719","66000","387130000C","(04)23274275","(04)23288582","2026","2","5","7","55","臺中市","烏日區","0","0","0","7","2","6","40","3","1","1","5","4","6","6","1","1","4","3","4","1","12","3","10","1","1","C03","7","6","1","10","1","12","","48","48","1","5","4","120.646508","24.092776","3"
"1720","66000","387130000C","(04)23274275","(04)23288582","2026","2","5","7","55","臺中市","神岡區","0","1","0","7","2","6","50","13","9","1","5","4","6","6","4","4","9","4","4","1","17","3","10","5","4","C03","7","15","1","10","2","13","14","84","84","1","13","4","120.651719","24.281423","2"
"1721","66000","387130000C","(04)23274275","(04)23288582","2026","2","5","8","2","臺中市","大里區","0","0","0","7","","","50","","","","","","","","","","","","","","13","","","","","B03","","","1","","2","","","7","7","1","13","4","120.699471","24.114626","3"
"1722","66000","387130000C","(04)23274275","(04)23288582","2026","2","5","8","4","臺中市","東區","0","1","0","7","1","6","50","13","9","1","5","4","6","6","4","4","9","4","5","2","12","3","10","3","1","B03","7","5","1","8","2","2","","42","42","1","12","4","120.709183","24.140302","2"
"1723","66000","387130000C","(04)23274275","(04)23288582","2026","2","5","8","12","臺中市","梧棲區","0","1","0","7","3","6","50","4","1","1","5","4","6","6","1","1","10","5","5","2","16","3","10","3","1","B12","7","6","1","8","2","6","","11","11","1","6","4","120.522466","24.223921","2"
"1724","66000","387130000C","(04)23274275","(04)23288582","2026","2","5","8","14","臺中市","西屯區","0","1","0","6","2","6","50","4","1","1","5","4","6","6","2","1","10","5","5","2","16","3","10","3","1","B02","7","6","1","8","1","8","","11","11","1","12","4","120.64898","24.193684","2"
"1725","66000","387130000C","(04)23274275","(04)23288582","2026","2","5","8","18","臺中市","南屯區","0","1","0","7","3","6","50","4","2","1","5","4","6","6","2","1","1","2","5","2","12","2","9","2","4","C03","7","6","1","10","2","14","","26","26","1","6","4","120.607044","24.148213","2"
"1726","66000","387130000C","(04)23274275","(04)23288582","2026","2","5","8","19","臺中市","北區","0","0","0","7","","","50","","","","","","","","","","","","","","13","","","","","C03","","","1","","1","","","59","59","1","12","4","120.67032","24.160726","3"
"1727","66000","387130000C","(04)23274275","(04)23288582","2026","2","5","8","21","臺中市","西區","0","0","0","7","","","50","","","","","","","","","","","","","","","","","","","B03","","","1","","2","","","84","84","1","12","4","120.681935","24.141227","3"
"1728","66000","387130000C","(04)23274275","(04)23288582","2026","2","5","8","22","臺中市","豐原區","0","1","0","7","2","6","50","5","1","1","5","4","6","6","3","1","10","5","5","2","17","3","10","3","1","B03","7","11","1","8","2","8","","45","45","1","13","4","120.71519","24.240788","2"
"1729","66000","387130000C","(04)23274275","(04)23288582","2026","2","5","8","25","臺中市","清水區","0","0","0","7","","","50","","","","","","","","","","","","","","","","","","","A12","","","1","","2","","","84","84","1","12","4","120.578514","24.27259","3"
"1730","66000","387130000C","(04)23274275","(04)23288582","2026","2","5","8","26","臺中市","西屯區","0","2","0","7","2","6","50","4","7","1","5","4","6","6","1","1","3","4","4","2","13","2","8","1","4","C03","7","9","1","10","2","11","","7","7","1","12","4","120.641129","24.173414","2"
"1731","66000","387130000C","(04)23274275","(04)23288582","2026","2","5","8","28","臺中市","大里區","0","0","0","7","3","6","50","13","7","1","5","4","6","6","1","1","1","4","4","1","12","","","","","C03","","","1","","2","","","84","84","1","12","4","120.690268","24.100939","3"
"1732","66000","387130000C","(04)23274275","(04)23288582","2026","2","5","8","31","臺中市","大里區","0","0","0","7","","","50","","","","","","","","","","","","","","12","","","","","B03","","","1","","2","","","8","8","1","13","4","120.693851","24.10884","3"
"1733","66000","387130000C","(04)23274275","(04)23288582","2026","2","5","8","35","臺中市","西屯區","0","1","0","7","2","6","50","4","1","1","5","4","6","6","2","1","10","5","5","2","16","3","10","3","1","B01","7","11","1","3","2","2","","45","45","1","12","4","120.649007","24.174978","2"
"1734","66000","387130000C","(04)23274275","(04)23288582","2026","2","5","8","36","臺中市","東區","0","0","0","7","","","50","","","","","","","","","","","","","","13","","","","","B03","","","1","","2","","","78","78","1","12","4","120.694272","24.132935","3"
"1735","66000","387130000C","(04)23274275","(04)23288582","2026","2","5","8","36","臺中市","梧棲區","0","0","0","7","","","50","","","","","","","","","","","","","","16","","","","","B03","","","1","","1","","","20","20","1","6","4","120.543718","24.245515","3"
"1736","66000","387130000C","(04)23274275","(04)23288582","2026","2","5","8","41","臺中市","南區","0","1","0","7","3","6","50","3","1","1","5","4","6","6","2","1","5","5","5","2","12","3","10","3","1","B03","7","11","1","8","2","8","","45","45","1","6","4","120.655219","24.117164","2"
"1737","66000","387130000C","(04)23274275","(04)23288582","2026","2","5","8","41","臺中市","北屯區","0","0","0","7","","","50","","","","","","","","","","","","","","","","","","","B12","","","1","","2","","","59","59","1","12","4","120.666908","24.180052","4"
"1738","66000","387130000C","(04)23274275","(04)23288582","2026","2","5","8","41","臺中市","西屯區","0","0","0","7","","","40","","","","","","","","","","","","","","13","","","","","C03","","","1","","1","","","7","7","1","12","4","120.655085","24.159839","3"
"1739","66000","387130000C","(04)23274275","(04)23288582","2026","2","5","8","41","臺中市","大里區","0","0","0","7","","","50","","","","","","","","","","","","","","13","","","","","B03","","","1","","1","","","57","57","1","12","4","120.703033","24.088218","3"
"1740","66000","387130000C","(04)23274275","(04)23288582","2026","2","5","8","42","臺中市","東區","0","0","0","7","","","40","","","","","","","","","","","","","","12","","","","","B03","","","1","","1","","","48","48","1","12","4","120.705325","24.137855","3"
"1741","66000","387130000C","(04)23274275","(04)23288582","2026","2","5","8","42","臺中市","西屯區","0","0","0","7","","","50","","","","","","","","","","","","","","14","","","","","B03","","","1","","1","","","84","84","1","12","4","120.611112","24.190874","3"
"1742","66000","387130000C","(04)23274275","(04)23288582","2026","2","5","8","43","臺中市","北屯區","0","0","0","7","","","50","","","","","","","","","","","","","","14","","","","","B03","","","1","","1","","","49","49","1","6","4","120.678232","24.184201","3"
"1743","66000","387130000C","(04)23274275","(04)23288582","2026","2","5","8","43","臺中市","烏日區","0","0","0","7","","","50","","","","","","","","","","","","","","13","","","","","B03","","","1","","1","","","84","84","1","6","4","120.649916","24.093768","3"
"1744","66000","387130000C","(04)23274275","(04)23288582","2026","2","5","8","47","臺中市","西屯區","0","0","0","7","","","50","","","","","","","","","","","","","","13","","","","","C03","","","1","","1","","","7","7","1","12","4","120.615903","24.189019","3"
"1745","66000","387130000C","(04)23274275","(04)23288582","2026","2","5","8","48","臺中市","霧峰區","0","1","0","7","3","6","40","4","1","1","5","4","6","6","4","4","10","5","5","2","11","2","9","1","1","C03","7","1","1","10","2","14","","51","51","1","6","4","120.698538","24.063274","2"
"1746","66000","387130000C","(04)23274275","(04)23288582","2026","2","5","8","52","臺中市","西區","0","1","0","7","2","6","50","3","2","1","5","4","6","6","4","4","10","3","4","2","16","2","9","2","1","C03","7","5","1","10","2","12","","47","47","1","12","4","120.657391","24.138608","2"
"1747","66000","387130000C","(04)23274275","(04)23288582","2026","2","5","8","55","臺中市","清水區","0","0","0","7","","","50","","","","","","","","","","","","","","17","","","","","B03","","","1","","2","","","8","8","1","12","4","120.559601","24.275815","3"
"1748","66000","387130000C","(04)23274275","(04)23288582","2026","2","5","9","2","臺中市","北區","0","0","0","7","","","50","","","","","","","","","","","","","","13","","","","","C03","","","1","","1","","","7","7","1","13","4","120.670577","24.163003","3"
"1749","66000","387130000C","(04)23274275","(04)23288582","2026","2","5","9","3","臺中市","北屯區","0","0","0","7","","","50","","","","","","","","","","","","","","13","","","","","B02","","","1","","1","","","84","84","1","6","4","120.720464","24.182","3"
"1750","66000","387130000C","(04)23274275","(04)23288582","2026","2","5","9","6","臺中市","西屯區","0","0","0","7","","","60","","","","","","","","","","","","","","13","","","","","B03","","","1","","1","","","7","7","1","12","4","120.648604","24.163215","3"
"1751","66000","387130000C","(04)23274275","(04)23288582","2026","2","5","9","9","臺中市","南屯區","0","0","0","7","","","50","","","","","","","","","","","","","","","","","","","C03","","","1","","1","","","51","51","1","13","4","120.654056","24.135604","3"
"1752","66000","387130000C","(04)23274275","(04)23288582","2026","2","5","9","11","臺中市","后里區","0","1","0","7","2","6","40","3","9","1","5","4","6","6","4","4","10","4","5","1","17","3","10","3","1","B03","7","6","1","8","2","1","5","12","12","1","6","4","120.725901","24.312365","2"
"1753","66000","387130000C","(04)23274275","(04)23288582","2026","2","5","9","15","臺中市","南屯區","0","0","0","7","","","50","","","","","","","","","","","","","","13","","","","","B03","","","1","","1","","","59","59","1","13","4","120.639229","24.141683","3"
"1754","66000","387130000C","(04)23274275","(04)23288582","2026","2","5","9","22","臺中市","東區","0","0","0","7","","","50","","","","","","","","","","","","","","24","","","","","A11","","","1","3","9","","","84","84","1","6","4","120.694807","24.133144","3"
"1755","66000","387130000C","(04)23274275","(04)23288582","2026","2","5","9","25","臺中市","豐原區","0","0","0","7","","","50","","","","","","","","","","","","","","17","","","","","B12","","","1","","2","","","73","73","1","13","4","120.720366","24.265599","3"
"1756","66000","387130000C","(04)23274275","(04)23288582","2026","2","5","9","29","臺中市","西屯區","0","2","0","7","1","6","50","4","1","1","5","4","6","6","2","1","10","5","5","2","15","2","9","1","1","C03","7","9","1","10","2","11","","21","21","1","12","4","120.625099","24.185638","2"
"1757","66000","387130000C","(04)23274275","(04)23288582","2026","2","5","9","31","臺中市","南屯區","0","0","0","7","3","6","0","13","21","1","5","4","6","6","4","4","10","5","5","2","12","","","","","A42","","","1","","2","","","84","84","1","12","4","120.623249","24.151114","3"
"1758","66000","387130000C","(04)23274275","(04)23288582","2026","2","5","9","32","臺中市","北區","0","1","0","7","2","6","50","4","1","1","5","4","6","6","1","1","10","5","5","2","17","3","10","5","4","C02","7","5","1","9","2","12","","11","11","1","12","4","120.684929","24.159125","2"
"1759","66000","387130000C","(04)23274275","(04)23288582","2026","2","5","9","34","臺中市","霧峰區","0","0","0","7","","","40","","","","","","","","","","","","","","14","","","","","B03","","","1","","2","","","49","49","1","6","4","120.698482","24.061755","3"
"1760","66000","387130000C","(04)23274275","(04)23288582","2026","2","5","9","36","臺中市","北區","0","2","0","7","2","6","30","3","1","1","5","4","6","6","4","4","10","5","5","2","16","2","9","1","1","C03","7","6","1","10","2","11","","14","14","1","12","4","120.670549","24.167963","2"
"1761","66000","387130000C","(04)23274275","(04)23288582","2026","2","5","9","36","臺中市","西屯區","0","2","0","7","2","6","30","4","1","5","5","4","6","6","4","4","10","5","5","2","15","2","9","5","1","C03","7","9","1","10","2","11","","15","15","1","12","4","120.646312","24.181917","2"
"1762","66000","387130000C","(04)23274275","(04)23288582","2026","2","5","9","37","臺中市","沙鹿區","0","1","0","7","2","6","60","13","7","1","5","4","6","6","4","4","3","3","3","2","17","2","9","5","4","B03","7","9","1","8","2","1","","59","59","1","13","4","120.563291","24.240122","2"
"1763","66000","387130000C","(04)23274275","(04)23288582","2026","2","5","9","39","臺中市","南區","0","0","0","7","","","50","","","","","","","","","","","","","","","","","","","C03","","","1","","1","","","7","7","1","12","4","120.679265","24.120609","4"
"1764","66000","387130000C","(04)23274275","(04)23288582","2026","2","5","9","43","臺中市","太平區","0","1","0","7","3","6","50","4","2","1","5","4","6","6","1","1","5","2","4","1","11","2","9","1","1","C03","7","6","1","10","2","12","","48","48","1","12","4","120.713696","24.125125","2"