序號,縣市別代碼,機關代碼,市話,傳真,年,月,日,時,分,縣市,區,死亡數量,受傷數量,2-30,天候,道路照明設備,道路類別,道路速限,道路型態,事故位置,路面鋪裝,路面狀態,路面缺陷,障礙物,視距,號誌種類,號誌動作,分向設施,快車道或一般車道間,快慢車道間,路面邊線,事故類型及型態,受傷程度,主要傷處,保護裝備,行動電話或功能裝置,當事者區分(類別),車輛用途,當事者行動狀態,駕照狀態,駕照種類,飲酒情形,車輛撞擊部位最初,車輛撞擊部位其他,肇事因素個別,肇事因素主要,肇事逃逸,職業,共享經濟或外送平台,GPS座標X,GPS座標Y,事故類別
"1765","66000","387130000C","(04)23274275","(04)23288582","2026","2","5","9","44","臺中市","霧峰區","0","0","0","7","","","50","","","","","","","","","","","","","","13","","","","","B03","","","1","","2","","","7","7","1","6","4","120.698778","24.064245","3"
"1766","66000","387130000C","(04)23274275","(04)23288582","2026","2","5","9","47","臺中市","中區","0","1","0","7","2","6","50","4","19","1","5","4","6","6","2","1","10","5","5","2","1","3","10","5","1","B03","7","6","1","8","2","1","","10","10","1","6","4","120.674419","24.143967","2"
"1767","66000","387130000C","(04)23274275","(04)23288582","2026","2","5","9","47","臺中市","北區","0","0","0","7","","","50","","","","","","","","","","","","","","15","","","","","C03","","","1","","2","","","20","20","1","12","4","120.679461","24.153583","4"
"1768","66000","387130000C","(04)23274275","(04)23288582","2026","2","5","9","50","臺中市","大雅區","0","1","0","7","3","6","60","4","1","1","5","4","1","4","1","1","1","5","5","2","30","2","9","5","4","C03","7","9","1","10","2","11","","84","84","1","13","4","120.649219","24.216172","2"
"1769","66000","387130000C","(04)23274275","(04)23288582","2026","2","5","9","50","臺中市","北區","0","0","0","7","","","50","","","","","","","","","","","","","","13","","","","","B12","","","1","","1","","","7","7","1","12","4","120.671456","24.17374","3"
"1770","66000","387130000C","(04)23274275","(04)23288582","2026","2","5","9","50","臺中市","神岡區","0","1","0","7","2","6","50","3","9","1","5","4","6","6","4","4","5","5","5","1","17","2","9","1","1","C03","7","6","1","10","2","13","13","14","14","1","12","4","120.695568","24.239102","2"
"1771","66000","387130000C","(04)23274275","(04)23288582","2026","2","5","9","54","臺中市","太平區","0","2","0","7","2","6","50","4","1","1","5","4","6","6","1","1","10","5","5","2","16","2","9","2","1","C03","7","6","1","10","1","12","","48","48","1","12","4","120.714976","24.146632","2"
"1772","66000","387130000C","(04)23274275","(04)23288582","2026","2","5","9","54","臺中市","神岡區","0","1","0","7","2","6","30","13","9","1","5","4","6","6","4","4","10","5","5","2","17","3","10","5","4","B12","7","9","1","8","2","6","","87","87","1","13","4","120.695501","24.245272","2"
"1773","66000","387130000C","(04)23274275","(04)23288582","2026","2","5","10","0","臺中市","潭子區","0","2","0","7","3","6","30","3","1","1","5","4","6","6","4","4","10","5","5","2","17","2","8","2","1","C03","7","6","1","10","2","13","14","87","87","1","13","4","120.7058","24.215931","2"
"1774","66000","387130000C","(04)23274275","(04)23288582","2026","2","5","10","0","臺中市","北屯區","0","0","0","7","","","50","","","","","","","","","","","","","","13","","","","","C03","","","1","","1","","","7","7","1","6","4","120.694171","24.161292","3"
"1775","66000","387130000C","(04)23274275","(04)23288582","2026","2","5","10","0","臺中市","龍井區","0","2","0","7","1","6","60","13","7","1","5","4","6","6","4","4","9","4","4","1","13","2","9","4","1","B03","7","9","5","19","2","1","","7","7","1","6","4","120.573701","24.18627","2"
"1776","66000","387130000C","(04)23274275","(04)23288582","2026","2","5","10","0","臺中市","梧棲區","0","0","0","7","","","50","","","","","","","","","","","","","","17","","","","","B03","","","1","","2","","","59","59","1","6","4","120.528956","24.25078","3"
"1777","66000","387130000C","(04)23274275","(04)23288582","2026","2","5","10","3","臺中市","神岡區","0","0","0","7","","","50","","","","","","","","","","","","","","14","","","","","B12","","","1","","2","","","49","49","1","12","4","120.690723","24.229708","3"
"1778","66000","387130000C","(04)23274275","(04)23288582","2026","2","5","10","9","臺中市","北屯區","0","1","0","7","3","6","50","3","1","1","5","4","6","6","4","4","10","5","5","2","16","2","9","1","1","C03","7","6","1","10","2","14","","14","14","1","6","4","120.725495","24.166761","2"
"1779","66000","387130000C","(04)23274275","(04)23288582","2026","2","5","10","11","臺中市","南屯區","0","0","0","7","","","50","","","","","","","","","","","","","","17","","","","","C03","","","1","","1","","","48","48","1","6","4","120.609635","24.13852","3"
"1780","66000","387130000C","(04)23274275","(04)23288582","2026","2","5","10","11","臺中市","沙鹿區","0","1","0","7","2","6","40","13","12","1","5","4","6","6","4","4","1","4","4","2","13","2","1","2","1","C03","7","9","1","10","2","11","","7","7","1","6","4","120.564258","24.206274","2"
"1781","66000","387130000C","(04)23274275","(04)23288582","2026","2","5","10","14","臺中市","西區","0","1","0","7","2","6","50","4","4","1","5","4","6","6","1","1","10","5","5","2","17","3","10","1","1","C03","7","15","1","10","2","12","","84","84","1","12","4","120.661642","24.150845","2"
"1782","66000","387130000C","(04)23274275","(04)23288582","2026","2","5","10","18","臺中市","西屯區","0","1","0","7","2","6","40","4","2","1","5","4","6","6","2","1","10","5","5","2","13","2","9","1","1","C03","7","8","1","10","2","11","","7","7","1","12","4","120.63905","24.169009","2"
"1783","66000","387130000C","(04)23274275","(04)23288582","2026","2","5","10","21","臺中市","霧峰區","0","1","0","7","2","6","40","11","9","1","5","4","6","6","4","4","9","5","5","1","17","3","10","5","4","B03","7","1","1","7","2","4","","51","51","1","12","4","120.717196","24.079256","2"
"1784","66000","387130000C","(04)23274275","(04)23288582","2026","2","5","10","22","臺中市","清水區","0","0","0","7","","","60","","","","","","","","","","","","","","","","","","","B03","","","1","","2","","","59","59","1","12","4","120.596946","24.306064","3"
"1785","66000","387130000C","(04)23274275","(04)23288582","2026","2","5","10","27","臺中市","大雅區","0","0","0","7","","","30","","","","","","","","","","","","","","","","","","","B12","","","1","","2","","","84","84","1","12","4","120.660628","24.221482","3"
"1786","66000","387130000C","(04)23274275","(04)23288582","2026","2","5","10","28","臺中市","大肚區","0","0","0","7","","","50","","","","","","","","","","","","","","","","","","","B12","","","1","","2","","","49","49","1","6","4","120.543974","24.155949","3"
"1787","66000","387130000C","(04)23274275","(04)23288582","2026","2","5","10","30","臺中市","西區","0","1","0","7","2","6","50","11","9","1","5","4","6","6","4","4","5","5","5","2","17","2","9","1","1","C03","7","9","1","10","2","11","","84","84","1","12","4","120.655126","24.141596","2"
"1788","66000","387130000C","(04)23274275","(04)23288582","2026","2","5","10","32","臺中市","大里區","0","0","0","7","3","6","50","13","9","1","5","4","6","6","4","4","5","4","5","1","12","","","","","B02","","","1","","2","","","8","8","1","12","4","120.689782","24.113488","3"
"1789","66000","387130000C","(04)23274275","(04)23288582","2026","2","5","10","35","臺中市","北屯區","0","0","0","7","","3","40","","","","","","","","","","","","","","13","","","","","B02","","","1","","1","","","7","7","1","6","4","120.720754","24.168594","3"
"1790","66000","387130000C","(04)23274275","(04)23288582","2026","2","5","10","35","臺中市","大甲區","0","0","0","7","","","40","","","","","","","","","","","","","","14","","","","","B12","","","1","","1","","","49","49","1","13","4","120.618672","24.366292","3"
"1791","66000","387130000C","(04)23274275","(04)23288582","2026","2","5","10","41","臺中市","北屯區","0","0","0","7","","","30","","","","","","","","","","","","","","11","","","","","B03","","","1","","1","","","41","41","1","6","4","120.68344","24.197636","3"
"1792","66000","387130000C","(04)23274275","(04)23288582","2026","2","5","10","44","臺中市","沙鹿區","0","0","0","7","","","60","","","","","","","","","","","","","","","","","","","A41","","","1","","2","","","8","8","1","12","4","120.56861","24.238267","3"
"1793","66000","387130000C","(04)23274275","(04)23288582","2026","2","5","10","47","臺中市","龍井區","0","1","0","7","2","6","50","3","9","1","5","4","6","6","4","4","10","5","5","2","18","2","9","6","1","F01","7","9","7","21","1","11","","43","43","1","2","4","120.528033","24.20804","2"
"1794","66000","387130000C","(04)23274275","(04)23288582","2026","2","5","10","48","臺中市","大里區","0","0","0","7","","","50","","","","","","","","","","","","","","","","","","","A12","","","1","","1","","","47","47","1","12","4","120.684123","24.116816","3"
"1795","66000","387130000C","(04)23274275","(04)23288582","2026","2","5","10","50","臺中市","南屯區","0","0","0","7","","","50","","","","","","","","","","","","","","","","","","","B03","","","1","","1","","","8","8","1","13","4","120.650827","24.148761","3"
"1796","66000","387130000C","(04)23274275","(04)23288582","2026","2","5","10","55","臺中市","北屯區","0","1","0","7","2","6","30","4","1","1","5","4","6","6","4","4","10","5","5","2","16","2","9","1","1","C03","7","9","1","10","2","11","","12","12","1","6","4","120.701175","24.18522","2"
"1797","66000","387130000C","(04)23274275","(04)23288582","2026","2","5","10","56","臺中市","后里區","0","0","0","7","","","50","","","","","","","","","","","","","","17","","","","","A04","","","1","","2","","","51","51","1","6","4","120.717847","24.309593","3"
"1798","66000","387130000C","(04)23274275","(04)23288582","2026","2","5","10","58","臺中市","北屯區","0","2","0","7","3","6","50","13","9","1","5","4","6","6","4","4","1","4","5","2","12","3","10","3","1","B12","7","4","1","8","9","2","","8","8","2","6","4","120.696134","24.168557","2"
"1799","66000","387130000C","(04)23274275","(04)23288582","2026","2","5","11","2","臺中市","東區","0","0","0","7","","","30","","","","","","","","","","","","","","14","","","","","B12","","","1","","2","","","49","49","1","12","4","120.694363","24.124296","3"
"1800","66000","387130000C","(04)23274275","(04)23288582","2026","2","5","11","3","臺中市","龍井區","0","1","0","7","2","6","30","4","2","1","5","4","6","6","4","4","10","5","5","2","15","2","9","1","1","C03","7","9","5","10","2","14","","12","12","1","6","4","120.596834","24.189247","2"
"1801","66000","387130000C","(04)23274275","(04)23288582","2026","2","5","11","6","臺中市","西區","0","2","0","7","2","6","30","4","1","1","5","4","6","6","4","4","8","5","5","2","15","2","9","2","1","C03","7","9","1","10","2","14","","13","13","1","12","4","120.660862","24.147882","2"
"1802","66000","387130000C","(04)23274275","(04)23288582","2026","2","5","11","7","臺中市","豐原區","0","0","0","7","","","50","","","","","","","","","","","","","","","","","","","B03","","","1","","2","","","23","23","1","13","4","120.721912","24.272962","3"
"1803","66000","387130000C","(04)23274275","(04)23288582","2026","2","5","11","8","臺中市","西屯區","0","1","0","7","2","6","0","4","1","1","5","4","6","6","4","4","10","5","5","2","11","3","10","3","1","B03","7","1","1","6","2","7","","51","51","1","12","4","120.622227","24.186901","2"
"1804","66000","387130000C","(04)23274275","(04)23288582","2026","2","5","11","12","臺中市","北屯區","0","0","0","7","","","50","","","","","","","","","","","","","","13","","","","","C03","","","1","","2","","","7","7","1","6","4","120.718737","24.175851","3"
"1805","66000","387130000C","(04)23274275","(04)23288582","2026","2","5","11","15","臺中市","南屯區","0","1","0","7","3","6","50","13","9","1","5","4","6","6","4","4","5","5","5","2","12","3","10","1","1","F06","7","6","7","21","2","14","","39","39","1","12","4","120.650287","24.142811","2"
"1806","66000","387130000C","(04)23274275","(04)23288582","2026","2","5","11","24","臺中市","大里區","0","0","0","7","","","50","","","","","","","","","","","","","","13","","","","","B12","","","1","","2","","","7","7","1","13","4","120.700571","24.110581","3"
"1807","66000","387130000C","(04)23274275","(04)23288582","2026","2","5","11","28","臺中市","后里區","0","0","0","7","2","6","50","13","8","1","5","4","6","6","4","4","5","4","5","2","12","","","","","B03","","","1","","2","","","78","78","1","6","4","120.711217","24.306185","3"
"1808","66000","387130000C","(04)23274275","(04)23288582","2026","2","5","11","30","臺中市","大甲區","0","1","0","7","3","6","50","13","9","1","5","4","6","6","1","1","5","5","5","1","13","3","10","5","4","B03","7","9","1","4","2","8","","7","7","1","6","4","120.6194","24.340659","2"
"1809","66000","387130000C","(04)23274275","(04)23288582","2026","2","5","11","31","臺中市","北屯區","0","1","0","7","2","6","50","3","1","1","5","4","6","6","4","4","10","5","5","2","16","3","10","1","1","C03","7","6","1","10","2","11","","14","14","1","6","4","120.713088","24.168147","2"
"1810","66000","387130000C","(04)23274275","(04)23288582","2026","2","5","11","32","臺中市","南屯區","0","0","0","6","","","50","","","","","","","","","","","","","","13","","","","","B03","","","1","","1","","","82","82","1","13","4","120.636457","24.14695","3"
"1811","66000","387130000C","(04)23274275","(04)23288582","2026","2","5","11","34","臺中市","北區","0","0","0","7","","","50","","","","","","","","","","","","","","13","","","","","B13","","","1","","1","","","7","7","1","13","4","120.684044","24.154122","3"
"1812","66000","387130000C","(04)23274275","(04)23288582","2026","2","5","11","38","臺中市","西屯區","0","1","0","7","2","6","50","5","1","1","5","4","6","6","2","1","10","5","5","2","16","3","10","5","1","B03","7","5","1","8","2","2","","11","11","1","12","4","120.659589","24.193067","2"
"1813","66000","387130000C","(04)23274275","(04)23288582","2026","2","5","11","40","臺中市","西屯區","0","0","0","7","","","30","","","","","","","","","","","","","","27","","","","","A12","","","1","","2","","","76","76","1","12","4","120.633268","24.175253","3"
"1814","66000","387130000C","(04)23274275","(04)23288582","2026","2","5","11","42","臺中市","太平區","0","3","0","7","3","6","30","4","2","1","5","4","6","6","4","4","10","5","5","2","15","2","9","1","1","C03","7","9","1","10","2","12","","15","15","1","12","4","120.726822","24.143384","2"
"1815","66000","387130000C","(04)23274275","(04)23288582","2026","2","5","11","54","臺中市","大里區","0","1","0","7","3","6","50","4","4","1","5","4","6","6","1","1","5","4","4","2","13","3","10","1","1","C03","7","9","1","10","2","11","","84","84","1","12","4","120.688933","24.119959","2"
"1816","66000","387130000C","(04)23274275","(04)23288582","2026","2","5","11","56","臺中市","太平區","0","1","0","7","2","6","30","13","9","1","5","4","6","6","4","4","10","5","5","2","9","3","10","3","1","B12","7","2","1","8","2","3","","49","49","1","12","4","120.724439","24.136367","2"
"1817","66000","387130000C","(04)23274275","(04)23288582","2026","2","5","11","57","臺中市","北屯區","0","1","0","7","2","6","50","4","1","1","5","4","6","6","1","1","10","5","5","2","18","2","9","1","1","C03","7","4","1","10","2","14","","84","84","1","6","4","120.692833","24.162343","2"
"1818","66000","387130000C","(04)23274275","(04)23288582","2026","2","5","11","58","臺中市","北區","0","0","0","7","","","50","","","","","","","","","","","","","","14","","","","","B03","","","1","","2","","","49","49","1","12","4","120.680952","24.16161","4"
"1819","66000","387130000C","(04)23274275","(04)23288582","2026","2","5","11","58","臺中市","豐原區","0","1","0","7","2","6","60","4","1","1","5","4","6","6","1","1","1","2","4","1","12","3","10","1","1","C03","7","9","1","10","2","14","","26","26","1","13","4","120.720376","24.264176","2"
"1820","66000","387130000C","(04)23274275","(04)23288582","2026","2","5","12","0","臺中市","北屯區","0","0","0","7","","","50","","","","","","","","","","","","","","17","","","","","B03","","","1","","1","","","50","50","1","6","4","120.684872","24.179846","3"
"1821","66000","387130000C","(04)23274275","(04)23288582","2026","2","5","12","0","臺中市","太平區","0","2","0","7","3","6","50","13","9","1","5","4","6","6","4","4","5","2","4","1","13","2","9","1","1","C03","7","9","1","10","2","11","","7","7","1","12","4","120.718091","24.153322","2"
"1822","66000","387130000C","(04)23274275","(04)23288582","2026","2","5","12","3","臺中市","北區","0","1","0","7","2","6","40","4","1","1","5","4","6","6","1","1","10","5","5","2","18","2","9","5","4","C04","7","5","1","8","1","14","","84","84","1","12","4","120.676489","24.159195","2"
"1823","66000","387130000C","(04)23274275","(04)23288582","2026","2","5","12","5","臺中市","龍井區","0","0","0","7","","","50","","","","","","","","","","","","","","","","","","","C03","","","1","","2","","","84","84","1","6","4","120.548476","24.204544","3"
"1824","66000","387130000C","(04)23274275","(04)23288582","2026","2","5","12","5","臺中市","清水區","0","0","0","7","","","50","","","","","","","","","","","","","","17","","","","","B03","","","1","","2","","","50","50","1","12","4","120.572125","24.269238","3"
"1825","66000","387130000C","(04)23274275","(04)23288582","2026","2","5","12","6","臺中市","大甲區","0","1","0","7","2","6","50","3","1","1","5","4","6","6","4","4","4","5","4","1","16","3","10","3","1","B03","7","6","1","8","2","5","","14","14","1","6","4","120.61601","24.349989","2"
"1826","66000","387130000C","(04)23274275","(04)23288582","2026","2","5","12","9","臺中市","西屯區","0","1","0","6","2","6","50","13","9","1","5","4","6","6","2","1","1","4","5","2","12","2","9","1","1","C03","7","7","1","10","2","12","","40","40","1","12","4","120.656946","24.200426","2"
"1827","66000","387130000C","(04)23274275","(04)23288582","2026","2","5","12","10","臺中市","北區","0","1","0","7","2","6","50","4","1","1","5","4","6","6","4","4","10","5","5","2","17","2","9","1","1","C03","7","9","1","10","2","14","11","12","12","1","5","4","120.683678","24.158432","2"
"1828","66000","387130000C","(04)23274275","(04)23288582","2026","2","5","12","12","臺中市","后里區","0","0","0","7","","","50","","","","","","","","","","","","","","13","","","","","B03","","","1","","2","","","7","7","1","6","4","120.716762","24.309645","3"
"1829","66000","387130000C","(04)23274275","(04)23288582","2026","2","5","12","16","臺中市","西區","0","0","0","7","","","50","","","","","","","","","","","","","","","","","","","B12","","","1","","2","","","84","84","1","6","4","120.659148","24.147891","3"
"1830","66000","387130000C","(04)23274275","(04)23288582","2026","2","5","12","17","臺中市","東區","0","1","0","7","3","6","50","4","1","1","5","4","6","6","4","4","10","5","5","2","18","2","9","1","1","F03","7","5","7","21","2","14","","84","84","1","6","4","120.695509","24.146319","2"
"1831","66000","387130000C","(04)23274275","(04)23288582","2026","2","5","12","19","臺中市","北區","0","2","0","7","3","6","50","13","9","1","5","4","6","6","3","1","5","5","5","2","13","2","9","1","1","C03","7","9","1","10","2","11","","7","7","1","12","4","120.670137","24.170749","2"
"1832","66000","387130000C","(04)23274275","(04)23288582","2026","2","5","12","27","臺中市","大甲區","0","0","0","7","","","50","","","","","","","","","","","","","","","","","","","B12","","","1","","1","","","8","8","1","6","4","120.620654","24.346875","3"
"1833","66000","387130000C","(04)23274275","(04)23288582","2026","2","5","12","29","臺中市","大里區","0","0","0","7","","","30","","","","","","","","","","","","","","","","","","","B03","","","1","","2","","","49","49","1","12","4","120.681327","24.103769","3"
"1834","66000","387130000C","(04)23274275","(04)23288582","2026","2","5","12","30","臺中市","南屯區","0","3","0","7","3","6","40","4","1","1","5","4","6","6","4","4","10","5","5","2","15","2","9","5","4","B12","7","9","1","8","2","5","","12","12","1","6","4","120.629864","24.136905","2"
"1835","66000","387130000C","(04)23274275","(04)23288582","2026","2","5","12","33","臺中市","烏日區","0","0","0","7","","","50","","","","","","","","","","","","","","12","","","","","A11","","","1","","1","","","20","20","1","6","4","120.651072","24.105576","3"
"1836","66000","387130000C","(04)23274275","(04)23288582","2026","2","5","12","39","臺中市","東區","0","0","0","7","","","50","","","","","","","","","","","","","","","","","","","B03","","","1","","2","","","7","7","1","6","4","120.687516","24.141518","4"
"1837","66000","387130000C","(04)23274275","(04)23288582","2026","2","5","12","39","臺中市","神岡區","0","0","0","7","","","50","","","","","","","","","","","","","","17","","","","","B03","","","1","","2","","","51","51","1","13","4","120.686101","24.24695","3"
"1838","66000","387130000C","(04)23274275","(04)23288582","2026","2","5","12","41","臺中市","神岡區","0","1","0","7","2","6","50","4","2","1","5","4","6","6","1","1","5","5","4","2","17","3","10","3","1","B12","7","9","1","7","2","1","1","7","7","1","12","4","120.690402","24.266272","2"
"1839","66000","387130000C","(04)23274275","(04)23288582","2026","2","5","12","42","臺中市","北屯區","0","1","0","7","3","6","50","3","1","1","5","4","6","6","1","1","10","5","5","2","18","2","9","1","1","C03","7","9","1","9","2","12","","84","84","1","6","4","120.663843","24.200693","2"
"1840","66000","387130000C","(04)23274275","(04)23288582","2026","2","5","12","43","臺中市","北屯區","0","1","0","7","2","6","50","13","7","1","5","4","6","6","4","4","1","4","4","2","12","2","9","1","1","C03","7","9","1","10","2","14","","8","8","1","6","4","120.693432","24.161908","2"
"1841","66000","387130000C","(04)23274275","(04)23288582","2026","2","5","12","45","臺中市","北區","0","0","0","7","","","50","","","","","","","","","","","","","","17","","","","","B03","","","1","","1","","","51","51","1","12","4","120.682333","24.160321","3"
"1842","66000","387130000C","(04)23274275","(04)23288582","2026","2","5","12","45","臺中市","豐原區","0","0","0","7","","","30","","","","","","","","","","","","","","17","","","","","C03","","","1","","2","","","20","20","1","6","4","120.717922","24.250702","3"
"1843","66000","387130000C","(04)23274275","(04)23288582","2026","2","5","12","47","臺中市","太平區","0","2","0","7","2","6","50","4","9","1","5","4","6","6","1","1","5","5","5","1","13","2","7","1","1","C03","7","9","1","10","2","11","","7","7","1","12","4","120.723655","24.105408","2"
"1844","66000","387130000C","(04)23274275","(04)23288582","2026","2","5","12","50","臺中市","大安區","0","0","0","7","","","50","","","","","","","","","","","","","","16","","","","","B03","","","1","","2","","","8","8","1","12","4","120.585928","24.346414","3"
"1845","66000","387130000C","(04)23274275","(04)23288582","2026","2","5","12","52","臺中市","東區","0","0","0","7","","","50","","","","","","","","","","","","","","","","","","","B03","","","1","","1","","","84","84","1","12","4","120.697104","24.129249","3"
"1846","66000","387130000C","(04)23274275","(04)23288582","2026","2","5","12","53","臺中市","大里區","0","0","0","7","","","50","","","","","","","","","","","","","","17","","","","","B03","","","1","","1","","","45","45","1","6","4","120.676579","24.108587","3"
"1847","66000","387130000C","(04)23274275","(04)23288582","2026","2","5","12","54","臺中市","北屯區","0","2","0","7","2","6","50","3","2","1","5","4","6","6","1","1","1","4","5","2","13","2","9","1","1","C03","7","9","5","19","2","11","","7","7","1","6","4","120.686552","24.195196","2"
"1848","66000","387130000C","(04)23274275","(04)23288582","2026","2","5","12","56","臺中市","沙鹿區","0","1","0","7","2","6","30","4","2","1","5","4","6","6","4","4","8","3","5","2","17","2","9","5","4","C03","7","9","1","10","2","12","","12","12","1","13","4","120.565115","24.250417","2"
"1849","66000","387130000C","(04)23274275","(04)23288582","2026","2","5","13","0","臺中市","大甲區","0","0","0","7","","","50","","","","","","","","","","","","","","17","","","","","A11","","","1","","1","","","76","76","2","12","4","120.618102","24.347643","3"
"1850","66000","387130000C","(04)23274275","(04)23288582","2026","2","5","13","2","臺中市","太平區","0","1","0","7","3","6","50","4","2","1","5","4","6","6","1","1","5","1","5","1","11","3","10","3","1","B03","7","6","1","8","2","1","","48","48","1","12","4","120.712098","24.155902","2"
"1851","66000","387130000C","(04)23274275","(04)23288582","2026","2","5","13","8","臺中市","北區","0","1","0","7","2","6","40","13","8","1","5","4","6","6","4","4","1","4","4","2","13","2","7","5","4","C05","7","9","1","10","2","11","","7","7","1","13","4","120.677467","24.152198","2"
"1852","66000","387130000C","(04)23274275","(04)23288582","2026","2","5","13","13","臺中市","南屯區","0","0","0","7","","","50","","","","","","","","","","","","","","13","","","","","B12","","","1","","1","","","84","84","1","13","4","120.637684","24.119663","3"
"1853","66000","387130000C","(04)23274275","(04)23288582","2026","2","5","13","14","臺中市","西屯區","0","0","0","7","","","50","","","","","","","","","","","","","","13","","","","","B12","","","1","","1","","","59","59","1","12","4","120.658571","24.166577","3"
"1854","66000","387130000C","(04)23274275","(04)23288582","2026","2","5","13","14","臺中市","神岡區","0","0","0","7","","","50","","","","","","","","","","","","","","17","","","","","B03","","","1","","2","","","59","59","1","12","4","120.654886","24.255165","3"
"1855","66000","387130000C","(04)23274275","(04)23288582","2026","2","5","13","17","臺中市","南屯區","0","0","0","7","","","50","","","","","","","","","","","","","","17","","","","","C03","","","1","","9","","","50","50","2","13","4","120.649243","24.140172","3"
"1856","66000","387130000C","(04)23274275","(04)23288582","2026","2","5","13","18","臺中市","西區","0","0","0","7","","","50","","","","","","","","","","","","","","11","","","","","C03","","","3","","2","","","84","84","1","13","4","120.673492","24.150508","3"
"1857","66000","387130000C","(04)23274275","(04)23288582","2026","2","5","13","20","臺中市","大雅區","0","2","0","7","3","6","30","4","1","1","5","4","6","6","4","4","10","5","5","2","17","3","10","3","1","B12","7","6","1","8","2","8","","14","14","1","12","4","120.654629","24.228794","2"
"1858","66000","387130000C","(04)23274275","(04)23288582","2026","2","5","13","21","臺中市","大雅區","0","0","0","7","","","50","","","","","","","","","","","","","","35","","","","","A12","","","1","","1","","","49","49","1","12","4","120.676052","24.216747","3"
"1859","66000","387130000C","(04)23274275","(04)23288582","2026","2","5","13","26","臺中市","西屯區","0","1","0","7","2","6","30","4","1","1","5","4","6","6","4","4","10","5","5","2","15","2","9","1","1","C03","7","9","1","10","2","11","12","13","13","1","12","4","120.656497","24.169029","2"
"1860","66000","387130000C","(04)23274275","(04)23288582","2026","2","5","13","30","臺中市","烏日區","0","0","0","7","","","50","","","","","","","","","","","","","","13","","","","","B03","","","1","","2","","","7","7","1","12","4","120.615438","24.11203","3"
"1861","66000","387130000C","(04)23274275","(04)23288582","2026","2","5","13","31","臺中市","北區","0","0","0","7","","","50","","","","","","","","","","","","","","17","","","","","B12","","","1","","1","","","68","68","1","12","4","120.675825","24.159686","3"
"1862","66000","387130000C","(04)23274275","(04)23288582","2026","2","5","13","40","臺中市","西屯區","0","0","0","7","","","50","","","","","","","","","","","","","","9","","","","","A31","","","1","","2","","","45","45","1","12","4","120.627601","24.201543","3"
"1863","66000","387130000C","(04)23274275","(04)23288582","2026","2","5","13","42","臺中市","北屯區","0","0","0","7","","","50","","","","","","","","","","","","","","17","","","","","C03","","","1","","9","","","87","87","2","12","4","120.685772","24.170795","3"
"1864","66000","387130000C","(04)23274275","(04)23288582","2026","2","5","13","46","臺中市","太平區","0","2","0","7","2","6","50","4","1","1","5","4","6","6","2","1","10","5","5","2","15","2","9","6","1","F01","7","9","7","21","2","12","","21","21","1","3","4","120.710245","24.134687","2"
"1865","66000","387130000C","(04)23274275","(04)23288582","2026","2","5","13","48","臺中市","大里區","0","1","0","7","3","6","50","4","2","1","5","4","6","6","1","1","10","5","5","2","16","3","10","3","1","B12","7","5","1","8","2","2","","47","47","1","12","4","120.674704","24.103585","2"
"1866","66000","387130000C","(04)23274275","(04)23288582","2026","2","5","13","49","臺中市","大里區","0","0","0","7","","","50","","","","","","","","","","","","","","16","","","","","B03","","","1","","2","","","26","26","1","13","4","120.688116","24.094432","3"
"1867","66000","387130000C","(04)23274275","(04)23288582","2026","2","5","13","55","臺中市","西屯區","0","2","0","7","2","6","50","13","8","1","5","4","6","6","4","4","9","4","4","1","3","2","9","6","5","H01","8","16","7","21","10","17","","95","95","1","12","5","120.633903","24.160107","2"
"1868","66000","387130000C","(04)23274275","(04)23288582","2026","2","5","13","55","臺中市","大肚區","0","0","0","7","","","50","","","","","","","","","","","","","","16","","","","","C03","","","5","","1","","","48","48","2","12","4","120.561293","24.12529","3"
"1869","66000","387130000C","(04)23274275","(04)23288582","2026","2","5","13","56","臺中市","東區","0","0","0","7","","","50","","","","","","","","","","","","","","13","","","","","C03","","","1","","1","","","7","7","1","12","4","120.701405","24.125264","3"
"1870","66000","387130000C","(04)23274275","(04)23288582","2026","2","5","13","58","臺中市","西屯區","0","1","0","7","2","6","40","3","1","1","5","4","6","6","4","4","10","4","5","2","16","3","10","3","1","B03","7","5","1","8","2","15","","84","84","1","12","4","120.638807","24.169622","2"
"1871","66000","387130000C","(04)23274275","(04)23288582","2026","2","5","13","59","臺中市","大里區","0","1","0","7","3","6","50","13","9","1","5","4","6","6","4","4","5","4","5","1","12","2","9","6","1","F01","7","8","7","21","2","14","","40","40","1","12","4","120.687386","24.099013","2"
"1872","66000","387130000C","(04)23274275","(04)23288582","2026","2","5","13","59","臺中市","龍井區","0","1","0","7","2","6","50","4","1","1","5","4","6","6","4","4","10","5","5","2","11","3","10","3","1","B12","7","9","1","8","2","1","","6","6","1","6","4","120.545603","24.217482","2"
"1873","66000","387130000C","(04)23274275","(04)23288582","2026","2","5","14","0","臺中市","西屯區","0","0","0","7","","","50","","","","","","","","","","","","","","12","","","","","B03","","","1","","1","","","40","40","1","12","4","120.649725","24.162355","3"
"1874","66000","387130000C","(04)23274275","(04)23288582","2026","2","5","14","0","臺中市","大肚區","0","0","0","7","","","50","","","","","","","","","","","","","","","","","","","A11","","","1","","2","","","49","49","1","6","4","120.560958","24.135578","3"
"1875","66000","387130000C","(04)23274275","(04)23288582","2026","2","5","14","1","臺中市","南屯區","0","1","0","7","1","6","50","3","9","1","5","4","6","6","1","1","5","5","5","1","12","2","1","2","1","C03","7","9","5","10","2","11","","7","7","1","12","4","120.610451","24.143641","2"