序號,縣市別代碼,機關代碼,市話,傳真,年,月,日,時,分,縣市,區,死亡數量,受傷數量,2-30,天候,道路照明設備,道路類別,道路速限,道路型態,事故位置,路面鋪裝,路面狀態,路面缺陷,障礙物,視距,號誌種類,號誌動作,分向設施,快車道或一般車道間,快慢車道間,路面邊線,事故類型及型態,受傷程度,主要傷處,保護裝備,行動電話或功能裝置,當事者區分(類別),車輛用途,當事者行動狀態,駕照狀態,駕照種類,飲酒情形,車輛撞擊部位最初,車輛撞擊部位其他,肇事因素個別,肇事因素主要,肇事逃逸,職業,共享經濟或外送平台,GPS座標X,GPS座標Y,事故類別
"1876","66000","387130000C","(04)23274275","(04)23288582","2026","2","5","14","1","臺中市","烏日區","0","2","0","7","2","6","40","3","1","1","5","4","6","6","1","1","4","3","4","1","17","3","10","3","1","B03","7","6","1","8","2","1","","11","11","1","6","4","120.642842","24.072892","2"
"1877","66000","387130000C","(04)23274275","(04)23288582","2026","2","5","14","4","臺中市","西區","0","1","0","7","1","6","50","4","1","1","5","4","6","6","2","1","10","4","5","2","16","3","10","3","1","B12","7","5","1","10","2","5","","11","11","1","13","4","120.653885","24.150931","2"
"1878","66000","387130000C","(04)23274275","(04)23288582","2026","2","5","14","5","臺中市","潭子區","0","1","0","7","2","6","30","4","1","1","5","4","6","6","4","4","10","5","5","2","15","2","9","1","1","C03","7","9","1","10","2","11","","12","12","1","13","4","120.701944","24.214696","2"
"1879","66000","387130000C","(04)23274275","(04)23288582","2026","2","5","14","10","臺中市","南區","0","0","0","7","","","30","","","","","","","","","","","","","","14","","","","","B03","","","1","8","1","","","49","49","1","5","4","120.683175","24.123492","3"
"1880","66000","387130000C","(04)23274275","(04)23288582","2026","2","5","14","10","臺中市","太平區","0","0","0","7","","","50","","","","","","","","","","","","","","","","","","","C03","","","1","","2","","","84","84","1","12","4","120.720913","24.130569","3"
"1881","66000","387130000C","(04)23274275","(04)23288582","2026","2","5","14","15","臺中市","霧峰區","0","0","0","7","","","30","","","","","","","","","","","","","","12","","","","","B02","","","1","","9","","","8","8","1","12","4","120.693628","24.04391","3"
"1882","66000","387130000C","(04)23274275","(04)23288582","2026","2","5","14","19","臺中市","南區","0","1","0","7","3","6","50","13","9","1","5","4","6","6","4","4","5","5","5","2","17","3","10","3","1","A11","7","14","1","3","2","4","","76","76","1","6","4","120.665607","24.117097","2"
"1883","66000","387130000C","(04)23274275","(04)23288582","2026","2","5","14","21","臺中市","南屯區","0","1","0","7","2","6","50","4","1","1","5","4","6","6","1","1","10","5","5","2","13","3","10","3","1","B03","7","9","1","8","2","5","","21","21","1","12","4","120.642612","24.149785","2"
"1884","66000","387130000C","(04)23274275","(04)23288582","2026","2","5","14","22","臺中市","西屯區","0","0","0","7","","","60","","","","","","","","","","","","","","23","","","","","B12","","","1","","2","","","84","84","1","12","4","120.634913","24.204128","3"
"1885","66000","387130000C","(04)23274275","(04)23288582","2026","2","5","14","22","臺中市","龍井區","0","1","0","7","2","6","40","3","1","1","5","4","6","6","4","4","10","5","5","2","16","2","9","1","1","C03","7","9","3","19","2","11","","84","84","1","6","4","120.58248","24.174611","2"
"1886","66000","387130000C","(04)23274275","(04)23288582","2026","2","5","14","26","臺中市","南區","0","1","0","7","2","6","50","4","1","1","5","4","6","6","1","1","10","5","5","2","16","3","10","5","4","B03","7","9","1","8","2","6","","21","21","1","12","4","120.680962","24.127869","2"
"1887","66000","387130000C","(04)23274275","(04)23288582","2026","2","5","14","26","臺中市","南區","0","1","0","7","1","6","50","4","1","1","5","4","6","6","4","4","9","4","5","2","16","2","7","1","1","C03","7","6","1","10","2","11","","20","20","1","12","4","120.65956","24.108999","2"
"1888","66000","387130000C","(04)23274275","(04)23288582","2026","2","5","14","29","臺中市","潭子區","0","0","0","7","","3","80","","","","","","","","","","","","","","","","","","","A11","","","1","","2","","","7","7","1","6","4","120.711596","24.200499","3"
"1889","66000","387130000C","(04)23274275","(04)23288582","2026","2","5","14","30","臺中市","北區","0","0","0","7","","","40","","","","","","","","","","","","","","17","","","","","B03","","","1","","2","","","51","51","1","12","4","120.684779","24.159102","3"
"1890","66000","387130000C","(04)23274275","(04)23288582","2026","2","5","14","31","臺中市","西區","0","0","0","7","","","50","","","","","","","","","","","","","","","","","","","B03","","","1","","1","","","84","84","1","12","4","120.673326","24.136609","3"
"1891","66000","387130000C","(04)23274275","(04)23288582","2026","2","5","14","31","臺中市","南屯區","0","0","0","7","","","50","","","","","","","","","","","","","","","","","","","B03","","","1","","2","","","84","84","1","13","4","120.633966","24.144789","3"
"1892","66000","387130000C","(04)23274275","(04)23288582","2026","2","5","14","36","臺中市","大甲區","0","0","0","7","","","50","","","","","","","","","","","","","","15","","","","","B03","","","1","","1","","","15","15","1","6","4","120.654553","24.407413","3"
"1893","66000","387130000C","(04)23274275","(04)23288582","2026","2","5","14","40","臺中市","西區","0","0","0","7","","","50","","","","","","","","","","","","","","","","","","","C03","","","1","","1","","","84","84","1","12","4","120.677885","24.139847","4"
"1894","66000","387130000C","(04)23274275","(04)23288582","2026","2","5","14","40","臺中市","東區","0","1","0","7","3","6","50","13","9","1","5","4","6","6","4","4","5","5","5","2","16","3","10","3","1","B03","7","5","1","8","2","2","","84","84","1","6","4","120.710372","24.148667","2"
"1895","66000","387130000C","(04)23274275","(04)23288582","2026","2","5","14","40","臺中市","梧棲區","0","1","0","7","3","6","50","13","9","1","5","4","6","6","4","4","9","5","5","1","16","2","8","1","1","C02","7","6","1","9","2","14","","42","42","1","6","4","120.537357","24.244206","2"
"1896","66000","387130000C","(04)23274275","(04)23288582","2026","2","5","14","41","臺中市","大里區","0","1","0","7","3","6","50","4","1","1","5","4","6","6","4","4","10","5","5","2","16","3","10","3","1","B02","7","5","1","8","2","5","","11","11","1","6","4","120.701197","24.100219","2"
"1897","66000","387130000C","(04)23274275","(04)23288582","2026","2","5","14","43","臺中市","東區","0","0","0","7","","","50","","","","","","","","","","","","","","","","","","","C03","","","1","","2","","","7","7","1","12","4","120.705182","24.130337","3"
"1898","66000","387130000C","(04)23274275","(04)23288582","2026","2","5","14","44","臺中市","南屯區","0","1","0","7","1","6","50","4","9","1","5","4","6","6","1","1","5","5","5","1","13","3","10","2","1","C03","7","9","1","10","2","13","","42","42","1","12","4","120.652959","24.13918","2"
"1899","66000","387130000C","(04)23274275","(04)23288582","2026","2","5","14","47","臺中市","太平區","0","0","0","7","","","50","","","","","","","","","","","","","","17","","","","","B03","","","1","","2","","","50","50","1","12","4","120.716935","24.127943","3"
"1900","66000","387130000C","(04)23274275","(04)23288582","2026","2","5","14","48","臺中市","梧棲區","0","0","0","7","","","60","","","","","","","","","","","","","","13","","","","","B12","","","1","","1","","","7","7","1","6","4","120.537416","24.253193","3"
"1901","66000","387130000C","(04)23274275","(04)23288582","2026","2","5","14","49","臺中市","南區","0","1","0","7","3","6","50","4","1","1","5","4","6","6","2","1","4","5","5","2","16","3","10","3","1","B03","7","6","1","8","2","1","","11","11","1","6","4","120.67074","24.114841","2"
"1902","66000","387130000C","(04)23274275","(04)23288582","2026","2","5","14","55","臺中市","大里區","0","0","0","7","","","50","","","","","","","","","","","","","","12","","","","","B03","","","1","","2","","","40","40","1","13","4","120.68772","24.094695","3"
"1903","66000","387130000C","(04)23274275","(04)23288582","2026","2","5","14","57","臺中市","烏日區","0","0","0","7","","","30","","","","","","","","","","","","","","17","","","","","B12","","","1","","1","","","93","93","1","6","4","120.629913","24.081782","3"
"1904","66000","387130000C","(04)23274275","(04)23288582","2026","2","5","14","58","臺中市","潭子區","0","0","0","7","","","40","","","","","","","","","","","","","","","","","","","C03","","","1","","2","","","84","84","1","13","4","120.696587","24.204502","3"
"1905","66000","387130000C","(04)23274275","(04)23288582","2026","2","5","14","58","臺中市","龍井區","0","1","0","7","2","6","50","13","7","1","5","4","6","6","1","1","3","2","4","2","13","3","10","3","1","B03","7","9","1","8","2","1","","84","84","1","12","4","120.548811","24.206543","2"
"1906","66000","387130000C","(04)23274275","(04)23288582","2026","2","5","14","59","臺中市","南區","0","0","0","7","","","50","","","","","","","","","","","","","","","","","","","B03","","","1","","2","","","59","59","1","13","4","120.674448","24.130838","3"
"1907","66000","387130000C","(04)23274275","(04)23288582","2026","2","5","15","2","臺中市","霧峰區","0","0","0","7","","","50","","","","","","","","","","","","","","17","","","","","B03","","","1","","2","","","7","7","1","13","4","120.663757","24.073911","3"
"1908","66000","387130000C","(04)23274275","(04)23288582","2026","2","5","15","4","臺中市","北屯區","0","0","0","7","","","50","","","","","","","","","","","","","","13","","","","","A11","","","1","","1","","","40","40","1","6","4","120.690809","24.182218","3"
"1909","66000","387130000C","(04)23274275","(04)23288582","2026","2","5","15","6","臺中市","潭子區","0","0","0","7","","","30","","","","","","","","","","","","","","","","","","","B03","","","1","","2","","","12","12","1","13","4","120.686792","24.211237","3"
"1910","66000","387130000C","(04)23274275","(04)23288582","2026","2","5","15","9","臺中市","西屯區","0","1","0","7","2","6","50","4","1","1","5","4","6","6","1","1","10","5","5","2","13","2","8","2","1","C03","7","9","1","10","2","12","","7","7","1","12","4","120.64541","24.172537","2"
"1911","66000","387130000C","(04)23274275","(04)23288582","2026","2","5","15","14","臺中市","西屯區","0","0","0","7","","","50","","","","","","","","","","","","","","12","","","","","B03","","","1","","1","","","49","49","1","12","4","120.650873","24.171015","3"
"1912","66000","387130000C","(04)23274275","(04)23288582","2026","2","5","15","17","臺中市","烏日區","0","1","0","7","2","6","30","4","1","1","5","4","6","6","4","4","8","3","5","1","17","2","8","6","1","F01","7","6","7","21","2","15","","14","14","1","3","3","120.638543","24.106182","2"
"1913","66000","387130000C","(04)23274275","(04)23288582","2026","2","5","15","18","臺中市","北屯區","0","1","0","7","2","6","50","4","4","1","5","4","6","6","1","1","5","2","5","2","12","3","10","3","1","B03","7","9","1","8","2","5","","84","84","1","12","4","120.7192","24.175592","2"
"1914","66000","387130000C","(04)23274275","(04)23288582","2026","2","5","15","19","臺中市","大里區","0","0","0","7","","","50","","","","","","","","","","","","","","17","","","","","B11","","","1","","2","","","7","7","1","13","4","120.689797","24.092911","3"
"1915","66000","387130000C","(04)23274275","(04)23288582","2026","2","5","15","20","臺中市","南區","0","1","0","7","3","6","50","4","1","1","5","4","6","6","1","1","5","5","5","2","18","2","9","2","1","C03","7","9","1","10","2","16","","84","84","1","6","4","120.660069","24.126041","2"
"1916","66000","387130000C","(04)23274275","(04)23288582","2026","2","5","15","21","臺中市","大里區","0","0","0","7","","","50","","","","","","","","","","","","","","13","","","","","B03","","","1","","2","","","7","7","1","6","4","120.689795","24.115145","3"
"1917","66000","387130000C","(04)23274275","(04)23288582","2026","2","5","15","24","臺中市","北區","0","1","0","7","2","6","50","13","9","1","5","4","6","6","2","1","3","4","5","2","17","3","10","3","1","B03","7","9","3","19","2","2","","42","42","1","12","4","120.670966","24.163065","2"
"1918","66000","387130000C","(04)23274275","(04)23288582","2026","2","5","15","27","臺中市","后里區","0","0","0","7","2","6","50","13","8","1","5","4","6","6","4","4","3","4","4","1","12","","","","","C03","","","1","","2","","","59","59","1","6","4","120.724277","24.316375","3"
"1919","66000","387130000C","(04)23274275","(04)23288582","2026","2","5","15","29","臺中市","南區","0","0","0","7","","","40","","","","","","","","","","","","","","","","","","","B03","","","1","","9","","","84","84","2","13","4","120.653161","24.113345","3"
"1920","66000","387130000C","(04)23274275","(04)23288582","2026","2","5","15","29","臺中市","太平區","0","0","0","7","","","50","","","","","","","","","","","","","","13","","","","","B03","","","1","","2","","","7","7","1","12","4","120.712553","24.125714","3"
"1921","66000","387130000C","(04)23274275","(04)23288582","2026","2","5","15","30","臺中市","大甲區","0","3","0","7","3","6","50","3","1","1","5","4","6","6","2","1","10","5","5","2","17","2","9","4","1","F01","7","6","7","21","2","11","","11","11","1","4","4","120.626984","24.351506","2"
"1922","66000","387130000C","(04)23274275","(04)23288582","2026","2","5","15","32","臺中市","西屯區","0","0","0","7","2","6","50","4","1","1","5","4","6","6","2","1","10","5","5","2","13","","","","","B03","","","1","","1","","","7","7","1","12","4","120.661052","24.171519","3"
"1923","66000","387130000C","(04)23274275","(04)23288582","2026","2","5","15","33","臺中市","北屯區","0","1","0","7","3","6","50","3","2","1","5","4","6","6","4","4","5","4","5","2","17","2","9","1","1","C03","7","15","1","10","2","12","","4","4","1","12","4","120.699582","24.170183","2"
"1924","66000","387130000C","(04)23274275","(04)23288582","2026","2","5","15","37","臺中市","西屯區","0","0","0","7","","","50","","","","","","","","","","","","","","17","","","","","B03","","","1","","2","","","84","84","1","13","4","120.667142","24.177177","3"
"1925","66000","387130000C","(04)23274275","(04)23288582","2026","2","5","15","39","臺中市","沙鹿區","0","0","0","7","","","","","","","","","","","","","","","","","17","","","","","B12","","","1","","1","","","8","8","1","12","4","120.577623","24.223127","3"
"1926","66000","387130000C","(04)23274275","(04)23288582","2026","2","5","15","41","臺中市","太平區","0","0","0","7","","","30","","","","","","","","","","","","","","","","","","","A12","","","1","","2","","","43","43","1","12","4","120.720587","24.10199","3"
"1927","66000","387130000C","(04)23274275","(04)23288582","2026","2","5","15","45","臺中市","太平區","0","0","0","7","","","50","","","","","","","","","","","","","","17","","","","","A12","","","1","","2","","","51","51","1","12","4","120.717088","24.137948","3"
"1928","66000","387130000C","(04)23274275","(04)23288582","2026","2","5","15","47","臺中市","北屯區","0","2","0","7","3","6","50","4","2","1","5","4","6","6","1","1","5","5","5","2","13","2","9","1","1","C03","7","9","1","10","2","11","","84","84","1","12","4","120.687888","24.172403","2"
"1929","66000","387130000C","(04)23274275","(04)23288582","2026","2","5","15","49","臺中市","南屯區","0","1","0","7","2","6","50","4","1","1","5","4","6","6","1","1","10","5","5","2","17","2","9","1","1","C03","7","6","1","10","2","14","","84","84","1","13","4","120.620854","24.13999","2"
"1930","66000","387130000C","(04)23274275","(04)23288582","2026","2","5","15","50","臺中市","大里區","0","1","0","7","2","6","50","4","1","1","5","4","6","6","1","1","10","5","5","2","17","3","10","3","1","B03","7","5","1","8","2","2","","84","84","1","12","4","120.67178","24.108031","2"
"1931","66000","387130000C","(04)23274275","(04)23288582","2026","2","5","15","50","臺中市","豐原區","0","0","0","7","","","50","","","","","","","","","","","","","","14","","","","","B03","","","1","","2","","","49","49","1","12","4","120.730161","24.248017","3"
"1932","66000","387130000C","(04)23274275","(04)23288582","2026","2","5","15","53","臺中市","烏日區","0","0","0","7","","","50","","","","","","","","","","","","","","17","","","","","B02","","","1","","2","","","59","59","1","6","4","120.616372","24.110954","3"
"1933","66000","387130000C","(04)23274275","(04)23288582","2026","2","5","15","57","臺中市","南屯區","0","0","0","7","","","40","","","","","","","","","","","","","","","","","","","B03","","","1","","9","","","51","51","2","13","4","120.635689","24.15589","3"
"1934","66000","387130000C","(04)23274275","(04)23288582","2026","2","5","16","0","臺中市","梧棲區","0","0","0","7","","","50","","","","","","","","","","","","","","12","","","","","B03","","","1","","1","","","50","50","1","12","4","120.541159","24.250193","3"
"1935","66000","387130000C","(04)23274275","(04)23288582","2026","2","5","16","2","臺中市","新社區","0","0","0","7","","","50","","","","","","","","","","","","","","","","","","","B03","","","1","","1","","","49","49","1","12","4","120.807299","24.241599","3"
"1936","66000","387130000C","(04)23274275","(04)23288582","2026","2","5","16","3","臺中市","北屯區","0","0","0","7","","","50","","","","","","","","","","","","","","15","","","","","B03","","","1","","2","","","12","12","1","12","4","120.723538","24.171629","3"
"1937","66000","387130000C","(04)23274275","(04)23288582","2026","2","5","16","5","臺中市","北屯區","0","0","0","7","","","50","","","","","","","","","","","","","","17","","","","","B12","","","1","","1","","","84","84","1","6","4","120.705738","24.1648","3"
"1938","66000","387130000C","(04)23274275","(04)23288582","2026","2","5","16","5","臺中市","大里區","0","2","0","7","2","6","40","13","8","1","5","4","6","6","4","4","5","5","4","2","2","2","9","1","1","F03","7","9","7","21","2","11","","84","84","1","12","4","120.691659","24.115007","2"
"1939","66000","387130000C","(04)23274275","(04)23288582","2026","2","5","16","15","臺中市","霧峰區","0","1","0","7","3","6","30","4","1","1","5","4","6","6","4","4","10","5","5","2","15","2","9","1","1","C03","7","9","1","10","2","11","","20","20","1","13","4","120.65349","24.068406","2"
"1940","66000","387130000C","(04)23274275","(04)23288582","2026","2","5","16","18","臺中市","北屯區","0","1","0","7","3","6","50","5","1","1","5","4","6","6","4","4","10","5","5","2","12","2","9","2","1","C03","7","4","1","10","2","12","","1","1","1","6","4","120.719374","24.177857","2"
"1941","66000","387130000C","(04)23274275","(04)23288582","2026","2","5","16","19","臺中市","北屯區","0","1","0","7","2","6","50","4","19","1","5","4","6","6","2","1","10","5","5","2","3","3","10","3","1","B03","7","9","1","8","2","8","","21","21","1","12","4","120.69212","24.182604","2"
"1942","66000","387130000C","(04)23274275","(04)23288582","2026","2","5","16","22","臺中市","大里區","0","0","0","7","","","50","","","","","","","","","","","","","","13","","","","","B12","","","1","","2","","","7","7","1","6","4","120.68024","24.095396","3"
"1943","66000","387130000C","(04)23274275","(04)23288582","2026","2","5","16","22","臺中市","烏日區","0","0","0","7","2","6","30","3","1","1","5","4","6","6","4","4","10","5","5","2","13","3","10","1","1","C03","7","9","1","10","2","11","","7","7","1","6","4","120.605839","24.118204","3"
"1944","66000","387130000C","(04)23274275","(04)23288582","2026","2","5","16","26","臺中市","大雅區","0","0","0","7","","","50","","","","","","","","","","","","","","","","","","","B03","","","1","","2","","","84","84","1","12","4","120.655574","24.22768","3"
"1945","66000","387130000C","(04)23274275","(04)23288582","2026","2","5","16","26","臺中市","大里區","0","0","0","7","","3","80","","","","","","","","","","","","","","17","","","","","B03","","","1","","2","","","7","7","1","13","4","120.682492","24.078602","3"
"1946","66000","387130000C","(04)23274275","(04)23288582","2026","2","5","16","28","臺中市","北區","0","1","0","7","2","6","50","4","2","1","5","4","6","6","2","1","10","5","5","2","17","2","9","2","1","C03","7","9","1","10","2","12","","84","84","1","13","4","120.685152","24.161527","2"
"1947","66000","387130000C","(04)23274275","(04)23288582","2026","2","5","16","30","臺中市","清水區","0","2","0","7","2","6","30","4","1","1","5","4","6","6","4","4","8","4","5","2","15","2","9","1","1","C03","7","9","1","10","2","13","","15","15","1","12","4","120.556766","24.275655","2"
"1948","66000","387130000C","(04)23274275","(04)23288582","2026","2","5","16","32","臺中市","南區","0","0","0","7","","","50","","","","","","","","","","","","","","17","","","","","B12","","","1","","2","","","76","76","1","6","4","120.656649","24.112637","3"
"1949","66000","387130000C","(04)23274275","(04)23288582","2026","2","5","16","33","臺中市","西區","0","4","0","7","2","6","40","4","1","1","5","4","6","6","2","1","10","5","5","2","13","2","9","2","1","C03","7","9","1","10","2","12","","59","59","1","13","4","120.657961","24.158238","2"
"1950","66000","387130000C","(04)23274275","(04)23288582","2026","2","5","16","34","臺中市","北區","0","0","0","7","","","50","","","","","","","","","","","","","","17","","","","","C03","","","1","","2","","","84","84","1","13","4","120.682432","24.161703","3"
"1951","66000","387130000C","(04)23274275","(04)23288582","2026","2","5","16","34","臺中市","西屯區","0","0","0","7","","","40","","","","","","","","","","","","","","13","","","","","B03","","","1","","1","","","7","7","1","12","4","120.638908","24.171863","3"
"1952","66000","387130000C","(04)23274275","(04)23288582","2026","2","5","16","35","臺中市","清水區","0","0","0","7","","","40","","","","","","","","","","","","","","","","","","","B03","","","1","","1","","","49","49","1","12","4","120.540975","24.265488","3"
"1953","66000","387130000C","(04)23274275","(04)23288582","2026","2","5","16","42","臺中市","霧峰區","0","1","0","7","2","6","60","4","1","1","5","4","6","6","1","1","9","4","4","1","17","3","10","3","1","B11","7","5","1","4","2","6","","11","11","1","13","4","120.693317","24.037847","2"
"1954","66000","387130000C","(04)23274275","(04)23288582","2026","2","5","16","42","臺中市","大里區","0","1","0","7","2","6","50","13","7","1","5","4","6","6","4","4","5","5","4","1","17","3","10","3","1","B03","7","9","1","8","2","1","","7","7","1","12","4","120.677001","24.100135","2"
"1955","66000","387130000C","(04)23274275","(04)23288582","2026","2","5","16","43","臺中市","東區","0","0","0","7","","","50","","","","","","","","","","","","","","","","","","","B03","","","1","","1","","","84","84","1","13","4","120.710405","24.140847","3"
"1956","66000","387130000C","(04)23274275","(04)23288582","2026","2","5","16","44","臺中市","太平區","0","0","0","7","","","50","","","","","","","","","","","","","","13","","","","","B03","","","1","","2","","","7","7","1","12","4","120.71873","24.126631","3"
"1957","66000","387130000C","(04)23274275","(04)23288582","2026","2","5","16","49","臺中市","北屯區","0","1","0","7","3","6","40","4","2","1","5","4","6","6","2","1","1","4","4","2","13","3","10","1","1","C03","7","9","1","10","2","11","","7","7","1","12","4","120.664102","24.185949","2"
"1958","66000","387130000C","(04)23274275","(04)23288582","2026","2","5","16","49","臺中市","烏日區","0","1","0","7","2","6","60","13","7","1","5","4","6","6","1","1","1","4","1","2","13","3","10","3","1","B03","7","9","1","6","2","1","","7","7","1","6","4","120.612968","24.102924","2"
"1959","66000","387130000C","(04)23274275","(04)23288582","2026","2","5","16","50","臺中市","潭子區","0","0","0","7","","","50","","","","","","","","","","","","","","12","","","","","B03","","","1","","2","","","40","40","1","13","4","120.706031","24.200805","3"
"1960","66000","387130000C","(04)23274275","(04)23288582","2026","2","5","16","51","臺中市","西區","0","0","0","7","3","6","50","4","1","1","5","4","6","6","1","1","10","5","5","2","13","3","10","3","1","B03","7","9","1","8","1","1","","7","7","1","6","4","120.670242","24.146352","3"
"1961","66000","387130000C","(04)23274275","(04)23288582","2026","2","5","16","51","臺中市","西區","0","0","0","7","","","50","","","","","","","","","","","","","","30","","","","","B02","","","1","","2","","","84","84","1","13","4","120.679167","24.143568","3"
"1962","66000","387130000C","(04)23274275","(04)23288582","2026","2","5","16","52","臺中市","豐原區","0","1","0","7","2","6","50","13","7","1","5","4","6","6","1","1","5","4","4","2","18","2","9","5","4","C03","7","9","1","10","2","16","","54","54","1","12","4","120.722365","24.238344","2"
"1963","66000","387130000C","(04)23274275","(04)23288582","2026","2","5","16","55","臺中市","梧棲區","0","1","0","7","2","6","40","13","8","1","5","4","6","6","4","4","1","4","1","1","12","2","9","1","1","C03","7","9","1","10","2","11","","84","84","1","12","4","120.523933","24.251646","2"
"1964","66000","387130000C","(04)23274275","(04)23288582","2026","2","5","16","57","臺中市","南屯區","0","0","0","7","","","50","","","","","","","","","","","","","","17","","","","","B12","","","1","","2","","","58","58","1","12","4","120.648658","24.130751","4"
"1965","66000","387130000C","(04)23274275","(04)23288582","2026","2","5","16","57","臺中市","烏日區","0","2","0","7","2","6","30","13","9","1","5","4","6","6","4","4","10","5","5","1","11","2","9","2","1","C03","7","9","1","10","2","11","","58","58","1","6","4","120.638722","24.087768","2"
"1966","66000","387130000C","(04)23274275","(04)23288582","2026","2","5","16","59","臺中市","南屯區","0","1","0","7","2","6","50","4","1","1","5","4","6","6","2","1","10","5","5","2","12","3","10","3","1","B03","7","9","5","8","1","5","","26","26","1","13","4","120.638365","24.147187","2"
"1967","66000","387130000C","(04)23274275","(04)23288582","2026","2","5","17","0","臺中市","梧棲區","0","0","0","7","","","50","","","","","","","","","","","","","","13","","","","","B03","","","1","","1","","","84","84","1","6","4","120.526538","24.222355","3"
"1968","66000","387130000C","(04)23274275","(04)23288582","2026","2","5","17","0","臺中市","新社區","0","1","0","7","2","6","30","13","9","1","5","4","6","6","4","4","10","5","5","2","28","2","9","5","4","C04","7","9","1","10","2","11","","84","84","1","12","4","120.806261","24.25742","2"
"1969","66000","387130000C","(04)23274275","(04)23288582","2026","2","5","17","0","臺中市","豐原區","0","0","0","7","","","50","","","","","","","","","","","","","","17","","","","","B03","","","1","","2","","","7","7","1","6","4","120.705642","24.253785","3"
"1970","66000","387130000C","(04)23274275","(04)23288582","2026","2","5","17","1","臺中市","北區","0","0","0","7","","","30","","","","","","","","","","","","","","16","","","","","C03","","","1","","2","","","14","14","1","13","4","120.687739","24.157979","3"
"1971","66000","387130000C","(04)23274275","(04)23288582","2026","2","5","17","3","臺中市","大肚區","0","0","0","7","","","50","","","","","","","","","","","","","","16","","","","","B03","","","1","","2","","","20","20","1","8","4","120.572156","24.155355","3"
"1972","66000","387130000C","(04)23274275","(04)23288582","2026","2","5","17","5","臺中市","北屯區","0","2","0","7","2","6","30","4","1","1","5","4","6","6","4","4","10","5","5","2","17","2","9","2","1","C03","7","5","1","10","2","11","","84","84","1","12","4","120.666245","24.183751","2"
"1973","66000","387130000C","(04)23274275","(04)23288582","2026","2","5","17","7","臺中市","北屯區","0","0","0","7","","","50","","","","","","","","","","","","","","17","","","","","B03","","","1","","1","","","84","84","1","12","4","120.722105","24.176048","3"
"1974","66000","387130000C","(04)23274275","(04)23288582","2026","2","5","17","10","臺中市","潭子區","0","1","0","7","3","6","50","4","1","1","5","4","6","6","1","1","10","5","5","2","9","3","10","5","4","B12","7","13","1","8","2","1","","78","78","1","13","4","120.67946","24.20556","2"
"1975","66000","387130000C","(04)23274275","(04)23288582","2026","2","5","17","10","臺中市","豐原區","0","1","0","7","3","6","50","4","2","1","5","4","6","6","2","1","1","4","5","2","17","2","9","1","1","C04","7","5","1","11","2","11","","58","58","1","12","4","120.723887","24.24515","2"
"1976","66000","387130000C","(04)23274275","(04)23288582","2026","2","5","17","11","臺中市","潭子區","0","2","0","7","2","6","50","13","7","1","5","4","6","6","4","4","1","4","4","1","12","2","9","1","1","C03","7","9","1","10","2","14","","84","84","1","13","4","120.701688","24.216151","2"
"1977","66000","387130000C","(04)23274275","(04)23288582","2026","2","5","17","11","臺中市","西區","0","0","0","7","","","50","","","","","","","","","","","","","","","","","","","B03","","","1","","2","","","84","84","1","12","4","120.656383","24.134446","3"
"1978","66000","387130000C","(04)23274275","(04)23288582","2026","2","5","17","11","臺中市","南區","0","0","0","7","","","50","","","","","","","","","","","","","","12","","","","","A04","","","1","","2","","","8","8","1","6","4","120.657348","24.13381","3"
"1979","66000","387130000C","(04)23274275","(04)23288582","2026","2","5","17","13","臺中市","東區","0","0","0","7","","","50","","","","","","","","","","","","","","13","","","","","C03","","","1","","1","","","85","85","1","12","4","120.687468","24.136486","4"
"1980","66000","387130000C","(04)23274275","(04)23288582","2026","2","5","17","13","臺中市","北屯區","0","0","0","7","","3","80","","","","","","","","","","","","","","13","","","","","B03","","","1","","2","","","7","7","1","12","4","120.72052","24.168115","3"
"1981","66000","387130000C","(04)23274275","(04)23288582","2026","2","5","17","13","臺中市","北屯區","0","1","0","7","2","6","30","4","1","1","5","4","6","6","4","4","10","5","5","2","15","3","10","3","1","B11","7","9","1","3","2","4","","12","12","1","12","4","120.688764","24.163603","2"
"1982","66000","387130000C","(04)23274275","(04)23288582","2026","2","5","17","13","臺中市","西屯區","0","0","0","7","","","60","","","","","","","","","","","","","","12","","","","","B03","","","1","","1","","","8","8","1","12","4","120.626986","24.17739","3"
"1983","66000","387130000C","(04)23274275","(04)23288582","2026","2","5","17","14","臺中市","神岡區","0","1","0","7","1","6","0","4","2","1","5","4","6","6","4","4","5","5","5","1","28","","","","","","","","","","","","","118","118","1","","","120.659134","24.276213","2"
"1984","66000","387130000C","(04)23274275","(04)23288582","2026","2","5","17","15","臺中市","潭子區","0","0","0","7","","","30","","","","","","","","","","","","","","","","","","","B03","","","1","","2","","","50","50","1","13","4","120.70042","24.194041","3"
"1985","66000","387130000C","(04)23274275","(04)23288582","2026","2","5","17","15","臺中市","西區","0","1","0","7","3","6","50","3","1","1","5","4","6","6","3","1","10","5","5","2","12","3","10","3","1","B03","7","11","1","8","2","4","","45","45","1","6","4","120.660255","24.159561","2"