序號,縣市別代碼,機關代碼,市話,傳真,年,月,日,時,分,縣市,區,死亡數量,受傷數量,2-30,天候,道路照明設備,道路類別,道路速限,道路型態,事故位置,路面鋪裝,路面狀態,路面缺陷,障礙物,視距,號誌種類,號誌動作,分向設施,快車道或一般車道間,快慢車道間,路面邊線,事故類型及型態,受傷程度,主要傷處,保護裝備,行動電話或功能裝置,當事者區分(類別),車輛用途,當事者行動狀態,駕照狀態,駕照種類,飲酒情形,車輛撞擊部位最初,車輛撞擊部位其他,肇事因素個別,肇事因素主要,肇事逃逸,職業,共享經濟或外送平台,GPS座標X,GPS座標Y,事故類別
"1986","66000","387130000C","(04)23274275","(04)23288582","2026","2","5","17","15","臺中市","烏日區","0","0","0","7","","","50","","","","","","","","","","","","","","15","","","","","B03","","","1","","2","","","20","20","1","6","4","120.59271","24.112496","3"
"1987","66000","387130000C","(04)23274275","(04)23288582","2026","2","5","17","16","臺中市","潭子區","0","0","0","7","","","50","","","","","","","","","","","","","","15","","","","","B13","","","1","","2","","","15","15","1","13","4","120.674928","24.203972","3"
"1988","66000","387130000C","(04)23274275","(04)23288582","2026","2","5","17","17","臺中市","南屯區","0","0","0","7","","","50","","","","","","","","","","","","","","12","3","10","1","1","C03","7","9","1","10","1","1","","7","7","2","12","4","120.622024","24.14508","3"
"1989","66000","387130000C","(04)23274275","(04)23288582","2026","2","5","17","19","臺中市","北屯區","0","2","0","7","1","6","50","4","2","1","5","4","6","6","2","1","1","2","5","2","13","2","8","1","1","C03","7","9","1","10","2","11","","7","7","1","12","4","120.694171","24.164945","2"
"1990","66000","387130000C","(04)23274275","(04)23288582","2026","2","5","17","20","臺中市","沙鹿區","0","1","0","6","2","6","50","4","1","1","5","4","6","6","2","1","1","4","4","2","16","2","8","1","1","C03","7","6","1","10","2","14","11","48","48","1","12","4","120.570743","24.216483","2"
"1991","66000","387130000C","(04)23274275","(04)23288582","2026","2","5","17","20","臺中市","大甲區","0","0","0","7","","","50","","","","","","","","","","","","","","13","","","","","C03","","","1","","1","","","7","7","1","6","4","120.655445","24.381505","3"
"1992","66000","387130000C","(04)23274275","(04)23288582","2026","2","5","17","21","臺中市","潭子區","0","0","0","7","","3","80","","","","","","","","","","","","","","","","","","","B03","","","1","","2","","","40","40","1","13","4","120.718078","24.197541","3"
"1993","66000","387130000C","(04)23274275","(04)23288582","2026","2","5","17","23","臺中市","太平區","0","1","0","7","2","6","50","4","2","1","5","4","6","6","4","4","5","5","5","1","16","2","8","1","1","C03","7","9","1","10","2","14","","84","84","1","6","4","120.723597","24.136647","2"
"1994","66000","387130000C","(04)23274275","(04)23288582","2026","2","5","17","26","臺中市","大里區","0","0","0","7","","","50","","","","","","","","","","","","","","13","","","","","B01","","","1","","1","","","7","7","1","13","4","120.680021","24.072789","3"
"1995","66000","387130000C","(04)23274275","(04)23288582","2026","2","5","17","26","臺中市","清水區","0","2","0","7","2","6","50","3","1","1","5","4","6","6","1","1","8","3","4","2","13","2","9","1","1","C03","7","9","1","10","2","11","","7","7","1","12","4","120.561402","24.267392","2"
"1996","66000","387130000C","(04)23274275","(04)23288582","2026","2","5","17","27","臺中市","北屯區","0","1","0","7","1","6","50","4","1","1","5","4","6","6","1","1","10","5","5","2","13","2","9","1","1","C03","7","9","1","10","2","11","","84","84","1","12","4","120.695554","24.16498","2"
"1997","66000","387130000C","(04)23274275","(04)23288582","2026","2","5","17","28","臺中市","龍井區","0","0","0","7","","","50","","","","","","","","","","","","","","13","","","","","B02","","","1","","2","","","7","7","1","6","4","120.588643","24.184609","4"
"1998","66000","387130000C","(04)23274275","(04)23288582","2026","2","5","17","29","臺中市","豐原區","0","1","0","7","2","6","50","3","8","1","5","4","6","6","4","4","1","4","4","1","18","2","9","5","4","C03","7","9","1","10","2","16","","84","84","1","12","4","120.750744","24.269676","2"
"1999","66000","387130000C","(04)23274275","(04)23288582","2026","2","5","17","30","臺中市","北屯區","0","0","0","7","","","50","","","","","","","","","","","","","","13","","","","","C02","","","1","","2","","","7","7","1","12","4","120.671584","24.173907","3"
"2000","66000","387130000C","(04)23274275","(04)23288582","2026","2","5","17","32","臺中市","大雅區","0","0","0","7","","","50","","","","","","","","","","","","","","13","","","","","B12","","","1","","1","","","7","7","1","12","4","120.647797","24.21561","3"
"2001","66000","387130000C","(04)23274275","(04)23288582","2026","2","5","17","32","臺中市","太平區","0","1","0","7","2","6","50","4","2","1","5","4","6","6","2","1","5","5","5","2","16","2","9","2","1","C03","7","9","1","10","2","14","","84","84","1","12","4","120.713648","24.14134","2"
"2002","66000","387130000C","(04)23274275","(04)23288582","2026","2","5","17","35","臺中市","豐原區","0","1","0","7","1","6","50","3","1","1","5","4","6","6","4","4","5","4","4","2","17","4","11","1","1","C03","7","6","2","19","2","14","","20","20","1","6","4","120.726247","24.252144","2"
"2003","66000","387130000C","(04)23274275","(04)23288582","2026","2","5","17","36","臺中市","大里區","0","0","0","7","","","50","","","","","","","","","","","","","","","","","","","B03","","","1","","2","","","8","8","1","12","4","120.691238","24.100867","3"
"2004","66000","387130000C","(04)23274275","(04)23288582","2026","2","5","17","37","臺中市","北屯區","0","0","0","7","","","50","","","","","","","","","","","","","","17","","","","","C03","","","1","","2","","","84","84","1","6","4","120.686254","24.17717","3"
"2005","66000","387130000C","(04)23274275","(04)23288582","2026","2","5","17","38","臺中市","霧峰區","0","2","0","6","1","6","40","3","1","1","5","4","6","6","3","1","10","5","5","1","17","2","9","1","1","C03","7","6","1","10","2","12","","48","48","1","13","4","120.682323","24.06521","2"
"2006","66000","387130000C","(04)23274275","(04)23288582","2026","2","5","17","40","臺中市","大里區","0","0","0","7","","","50","","","","","","","","","","","","","","17","","","","","C03","","","1","","1","","","49","49","1","6","4","120.685415","24.110323","3"
"2007","66000","387130000C","(04)23274275","(04)23288582","2026","2","5","17","40","臺中市","清水區","0","0","0","7","","","60","","","","","","","","","","","","","","17","","","","","B03","","","1","","1","","","82","82","1","12","4","120.561744","24.271984","3"
"2008","66000","387130000C","(04)23274275","(04)23288582","2026","2","5","17","42","臺中市","北屯區","0","0","0","7","","","50","","","","","","","","","","","","","","14","","","","","B03","","","1","","1","","","49","49","1","12","4","120.703186","24.16947","3"
"2009","66000","387130000C","(04)23274275","(04)23288582","2026","2","5","17","45","臺中市","北屯區","0","1","0","7","1","6","50","3","1","1","5","4","6","6","1","1","10","5","5","2","16","3","10","3","1","B03","7","6","1","2","2","2","","11","11","1","12","4","120.666012","24.186646","2"
"2010","66000","387130000C","(04)23274275","(04)23288582","2026","2","5","17","47","臺中市","南屯區","0","0","0","7","","","50","","","","","","","","","","","","","","13","","","","","B03","","","1","","1","","","7","7","1","12","4","120.623118","24.135383","3"
"2011","66000","387130000C","(04)23274275","(04)23288582","2026","2","5","17","48","臺中市","西區","0","2","0","7","2","6","50","4","1","1","5","4","6","6","4","4","10","5","5","2","15","2","9","5","4","C03","7","9","1","10","2","15","","6","6","1","13","4","120.67256","24.151589","2"
"2012","66000","387130000C","(04)23274275","(04)23288582","2026","2","5","17","48","臺中市","太平區","0","1","0","7","2","6","50","4","2","1","5","4","6","6","2","1","5","2","5","2","13","3","10","2","1","C03","7","9","1","10","2","11","","7","7","1","12","4","120.716004","24.148805","2"
"2013","66000","387130000C","(04)23274275","(04)23288582","2026","2","5","17","50","臺中市","霧峰區","0","2","0","7","3","6","50","13","9","1","5","4","6","6","4","4","10","5","5","2","11","2","8","2","1","C03","7","9","1","10","2","11","","41","41","1","13","4","120.700414","24.07089","2"
"2014","66000","387130000C","(04)23274275","(04)23288582","2026","2","5","17","51","臺中市","南屯區","0","1","0","7","1","6","50","4","1","1","5","4","6","6","1","1","10","5","5","2","16","3","10","3","1","B03","7","5","1","8","2","6","","47","47","1","12","4","120.646588","24.148957","2"
"2015","66000","387130000C","(04)23274275","(04)23288582","2026","2","5","17","52","臺中市","太平區","0","1","0","7","1","6","50","3","1","1","5","4","6","5","4","4","5","5","4","1","16","3","10","1","1","C03","7","6","1","10","2","12","","14","14","1","12","4","120.717776","24.148768","2"
"2016","66000","387130000C","(04)23274275","(04)23288582","2026","2","5","17","53","臺中市","太平區","0","0","0","7","","","30","","","","","","","","","","","","","","14","","","","","B12","","","1","","2","","","49","49","1","6","4","120.704361","24.112743","3"
"2017","66000","387130000C","(04)23274275","(04)23288582","2026","2","5","17","54","臺中市","西屯區","0","1","0","7","1","6","30","3","1","1","5","4","6","6","4","4","10","5","5","2","18","2","9","2","4","C03","7","6","1","10","2","14","","84","84","1","13","4","120.640138","24.188753","2"
"2018","66000","387130000C","(04)23274275","(04)23288582","2026","2","5","17","55","臺中市","潭子區","0","2","0","7","2","6","60","4","4","1","5","4","6","6","2","1","1","2","5","2","13","3","10","3","1","B03","7","9","1","8","2","5","","84","84","1","13","4","120.710136","24.201691","2"
"2019","66000","387130000C","(04)23274275","(04)23288582","2026","2","5","17","55","臺中市","北區","0","1","0","7","1","6","50","13","9","1","5","4","6","6","4","4","8","3","5","2","13","2","9","2","1","C03","7","9","1","10","2","11","","7","7","1","13","4","120.684451","24.158932","2"
"2020","66000","387130000C","(04)23274275","(04)23288582","2026","2","5","18","0","臺中市","梧棲區","0","1","0","7","1","6","50","4","1","1","5","4","6","6","2","1","10","5","5","2","16","2","7","4","1","F01","7","6","7","21","2","14","","48","48","1","3","4","120.532212","24.258743","2"
"2021","66000","387130000C","(04)23274275","(04)23288582","2026","2","5","18","2","臺中市","北屯區","0","0","0","7","","","50","","","","","","","","","","","","","","17","","","","","C04","","","1","","1","","","51","51","1","12","4","120.682818","24.181959","3"
"2022","66000","387130000C","(04)23274275","(04)23288582","2026","2","5","18","3","臺中市","南區","0","0","0","7","","","50","","","","","","","","","","","","","","","","","","","C03","","","1","","2","","","84","84","1","13","4","120.656321","24.134345","3"
"2023","66000","387130000C","(04)23274275","(04)23288582","2026","2","5","18","3","臺中市","太平區","0","0","0","7","","","50","","","","","","","","","","","","","","13","","","","","C03","","","3","","2","","","7","7","1","12","4","120.712448","24.157608","3"
"2024","66000","387130000C","(04)23274275","(04)23288582","2026","2","5","18","8","臺中市","大里區","0","1","0","7","1","6","50","13","9","1","5","4","6","6","4","4","1","4","5","1","17","2","9","1","1","C03","7","9","1","10","2","11","","84","84","1","12","4","120.688427","24.09495","2"
"2025","66000","387130000C","(04)23274275","(04)23288582","2026","2","5","18","11","臺中市","大雅區","0","0","0","7","","","50","","","","","","","","","","","","","","30","","","","","B03","","","1","","2","","","8","8","1","12","4","120.646056","24.229435","3"
"2026","66000","387130000C","(04)23274275","(04)23288582","2026","2","5","18","11","臺中市","西屯區","0","0","0","7","","","40","","","","","","","","","","","","","","12","","","","","C03","","","7","","1","","","40","40","1","12","4","120.611607","24.184304","3"
"2027","66000","387130000C","(04)23274275","(04)23288582","2026","2","5","18","11","臺中市","西屯區","0","0","0","7","","","50","","","","","","","","","","","","","","17","","","","","B03","","","1","","1","","","8","8","1","12","4","120.646886","24.15706","3"
"2028","66000","387130000C","(04)23274275","(04)23288582","2026","2","5","18","13","臺中市","北區","0","0","0","7","","","30","","","","","","","","","","","","","","16","","","","","C03","","","1","","2","","","12","12","1","13","4","120.682233","24.162566","3"
"2029","66000","387130000C","(04)23274275","(04)23288582","2026","2","5","18","14","臺中市","西屯區","0","0","0","7","","","50","","","","","","","","","","","","","","2","","","","","B03","","","1","","1","","","8","8","1","12","4","120.637087","24.16361","3"
"2030","66000","387130000C","(04)23274275","(04)23288582","2026","2","5","18","14","臺中市","西屯區","0","1","0","7","1","6","50","13","9","1","5","4","6","6","4","4","9","4","5","2","16","3","10","3","1","B03","7","5","1","8","2","2","","20","20","1","12","4","120.615207","24.190198","2"
"2031","66000","387130000C","(04)23274275","(04)23288582","2026","2","5","18","20","臺中市","北區","0","0","0","7","","","50","","","","","","","","","","","","","","13","","","","","C03","","","1","","2","","","7","7","1","13","4","120.684892","24.164952","3"
"2032","66000","387130000C","(04)23274275","(04)23288582","2026","2","5","18","20","臺中市","南區","0","0","0","7","","","50","","","","","","","","","","","","","","13","","","","","B03","","","1","","1","","","7","7","1","12","4","120.669924","24.119277","3"
"2033","66000","387130000C","(04)23274275","(04)23288582","2026","2","5","18","20","臺中市","豐原區","0","0","0","7","1","6","40","13","7","1","5","4","6","6","2","1","8","3","4","1","13","3","10","5","4","B03","7","1","1","8","2","1","1","84","84","1","12","4","120.728317","24.2512","3"
"2034","66000","387130000C","(04)23274275","(04)23288582","2026","2","5","18","21","臺中市","西屯區","0","0","0","7","","3","80","","","","","","","","","","","","","","13","","","","","B03","","","1","","1","","","59","59","1","12","4","120.654474","24.199202","3"
"2035","66000","387130000C","(04)23274275","(04)23288582","2026","2","5","18","22","臺中市","太平區","0","1","0","7","1","6","40","4","1","1","5","4","6","6","1","1","10","5","5","2","16","2","9","2","1","C03","7","6","1","10","2","14","","48","48","1","12","4","120.712817","24.141182","2"
"2036","66000","387130000C","(04)23274275","(04)23288582","2026","2","5","18","24","臺中市","南屯區","0","0","0","7","","","50","","","","","","","","","","","","","","13","","","","","C03","","","1","","2","","","7","7","1","13","4","120.607443","24.12721","3"
"2037","66000","387130000C","(04)23274275","(04)23288582","2026","2","5","18","25","臺中市","北屯區","0","1","0","7","3","6","50","3","1","1","5","4","6","6","1","1","10","5","5","2","12","3","10","3","1","B03","7","5","1","8","2","2","","84","84","1","6","4","120.70578","24.178241","2"
"2038","66000","387130000C","(04)23274275","(04)23288582","2026","2","5","18","27","臺中市","東區","0","2","0","7","1","6","50","13","9","1","5","4","6","6","4","4","10","5","5","2","17","2","8","5","1","F01","7","6","7","21","2","14","","20","20","1","13","1","120.697938","24.135649","2"
"2039","66000","387130000C","(04)23274275","(04)23288582","2026","2","5","18","28","臺中市","北屯區","0","3","0","7","1","6","50","3","1","1","5","4","6","6","4","4","10","5","5","2","13","2","9","2","1","C03","7","12","1","10","2","12","","7","7","1","6","4","120.676601","24.176139","2"
"2040","66000","387130000C","(04)23274275","(04)23288582","2026","2","5","18","28","臺中市","北屯區","0","1","0","7","1","6","50","3","1","1","5","4","6","6","4","4","10","5","5","2","12","4","11","2","1","C03","7","12","1","10","9","14","","7","7","2","6","4","120.676591","24.176137","2"
"2041","66000","387130000C","(04)23274275","(04)23288582","2026","2","5","18","31","臺中市","大雅區","0","0","0","7","","","0","","","","","","","","","","","","","","9","","","","","B03","","","1","","2","","","78","78","1","12","4","120.648868","24.217498","3"
"2042","66000","387130000C","(04)23274275","(04)23288582","2026","2","5","18","34","臺中市","太平區","0","1","0","7","1","6","50","3","1","1","5","4","6","6","1","1","5","5","4","2","16","3","10","2","3","C03","7","6","1","10","2","11","","48","48","1","6","2","120.733665","24.156131","2"
"2043","66000","387130000C","(04)23274275","(04)23288582","2026","2","5","18","35","臺中市","南屯區","0","0","0","7","","3","80","","","","","","","","","","","","","","13","3","10","3","1","B03","7","9","1","8","1","1","3","7","7","1","12","4","120.621618","24.134699","3"
"2044","66000","387130000C","(04)23274275","(04)23288582","2026","2","5","18","35","臺中市","豐原區","0","0","0","7","","","50","","","","","","","","","","","","","","13","","","","","C03","","","1","","1","","","7","7","1","13","4","120.716078","24.249141","3"
"2045","66000","387130000C","(04)23274275","(04)23288582","2026","2","5","18","36","臺中市","西屯區","0","0","0","7","","","50","","","","","","","","","","","","","","12","","","","","B03","","","1","","1","","","40","40","2","12","4","120.626523","24.181085","3"
"2046","66000","387130000C","(04)23274275","(04)23288582","2026","2","5","18","38","臺中市","清水區","0","1","0","7","1","6","50","4","1","1","5","4","6","6","1","1","8","3","4","2","2","3","10","3","1","B12","7","6","1","10","2","8","","10","10","1","12","4","120.573435","24.264175","2"
"2047","66000","387130000C","(04)23274275","(04)23288582","2026","2","5","18","40","臺中市","北屯區","0","0","0","7","","3","80","","","","","","","","","","","","","","12","","","","","B12","","","1","","1","","","35","35","1","6","4","120.696878","24.200957","3"
"2048","66000","387130000C","(04)23274275","(04)23288582","2026","2","5","18","42","臺中市","北屯區","0","0","0","7","","","50","","","","","","","","","","","","","","13","","","","","B03","","","1","","1","","","84","84","1","12","4","120.661478","24.184904","3"
"2049","66000","387130000C","(04)23274275","(04)23288582","2026","2","5","18","45","臺中市","霧峰區","0","0","0","7","","","50","","","","","","","","","","","","","","17","","","","","B03","","","5","","2","","","51","51","1","12","4","120.698113","24.060972","3"
"2050","66000","387130000C","(04)23274275","(04)23288582","2026","2","5","18","47","臺中市","南區","0","0","0","7","","","40","","","","","","","","","","","","","","17","","","","","B03","","","1","","1","","","85","85","1","12","4","120.666561","24.116748","4"
"2051","66000","387130000C","(04)23274275","(04)23288582","2026","2","5","18","50","臺中市","北屯區","0","0","0","7","","","50","","","","","","","","","","","","","","14","","","","","B03","","","1","","2","","","49","49","1","12","4","120.723064","24.176105","3"
"2052","66000","387130000C","(04)23274275","(04)23288582","2026","2","5","18","55","臺中市","龍井區","0","2","0","7","1","6","50","13","9","1","5","4","6","6","4","4","9","5","5","1","16","2","9","2","1","C03","7","6","1","10","2","11","","20","20","1","6","4","120.589323","24.191628","2"
"2053","66000","387130000C","(04)23274275","(04)23288582","2026","2","5","18","58","臺中市","北區","0","1","0","7","1","6","50","13","7","1","5","4","5","6","4","4","3","4","4","2","17","2","8","1","1","C03","7","1","1","10","2","14","","51","51","1","12","4","120.694571","24.153551","2"
"2054","66000","387130000C","(04)23274275","(04)23288582","2026","2","5","19","0","臺中市","梧棲區","0","1","0","7","1","6","50","4","1","1","5","4","6","6","4","4","10","5","5","2","12","2","9","1","1","C03","7","4","1","10","2","11","","8","8","1","12","4","120.538152","24.24737","2"
"2055","66000","387130000C","(04)23274275","(04)23288582","2026","2","5","19","3","臺中市","東區","0","2","0","7","1","6","50","4","1","1","5","4","6","6","1","1","5","5","5","2","13","2","9","2","1","C03","7","9","1","10","2","11","","7","7","1","6","4","120.704825","24.130621","2"
"2056","66000","387130000C","(04)23274275","(04)23288582","2026","2","5","19","5","臺中市","西屯區","0","1","0","7","1","6","50","13","9","1","5","4","6","6","4","4","1","4","5","2","13","3","10","3","1","B03","7","9","1","10","2","5","","7","7","1","13","4","120.621854","24.183328","2"
"2057","66000","387130000C","(04)23274275","(04)23288582","2026","2","5","19","11","臺中市","北屯區","0","0","0","7","","","50","","","","","","","","","","","","","","13","","","","","B03","","","1","","1","","","7","7","1","6","4","120.718696","24.171442","3"
"2058","66000","387130000C","(04)23274275","(04)23288582","2026","2","5","19","13","臺中市","霧峰區","0","1","0","6","1","6","40","13","8","1","5","4","6","6","4","4","3","4","4","1","17","2","9","1","1","C03","7","9","1","10","2","11","11","84","84","1","13","4","120.695876","24.014791","2"
"2059","66000","387130000C","(04)23274275","(04)23288582","2026","2","5","19","18","臺中市","西屯區","0","1","0","7","1","6","50","13","9","1","5","4","6","6","4","4","1","5","5","2","12","3","10","3","1","B03","7","15","1","8","2","5","","59","59","1","12","4","120.651103","24.166268","2"
"2060","66000","387130000C","(04)23274275","(04)23288582","2026","2","5","19","23","臺中市","后里區","0","3","0","7","1","6","50","13","12","1","5","4","6","6","4","4","5","4","4","1","17","2","9","1","1","C03","7","1","1","10","2","14","","51","51","1","6","4","120.715796","24.310072","2"
"2061","66000","387130000C","(04)23274275","(04)23288582","2026","2","5","19","24","臺中市","西屯區","0","0","0","7","","","60","","","","","","","","","","","","","","12","","","","","B03","","","1","","1","","","56","56","1","12","4","120.637774","24.159553","3"
"2062","66000","387130000C","(04)23274275","(04)23288582","2026","2","5","19","30","臺中市","北區","0","0","0","7","","","50","","","","","","","","","","","","","","17","","","","","B03","","","1","","2","","","84","84","1","13","4","120.698888","24.155282","3"
"2063","66000","387130000C","(04)23274275","(04)23288582","2026","2","5","19","30","臺中市","沙鹿區","0","1","0","6","1","6","50","13","7","1","5","4","6","6","4","4","1","4","4","2","18","2","9","1","1","C03","7","9","1","10","7","16","","7","7","1","12","4","120.567419","24.252799","2"
"2064","66000","387130000C","(04)23274275","(04)23288582","2026","2","5","19","30","臺中市","外埔區","0","0","0","7","1","6","30","11","9","5","5","4","6","6","4","4","10","5","5","2","11","3","10","3","1","B03","7","9","1","8","2","7","","41","41","1","12","4","120.635144","24.332596","3"
"2065","66000","387130000C","(04)23274275","(04)23288582","2026","2","5","19","32","臺中市","西屯區","0","0","0","7","","","30","","","","","","","","","","","","","","14","","","","","B03","","","1","","1","","","49","49","1","12","4","120.61709","24.190372","3"
"2066","66000","387130000C","(04)23274275","(04)23288582","2026","2","5","19","37","臺中市","豐原區","0","1","0","7","3","6","50","13","7","1","5","4","6","6","4","4","5","5","4","2","13","2","9","1","4","C03","7","9","1","10","2","11","","7","7","1","12","4","120.713904","24.250999","2"
"2067","66000","387130000C","(04)23274275","(04)23288582","2026","2","5","19","39","臺中市","西區","0","0","0","7","","","50","","","","","","","","","","","","","","","","","","","B03","","","1","","9","","","84","84","1","12","4","120.656965","24.14295","3"
"2068","66000","387130000C","(04)23274275","(04)23288582","2026","2","5","19","44","臺中市","西區","0","2","0","7","1","6","50","3","1","1","5","4","6","6","4","4","10","5","5","2","13","2","8","1","1","C03","7","9","1","10","1","11","","7","7","1","6","4","120.661663","24.153296","2"
"2069","66000","387130000C","(04)23274275","(04)23288582","2026","2","5","19","48","臺中市","西屯區","0","0","0","7","","","30","","","","","","","","","","","","","","11","","","","","C03","","","1","","1","","","14","14","1","12","4","120.653878","24.161786","3"
"2070","66000","387130000C","(04)23274275","(04)23288582","2026","2","5","19","52","臺中市","豐原區","0","0","0","7","","","30","","","","","","","","","","","","","","14","","","","","B03","","","1","","2","","","49","49","1","12","4","120.713866","24.24492","3"
"2071","66000","387130000C","(04)23274275","(04)23288582","2026","2","5","19","53","臺中市","南屯區","0","0","0","7","","","50","","","","","","","","","","","","","","17","","","","","C03","","","1","","2","","","48","48","1","12","4","120.6498","24.148907","4"
"2072","66000","387130000C","(04)23274275","(04)23288582","2026","2","5","19","59","臺中市","西區","0","0","0","7","","","50","","","","","","","","","","","","","","30","","","","","B03","","","1","","11","","","84","84","1","13","4","120.663073","24.136041","3"
"2073","66000","387130000C","(04)23274275","(04)23288582","2026","2","5","20","2","臺中市","北區","0","1","0","7","1","6","50","13","9","1","5","4","6","6","4","4","1","4","5","2","13","2","8","1","1","C03","7","9","1","10","2","11","","7","7","1","12","4","120.672201","24.173875","2"
"2074","66000","387130000C","(04)23274275","(04)23288582","2026","2","5","20","3","臺中市","西屯區","0","0","0","7","","3","80","","","","","","","","","","","","","","13","","","","","B03","","","1","","1","","","84","84","1","13","4","120.627574","24.160785","3"
"2075","66000","387130000C","(04)23274275","(04)23288582","2026","2","5","20","5","臺中市","北屯區","0","3","0","7","1","6","50","5","4","1","5","4","6","6","2","1","1","4","5","2","13","2","9","2","1","C03","7","12","1","10","2","11","","59","59","1","6","4","120.674217","24.174021","2"
"2076","66000","387130000C","(04)23274275","(04)23288582","2026","2","5","20","10","臺中市","南區","0","2","0","7","1","6","50","4","1","1","5","4","6","6","1","1","10","5","5","2","16","2","9","2","1","C03","7","11","1","10","2","12","","38","38","1","6","4","120.656736","24.117327","2"
"2077","66000","387130000C","(04)23274275","(04)23288582","2026","2","5","20","11","臺中市","豐原區","0","0","0","7","1","6","40","","7","1","5","4","6","6","2","1","8","3","4","1","12","3","10","5","4","B03","7","8","1","8","2","4","4","40","40","1","13","4","120.725642","24.245888","3"
"2078","66000","387130000C","(04)23274275","(04)23288582","2026","2","5","20","14","臺中市","西屯區","0","1","0","7","1","6","50","13","9","1","5","4","6","6","4","4","2","4","5","2","17","2","9","2","1","C03","7","9","1","10","9","11","","59","59","1","12","4","120.603014","24.184508","2"
"2079","66000","387130000C","(04)23274275","(04)23288582","2026","2","5","20","15","臺中市","西屯區","0","1","0","7","1","6","40","3","1","1","5","4","6","6","4","4","1","5","3","2","16","3","10","5","4","B03","7","5","1","8","2","2","","14","14","1","12","4","120.617469","24.182191","2"
"2080","66000","387130000C","(04)23274275","(04)23288582","2026","2","5","20","15","臺中市","大甲區","0","0","0","7","","","50","","","","","","","","","","","","","","","","","","","B12","","","1","","1","","","84","84","1","6","4","120.627133","24.350794","3"
"2081","66000","387130000C","(04)23274275","(04)23288582","2026","2","5","20","17","臺中市","南屯區","0","0","0","7","","","50","","","","","","","","","","","","","","","","","","","C03","","","1","","1","","","84","84","1","13","4","120.654556","24.138438","4"
"2082","66000","387130000C","(04)23274275","(04)23288582","2026","2","5","20","25","臺中市","豐原區","0","1","0","7","1","6","50","4","1","1","5","4","6","6","1","1","1","4","5","1","17","3","10","3","1","B03","7","6","1","8","2","1","","48","48","1","6","4","120.719778","24.260225","2"
"2083","66000","387130000C","(04)23274275","(04)23288582","2026","2","5","20","30","臺中市","北屯區","0","2","0","7","1","6","50","4","1","1","5","4","6","6","1","1","10","5","5","2","16","2","9","2","1","C03","7","1","1","10","2","14","","85","85","1","12","4","120.690627","24.178878","2"
"2084","66000","387130000C","(04)23274275","(04)23288582","2026","2","5","20","33","臺中市","太平區","0","0","0","7","","","50","","","","","","","","","","","","","","17","","","","","C03","","","1","","9","","","84","84","1","6","4","120.717807","24.12287","3"
"2085","66000","387130000C","(04)23274275","(04)23288582","2026","2","5","20","38","臺中市","豐原區","0","1","0","7","1","6","50","13","9","1","5","4","6","6","4","4","5","4","5","1","18","2","9","1","4","C03","7","9","1","10","2","14","","84","84","1","12","4","120.725702","24.234358","2"
"2086","66000","387130000C","(04)23274275","(04)23288582","2026","2","5","20","39","臺中市","沙鹿區","0","0","0","7","","","50","","","","","","","","","","","","","","17","","","","","B03","","","1","","1","","","85","85","1","12","4","120.571435","24.238221","3"
"2087","66000","387130000C","(04)23274275","(04)23288582","2026","2","5","20","49","臺中市","西區","0","1","0","7","1","6","40","3","2","1","5","4","6","6","2","1","1","4","4","2","13","2","9","2","1","C03","7","9","1","10","2","11","","59","59","1","13","4","120.657168","24.149078","2"
"2088","66000","387130000C","(04)23274275","(04)23288582","2026","2","5","20","51","臺中市","潭子區","0","1","0","7","1","6","30","13","9","1","5","4","6","6","4","4","10","5","5","2","17","2","1","3","1","B03","7","3","1","8","2","5","","84","84","1","13","4","120.688103","24.212597","2"
"2089","66000","387130000C","(04)23274275","(04)23288582","2026","2","5","21","3","臺中市","西屯區","0","0","0","7","","","60","","","","","","","","","","","","","","13","","","","","B03","","","1","","1","","","59","59","1","12","4","120.63939","24.168968","3"
"2090","66000","387130000C","(04)23274275","(04)23288582","2026","2","5","21","5","臺中市","中區","0","0","0","7","","","50","","","","","","","","","","","","","","13","","","","","B03","","","1","","2","","","7","7","1","13","4","120.684276","24.138645","3"
"2091","66000","387130000C","(04)23274275","(04)23288582","2026","2","5","21","8","臺中市","西屯區","0","2","0","7","1","6","40","13","8","1","5","4","6","6","4","4","1","4","1","2","17","2","9","2","1","C03","7","9","1","10","2","12","","84","84","1","12","4","120.638475","24.169313","2"
"2092","66000","387130000C","(04)23274275","(04)23288582","2026","2","5","21","13","臺中市","豐原區","0","1","0","7","1","6","50","3","1","1","5","4","6","6","4","4","5","5","5","2","9","3","10","5","4","B03","7","6","1","8","2","15","","84","84","1","12","4","120.720658","24.253159","2"
"2093","66000","387130000C","(04)23274275","(04)23288582","2026","2","5","21","14","臺中市","南區","0","2","0","7","1","6","50","3","1","1","5","4","6","6","4","4","10","5","5","2","17","2","9","5","4","C03","7","11","1","10","2","14","","45","45","1","13","4","120.670687","24.130335","2"
"2094","66000","387130000C","(04)23274275","(04)23288582","2026","2","5","21","15","臺中市","西區","0","0","0","7","","","50","","","","","","","","","","","","","","13","","","","","B03","","","1","","2","","","7","7","1","12","4","120.664934","24.132337","3"
"2095","66000","387130000C","(04)23274275","(04)23288582","2026","2","5","21","20","臺中市","北區","0","1","0","7","1","6","50","3","9","1","5","4","6","6","4","4","10","4","5","2","17","2","9","5","4","C03","7","9","1","10","2","11","","84","84","1","13","4","120.693164","24.155231","2"