序號,縣市別代碼,機關代碼,市話,傳真,年,月,日,時,分,縣市,區,死亡數量,受傷數量,2-30,天候,道路照明設備,道路類別,道路速限,道路型態,事故位置,路面鋪裝,路面狀態,路面缺陷,障礙物,視距,號誌種類,號誌動作,分向設施,快車道或一般車道間,快慢車道間,路面邊線,事故類型及型態,受傷程度,主要傷處,保護裝備,行動電話或功能裝置,當事者區分(類別),車輛用途,當事者行動狀態,駕照狀態,駕照種類,飲酒情形,車輛撞擊部位最初,車輛撞擊部位其他,肇事因素個別,肇事因素主要,肇事逃逸,職業,共享經濟或外送平台,GPS座標X,GPS座標Y,事故類別
"2096","66000","387130000C","(04)23274275","(04)23288582","2026","2","5","21","22","臺中市","西區","0","1","0","7","1","6","50","13","9","1","5","4","6","6","4","4","9","4","5","2","13","3","10","3","1","B03","7","9","1","8","2","1","","59","59","1","12","4","120.661466","24.151164","2"
"2097","66000","387130000C","(04)23274275","(04)23288582","2026","2","5","21","22","臺中市","霧峰區","0","1","0","7","1","6","50","3","1","1","5","4","6","6","4","4","5","2","5","1","16","3","10","3","1","B03","7","6","1","8","2","8","","14","14","1","13","4","120.733006","24.069458","2"
"2098","66000","387130000C","(04)23274275","(04)23288582","2026","2","5","21","24","臺中市","西屯區","0","0","0","7","","","40","","","","","","","","","","","","","","12","","","","","B02","","","1","","2","","","59","59","1","12","4","120.644594","24.181857","3"
"2099","66000","387130000C","(04)23274275","(04)23288582","2026","2","5","21","25","臺中市","西區","0","0","0","7","","","50","","","","","","","","","","","","","","","","","","","B02","","","1","","2","","","84","84","1","6","4","120.663816","24.156303","3"
"2100","66000","387130000C","(04)23274275","(04)23288582","2026","2","5","21","25","臺中市","北區","0","0","0","7","","","50","","","","","","","","","","","","","","17","","","","","B03","","","1","","9","","","84","84","2","13","4","120.664708","24.161273","3"
"2101","66000","387130000C","(04)23274275","(04)23288582","2026","2","5","21","27","臺中市","北區","0","0","0","7","","","40","","","","","","","","","","","","","","14","","","","","B12","","","1","","2","","","50","50","1","12","4","120.68776","24.153931","3"
"2102","66000","387130000C","(04)23274275","(04)23288582","2026","2","5","21","29","臺中市","東區","0","1","0","7","1","6","50","4","1","1","5","4","6","6","1","1","5","4","4","2","11","3","10","3","1","B03","7","6","1","8","2","2","","11","11","1","6","4","120.705368","24.137614","2"
"2103","66000","387130000C","(04)23274275","(04)23288582","2026","2","5","21","30","臺中市","后里區","0","0","0","7","1","6","40","3","1","1","5","4","6","6","4","4","5","4","4","1","14","3","10","3","1","B03","7","2","1","8","2","3","","49","49","1","12","4","120.721846","24.309013","3"
"2104","66000","387130000C","(04)23274275","(04)23288582","2026","2","5","21","33","臺中市","北屯區","0","0","0","7","","3","80","","","","","","","","","","","","","","12","","","","","B03","","","1","","1","","","8","8","1","6","4","120.72078","24.170237","3"
"2105","66000","387130000C","(04)23274275","(04)23288582","2026","2","5","21","36","臺中市","北屯區","0","1","0","7","1","6","50","13","9","1","5","4","6","6","4","4","1","4","5","2","17","2","9","1","1","C03","7","9","1","10","2","11","12","84","84","1","12","4","120.69966","24.161794","2"
"2106","66000","387130000C","(04)23274275","(04)23288582","2026","2","5","21","39","臺中市","北屯區","0","0","0","7","","","50","","","","","","","","","","","","","","13","","","","","B01","","","1","","1","","","7","7","1","12","4","120.685288","24.172024","3"
"2107","66000","387130000C","(04)23274275","(04)23288582","2026","2","5","21","39","臺中市","沙鹿區","0","1","0","7","1","6","50","4","1","1","5","4","6","6","1","1","10","5","5","2","16","3","10","2","1","C03","7","6","1","10","2","11","13","11","11","1","6","4","120.568865","24.223183","2"
"2108","66000","387130000C","(04)23274275","(04)23288582","2026","2","5","21","45","臺中市","東區","0","0","0","7","","","50","","","","","","","","","","","","","","26","","","","","B03","","","1","","5","","","6","6","1","6","4","120.703658","24.131082","3"
"2109","66000","387130000C","(04)23274275","(04)23288582","2026","2","5","21","50","臺中市","南屯區","0","0","0","7","","","50","","","","","","","","","","","","","","14","","","","","B03","","","1","","2","","","49","49","1","6","4","120.631309","24.142285","3"
"2110","66000","387130000C","(04)23274275","(04)23288582","2026","2","5","22","11","臺中市","西屯區","0","1","0","7","2","6","40","3","1","1","2","4","6","6","2","1","10","5","5","2","17","3","10","5","4","B12","7","5","1","8","9","16","","75","75","1","13","4","120.637571","24.185547","2"
"2111","66000","387130000C","(04)23274275","(04)23288582","2026","2","5","22","13","臺中市","大甲區","0","1","0","7","1","6","60","13","11","1","5","4","6","6","4","4","6","3","4","1","12","3","10","3","1","B03","7","8","1","8","2","5","","40","40","1","12","4","120.617967","24.353052","2"
"2112","66000","387130000C","(04)23274275","(04)23288582","2026","2","5","22","16","臺中市","北屯區","0","0","0","7","","","50","","","","","","","","","","","","","","14","","","","","B03","","","1","","1","","","49","49","1","6","4","120.713686","24.180574","4"
"2113","66000","387130000C","(04)23274275","(04)23288582","2026","2","5","22","16","臺中市","神岡區","0","0","0","7","","","50","","","","","","","","","","","","","","15","","","","","B12","","","1","","2","","","15","15","1","12","4","120.657571","24.271504","3"
"2114","66000","387130000C","(04)23274275","(04)23288582","2026","2","5","22","54","臺中市","西區","0","2","0","7","1","6","50","3","1","1","5","4","6","6","4","4","10","5","5","2","13","2","8","1","1","C03","7","9","1","10","2","14","","7","7","1","13","4","120.661366","24.150311","2"
"2115","66000","387130000C","(04)23274275","(04)23288582","2026","2","5","22","55","臺中市","北區","0","0","0","7","","","50","","","","","","","","","","","","","","17","","","","","B03","","","1","","9","","","40","40","2","13","4","120.672779","24.169177","3"
"2116","66000","387130000C","(04)23274275","(04)23288582","2026","2","5","22","58","臺中市","西屯區","0","1","0","7","1","6","40","3","4","1","5","4","6","6","1","1","10","5","5","2","13","3","10","5","4","B03","7","9","1","8","2","1","","7","7","1","12","4","120.643336","24.170346","2"
"2117","66000","387130000C","(04)23274275","(04)23288582","2026","2","5","23","1","臺中市","北屯區","0","0","0","7","","3","40","","","","","","","","","","","","","","13","","","","","B03","","","1","","1","","","7","7","1","13","4","120.71863","24.160827","3"
"2118","66000","387130000C","(04)23274275","(04)23288582","2026","2","5","23","2","臺中市","西區","0","0","0","7","","","50","","","","","","","","","","","","","","13","","","","","C03","","","1","","1","","","7","7","1","12","4","120.677814","24.145238","4"
"2119","66000","387130000C","(04)23274275","(04)23288582","2026","2","5","23","10","臺中市","沙鹿區","0","0","0","6","","","50","","","","","","","","","","","","","","17","","","","","B02","","","1","","2","","","8","8","1","12","4","120.56417","24.248649","3"
"2120","66000","387130000C","(04)23274275","(04)23288582","2026","2","5","23","14","臺中市","烏日區","0","2","0","7","1","6","50","13","8","1","5","4","6","6","4","4","3","4","4","1","2","2","9","2","1","C03","7","9","1","10","2","11","","59","59","1","10","4","120.637769","24.10777","2"
"2121","66000","387130000C","(04)23274275","(04)23288582","2026","2","5","23","15","臺中市","大甲區","0","2","0","7","1","6","40","4","9","1","5","4","6","6","4","4","6","3","5","1","11","2","9","1","1","C03","7","9","1","10","2","11","","12","12","1","12","4","120.618416","24.34666","2"
"2122","66000","387130000C","(04)23274275","(04)23288582","2026","2","5","23","20","臺中市","沙鹿區","0","0","0","6","","","30","","","","","","","","","","","","","","17","","","","","B03","","","1","","2","","","8","8","1","12","4","120.603494","24.241013","3"
"2123","66000","387130000C","(04)23274275","(04)23288582","2026","2","5","23","35","臺中市","霧峰區","0","2","0","7","1","6","60","13","7","1","5","4","6","6","4","4","1","4","4","1","28","2","9","2","1","C03","7","9","1","10","2","11","14","84","84","1","12","4","120.693704","24.048954","2"
"2124","66000","387130000C","(04)23274275","(04)23288582","2026","2","5","23","40","臺中市","北屯區","0","0","0","7","1","6","30","4","1","1","5","4","6","6","4","4","10","5","5","2","14","3","10","3","1","B03","7","2","1","8","4","3","","49","49","1","12","4","120.671413","24.19399","3"
"2125","66000","387130000C","(04)23274275","(04)23288582","2026","2","5","23","47","臺中市","東區","0","2","0","7","1","6","50","3","2","1","5","4","6","6","4","4","9","4","4","2","18","2","9","5","4","C03","7","7","1","10","2","12","","84","84","1","13","4","120.700094","24.132901","2"
"2126","66000","387130000C","(04)23274275","(04)23288582","2026","2","5","23","55","臺中市","沙鹿區","0","1","0","7","1","6","50","3","1","1","5","4","6","6","4","4","10","5","5","2","3","2","9","2","1","C03","7","9","3","19","2","12","","10","10","1","6","4","120.574734","24.2275","2"
"2127","66000","387130000C","(04)23274275","(04)23288582","2026","2","6","0","19","臺中市","中區","0","0","0","7","","","30","","","","","","","","","","","","","","14","","","","","C03","","","1","","9","","","84","84","2","12","4","120.681204","24.1434","3"
"2128","66000","387130000C","(04)23274275","(04)23288582","2026","2","6","1","12","臺中市","西區","0","0","0","7","","","40","","","","","","","","","","","","","","15","","","","","B02","","","1","","2","","","84","84","1","13","4","120.669571","24.151832","3"
"2129","66000","387130000C","(04)23274275","(04)23288582","2026","2","6","1","19","臺中市","霧峰區","0","0","0","7","","","30","","","","","","","","","","","","","","17","","","","","B03","","","1","","2","","","49","49","1","6","4","120.700242","24.02498","3"
"2130","66000","387130000C","(04)23274275","(04)23288582","2026","2","6","2","8","臺中市","西屯區","0","0","0","7","","3","80","","","","","","","","","","","","","","30","","","","","B03","","","1","","2","","","84","84","1","13","4","120.635022","24.179805","3"
"2131","66000","387130000C","(04)23274275","(04)23288582","2026","2","6","4","9","臺中市","外埔區","0","1","0","7","1","6","50","13","9","1","5","4","6","6","4","4","5","5","5","1","12","2","9","3","1","B03","7","9","1","8","2","4","1","59","59","1","12","4","120.707747","24.34188","2"
"2132","66000","387130000C","(04)23274275","(04)23288582","2026","2","6","6","7","臺中市","中區","0","0","0","7","","","50","","","","","","","","","","","","","","17","","","","","B03","","","1","","2","","","84","84","1","12","4","120.681146","24.138354","3"
"2133","66000","387130000C","(04)23274275","(04)23288582","2026","2","6","6","8","臺中市","北屯區","0","0","0","7","","","50","","","","","","","","","","","","","","17","","","","","B03","","","1","","2","","","32","32","1","6","4","120.685501","24.17219","3"
"2134","66000","387130000C","(04)23274275","(04)23288582","2026","2","6","6","20","臺中市","霧峰區","0","2","0","7","1","6","40","4","1","1","5","4","6","6","1","1","10","5","5","2","17","2","9","1","1","F01","7","9","7","21","2","11","","21","21","1","12","4","120.664503","24.04717","2"
"2135","66000","387130000C","(04)23274275","(04)23288582","2026","2","6","6","57","臺中市","大雅區","0","0","0","7","","","50","","","","","","","","","","","","","","","","","","","B03","","","1","","1","","","14","14","1","12","4","120.603981","24.227448","3"
"2136","66000","387130000C","(04)23274275","(04)23288582","2026","2","6","7","9","臺中市","沙鹿區","0","1","0","7","2","6","50","3","9","1","5","4","6","6","4","4","4","3","5","1","11","2","7","1","1","C03","7","6","1","10","2","11","","4","4","1","12","4","120.564406","24.242006","2"
"2137","66000","387130000C","(04)23274275","(04)23288582","2026","2","6","7","10","臺中市","烏日區","0","0","0","7","","","50","","","","","","","","","","","","","","21","","","","","A32","","","1","","2","","","59","59","1","13","4","120.647463","24.097365","3"
"2138","66000","387130000C","(04)23274275","(04)23288582","2026","2","6","7","11","臺中市","大里區","0","1","0","7","2","6","50","5","1","1","5","4","6","6","1","1","5","5","5","2","16","2","8","2","1","C03","7","5","1","10","2","12","","84","84","1","13","4","120.699787","24.085527","2"
"2139","66000","387130000C","(04)23274275","(04)23288582","2026","2","6","7","11","臺中市","烏日區","0","0","0","7","","","70","","","","","","","","","","","","","","13","","","","","B03","","","1","","1","","","7","7","1","6","4","120.602707","24.110341","3"
"2140","66000","387130000C","(04)23274275","(04)23288582","2026","2","6","7","12","臺中市","太平區","0","0","0","7","2","6","50","13","9","5","5","4","6","6","2","1","7","4","5","1","12","","","","","B03","","","1","","1","","","40","40","1","12","4","120.710543","24.150044","3"
"2141","66000","387130000C","(04)23274275","(04)23288582","2026","2","6","7","16","臺中市","豐原區","0","1","0","7","2","6","50","4","1","1","5","4","6","6","2","1","1","4","4","2","12","2","9","1","1","C03","7","9","1","10","2","11","","7","7","1","12","4","120.724907","24.260443","2"
"2142","66000","387130000C","(04)23274275","(04)23288582","2026","2","6","7","22","臺中市","大甲區","0","2","0","7","3","6","50","4","1","1","5","4","6","6","1","1","10","5","5","2","13","2","9","1","1","C03","7","9","1","10","2","11","","7","7","1","6","4","120.653769","24.390494","2"
"2143","66000","387130000C","(04)23274275","(04)23288582","2026","2","6","7","24","臺中市","后里區","0","0","0","7","2","6","30","13","9","1","5","4","6","6","4","4","10","5","5","2","14","","","","","B03","","","1","","2","","","49","49","1","6","4","120.680171","24.313833","3"
"2144","66000","387130000C","(04)23274275","(04)23288582","2026","2","6","7","25","臺中市","太平區","0","0","0","7","","","50","","","","","","","","","","","","","","","","","","","C03","","","1","","2","","","84","59","1","12","4","120.729176","24.106202","3"
"2145","66000","387130000C","(04)23274275","(04)23288582","2026","2","6","7","29","臺中市","大雅區","0","1","0","7","3","6","50","13","9","1","5","4","6","6","4","4","5","5","5","1","17","2","8","3","1","B03","7","15","1","8","2","5","","84","84","1","12","4","120.64553","24.221481","2"
"2146","66000","387130000C","(04)23274275","(04)23288582","2026","2","6","7","30","臺中市","大里區","0","2","0","7","3","6","50","3","1","1","5","4","6","6","4","4","10","5","5","2","11","2","9","1","1","C03","7","9","1","10","2","11","","2","2","1","12","4","120.683834","24.105875","2"
"2147","66000","387130000C","(04)23274275","(04)23288582","2026","2","6","7","31","臺中市","大里區","0","1","0","7","3","6","50","5","2","1","5","4","6","6","1","1","5","5","5","1","16","3","10","5","4","B03","7","5","1","8","2","2","","84","84","1","13","4","120.700882","24.102551","2"
"2148","66000","387130000C","(04)23274275","(04)23288582","2026","2","6","7","33","臺中市","沙鹿區","0","1","0","7","2","6","40","3","1","1","5","4","6","6","1","1","10","5","5","2","17","2","9","1","1","C03","7","9","1","10","2","11","","85","85","1","12","4","120.603538","24.248461","2"
"2149","66000","387130000C","(04)23274275","(04)23288582","2026","2","6","7","35","臺中市","大里區","0","2","0","7","2","6","50","3","1","1","5","4","6","6","1","1","5","4","4","1","16","2","9","2","1","C03","7","9","1","10","2","12","","21","21","1","13","4","120.705782","24.095569","2"
"2150","66000","387130000C","(04)23274275","(04)23288582","2026","2","6","7","39","臺中市","大里區","0","1","0","7","2","6","50","5","1","1","5","4","6","6","4","4","10","5","5","2","13","2","8","5","4","C03","7","9","1","10","2","11","","7","7","1","12","4","120.689975","24.09261","2"
"2151","66000","387130000C","(04)23274275","(04)23288582","2026","2","6","7","40","臺中市","北屯區","0","2","0","7","2","6","50","13","9","1","5","4","6","6","4","4","5","4","5","2","12","2","8","2","1","C03","7","8","1","10","1","14","","40","40","1","6","4","120.690903","24.17096","2"
"2152","66000","387130000C","(04)23274275","(04)23288582","2026","2","6","7","44","臺中市","西屯區","0","0","0","7","","","50","","","","","","","","","","","","","","13","","","","","B03","","","5","","1","","","84","84","1","13","4","120.628753","24.205347","3"
"2153","66000","387130000C","(04)23274275","(04)23288582","2026","2","6","7","45","臺中市","中區","0","0","0","7","","","50","","","","","","","","","","","","","","","","","","","B03","","","1","","1","","","7","7","1","12","4","120.681039","24.144083","3"
"2154","66000","387130000C","(04)23274275","(04)23288582","2026","2","6","7","47","臺中市","西屯區","0","0","0","7","","","50","","","","","","","","","","","","","","13","","","","","B03","","","1","","1","","","7","7","1","12","4","120.593517","24.179933","3"
"2155","66000","387130000C","(04)23274275","(04)23288582","2026","2","6","7","48","臺中市","南區","0","0","0","7","","","50","","","","","","","","","","","","","","","","","","","B03","","","1","","1","","","7","7","1","12","4","120.670064","24.11453","3"
"2156","66000","387130000C","(04)23274275","(04)23288582","2026","2","6","7","50","臺中市","龍井區","0","2","0","7","2","6","50","4","1","1","5","4","6","6","2","1","5","5","4","2","16","2","9","1","1","C03","7","4","3","19","2","11","","39","39","1","12","4","120.523865","24.208651","2"
"2157","66000","387130000C","(04)23274275","(04)23288582","2026","2","6","7","50","臺中市","清水區","0","1","0","7","3","6","60","4","1","1","5","4","6","6","2","1","1","4","4","2","16","3","10","3","1","B03","7","6","1","8","2","6","","48","48","1","12","4","120.55856","24.3099","2"
"2158","66000","387130000C","(04)23274275","(04)23288582","2026","2","6","7","50","臺中市","沙鹿區","0","0","0","7","","","50","","","","","","","","","","","","","","","","","","","B03","","","1","","11","","","59","59","2","13","4","120.57995","24.215153","3"
"2159","66000","387130000C","(04)23274275","(04)23288582","2026","2","6","7","51","臺中市","外埔區","0","1","0","7","2","6","50","3","1","1","5","4","6","6","4","4","5","4","5","1","16","2","9","1","1","C03","7","6","1","10","2","11","12","14","14","1","6","4","120.63123","24.324749","2"
"2160","66000","387130000C","(04)23274275","(04)23288582","2026","2","6","7","52","臺中市","神岡區","0","2","0","7","2","6","50","4","1","1","5","4","6","6","1","1","10","5","5","2","17","2","9","2","1","C03","7","4","1","10","2","11","","21","21","1","6","4","120.658624","24.266331","2"
"2161","66000","387130000C","(04)23274275","(04)23288582","2026","2","6","7","53","臺中市","南屯區","0","2","0","7","3","6","50","13","7","1","5","4","6","6","4","4","5","5","4","2","12","2","9","1","1","C03","7","6","1","10","2","14","","87","87","1","12","4","120.620288","24.126824","2"
"2162","66000","387130000C","(04)23274275","(04)23288582","2026","2","6","7","54","臺中市","大里區","0","2","0","7","3","6","50","4","1","1","5","4","6","6","1","1","10","5","5","2","16","2","7","1","1","C03","7","9","1","10","2","11","","34","34","1","12","4","120.671469","24.107874","2"
"2163","66000","387130000C","(04)23274275","(04)23288582","2026","2","6","7","55","臺中市","潭子區","0","1","0","7","2","6","50","5","2","1","5","4","6","6","4","4","5","5","4","1","13","3","10","1","1","C04","7","9","1","10","2","11","","7","7","1","13","4","120.706926","24.208886","2"
"2164","66000","387130000C","(04)23274275","(04)23288582","2026","2","6","7","55","臺中市","龍井區","0","2","0","7","2","6","50","13","14","1","5","4","6","6","4","4","5","5","5","1","3","2","8","1","1","C03","7","9","1","10","2","11","","39","39","1","12","4","120.522902","24.195879","2"
"2165","66000","387130000C","(04)23274275","(04)23288582","2026","2","6","7","56","臺中市","北區","0","0","0","7","","","50","","","","","","","","","","","","","","17","","","","","B03","","","1","","11","","","35","35","2","13","4","120.674507","24.162862","3"
"2166","66000","387130000C","(04)23274275","(04)23288582","2026","2","6","7","56","臺中市","北屯區","0","0","0","7","","","50","","","","","","","","","","","","","","14","","","","","B03","","","1","","1","","","49","49","1","6","4","120.676092","24.185698","3"
"2167","66000","387130000C","(04)23274275","(04)23288582","2026","2","6","7","57","臺中市","烏日區","0","2","0","7","2","6","40","13","8","1","5","4","6","6","4","4","1","5","1","2","13","2","9","5","4","C03","7","9","1","10","2","11","","7","7","1","13","4","120.635583","24.094324","2"
"2168","66000","387130000C","(04)23274275","(04)23288582","2026","2","6","8","0","臺中市","西屯區","0","0","0","7","","","30","","","","","","","","","","","","","","13","","","","","B03","","","1","","2","","","78","78","1","12","4","120.620914","24.181435","3"
"2169","66000","387130000C","(04)23274275","(04)23288582","2026","2","6","8","1","臺中市","南屯區","0","0","0","7","","","50","","","","","","","","","","","","","","13","","","","","A06","","","1","","2","","","7","7","1","13","4","120.595127","24.156658","3"
"2170","66000","387130000C","(04)23274275","(04)23288582","2026","2","6","8","2","臺中市","北屯區","0","0","0","7","","","40","","","","","","","","","","","","","","17","","","","","C03","","","1","","1","","","40","40","1","6","4","120.686339","24.200816","3"
"2171","66000","387130000C","(04)23274275","(04)23288582","2026","2","6","8","7","臺中市","霧峰區","0","1","0","7","2","6","60","13","14","1","5","4","6","6","4","4","1","4","4","1","17","2","9","5","4","C03","7","9","1","10","2","11","","84","84","1","12","4","120.695045","24.060683","2"
"2172","66000","387130000C","(04)23274275","(04)23288582","2026","2","6","8","9","臺中市","西區","0","0","0","7","","","50","","","","","","","","","","","","","","","","","","","B03","","","1","","1","","","7","7","1","12","4","120.684956","24.142099","3"
"2173","66000","387130000C","(04)23274275","(04)23288582","2026","2","6","8","9","臺中市","南屯區","0","0","0","7","3","6","50","13","9","1","5","4","6","6","1","1","5","4","5","2","12","","","","","B03","","","1","","1","","","8","8","1","12","4","120.652973","24.139468","3"
"2174","66000","387130000C","(04)23274275","(04)23288582","2026","2","6","8","15","臺中市","北屯區","0","0","0","7","","","50","","","","","","","","","","","","","","13","","","","","B03","","","1","","1","","","7","7","1","6","4","120.693694","24.164595","3"
"2175","66000","387130000C","(04)23274275","(04)23288582","2026","2","6","8","17","臺中市","西屯區","0","3","0","7","2","6","50","4","2","1","5","4","6","6","2","1","5","2","5","1","12","2","9","5","1","C03","7","15","1","10","2","12","13","84","84","1","12","4","120.60832","24.169418","2"
"2176","66000","387130000C","(04)23274275","(04)23288582","2026","2","6","8","17","臺中市","西屯區","0","0","0","7","","","30","","","","","","","","","","","","","","","","","","","B03","","","1","","1","","","8","8","1","12","4","120.652558","24.176244","3"
"2177","66000","387130000C","(04)23274275","(04)23288582","2026","2","6","8","18","臺中市","后里區","0","0","0","7","","","50","","","","","","","","","","","","","","12","","","","","C03","","","1","","1","","","7","7","1","13","4","120.725031","24.321205","3"
"2178","66000","387130000C","(04)23274275","(04)23288582","2026","2","6","8","20","臺中市","大雅區","0","1","0","7","2","6","30","5","1","1","5","4","6","6","1","1","10","5","5","2","16","3","10","3","1","B03","7","6","1","8","2","8","","11","11","1","12","4","120.650528","24.22736","2"
"2179","66000","387130000C","(04)23274275","(04)23288582","2026","2","6","8","27","臺中市","豐原區","0","1","0","7","2","6","50","5","1","1","5","4","6","6","2","1","10","5","5","2","16","2","9","6","1","F01","7","6","7","21","2","11","12","11","11","1","3","4","120.720033","24.262173","2"
"2180","66000","387130000C","(04)23274275","(04)23288582","2026","2","6","8","28","臺中市","北屯區","0","1","0","7","3","6","50","3","1","1","5","4","6","6","1","1","10","5","5","2","17","3","10","1","1","C03","7","9","1","10","2","16","","84","84","1","6","4","120.706629","24.167473","2"
"2181","66000","387130000C","(04)23274275","(04)23288582","2026","2","6","8","30","臺中市","南區","0","1","0","7","3","6","50","3","1","1","5","4","6","5","4","4","5","4","4","2","16","3","10","3","1","B03","7","6","1","8","2","8","","14","14","1","6","4","120.680009","24.129968","2"
"2182","66000","387130000C","(04)23274275","(04)23288582","2026","2","6","8","30","臺中市","太平區","0","0","0","7","2","6","50","13","14","1","5","4","6","6","4","4","5","5","5","1","12","","","","","B03","","","1","","1","","","87","87","1","12","4","120.705797","24.160957","3"
"2183","66000","387130000C","(04)23274275","(04)23288582","2026","2","6","8","30","臺中市","大肚區","0","0","0","7","","","30","","","","","","","","","","","","","","","","","","","C03","","","1","","1","","","8","8","2","12","4","120.564965","24.123012","3"
"2184","66000","387130000C","(04)23274275","(04)23288582","2026","2","6","8","31","臺中市","南區","0","2","0","7","1","6","50","4","1","1","5","4","6","6","4","4","9","4","5","2","15","2","9","1","1","C03","7","9","1","10","4","12","","20","20","1","12","4","120.671397","24.12517","2"
"2185","66000","387130000C","(04)23274275","(04)23288582","2026","2","6","8","38","臺中市","西屯區","0","2","0","7","2","6","50","4","1","1","5","4","6","6","4","4","10","5","5","2","13","2","9","2","4","C03","7","9","1","10","2","12","14","7","7","1","12","4","120.616252","24.188661","2"
"2186","66000","387130000C","(04)23274275","(04)23288582","2026","2","6","8","38","臺中市","后里區","0","0","0","7","","","50","","","","","","","","","","","","","","14","","","","","B03","","","1","","1","","","50","50","1","6","4","120.709032","24.311224","3"
"2187","66000","387130000C","(04)23274275","(04)23288582","2026","2","6","8","40","臺中市","南屯區","0","2","0","7","2","6","40","13","9","1","5","4","6","6","4","4","3","4","5","2","17","2","9","1","1","C03","7","9","1","10","2","11","","59","59","1","13","4","120.64998","24.154861","2"
"2188","66000","387130000C","(04)23274275","(04)23288582","2026","2","6","8","44","臺中市","北區","0","2","0","7","3","6","50","13","9","1","5","4","6","6","4","4","2","4","5","2","13","2","9","1","1","C03","7","9","1","10","2","11","","59","59","1","12","4","120.684169","24.163224","2"
"2189","66000","387130000C","(04)23274275","(04)23288582","2026","2","6","8","44","臺中市","南區","0","0","0","7","","","50","","","","","","","","","","","","","","13","","","","","B03","","","1","","1","","","7","7","1","12","4","120.670681","24.119158","3"
"2190","66000","387130000C","(04)23274275","(04)23288582","2026","2","6","8","45","臺中市","西屯區","0","0","0","7","","","60","","","","","","","","","","","","","","13","","","","","B03","","","1","","1","","","84","84","1","12","4","120.614907","24.184096","3"
"2191","66000","387130000C","(04)23274275","(04)23288582","2026","2","6","8","45","臺中市","大里區","0","0","0","7","","","50","","","","","","","","","","","","","","13","","","","","C03","","","1","","2","","","84","84","1","13","4","120.689597","24.113864","3"
"2192","66000","387130000C","(04)23274275","(04)23288582","2026","2","6","8","45","臺中市","烏日區","0","0","0","7","","","30","","","","","","","","","","","","","","14","","","","","A12","","","1","","2","","","49","49","1","6","4","120.620068","24.103533","4"
"2193","66000","387130000C","(04)23274275","(04)23288582","2026","2","6","8","45","臺中市","神岡區","0","0","0","7","","","50","","","","","","","","","","","","","","17","","","","","B03","","","1","","2","","","51","51","1","13","4","120.696021","24.248532","3"
"2194","66000","387130000C","(04)23274275","(04)23288582","2026","2","6","8","52","臺中市","太平區","0","0","0","7","","","50","","","","","","","","","","","","","","","","","","","C03","","","1","","2","","","50","50","1","12","4","120.717068","24.151707","3"
"2195","66000","387130000C","(04)23274275","(04)23288582","2026","2","6","8","55","臺中市","西屯區","0","0","0","7","","","40","","","","","","","","","","","","","","17","","","","","C03","","","1","","1","","","8","8","1","12","4","120.633462","24.165757","3"
"2196","66000","387130000C","(04)23274275","(04)23288582","2026","2","6","8","57","臺中市","南屯區","0","0","0","7","","","50","","","","","","","","","","","","","","","","","","","B02","","","1","","1","","","59","59","1","13","4","120.612764","24.13896","3"
"2197","66000","387130000C","(04)23274275","(04)23288582","2026","2","6","8","58","臺中市","西屯區","0","1","0","7","2","6","50","3","2","1","5","4","6","6","4","4","10","5","5","1","14","3","10","5","1","B12","7","2","1","8","2","7","","49","49","1","12","4","120.624308","24.182184","2"
"2198","66000","387130000C","(04)23274275","(04)23288582","2026","2","6","8","58","臺中市","神岡區","0","0","0","7","","","50","","","","","","","","","","","","","","13","","","","","B03","","","1","","2","","","58","58","1","13","4","120.694116","24.248673","3"
"2199","66000","387130000C","(04)23274275","(04)23288582","2026","2","6","8","59","臺中市","石岡區","0","1","0","7","3","6","30","3","2","1","5","4","6","6","4","4","10","5","5","1","11","3","10","5","4","B03","7","6","1","8","2","8","","11","11","1","12","4","120.79265","24.252472","2"
"2200","66000","387130000C","(04)23274275","(04)23288582","2026","2","6","9","1","臺中市","南屯區","0","0","0","6","","","50","","","","","","","","","","","","","","13","","","","","B03","","","1","","1","","","59","59","1","13","4","120.647761","24.144942","3"
"2201","66000","387130000C","(04)23274275","(04)23288582","2026","2","6","9","4","臺中市","石岡區","0","0","0","7","","","50","","","","","","","","","","","","","","12","","","","","A41","","","1","","1","","","8","8","1","13","4","120.763625","24.276964","3"
"2202","66000","387130000C","(04)23274275","(04)23288582","2026","2","6","9","5","臺中市","西區","0","0","0","7","","","50","","","","","","","","","","","","","","","","","","","C03","","","1","","2","","","7","7","1","12","4","120.675422","24.133556","3"
"2203","66000","387130000C","(04)23274275","(04)23288582","2026","2","6","9","6","臺中市","南屯區","0","3","0","7","3","6","50","13","9","1","5","4","6","6","1","1","5","2","4","2","12","2","9","1","1","C03","7","9","1","10","2","14","","85","85","1","12","4","120.617442","24.158197","2"
"2204","66000","387130000C","(04)23274275","(04)23288582","2026","2","6","9","11","臺中市","南區","0","0","0","7","","","50","","","","","","","","","","","","","","12","","","","","B03","","","1","8","1","","","84","84","1","6","4","120.65737","24.129494","3"
"2205","66000","387130000C","(04)23274275","(04)23288582","2026","2","6","9","12","臺中市","西區","0","0","0","7","","","30","","","","","","","","","","","","","","","","","","","B01","","","1","","2","","","51","51","1","12","4","120.654169","24.147326","3"