序號,縣市別代碼,機關代碼,市話,傳真,年,月,日,時,分,縣市,區,死亡數量,受傷數量,2-30,天候,道路照明設備,道路類別,道路速限,道路型態,事故位置,路面鋪裝,路面狀態,路面缺陷,障礙物,視距,號誌種類,號誌動作,分向設施,快車道或一般車道間,快慢車道間,路面邊線,事故類型及型態,受傷程度,主要傷處,保護裝備,行動電話或功能裝置,當事者區分(類別),車輛用途,當事者行動狀態,駕照狀態,駕照種類,飲酒情形,車輛撞擊部位最初,車輛撞擊部位其他,肇事因素個別,肇事因素主要,肇事逃逸,職業,共享經濟或外送平台,GPS座標X,GPS座標Y,事故類別
"2206","66000","387130000C","(04)23274275","(04)23288582","2026","2","6","9","14","臺中市","北區","0","0","0","7","","","50","","","","","","","","","","","","","","13","","","","","B03","","","1","","1","","","84","84","1","12","4","120.682019","24.154223","3"
"2207","66000","387130000C","(04)23274275","(04)23288582","2026","2","6","9","16","臺中市","大雅區","0","0","0","7","","","50","","","","","","","","","","","","","","","","","","","B03","","","1","","1","","","50","50","1","13","4","120.613637","24.214292","3"
"2208","66000","387130000C","(04)23274275","(04)23288582","2026","2","6","9","20","臺中市","北屯區","0","0","0","7","","","50","","","","","","","","","","","","","","12","","","","","A12","","","1","","1","","","8","8","1","8","4","120.695808","24.168812","3"
"2209","66000","387130000C","(04)23274275","(04)23288582","2026","2","6","9","21","臺中市","太平區","0","0","0","7","","","50","","","","","","","","","","","","","","","","","","","B12","","","1","","2","","","49","49","1","12","4","120.725261","24.137665","3"
"2210","66000","387130000C","(04)23274275","(04)23288582","2026","2","6","9","22","臺中市","北屯區","0","0","0","7","","3","80","","","","","","","","","","","","","","13","","","","","A11","","","1","","1","","","7","7","1","6","4","120.721021","24.172866","3"
"2211","66000","387130000C","(04)23274275","(04)23288582","2026","2","6","9","26","臺中市","西屯區","0","0","0","7","","","40","","","","","","","","","","","","","","13","","","","","C03","","","1","","2","","","7","7","1","12","4","120.614984","24.183052","3"
"2212","66000","387130000C","(04)23274275","(04)23288582","2026","2","6","9","27","臺中市","北區","0","0","0","7","","","50","","","","","","","","","","","","","","17","","","","","B03","","","1","","2","1","","84","84","1","12","4","120.672145","24.17137","3"
"2213","66000","387130000C","(04)23274275","(04)23288582","2026","2","6","9","27","臺中市","西屯區","0","0","0","7","","","40","","","","","","","","","","","","","","","","","","","B03","","","1","","1","","","8","8","1","12","4","120.647626","24.196701","3"
"2214","66000","387130000C","(04)23274275","(04)23288582","2026","2","6","9","27","臺中市","霧峰區","0","0","0","7","","","50","","","","","","","","","","","","","","","","","","","C03","","","1","","2","","","84","84","1","13","4","120.686626","24.053691","3"
"2215","66000","387130000C","(04)23274275","(04)23288582","2026","2","6","9","31","臺中市","梧棲區","0","0","0","7","","","50","","","","","","","","","","","","","","12","","","","","G03","","","1","","2","","","68","68","1","12","4","120.531921","24.248125","3"
"2216","66000","387130000C","(04)23274275","(04)23288582","2026","2","6","9","33","臺中市","太平區","0","0","0","7","","","50","","","","","","","","","","","","","","","","","","","B02","","","1","","2","","","76","76","1","12","4","120.702997","24.153255","3"
"2217","66000","387130000C","(04)23274275","(04)23288582","2026","2","6","9","34","臺中市","西屯區","0","2","0","7","2","6","50","13","9","1","5","4","6","6","4","4","1","4","5","2","13","2","9","2","4","C03","7","9","1","10","2","11","14","59","59","1","12","4","120.661983","24.201774","2"
"2218","66000","387130000C","(04)23274275","(04)23288582","2026","2","6","9","36","臺中市","南區","0","1","0","7","2","6","50","4","1","1","5","4","6","6","2","1","10","5","5","2","17","2","9","1","1","C03","7","9","1","10","2","14","","7","7","1","12","4","120.652025","24.112608","2"
"2219","66000","387130000C","(04)23274275","(04)23288582","2026","2","6","9","44","臺中市","大雅區","0","0","0","7","","","70","","","","","","","","","","","","","","13","","","","","B12","","","1","","1","","","7","7","1","12","4","120.648944","24.217004","3"
"2220","66000","387130000C","(04)23274275","(04)23288582","2026","2","6","9","44","臺中市","豐原區","0","0","0","7","","","60","","","","","","","","","","","","","","","","","","","A12","","","1","","2","","","7","7","1","13","4","120.704721","24.237375","3"
"2221","66000","387130000C","(04)23274275","(04)23288582","2026","2","6","9","47","臺中市","北區","0","0","0","7","","","50","","","","","","","","","","","","","","17","","","","","B03","","","1","","2","","","84","84","1","12","4","120.693593","24.160626","3"
"2222","66000","387130000C","(04)23274275","(04)23288582","2026","2","6","9","47","臺中市","南區","0","0","0","7","","","50","","","","","","","","","","","","","","","","","","","B12","","","1","","1","","","8","8","1","6","4","120.683962","24.131039","4"
"2223","66000","387130000C","(04)23274275","(04)23288582","2026","2","6","9","50","臺中市","沙鹿區","0","0","0","7","","","50","","","","","","","","","","","","","","12","","","","","B12","","","1","","2","","","50","50","1","12","4","120.565548","24.243304","4"
"2224","66000","387130000C","(04)23274275","(04)23288582","2026","2","6","9","52","臺中市","北區","0","1","0","7","2","6","50","13","9","1","5","4","6","6","4","4","7","2","5","2","17","2","9","5","4","C03","7","9","1","10","2","14","","56","56","1","12","4","120.684665","24.164804","2"
"2225","66000","387130000C","(04)23274275","(04)23288582","2026","2","6","9","52","臺中市","北區","0","1","0","7","3","6","30","3","1","1","5","4","6","6","4","4","5","4","5","2","17","3","10","1","1","C03","7","6","1","10","2","11","","12","12","1","12","4","120.671036","24.159239","2"
"2226","66000","387130000C","(04)23274275","(04)23288582","2026","2","6","9","55","臺中市","北屯區","0","0","0","7","","","50","","","","","","","","","","","","","","13","","","","","B13","","","1","","1","","","7","7","1","6","4","120.693938","24.170897","3"
"2227","66000","387130000C","(04)23274275","(04)23288582","2026","2","6","10","4","臺中市","西屯區","0","1","0","7","2","6","50","4","1","1","5","4","6","6","2","1","1","4","5","2","16","2","9","5","4","C03","7","9","1","10","2","14","","21","21","1","13","4","120.656109","24.169599","2"
"2228","66000","387130000C","(04)23274275","(04)23288582","2026","2","6","10","5","臺中市","中區","0","1","0","7","2","6","50","13","9","1","5","4","6","6","4","4","5","4","5","2","17","3","10","3","1","B01","7","9","1","4","2","2","","8","8","1","12","4","120.681009","24.143606","2"
"2229","66000","387130000C","(04)23274275","(04)23288582","2026","2","6","10","5","臺中市","北區","0","1","0","7","1","6","50","4","1","1","5","4","6","6","1","1","10","5","5","2","16","3","10","1","1","C03","7","11","1","10","2","14","","20","20","1","12","4","120.675156","24.16698","2"
"2230","66000","387130000C","(04)23274275","(04)23288582","2026","2","6","10","10","臺中市","北區","0","2","0","7","2","6","50","3","1","1","5","4","6","6","4","4","5","5","5","2","17","2","9","1","1","C03","7","1","1","10","2","11","","51","51","1","12","4","120.676852","24.164111","2"
"2231","66000","387130000C","(04)23274275","(04)23288582","2026","2","6","10","16","臺中市","烏日區","0","0","0","7","","","40","","","","","","","","","","","","","","13","","","","","C03","","","3","","2","","","7","7","1","6","4","120.607336","24.111339","3"
"2232","66000","387130000C","(04)23274275","(04)23288582","2026","2","6","10","21","臺中市","豐原區","0","2","0","7","2","6","50","13","7","1","5","4","6","6","4","4","5","5","4","2","12","3","10","3","1","B12","7","9","1","8","2","5","","84","84","1","12","4","120.699661","24.244644","2"
"2233","66000","387130000C","(04)23274275","(04)23288582","2026","2","6","10","22","臺中市","潭子區","0","1","0","7","2","6","50","13","7","1","5","4","6","6","2","1","5","5","4","2","13","3","10","3","1","B12","7","9","1","8","2","1","","84","84","1","13","4","120.680716","24.207311","2"
"2234","66000","387130000C","(04)23274275","(04)23288582","2026","2","6","10","25","臺中市","東區","0","1","0","7","1","6","50","4","1","1","5","4","6","6","4","4","9","4","5","2","18","2","9","1","1","C03","7","9","1","10","2","11","14","84","84","1","12","4","120.686854","24.143074","2"
"2235","66000","387130000C","(04)23274275","(04)23288582","2026","2","6","10","25","臺中市","豐原區","0","1","0","7","2","6","30","3","1","1","5","4","6","6","4","4","5","5","4","2","17","2","9","2","1","C03","7","6","1","10","2","11","12","12","12","1","6","4","120.718004","24.253312","2"
"2236","66000","387130000C","(04)23274275","(04)23288582","2026","2","6","10","27","臺中市","東勢區","0","0","0","7","","","40","","","","","","","","","","","","","","","","","","","B12","","","1","","2","","","59","59","1","12","4","120.837175","24.244855","3"
"2237","66000","387130000C","(04)23274275","(04)23288582","2026","2","6","10","32","臺中市","南屯區","0","1","0","7","2","6","50","13","9","1","5","4","6","6","4","4","5","4","5","2","17","3","10","3","1","B03","7","11","1","8","2","4","","45","45","1","13","4","120.652805","24.15151","2"
"2238","66000","387130000C","(04)23274275","(04)23288582","2026","2","6","10","35","臺中市","豐原區","0","1","0","7","2","6","50","4","1","1","5","4","6","6","2","1","1","2","5","1","12","3","10","3","1","B01","7","5","1","4","2","2","","47","47","1","12","4","120.729993","24.265256","2"
"2239","66000","387130000C","(04)23274275","(04)23288582","2026","2","6","10","37","臺中市","石岡區","0","0","0","7","","","50","","","","","","","","","","","","","","13","","","","","B03","","","1","","2","","","7","7","1","13","4","120.765362","24.277715","3"
"2240","66000","387130000C","(04)23274275","(04)23288582","2026","2","6","10","38","臺中市","南屯區","0","1","0","7","2","6","50","13","9","1","5","4","6","6","1","1","9","5","5","2","17","3","10","3","4","B03","7","14","1","8","2","2","","76","76","1","13","4","120.649934","24.134814","2"
"2241","66000","387130000C","(04)23274275","(04)23288582","2026","2","6","10","40","臺中市","西區","0","0","0","7","","","50","","","","","","","","","","","","","","","","","","","C03","","","1","","1","","","50","50","1","12","4","120.666437","24.148005","3"
"2242","66000","387130000C","(04)23274275","(04)23288582","2026","2","6","10","41","臺中市","后里區","0","2","0","7","3","6","50","3","1","1","5","4","6","6","4","4","9","4","5","1","16","2","8","1","1","C03","7","9","1","10","2","14","","7","7","1","6","4","120.722923","24.30889","2"
"2243","66000","387130000C","(04)23274275","(04)23288582","2026","2","6","10","42","臺中市","北屯區","0","1","0","7","2","6","30","4","1","1","5","4","6","6","4","4","10","5","5","2","16","2","9","2","1","C03","7","9","1","10","2","14","","12","12","1","6","4","120.711142","24.173984","2"
"2244","66000","387130000C","(04)23274275","(04)23288582","2026","2","6","10","42","臺中市","梧棲區","0","0","0","7","","","50","","","","","","","","","","","","","","16","","","","","B03","","","1","","2","","","39","39","1","6","4","120.524722","24.223374","3"
"2245","66000","387130000C","(04)23274275","(04)23288582","2026","2","6","10","43","臺中市","西區","0","1","0","7","2","6","50","5","1","1","5","4","6","6","1","1","10","5","5","2","17","3","10","3","1","B03","7","5","1","8","2","2","","47","47","1","12","4","120.668766","24.132048","2"
"2246","66000","387130000C","(04)23274275","(04)23288582","2026","2","6","10","44","臺中市","西屯區","0","0","0","7","","","50","","","","","","","","","","","","","","17","","","","","C03","","","1","","2","","","50","50","1","12","4","120.654989","24.15822","3"
"2247","66000","387130000C","(04)23274275","(04)23288582","2026","2","6","10","48","臺中市","西區","0","2","0","7","2","6","50","4","2","1","5","4","6","6","4","4","8","5","5","2","16","2","9","2","1","C03","7","5","1","10","2","11","","84","84","1","12","4","120.666616","24.147487","2"
"2248","66000","387130000C","(04)23274275","(04)23288582","2026","2","6","10","49","臺中市","龍井區","0","0","0","7","","","50","","","","","","","","","","","","","","","","","","","C03","","","1","","1","","","71","71","1","6","4","120.543996","24.176492","3"
"2249","66000","387130000C","(04)23274275","(04)23288582","2026","2","6","10","50","臺中市","北區","0","0","0","7","","","40","","","","","","","","","","","","","","17","","","","","B03","","","1","","1","","","84","84","1","12","4","120.664463","24.158245","3"
"2250","66000","387130000C","(04)23274275","(04)23288582","2026","2","6","10","50","臺中市","北屯區","0","0","0","7","","","30","","","","","","","","","","","","","","16","","","","","C03","","","1","","2","","","14","14","1","6","4","120.69277","24.164903","4"
"2251","66000","387130000C","(04)23274275","(04)23288582","2026","2","6","10","56","臺中市","潭子區","0","0","0","7","","","0","","","","","","","","","","","","","","9","","","","","","","","","","","","","86","86","1","","","120.707677","24.213241","3"
"2252","66000","387130000C","(04)23274275","(04)23288582","2026","2","6","10","56","臺中市","東區","0","0","0","7","","","40","","","","","","","","","","","","","","13","","","","","C03","","","1","","1","","","7","7","1","12","4","120.690488","24.126028","3"
"2253","66000","387130000C","(04)23274275","(04)23288582","2026","2","6","10","57","臺中市","大雅區","0","0","0","7","","","50","","","","","","","","","","","","","","12","","","","","B03","","","1","","1","","","11","11","1","12","4","120.649993","24.212702","3"
"2254","66000","387130000C","(04)23274275","(04)23288582","2026","2","6","10","58","臺中市","西屯區","0","0","0","7","","","50","","","","","","","","","","","","","","12","","","","","C03","","","1","","11","","","84","84","1","13","4","120.652737","24.16204","3"
"2255","66000","387130000C","(04)23274275","(04)23288582","2026","2","6","11","2","臺中市","豐原區","0","1","0","7","2","6","50","13","9","1","5","4","6","6","4","4","1","4","5","2","12","3","10","3","1","B01","7","7","1","3","2","6","","40","40","1","6","4","120.706691","24.250085","2"
"2256","66000","387130000C","(04)23274275","(04)23288582","2026","2","6","11","7","臺中市","龍井區","0","0","0","7","","","60","","","","","","","","","","","","","","13","","","","","B03","","","1","","1","","","7","7","1","6","4","120.574471","24.180926","3"
"2257","66000","387130000C","(04)23274275","(04)23288582","2026","2","6","11","9","臺中市","西屯區","0","0","0","7","","","40","","","","","","","","","","","","","","","","","","","C03","","","1","","2","","","8","8","1","12","4","120.64324","24.170182","3"
"2258","66000","387130000C","(04)23274275","(04)23288582","2026","2","6","11","10","臺中市","南區","0","0","0","7","","","50","","","","","","","","","","","","","","13","","","","","B03","","","1","8","1","","","7","7","1","6","4","120.662266","24.120849","3"
"2259","66000","387130000C","(04)23274275","(04)23288582","2026","2","6","11","10","臺中市","后里區","0","0","0","7","","","50","","","","","","","","","","","","","","20","","","","","B12","","","1","","2","","","6","6","1","6","4","120.707659","24.324213","3"
"2260","66000","387130000C","(04)23274275","(04)23288582","2026","2","6","11","11","臺中市","霧峰區","0","0","0","7","","","60","","","","","","","","","","","","","","","","","","","B03","","","1","","1","","","85","85","1","12","4","120.657062","24.087008","3"
"2261","66000","387130000C","(04)23274275","(04)23288582","2026","2","6","11","14","臺中市","西區","0","0","0","7","","","30","","","","","","","","","","","","","","","","","","","B12","","","1","","2","","","8","8","1","12","4","120.661411","24.149783","3"
"2262","66000","387130000C","(04)23274275","(04)23288582","2026","2","6","11","14","臺中市","西屯區","0","0","0","7","","","50","","","","","","","","","","","","","","14","","","","","B11","","","1","","1","","","49","49","1","12","4","120.619051","24.187168","3"
"2263","66000","387130000C","(04)23274275","(04)23288582","2026","2","6","11","15","臺中市","大甲區","0","0","0","5","","","50","","","","","","","","","","","","","","14","","","","","C02","","","1","","1","","","49","49","1","6","4","120.623155","24.344106","3"
"2264","66000","387130000C","(04)23274275","(04)23288582","2026","2","6","11","17","臺中市","北區","0","1","0","7","3","6","50","4","1","1","5","4","6","6","1","1","5","5","5","2","17","2","9","1","1","C03","7","6","1","10","2","15","","85","85","1","12","4","120.676585","24.160409","2"
"2265","66000","387130000C","(04)23274275","(04)23288582","2026","2","6","11","20","臺中市","西區","0","0","0","7","","","50","","","","","","","","","","","","","","","","","","","B11","","","1","","1","","","84","84","1","12","4","120.681849","24.13599","3"
"2266","66000","387130000C","(04)23274275","(04)23288582","2026","2","6","11","24","臺中市","南屯區","0","1","0","7","3","6","40","4","1","1","5","4","6","6","1","1","10","5","5","2","13","2","9","2","1","C03","7","9","1","10","2","11","","7","7","1","13","4","120.642715","24.148844","2"
"2267","66000","387130000C","(04)23274275","(04)23288582","2026","2","6","11","28","臺中市","沙鹿區","0","0","0","7","","","40","","","","","","","","","","","","","","","","","","","B03","","","1","","2","","","49","49","1","12","4","120.565966","24.230812","3"
"2268","66000","387130000C","(04)23274275","(04)23288582","2026","2","6","11","30","臺中市","北區","0","0","0","7","","","50","","","","","","","","","","","","","","17","","","","","B03","","","1","","1","2","","8","8","1","12","4","120.673927","24.170134","3"
"2269","66000","387130000C","(04)23274275","(04)23288582","2026","2","6","11","30","臺中市","北屯區","0","0","0","7","","","50","","","","","","","","","","","","","","13","","","","","B12","","","1","","1","","","7","7","1","6","4","120.681597","24.177938","3"
"2270","66000","387130000C","(04)23274275","(04)23288582","2026","2","6","11","33","臺中市","西區","0","0","0","7","","","50","","","","","","","","","","","","","","13","","","","","C03","","","1","","1","","","7","7","1","12","4","120.67912","24.137188","3"
"2271","66000","387130000C","(04)23274275","(04)23288582","2026","2","6","11","33","臺中市","太平區","0","0","0","7","2","6","50","4","1","1","5","4","6","6","2","1","5","4","5","2","16","","","","","C03","","","1","","2","","","84","84","1","12","4","120.70047","24.147924","3"
"2272","66000","387130000C","(04)23274275","(04)23288582","2026","2","6","11","34","臺中市","西區","0","0","0","7","","","50","","","","","","","","","","","","","","17","","","","","B03","","","1","","1","","","59","59","1","12","4","120.657895","24.158275","3"
"2273","66000","387130000C","(04)23274275","(04)23288582","2026","2","6","11","34","臺中市","東區","0","0","0","7","","","40","","","","","","","","","","","","","","","","","","","B11","","","1","","9","","","84","84","2","13","4","120.705828","24.140142","3"
"2274","66000","387130000C","(04)23274275","(04)23288582","2026","2","6","11","35","臺中市","西屯區","0","1","0","7","1","6","50","5","1","1","5","4","6","6","2","1","10","5","5","2","16","3","10","3","1","B03","7","6","1","8","2","1","","11","11","1","12","4","120.616278","24.191072","2"
"2275","66000","387130000C","(04)23274275","(04)23288582","2026","2","6","11","38","臺中市","大里區","0","0","0","7","","","40","","","","","","","","","","","","","","","","","","","B03","","","1","","2","","","59","59","1","12","4","120.681486","24.109749","3"
"2276","66000","387130000C","(04)23274275","(04)23288582","2026","2","6","11","41","臺中市","南屯區","0","1","0","7","3","6","50","13","9","1","5","4","6","6","1","1","5","2","5","2","12","3","10","1","1","F01","7","5","7","21","1","12","","20","20","1","12","4","120.649825","24.141043","2"
"2277","66000","387130000C","(04)23274275","(04)23288582","2026","2","6","11","41","臺中市","豐原區","0","2","0","7","2","6","50","3","1","1","5","4","6","6","4","4","5","5","5","1","17","2","8","2","1","C03","7","6","1","10","2","14","","14","14","1","13","4","120.718587","24.256409","2"
"2278","66000","387130000C","(04)23274275","(04)23288582","2026","2","6","11","53","臺中市","南區","0","2","0","7","1","6","50","4","1","1","5","4","6","6","1","1","9","4","5","2","12","3","10","3","1","B03","7","7","3","19","2","5","","7","7","1","12","4","120.660754","24.121883","2"
"2279","66000","387130000C","(04)23274275","(04)23288582","2026","2","6","11","56","臺中市","南屯區","0","2","0","6","2","6","50","13","7","1","5","4","6","6","4","4","5","4","4","2","17","2","9","1","1","C03","7","6","1","10","2","14","","48","48","1","13","4","120.627316","24.117349","2"
"2280","66000","387130000C","(04)23274275","(04)23288582","2026","2","6","11","57","臺中市","西屯區","0","1","0","7","2","6","40","13","8","1","5","4","6","6","4","4","1","4","1","1","16","3","10","3","1","B03","7","5","1","8","2","2","","84","84","1","12","4","120.623362","24.179282","2"
"2281","66000","387130000C","(04)23274275","(04)23288582","2026","2","6","11","57","臺中市","龍井區","0","2","0","7","2","6","70","4","1","1","5","4","6","6","1","1","3","4","4","1","11","2","9","1","1","C03","7","9","1","10","2","11","","21","21","1","12","4","120.540144","24.210473","2"
"2282","66000","387130000C","(04)23274275","(04)23288582","2026","2","6","12","1","臺中市","南屯區","0","1","0","7","2","6","50","3","1","1","5","4","6","6","4","4","9","4","5","2","12","2","9","1","1","C03","7","9","1","10","9","12","","39","39","1","12","4","120.641312","24.134118","2"
"2283","66000","387130000C","(04)23274275","(04)23288582","2026","2","6","12","3","臺中市","潭子區","0","1","0","7","3","6","50","5","1","1","5","4","6","6","1","1","10","5","5","2","30","2","9","2","1","C03","7","9","1","10","2","11","","6","6","1","13","4","120.717692","24.190974","2"
"2284","66000","387130000C","(04)23274275","(04)23288582","2026","2","6","12","3","臺中市","北屯區","0","0","0","7","","","50","","","","","","","","","","","","","","","","","","","C03","","","1","","1","","","59","59","1","12","4","120.713314","24.182072","3"
"2285","66000","387130000C","(04)23274275","(04)23288582","2026","2","6","12","4","臺中市","后里區","0","1","0","7","2","6","30","3","2","1","5","4","6","6","4","4","10","5","5","2","17","2","9","1","1","C03","7","5","1","10","2","14","12","14","14","1","6","4","120.725709","24.310826","2"
"2286","66000","387130000C","(04)23274275","(04)23288582","2026","2","6","12","8","臺中市","東區","0","0","0","7","","","50","","","","","","","","","","","","","","","","","","","B03","","","1","","1","","","49","49","1","12","4","120.684746","24.130741","3"
"2287","66000","387130000C","(04)23274275","(04)23288582","2026","2","6","12","11","臺中市","北區","0","0","0","7","","","50","","","","","","","","","","","","","","13","","","","","B03","","","1","","1","","","7","7","1","12","4","120.686441","24.147247","3"
"2288","66000","387130000C","(04)23274275","(04)23288582","2026","2","6","12","11","臺中市","西屯區","0","1","0","6","2","9","0","13","23","2","5","4","6","6","4","4","10","5","5","2","18","2","8","1","4","C03","7","14","1","10","9","16","","84","84","1","12","4","120.587869","24.176976","2"
"2289","66000","387130000C","(04)23274275","(04)23288582","2026","2","6","12","13","臺中市","西屯區","0","0","0","7","","","30","","","","","","","","","","","","","","12","","","","","B03","","","1","","2","","","50","50","1","12","4","120.647812","24.155833","3"
"2290","66000","387130000C","(04)23274275","(04)23288582","2026","2","6","12","15","臺中市","南區","0","0","0","7","","","50","","","","","","","","","","","","","","","","","","","C03","","","1","","1","","","7","7","1","12","4","120.669262","24.118957","3"
"2291","66000","387130000C","(04)23274275","(04)23288582","2026","2","6","12","15","臺中市","西屯區","0","0","0","7","","","50","","","","","","","","","","","","","","13","","","","","B03","","","1","","2","","","7","7","1","12","4","120.667287","24.178204","3"
"2292","66000","387130000C","(04)23274275","(04)23288582","2026","2","6","12","16","臺中市","南區","0","1","0","6","3","6","50","13","9","1","5","4","6","6","4","4","5","5","5","2","18","2","9","2","1","C03","7","9","1","10","2","12","","84","84","1","6","4","120.654557","24.10807","2"
"2293","66000","387130000C","(04)23274275","(04)23288582","2026","2","6","12","19","臺中市","清水區","0","1","0","5","3","6","40","3","1","1","4","4","6","6","4","4","9","4","5","1","17","3","10","1","1","C03","7","11","1","10","2","16","","84","84","1","12","4","120.571512","24.26624","2"
"2294","66000","387130000C","(04)23274275","(04)23288582","2026","2","6","12","23","臺中市","南區","0","0","0","7","","","50","","","","","","","","","","","","","","","","","","","A11","","","1","","2","","","49","49","1","12","4","120.661383","24.124018","3"
"2295","66000","387130000C","(04)23274275","(04)23288582","2026","2","6","12","25","臺中市","沙鹿區","0","1","0","5","2","6","40","3","2","1","4","4","6","6","4","4","3","3","3","1","17","2","9","5","4","C03","7","5","1","10","2","14","","14","14","1","13","4","120.581297","24.208464","2"
"2296","66000","387130000C","(04)23274275","(04)23288582","2026","2","6","12","34","臺中市","南屯區","0","0","0","7","3","3","80","13","9","1","5","","6","6","4","4","3","5","5","2","13","","","","","B03","","","3","","1","","","59","59","1","12","4","120.621618","24.134699","3"
"2297","66000","387130000C","(04)23274275","(04)23288582","2026","2","6","12","38","臺中市","西屯區","0","0","0","7","","","60","","","","","","","","","","","","","","12","","","","","A04","","","1","","1","","","40","40","1","12","4","120.628965","24.176418","3"
"2298","66000","387130000C","(04)23274275","(04)23288582","2026","2","6","12","39","臺中市","大里區","0","1","0","7","2","6","50","5","1","1","5","4","6","6","1","1","10","5","5","1","17","3","10","1","1","C03","7","1","1","10","2","16","","84","84","2","12","4","120.689793","24.112725","2"
"2299","66000","387130000C","(04)23274275","(04)23288582","2026","2","6","12","43","臺中市","北區","0","2","0","7","3","6","50","4","2","1","5","4","6","6","1","1","5","5","4","2","17","2","9","1","1","C03","7","6","1","10","2","14","","48","48","1","12","4","120.682333","24.159085","2"
"2300","66000","387130000C","(04)23274275","(04)23288582","2026","2","6","12","49","臺中市","南屯區","0","0","0","6","","","50","","","","","","","","","","","","","","","","","","","B03","","","1","","2","","","8","8","1","13","4","120.639115","24.137897","3"
"2301","66000","387130000C","(04)23274275","(04)23288582","2026","2","6","12","56","臺中市","大安區","0","0","0","5","","3","90","","","","","","","","","","","","","","2","","","","","A12","","","1","","9","","","40","40","1","6","4","120.592081","24.379188","3"
"2302","66000","387130000C","(04)23274275","(04)23288582","2026","2","6","12","59","臺中市","大甲區","0","2","0","5","3","6","30","4","1","1","4","4","6","6","4","4","10","5","5","2","15","2","9","3","1","B13","7","9","1","8","2","2","","12","12","1","6","4","120.63947","24.410329","2"
"2303","66000","387130000C","(04)23274275","(04)23288582","2026","2","6","13","0","臺中市","南屯區","0","1","0","7","3","6","50","13","9","1","5","4","6","6","4","4","5","5","5","2","18","2","9","1","1","C03","7","9","1","10","2","12","","59","59","1","12","4","120.619759","24.130763","2"
"2304","66000","387130000C","(04)23274275","(04)23288582","2026","2","6","13","0","臺中市","沙鹿區","0","0","0","5","","","50","","","","","","","","","","","","","","13","","","","","B03","","","1","","2","","","7","7","1","12","4","120.573557","24.226289","3"
"2305","66000","387130000C","(04)23274275","(04)23288582","2026","2","6","13","0","臺中市","清水區","0","1","0","5","3","6","40","4","1","1","4","4","6","6","1","1","9","3","4","1","17","3","10","3","1","B03","7","2","1","8","2","3","","49","49","1","12","4","120.591192","24.296414","2"
"2306","66000","387130000C","(04)23274275","(04)23288582","2026","2","6","13","5","臺中市","北區","0","2","0","7","2","6","50","13","9","1","5","4","6","6","4","4","5","5","5","2","17","2","7","1","1","C03","7","9","1","10","2","14","","59","59","1","12","4","120.683255","24.157317","2"
"2307","66000","387130000C","(04)23274275","(04)23288582","2026","2","6","13","9","臺中市","南區","1","1","0","7","1","6","50","4","1","1","5","4","6","6","1","1","10","5","5","2","18","2","9","5","4","C03","7","9","1","4","2","15","","84","84","1","12","4","120.650544","24.120277","1"
"2308","66000","387130000C","(04)23274275","(04)23288582","2026","2","6","13","13","臺中市","霧峰區","0","0","0","7","","","30","","","","","","","","","","","","","","17","","","","","B03","","","1","","2","","","50","50","1","12","4","120.687837","24.044531","3"
"2309","66000","387130000C","(04)23274275","(04)23288582","2026","2","6","13","20","臺中市","東區","0","0","0","7","","","50","","","","","","","","","","","","","","12","","","","","B03","","","1","8","2","","","84","84","1","6","4","120.691665","24.142925","3"
"2310","66000","387130000C","(04)23274275","(04)23288582","2026","2","6","13","20","臺中市","北屯區","0","0","0","7","","","50","","","","","","","","","","","","","","16","","","","","B03","","","1","","2","","","11","11","1","12","4","120.668248","24.197949","3"
"2311","66000","387130000C","(04)23274275","(04)23288582","2026","2","6","13","22","臺中市","西屯區","0","0","0","6","","","60","","","","","","","","","","","","","","13","","","","","B03","","","1","","1","","","59","59","1","12","4","120.641759","24.157236","3"
"2312","66000","387130000C","(04)23274275","(04)23288582","2026","2","6","13","28","臺中市","北屯區","0","0","0","7","","","50","","","","","","","","","","","","","","17","","","","","C03","","","1","","1","","","45","45","1","6","4","120.672729","24.187001","3"
"2313","66000","387130000C","(04)23274275","(04)23288582","2026","2","6","13","30","臺中市","北區","0","0","0","7","","","50","","","","","","","","","","","","","","17","","","","","B03","","","1","","1","","","51","51","1","12","4","120.676144","24.150298","3"
"2314","66000","387130000C","(04)23274275","(04)23288582","2026","2","6","13","30","臺中市","東區","0","0","0","7","","","50","","","","","","","","","","","","","","","","","","","B03","","","1","","1","","","49","49","1","12","4","120.703487","24.140969","3"
"2315","66000","387130000C","(04)23274275","(04)23288582","2026","2","6","13","33","臺中市","北屯區","0","0","0","7","","","50","","","","","","","","","","","","","","13","","","","","B12","","","3","","1","","","7","7","1","6","4","120.685856","24.180816","3"
"2316","66000","387130000C","(04)23274275","(04)23288582","2026","2","6","13","38","臺中市","西屯區","0","1","0","7","2","6","40","3","8","1","5","4","6","6","4","4","1","4","1","2","16","2","9","5","4","C03","7","9","1","10","2","14","","84","84","1","13","4","120.650964","24.162311","2"
"2317","66000","387130000C","(04)23274275","(04)23288582","2026","2","6","13","39","臺中市","東區","0","0","0","7","","","50","","","","","","","","","","","","","","","","","","","B03","","","1","","2","","","7","7","1","12","4","120.694024","24.126358","3"