序號,縣市別代碼,機關代碼,市話,傳真,年,月,日,時,分,縣市,區,死亡數量,受傷數量,2-30,天候,道路照明設備,道路類別,道路速限,道路型態,事故位置,路面鋪裝,路面狀態,路面缺陷,障礙物,視距,號誌種類,號誌動作,分向設施,快車道或一般車道間,快慢車道間,路面邊線,事故類型及型態,受傷程度,主要傷處,保護裝備,行動電話或功能裝置,當事者區分(類別),車輛用途,當事者行動狀態,駕照狀態,駕照種類,飲酒情形,車輛撞擊部位最初,車輛撞擊部位其他,肇事因素個別,肇事因素主要,肇事逃逸,職業,共享經濟或外送平台,GPS座標X,GPS座標Y,事故類別
"2318","66000","387130000C","(04)23274275","(04)23288582","2026","2","6","13","41","臺中市","太平區","0","0","0","7","","","50","","","","","","","","","","","","","","","","","","","C03","","","1","","2","","","84","84","1","12","4","120.727921","24.134474","3"
"2319","66000","387130000C","(04)23274275","(04)23288582","2026","2","6","13","44","臺中市","太平區","0","1","0","7","2","6","50","3","1","1","5","4","6","6","4","4","5","5","5","1","16","2","9","2","1","C03","7","6","1","10","2","11","","14","14","1","12","4","120.72568","24.135481","2"
"2320","66000","387130000C","(04)23274275","(04)23288582","2026","2","6","13","52","臺中市","太平區","0","0","0","7","2","3","80","13","7","1","5","4","6","6","4","4","1","4","5","1","13","","","","","B03","","","1","","2","","","84","84","1","12","4","120.717213","24.155963","3"
"2321","66000","387130000C","(04)23274275","(04)23288582","2026","2","6","13","54","臺中市","南屯區","0","1","0","7","3","6","50","13","7","1","5","4","6","6","4","4","5","5","4","2","17","3","10","3","1","B03","7","11","1","8","2","4","","45","45","1","13","4","120.611076","24.133228","2"
"2322","66000","387130000C","(04)23274275","(04)23288582","2026","2","6","13","55","臺中市","大雅區","0","0","0","7","","","50","","","","","","","","","","","","","","17","","","","","B03","","","1","","2","","","8","8","1","12","4","120.636824","24.23468","4"
"2323","66000","387130000C","(04)23274275","(04)23288582","2026","2","6","13","55","臺中市","新社區","0","0","0","7","","","50","","","","","","","","","","","","","","","","","","","B03","","","1","","2","","","55","55","1","12","4","120.794658","24.205287","3"
"2324","66000","387130000C","(04)23274275","(04)23288582","2026","2","6","13","56","臺中市","北區","0","1","0","7","3","6","50","3","1","1","5","4","6","6","4","4","9","5","5","2","17","2","9","1","1","C03","7","4","1","10","2","15","","1","1","1","12","4","120.694567","24.161267","2"
"2325","66000","387130000C","(04)23274275","(04)23288582","2026","2","6","13","57","臺中市","南屯區","0","0","0","7","","","0","","","","","","","","","","","","","","14","","","","","C03","","","1","","1","","","50","50","1","12","4","120.643893","24.135409","3"
"2326","66000","387130000C","(04)23274275","(04)23288582","2026","2","6","13","58","臺中市","北區","0","0","0","7","","","50","","","","","","","","","","","","","","13","","","","","C03","","","1","","2","","","84","84","1","13","4","120.677655","24.163033","3"
"2327","66000","387130000C","(04)23274275","(04)23288582","2026","2","6","13","58","臺中市","沙鹿區","0","1","0","5","2","6","50","13","9","1","4","4","6","6","4","4","1","4","4","1","17","3","10","3","1","B01","7","7","1","2","2","2","","40","40","1","12","4","120.565766","24.231465","2"
"2328","66000","387130000C","(04)23274275","(04)23288582","2026","2","6","14","0","臺中市","霧峰區","0","1","0","6","2","6","50","4","1","1","5","4","6","6","1","1","10","5","5","2","17","2","9","1","1","C03","7","6","1","10","2","12","","11","11","1","6","4","120.69486","24.066025","2"
"2329","66000","387130000C","(04)23274275","(04)23288582","2026","2","6","14","1","臺中市","潭子區","0","0","0","7","","","60","","","","","","","","","","","","","","","","","","","B03","","","1","","2","","","56","56","1","13","4","120.709886","24.202003","3"
"2330","66000","387130000C","(04)23274275","(04)23288582","2026","2","6","14","3","臺中市","南區","0","0","0","7","","","50","","","","","","","","","","","","","","","","","","","B12","","","1","","2","","","8","8","1","12","4","120.654907","24.11463","3"
"2331","66000","387130000C","(04)23274275","(04)23288582","2026","2","6","14","5","臺中市","后里區","0","1","0","7","3","6","50","4","1","1","5","4","6","6","4","4","10","5","5","2","15","3","10","3","1","B03","7","9","1","8","2","8","","12","12","1","6","4","120.735838","24.314468","2"
"2332","66000","387130000C","(04)23274275","(04)23288582","2026","2","6","14","6","臺中市","大肚區","0","0","0","6","","","50","","","","","","","","","","","","","","13","","","","","B03","","","1","","2","","","59","59","1","12","4","120.537431","24.16024","3"
"2333","66000","387130000C","(04)23274275","(04)23288582","2026","2","6","14","12","臺中市","大甲區","0","1","0","5","3","6","40","13","7","1","4","4","6","6","4","4","1","4","4","1","13","3","10","3","1","B12","7","1","1","8","2","6","","51","51","1","6","4","120.63535","24.361933","2"
"2334","66000","387130000C","(04)23274275","(04)23288582","2026","2","6","14","12","臺中市","大甲區","0","0","0","5","","","50","","","","","","","","","","","","","","17","","","","","B03","","","1","","9","","","56","56","2","6","4","120.633391","24.345126","3"
"2335","66000","387130000C","(04)23274275","(04)23288582","2026","2","6","14","16","臺中市","西屯區","0","0","0","7","","","40","","","","","","","","","","","","","","13","","","","","B03","","","1","","2","","","7","7","1","12","4","120.653318","24.1608","3"
"2336","66000","387130000C","(04)23274275","(04)23288582","2026","2","6","14","19","臺中市","西屯區","0","2","0","7","1","6","50","13","9","1","5","4","6","6","2","1","5","5","5","2","16","2","9","4","1","F01","7","6","7","21","2","14","","39","39","1","12","4","120.666831","24.175253","2"
"2337","66000","387130000C","(04)23274275","(04)23288582","2026","2","6","14","25","臺中市","大雅區","0","0","0","6","","","30","","","","","","","","","","","","","","11","","","","","B03","","","1","","2","","","84","84","1","12","4","120.620952","24.234331","3"
"2338","66000","387130000C","(04)23274275","(04)23288582","2026","2","6","14","26","臺中市","后里區","0","0","0","7","2","6","50","13","14","1","5","4","6","6","4","4","3","4","4","1","17","","","","","B12","","","1","","10","","","78","78","1","6","4","120.676919","24.288397","3"
"2339","66000","387130000C","(04)23274275","(04)23288582","2026","2","6","14","31","臺中市","北區","0","0","0","7","","","50","","","","","","","","","","","","","","14","","","","","B03","","","1","","2","","","49","49","1","12","4","120.672552","24.173554","3"
"2340","66000","387130000C","(04)23274275","(04)23288582","2026","2","6","14","33","臺中市","南區","0","1","0","7","2","6","50","4","1","1","5","4","6","6","1","1","10","5","5","2","17","2","9","1","1","C03","7","6","1","10","2","14","","11","11","1","12","4","120.648516","24.12282","2"
"2341","66000","387130000C","(04)23274275","(04)23288582","2026","2","6","14","34","臺中市","東區","0","0","0","7","","","50","","","","","","","","","","","","","","14","","","","","B03","","","1","8","1","","","49","49","1","6","4","120.704348","24.142504","3"
"2342","66000","387130000C","(04)23274275","(04)23288582","2026","2","6","14","34","臺中市","西屯區","0","0","0","7","","","50","","","","","","","","","","","","","","13","","","","","B03","","","1","","2","","","7","7","1","12","4","120.660089","24.169053","3"
"2343","66000","387130000C","(04)23274275","(04)23288582","2026","2","6","14","41","臺中市","南區","0","0","0","7","","","50","","","","","","","","","","","","","","","","","","","B03","","","1","","1","","","40","40","1","12","4","120.654468","24.115638","3"
"2344","66000","387130000C","(04)23274275","(04)23288582","2026","2","6","14","41","臺中市","西屯區","0","0","0","7","","","50","","","","","","","","","","","","","","","","","","","B03","","","1","","1","","","7","7","1","12","4","120.647926","24.172395","3"
"2345","66000","387130000C","(04)23274275","(04)23288582","2026","2","6","14","45","臺中市","南屯區","0","1","0","7","2","6","50","4","1","1","5","4","6","6","2","1","10","5","5","2","13","2","9","1","1","C03","7","9","1","10","2","12","","7","7","1","13","4","120.611728","24.135717","2"
"2346","66000","387130000C","(04)23274275","(04)23288582","2026","2","6","14","53","臺中市","西區","0","2","0","7","2","6","30","13","9","1","5","4","6","6","4","4","10","5","5","2","17","2","9","1","1","C03","7","1","1","10","2","11","","51","51","1","12","4","120.659517","24.145381","2"
"2347","66000","387130000C","(04)23274275","(04)23288582","2026","2","6","14","54","臺中市","西屯區","0","2","0","6","2","6","50","3","1","1","5","4","6","6","3","1","10","5","5","2","15","2","9","4","4","F01","7","9","7","21","2","12","","24","24","1","12","4","120.64776","24.166963","2"
"2348","66000","387130000C","(04)23274275","(04)23288582","2026","2","6","14","56","臺中市","北區","0","0","0","7","","","50","","","","","","","","","","","","","","17","","","","","","","","","","","","","84","84","1","","","120.699543","24.154174","3"
"2349","66000","387130000C","(04)23274275","(04)23288582","2026","2","6","14","58","臺中市","西屯區","0","2","0","7","2","6","40","4","2","1","5","4","6","6","2","1","1","4","1","2","13","2","9","5","4","C03","7","9","3","19","2","11","","84","84","1","13","4","120.656078","24.159294","2"
"2350","66000","387130000C","(04)23274275","(04)23288582","2026","2","6","15","2","臺中市","潭子區","0","2","0","6","2","6","30","4","2","1","5","4","6","6","4","4","10","5","5","2","16","2","9","2","1","C03","7","5","1","10","2","14","","14","14","1","13","4","120.687658","24.205748","2"
"2351","66000","387130000C","(04)23274275","(04)23288582","2026","2","6","15","2","臺中市","霧峰區","0","2","0","7","3","6","50","4","1","1","5","4","6","6","1","1","10","5","5","2","15","2","9","1","1","C03","7","9","1","10","2","11","","21","21","1","6","4","120.693278","24.058781","2"
"2352","66000","387130000C","(04)23274275","(04)23288582","2026","2","6","15","5","臺中市","太平區","0","0","0","7","","","30","","","","","","","","","","","","","","","","","","","B12","","","1","","2","","","49","49","1","12","4","120.728217","24.111662","3"
"2353","66000","387130000C","(04)23274275","(04)23288582","2026","2","6","15","8","臺中市","東區","0","1","0","7","2","6","50","4","1","1","5","4","6","6","2","1","10","5","5","2","23","2","7","3","1","B03","7","9","1","8","2","8","","59","59","1","6","4","120.694417","24.14823","2"
"2354","66000","387130000C","(04)23274275","(04)23288582","2026","2","6","15","13","臺中市","西區","0","0","0","6","","","50","","","","","","","","","","","","","","30","","","","","B12","","","1","","1","","","84","84","1","12","4","120.660868","24.149033","3"
"2355","66000","387130000C","(04)23274275","(04)23288582","2026","2","6","15","14","臺中市","西屯區","0","0","0","7","","","50","","","","","","","","","","","","","","14","","","","","B01","","","1","","1","","","49","49","1","12","4","120.622599","24.174955","3"
"2356","66000","387130000C","(04)23274275","(04)23288582","2026","2","6","15","19","臺中市","大里區","0","0","0","7","","","50","","","","","","","","","","","","","","14","","","","","B03","","","1","","2","","","50","50","1","13","4","120.677325","24.106542","3"
"2357","66000","387130000C","(04)23274275","(04)23288582","2026","2","6","15","21","臺中市","北屯區","0","0","0","6","","","50","","","","","","","","","","","","","","14","","","","","C03","","","1","","1","","","49","49","1","6","4","120.692469","24.166454","3"
"2358","66000","387130000C","(04)23274275","(04)23288582","2026","2","6","15","21","臺中市","西屯區","0","0","0","7","","","40","","","","","","","","","","","","","","12","","","","","C03","","","1","","1","","","8","8","1","13","4","120.640777","24.167609","3"
"2359","66000","387130000C","(04)23274275","(04)23288582","2026","2","6","15","29","臺中市","南區","0","1","0","7","3","6","50","4","1","1","5","4","6","6","2","1","10","5","5","2","16","2","9","2","1","C03","7","9","1","10","2","11","","7","7","1","12","4","120.67659","24.131752","2"
"2360","66000","387130000C","(04)23274275","(04)23288582","2026","2","6","15","32","臺中市","南屯區","0","0","0","7","","","50","","","","","","","","","","","","","","","","","","","B13","","","1","","1","","","87","87","1","13","4","120.63433","24.151568","3"
"2361","66000","387130000C","(04)23274275","(04)23288582","2026","2","6","15","32","臺中市","太平區","0","2","0","7","2","6","50","4","1","1","5","4","6","6","2","1","10","5","5","2","13","2","7","1","1","C03","7","9","1","10","2","11","","7","7","1","12","4","120.701842","24.153678","2"
"2362","66000","387130000C","(04)23274275","(04)23288582","2026","2","6","15","34","臺中市","后里區","0","0","0","7","","","30","","","","","","","","","","","","","","12","","","","","B12","","","1","","2","","","51","51","1","6","4","120.679774","24.313595","3"
"2363","66000","387130000C","(04)23274275","(04)23288582","2026","2","6","15","41","臺中市","西區","0","0","0","7","","","50","","","","","","","","","","","","","","","","","","","C03","","","1","","2","","","8","8","1","13","4","120.666836","24.14798","3"
"2364","66000","387130000C","(04)23274275","(04)23288582","2026","2","6","15","44","臺中市","石岡區","0","1","0","6","2","6","50","13","8","1","5","4","6","6","4","4","8","4","4","1","12","2","9","1","1","C03","7","1","3","19","2","14","","51","51","1","12","4","120.81037","24.263826","2"
"2365","66000","387130000C","(04)23274275","(04)23288582","2026","2","6","15","47","臺中市","北屯區","0","1","0","7","2","6","40","4","1","1","5","4","6","6","2","1","10","5","5","2","16","2","8","2","1","C03","7","6","1","8","2","13","12","48","48","1","12","4","120.724588","24.169488","2"
"2366","66000","387130000C","(04)23274275","(04)23288582","2026","2","6","15","51","臺中市","清水區","0","0","0","7","3","6","50","","8","1","5","4","6","6","","4","8","","4","1","12","","","","","B03","","","1","","1","","","50","50","1","12","4","120.56916","24.272669","3"
"2367","66000","387130000C","(04)23274275","(04)23288582","2026","2","6","15","55","臺中市","太平區","0","1","0","7","2","6","50","4","2","1","5","4","6","6","2","1","10","5","5","2","12","2","2","3","1","B03","7","6","1","8","2","2","","8","8","1","12","4","120.7118","24.144521","2"
"2368","66000","387130000C","(04)23274275","(04)23288582","2026","2","6","15","58","臺中市","西區","0","1","0","7","2","6","50","4","1","1","5","4","6","6","2","1","10","5","5","2","9","3","10","3","1","A04","7","12","1","10","2","16","","87","87","1","13","4","120.664303","24.150892","2"
"2369","66000","387130000C","(04)23274275","(04)23288582","2026","2","6","15","58","臺中市","東區","0","2","0","7","3","6","50","18","24","1","5","4","6","6","4","4","10","5","5","2","17","2","9","2","1","C03","7","9","1","10","2","11","","39","39","1","13","4","120.691776","24.142782","2"
"2370","66000","387130000C","(04)23274275","(04)23288582","2026","2","6","15","59","臺中市","南區","0","0","0","7","","","30","","","","","","","","","","","","","","","","","","","B12","","","1","","1","","","49","49","1","13","4","120.663288","24.126706","3"
"2371","66000","387130000C","(04)23274275","(04)23288582","2026","2","6","16","4","臺中市","北屯區","0","0","0","7","","","50","","","","","","","","","","","","","","13","","","","","B12","","","1","","1","","","7","7","1","12","4","120.67619","24.196142","3"
"2372","66000","387130000C","(04)23274275","(04)23288582","2026","2","6","16","5","臺中市","東區","0","2","0","7","1","6","50","4","1","1","5","4","6","6","4","4","10","5","5","2","17","3","10","5","4","B03","7","9","1","8","2","2","","84","84","1","12","4","120.703252","24.142704","2"
"2373","66000","387130000C","(04)23274275","(04)23288582","2026","2","6","16","5","臺中市","西屯區","0","0","0","6","","3","80","","","","","","","","","","","","","","13","","","","","B03","","","1","","1","","","7","7","1","12","4","120.629247","24.163713","3"
"2374","66000","387130000C","(04)23274275","(04)23288582","2026","2","6","16","6","臺中市","梧棲區","0","0","0","7","","","50","","","","","","","","","","","","","","17","","","","","A12","","","1","","2","","","84","84","1","12","4","120.534679","24.24722","3"
"2375","66000","387130000C","(04)23274275","(04)23288582","2026","2","6","16","7","臺中市","后里區","0","1","0","7","2","6","50","3","1","1","5","4","6","6","4","4","9","4","5","1","17","3","10","3","1","B03","7","6","1","8","2","8","","12","12","1","6","4","120.727445","24.309296","2"
"2376","66000","387130000C","(04)23274275","(04)23288582","2026","2","6","16","9","臺中市","北屯區","0","0","0","7","","","50","","","","","","","","","","","","","","16","","","","","B01","","","1","","1","","","59","59","1","6","4","120.705978","24.16948","4"
"2377","66000","387130000C","(04)23274275","(04)23288582","2026","2","6","16","12","臺中市","潭子區","0","2","0","7","3","6","50","4","1","1","5","4","6","6","1","1","10","5","5","2","16","3","10","3","1","B12","7","5","1","8","2","5","","85","85","1","13","4","120.71835","24.218092","2"
"2378","66000","387130000C","(04)23274275","(04)23288582","2026","2","6","16","14","臺中市","沙鹿區","0","0","0","6","","","60","","","","","","","","","","","","","","12","","","","","A31","","","1","","1","","","8","8","1","12","4","120.556507","24.212245","3"
"2379","66000","387130000C","(04)23274275","(04)23288582","2026","2","6","16","15","臺中市","北屯區","0","0","0","7","","","50","","","","","","","","","","","","","","13","","","","","C03","","","1","","1","","","7","7","1","12","4","120.697045","24.169518","4"
"2380","66000","387130000C","(04)23274275","(04)23288582","2026","2","6","16","15","臺中市","東勢區","0","1","0","5","2","6","50","13","9","1","4","4","6","6","4","4","8","5","5","1","13","2","9","1","1","C03","7","9","1","10","2","11","","7","7","1","12","4","120.829662","24.253388","2"
"2381","66000","387130000C","(04)23274275","(04)23288582","2026","2","6","16","16","臺中市","南區","0","0","0","7","","","50","","","","","","","","","","","","","","12","","","","","B03","","","1","","1","","","26","26","1","6","4","120.657407","24.129679","3"
"2382","66000","387130000C","(04)23274275","(04)23288582","2026","2","6","16","17","臺中市","中區","0","1","0","7","2","6","50","4","1","1","5","4","6","6","1","1","10","5","5","2","17","3","10","3","1","B03","7","9","1","8","2","5","","85","85","1","12","4","120.681748","24.143169","2"
"2383","66000","387130000C","(04)23274275","(04)23288582","2026","2","6","16","17","臺中市","大肚區","0","0","0","6","","","30","","","","","","","","","","","","","","13","","","","","C03","","","1","","2","","","7","7","1","12","4","120.577498","24.167145","4"
"2384","66000","387130000C","(04)23274275","(04)23288582","2026","2","6","16","18","臺中市","西屯區","0","0","0","7","","","50","","","","","","","","","","","","","","13","","","","","C03","","","1","","1","","","7","7","1","5","4","120.619667","24.186583","3"
"2385","66000","387130000C","(04)23274275","(04)23288582","2026","2","6","16","22","臺中市","龍井區","0","0","0","7","","","30","","","","","","","","","","","","","","30","","","","","B03","","","1","","9","","","8","8","1","6","4","120.590274","24.18318","3"
"2386","66000","387130000C","(04)23274275","(04)23288582","2026","2","6","16","23","臺中市","潭子區","0","1","0","7","2","6","60","4","1","1","5","4","6","6","2","1","1","4","4","1","16","3","10","3","1","B12","7","5","1","8","2","5","","11","11","1","13","4","120.709091","24.232974","2"
"2387","66000","387130000C","(04)23274275","(04)23288582","2026","2","6","16","26","臺中市","東區","0","1","0","7","3","6","30","13","9","1","5","4","6","6","4","4","10","5","5","2","14","3","10","3","1","B01","7","2","1","4","2","3","","49","49","1","12","4","120.693107","24.152516","2"
"2388","66000","387130000C","(04)23274275","(04)23288582","2026","2","6","16","27","臺中市","西區","0","0","0","7","","","50","","","","","","","","","","","","","","12","","","","","B12","","","1","","1","","","35","35","1","12","4","120.668424","24.129743","3"
"2389","66000","387130000C","(04)23274275","(04)23288582","2026","2","6","16","30","臺中市","大雅區","0","2","0","7","3","6","50","13","8","1","5","4","6","6","4","4","1","3","4","2","13","2","9","1","1","C03","7","9","1","10","2","11","","7","7","1","12","4","120.637058","24.234438","2"
"2390","66000","387130000C","(04)23274275","(04)23288582","2026","2","6","16","33","臺中市","霧峰區","0","0","0","6","","","50","","","","","","","","","","","","","","17","","","","","B03","","","1","","2","","","11","11","1","13","4","120.695082","24.066084","3"
"2391","66000","387130000C","(04)23274275","(04)23288582","2026","2","6","16","37","臺中市","大雅區","0","1","0","6","1","6","30","4","1","1","5","4","6","6","1","1","10","5","5","1","16","3","10","3","1","B03","7","5","1","8","2","2","","11","11","1","12","4","120.664408","24.225955","2"
"2392","66000","387130000C","(04)23274275","(04)23288582","2026","2","6","16","37","臺中市","太平區","0","1","0","7","2","6","50","4","9","1","5","4","6","6","4","4","10","5","5","2","15","3","10","3","1","B03","7","9","1","8","2","8","","12","12","1","12","4","120.72047","24.156123","2"
"2393","66000","387130000C","(04)23274275","(04)23288582","2026","2","6","16","38","臺中市","西屯區","0","1","0","7","2","6","50","4","4","1","5","4","6","6","2","1","10","5","5","2","12","2","7","1","1","C03","7","9","1","10","2","11","14","7","7","1","12","4","120.654778","24.176098","2"
"2394","66000","387130000C","(04)23274275","(04)23288582","2026","2","6","16","39","臺中市","后里區","0","2","0","6","3","6","50","13","9","1","5","4","6","6","4","4","9","4","5","1","17","3","10","3","1","B12","7","1","1","8","2","16","","51","51","1","6","4","120.711437","24.308453","2"
"2395","66000","387130000C","(04)23274275","(04)23288582","2026","2","6","16","40","臺中市","大肚區","0","0","0","6","","","30","","","","","","","","","","","","","","12","","","","","A12","","","1","","2","","","8","8","1","12","4","120.569806","24.127612","3"
"2396","66000","387130000C","(04)23274275","(04)23288582","2026","2","6","16","45","臺中市","豐原區","0","1","0","6","2","6","50","4","4","1","5","4","6","6","2","1","1","4","5","1","13","3","10","3","1","B03","7","9","1","8","2","8","","54","54","1","12","4","120.714638","24.244657","2"
"2397","66000","387130000C","(04)23274275","(04)23288582","2026","2","6","16","46","臺中市","北屯區","0","0","0","6","","","50","","","","","","","","","","","","","","14","","","","","B03","","","1","","2","","","49","49","1","6","4","120.721058","24.176234","3"
"2398","66000","387130000C","(04)23274275","(04)23288582","2026","2","6","16","49","臺中市","梧棲區","0","0","0","7","","","50","","","","","","","","","","","","","","12","","","","","B13","","","1","","2","","","51","51","1","12","4","120.533859","24.255495","3"
"2399","66000","387130000C","(04)23274275","(04)23288582","2026","2","6","16","50","臺中市","大里區","0","1","0","7","2","6","50","13","13","1","5","4","6","6","4","4","9","1","1","2","17","3","10","3","1","B03","7","2","1","8","2","6","","49","49","1","6","4","120.676667","24.108507","2"
"2400","66000","387130000C","(04)23274275","(04)23288582","2026","2","6","16","51","臺中市","西區","0","1","0","7","3","6","50","4","1","1","5","4","6","6","1","1","10","5","5","2","13","2","3","1","1","C03","6","9","1","10","2","11","","59","59","1","6","4","120.67122","24.14549","2"
"2401","66000","387130000C","(04)23274275","(04)23288582","2026","2","6","16","53","臺中市","北屯區","0","1","0","7","2","6","50","13","9","1","5","4","6","6","4","4","5","4","5","2","17","2","9","2","1","C03","7","8","1","10","2","14","","40","40","1","6","4","120.713191","24.172993","2"
"2402","66000","387130000C","(04)23274275","(04)23288582","2026","2","6","16","53","臺中市","大肚區","0","1","0","6","2","6","50","13","9","1","5","4","6","6","4","4","7","5","5","2","17","3","10","5","1","B03","7","13","1","8","2","4","","76","76","1","6","4","120.574707","24.16977","2"
"2403","66000","387130000C","(04)23274275","(04)23288582","2026","2","6","16","55","臺中市","南屯區","0","1","0","7","3","6","50","3","1","1","5","4","6","6","4","4","10","5","5","2","17","3","10","3","1","B03","7","6","1","8","2","16","","84","84","1","12","4","120.607551","24.126856","2"
"2404","66000","387130000C","(04)23274275","(04)23288582","2026","2","6","16","55","臺中市","清水區","0","0","0","5","","","50","","","","","","","","","","","","","","","","","","","F01","","","1","","2","","","84","84","1","12","4","120.575935","24.268388","3"
"2405","66000","387130000C","(04)23274275","(04)23288582","2026","2","6","16","57","臺中市","西區","0","3","0","7","2","6","50","4","1","1","5","4","6","6","1","1","10","5","5","2","16","2","9","5","4","C03","7","6","1","10","2","12","","11","11","1","13","4","120.665592","24.132164","2"
"2406","66000","387130000C","(04)23274275","(04)23288582","2026","2","6","16","57","臺中市","北區","0","2","0","7","2","6","50","4","2","1","5","4","6","6","2","1","10","5","5","2","13","2","9","1","1","C03","7","9","1","10","1","11","","84","84","1","13","4","120.674507","24.162862","2"
"2407","66000","387130000C","(04)23274275","(04)23288582","2026","2","6","17","0","臺中市","西屯區","0","1","0","6","2","6","50","3","1","1","5","4","6","6","4","4","4","3","4","1","11","2","8","2","1","C02","7","6","1","9","2","11","","39","39","1","12","4","120.65324","24.176081","2"
"2408","66000","387130000C","(04)23274275","(04)23288582","2026","2","6","17","1","臺中市","霧峰區","0","1","0","7","2","6","50","3","1","1","5","4","6","6","4","4","10","5","5","2","16","3","10","3","1","B03","7","6","1","8","2","2","","14","14","1","6","4","120.697093","24.064053","2"
"2409","66000","387130000C","(04)23274275","(04)23288582","2026","2","6","17","1","臺中市","太平區","0","0","0","7","","","30","","","","","","","","","","","","","","17","","","","","C03","","","1","","2","","","59","59","1","12","4","120.712565","24.125633","3"
"2410","66000","387130000C","(04)23274275","(04)23288582","2026","2","6","17","4","臺中市","豐原區","0","0","0","7","","","30","","","","","","","","","","","","","","25","","","","","B03","","","1","","11","","","59","59","2","12","4","120.721626","24.248954","3"
"2411","66000","387130000C","(04)23274275","(04)23288582","2026","2","6","17","6","臺中市","大肚區","0","2","0","7","1","6","50","5","1","1","5","4","6","6","1","1","10","5","5","2","16","2","9","4","1","F02","7","9","7","21","2","11","","26","26","1","12","4","120.543114","24.150471","2"
"2412","66000","387130000C","(04)23274275","(04)23288582","2026","2","6","17","12","臺中市","西屯區","0","1","0","7","2","6","30","3","1","1","5","4","6","6","4","4","10","5","5","2","16","3","10","5","4","B03","7","6","1","8","2","5","","14","14","1","13","4","120.650882","24.162768","2"
"2413","66000","387130000C","(04)23274275","(04)23288582","2026","2","6","17","16","臺中市","大雅區","0","0","0","6","","","60","","","","","","","","","","","","","","12","","","","","B03","","","1","","2","","","84","84","1","12","4","120.64988","24.213108","3"
"2414","66000","387130000C","(04)23274275","(04)23288582","2026","2","6","17","16","臺中市","大里區","0","1","0","7","2","6","50","4","1","1","5","4","3","3","4","4","10","5","5","1","16","3","10","3","1","A11","7","6","1","8","2","1","","14","14","1","12","4","120.680725","24.111461","2"
"2415","66000","387130000C","(04)23274275","(04)23288582","2026","2","6","17","17","臺中市","大雅區","0","0","0","7","","","50","","","","","","","","","","","","","","13","","","","","B03","","","1","","1","","","7","7","1","12","4","120.662534","24.219518","3"
"2416","66000","387130000C","(04)23274275","(04)23288582","2026","2","6","17","17","臺中市","北區","0","1","0","7","2","6","50","3","1","1","5","4","6","6","4","4","5","4","4","2","16","3","10","3","1","B03","7","6","1","8","2","5","","14","14","1","12","4","120.676063","24.172892","2"
"2417","66000","387130000C","(04)23274275","(04)23288582","2026","2","6","17","18","臺中市","豐原區","0","0","0","7","","","50","","","","","","","","","","","","","","13","","","","","C03","","","1","","1","","","7","7","1","12","4","120.720416","24.240597","3"
"2418","66000","387130000C","(04)23274275","(04)23288582","2026","2","6","17","19","臺中市","東區","0","0","0","7","","","40","","","","","","","","","","","","","","17","","","","","","","","","","","","","85","85","1","","","120.689148","24.14292","4"
"2419","66000","387130000C","(04)23274275","(04)23288582","2026","2","6","17","19","臺中市","西屯區","0","0","0","7","","","50","","","","","","","","","","","","","","14","","","","","B03","","","1","","1","","","49","49","1","12","4","120.654115","24.158734","3"
"2420","66000","387130000C","(04)23274275","(04)23288582","2026","2","6","17","20","臺中市","龍井區","0","1","0","7","1","6","50","13","7","1","5","4","6","6","4","4","5","5","4","2","12","3","10","3","1","B03","7","1","1","9","2","8","","51","51","1","6","4","120.564166","24.200578","2"
"2421","66000","387130000C","(04)23274275","(04)23288582","2026","2","6","17","21","臺中市","西屯區","0","0","0","7","","","50","","","","","","","","","","","","","","12","","","","","B12","","","1","","1","","","8","8","1","12","4","120.60449","24.173645","3"
"2422","66000","387130000C","(04)23274275","(04)23288582","2026","2","6","17","22","臺中市","南屯區","0","1","0","7","2","6","50","4","1","1","5","4","6","6","4","4","10","5","5","2","17","3","10","1","1","C03","7","6","1","10","2","16","","14","14","1","13","4","120.626737","24.116003","2"
"2423","66000","387130000C","(04)23274275","(04)23288582","2026","2","6","17","23","臺中市","后里區","0","0","0","7","1","6","50","3","2","1","5","4","6","6","1","1","5","4","4","1","12","","","","","B03","","","1","","2","","","59","59","2","6","4","120.69607","24.313391","3"
"2424","66000","387130000C","(04)23274275","(04)23288582","2026","2","6","17","24","臺中市","北屯區","0","0","0","7","","","50","","","","","","","","","","","","","","15","","","","","F01","","","7","","2","","","21","21","1","12","4","120.681695","24.171887","4"
"2425","66000","387130000C","(04)23274275","(04)23288582","2026","2","6","17","24","臺中市","大甲區","0","1","0","7","2","6","50","13","9","1","5","4","6","6","4","4","5","5","5","1","28","2","9","2","1","C03","7","9","1","10","2","11","","84","84","1","6","4","120.66425","24.389007","2"
"2426","66000","387130000C","(04)23274275","(04)23288582","2026","2","6","17","32","臺中市","北區","0","3","0","7","1","6","50","4","1","1","5","4","6","6","2","1","10","5","5","2","17","3","10","1","1","C03","7","1","1","10","9","12","","84","84","2","13","4","120.677303","24.151254","2"
"2427","66000","387130000C","(04)23274275","(04)23288582","2026","2","6","17","33","臺中市","太平區","0","1","0","7","2","6","50","4","2","1","5","4","6","6","2","1","5","5","4","1","16","3","10","3","1","B02","7","11","1","8","2","6","","39","39","1","12","4","120.719016","24.148693","2"