序號,縣市別代碼,機關代碼,市話,傳真,年,月,日,時,分,縣市,區,死亡數量,受傷數量,2-30,天候,道路照明設備,道路類別,道路速限,道路型態,事故位置,路面鋪裝,路面狀態,路面缺陷,障礙物,視距,號誌種類,號誌動作,分向設施,快車道或一般車道間,快慢車道間,路面邊線,事故類型及型態,受傷程度,主要傷處,保護裝備,行動電話或功能裝置,當事者區分(類別),車輛用途,當事者行動狀態,駕照狀態,駕照種類,飲酒情形,車輛撞擊部位最初,車輛撞擊部位其他,肇事因素個別,肇事因素主要,肇事逃逸,職業,共享經濟或外送平台,GPS座標X,GPS座標Y,事故類別
"2428","66000","387130000C","(04)23274275","(04)23288582","2026","2","6","17","33","臺中市","豐原區","0","0","0","7","","","30","","","","","","","","","","","","","","14","","","","","B12","","","1","","2","","","49","49","1","12","4","120.734024","24.263267","3"
"2429","66000","387130000C","(04)23274275","(04)23288582","2026","2","6","17","34","臺中市","東區","0","0","0","7","","","50","","","","","","","","","","","","","","","","","","","C03","","","1","","1","","","7","7","1","12","4","120.692428","24.143477","3"
"2430","66000","387130000C","(04)23274275","(04)23288582","2026","2","6","17","34","臺中市","北屯區","0","1","0","7","1","6","50","4","1","1","5","4","6","6","2","1","10","5","5","2","18","2","7","4","1","F01","7","9","7","21","1","11","","84","84","1","4","4","120.719478","24.18209","2"
"2431","66000","387130000C","(04)23274275","(04)23288582","2026","2","6","17","34","臺中市","沙鹿區","0","0","0","7","","","50","","","","","","","","","","","","","","17","","","","","B03","","","1","","2","","","8","8","1","6","4","120.559434","24.239931","3"
"2432","66000","387130000C","(04)23274275","(04)23288582","2026","2","6","17","36","臺中市","西區","0","0","0","6","","","50","","","","","","","","","","","","","","","","","","","C03","","","1","","1","","","8","8","1","12","4","120.669787","24.150697","3"
"2433","66000","387130000C","(04)23274275","(04)23288582","2026","2","6","17","38","臺中市","太平區","0","0","0","7","","","50","","","","","","","","","","","","","","17","","","","","","","","","","","","","86","86","1","","","120.714301","24.104151","3"
"2434","66000","387130000C","(04)23274275","(04)23288582","2026","2","6","17","38","臺中市","沙鹿區","0","0","0","7","","","50","","","","","","","","","","","","","","15","","","","","C03","","","1","","2","","","12","12","1","12","4","120.54997","24.216691","3"
"2435","66000","387130000C","(04)23274275","(04)23288582","2026","2","6","17","38","臺中市","梧棲區","0","1","0","7","1","6","40","13","8","1","5","4","6","6","4","4","1","4","3","1","17","3","10","3","1","B03","7","2","1","7","2","6","","49","49","1","12","4","120.527244","24.229428","2"
"2436","66000","387130000C","(04)23274275","(04)23288582","2026","2","6","17","38","臺中市","清水區","0","2","0","7","1","6","70","4","1","1","5","4","6","6","1","1","8","3","4","1","15","3","10","3","1","B03","7","9","3","19","2","4","","21","21","1","12","4","120.549115","24.281433","2"
"2437","66000","387130000C","(04)23274275","(04)23288582","2026","2","6","17","40","臺中市","大雅區","0","0","0","7","","","50","","","","","","","","","","","","","","35","","","","","B03","","","1","","2","","","7","7","1","12","4","120.649465","24.21469","3"
"2438","66000","387130000C","(04)23274275","(04)23288582","2026","2","6","17","40","臺中市","北屯區","0","0","0","7","","","50","","","","","","","","","","","","","","12","","","","","B03","","","1","","1","","","40","40","1","12","4","120.723","24.181584","3"
"2439","66000","387130000C","(04)23274275","(04)23288582","2026","2","6","17","42","臺中市","北區","0","0","0","7","","","50","","","","","","","","","","","","","","17","","","","","B02","","","1","","1","","","84","84","1","13","4","120.664312","24.164044","3"
"2440","66000","387130000C","(04)23274275","(04)23288582","2026","2","6","17","43","臺中市","南屯區","0","1","0","7","1","6","50","4","9","1","5","4","6","6","2","1","5","4","5","1","15","3","10","6","1","F01","7","9","7","21","2","13","","21","21","1","12","4","120.611656","24.135656","2"
"2441","66000","387130000C","(04)23274275","(04)23288582","2026","2","6","17","43","臺中市","北屯區","0","1","0","7","1","6","50","4","2","1","5","4","6","6","2","1","1","4","5","2","16","3","10","3","1","B03","7","5","1","8","2","8","","2","2","1","12","4","120.675866","24.173743","2"
"2442","66000","387130000C","(04)23274275","(04)23288582","2026","2","6","17","43","臺中市","霧峰區","0","1","0","7","3","6","30","4","1","1","5","4","6","6","4","4","10","5","5","2","15","2","5","1","1","C03","7","9","1","10","2","11","","12","12","1","6","4","120.700367","24.069695","2"
"2443","66000","387130000C","(04)23274275","(04)23288582","2026","2","6","17","44","臺中市","南區","0","0","0","7","","","50","","","","","","","","","","","","","","12","","","","","B03","","","1","","2","","","40","40","1","6","4","120.670185","24.11431","3"
"2444","66000","387130000C","(04)23274275","(04)23288582","2026","2","6","17","44","臺中市","北屯區","0","0","0","7","","","50","","","","","","","","","","","","","","13","","","","","C03","","","1","","1","","","7","7","1","12","4","120.733299","24.169565","3"
"2445","66000","387130000C","(04)23274275","(04)23288582","2026","2","6","17","46","臺中市","大雅區","0","1","0","7","1","6","0","13","9","1","5","4","6","6","4","4","9","5","5","2","17","3","10","3","1","B03","7","1","1","8","2","8","","51","51","1","12","4","120.666489","24.231701","2"
"2446","66000","387130000C","(04)23274275","(04)23288582","2026","2","6","17","48","臺中市","大雅區","0","1","0","7","1","6","60","3","1","1","5","4","6","6","1","1","1","4","4","1","16","3","10","3","1","B03","7","6","1","8","2","2","","11","11","1","12","4","120.64762","24.220485","2"
"2447","66000","387130000C","(04)23274275","(04)23288582","2026","2","6","17","48","臺中市","沙鹿區","0","0","0","6","","","30","","","","","","","","","","","","","","14","","","","","B11","","","1","","2","","","49","49","1","12","4","120.569492","24.208545","3"
"2448","66000","387130000C","(04)23274275","(04)23288582","2026","2","6","17","49","臺中市","大甲區","0","1","0","7","1","6","50","3","1","1","5","4","6","6","4","4","5","5","5","1","16","2","9","1","1","C03","7","1","1","10","2","14","","51","51","1","12","4","120.617766","24.347814","2"
"2449","66000","387130000C","(04)23274275","(04)23288582","2026","2","6","17","52","臺中市","神岡區","0","1","0","7","1","6","50","4","9","1","5","4","6","6","1","1","5","5","5","1","17","3","10","3","1","B03","7","6","1","8","2","8","8","11","11","1","12","4","120.696972","24.256985","2"
"2450","66000","387130000C","(04)23274275","(04)23288582","2026","2","6","17","54","臺中市","南區","0","2","0","7","1","6","40","13","8","1","5","4","6","6","4","4","1","4","4","2","17","2","9","5","4","C03","7","7","1","10","2","12","","40","40","1","13","4","120.657676","24.117187","2"
"2451","66000","387130000C","(04)23274275","(04)23288582","2026","2","6","17","54","臺中市","南區","0","2","0","7","3","6","50","3","1","1","5","4","6","6","4","4","10","5","5","2","16","2","9","5","1","F01","7","6","7","21","2","14","","14","14","1","13","1","120.682564","24.13116","2"
"2452","66000","387130000C","(04)23274275","(04)23288582","2026","2","6","17","54","臺中市","南屯區","0","1","0","7","2","6","50","13","9","1","5","4","6","6","4","4","9","4","5","2","11","3","10","3","1","B03","7","8","1","8","2","2","","85","85","1","12","4","120.649993","24.147364","2"
"2453","66000","387130000C","(04)23274275","(04)23288582","2026","2","6","17","55","臺中市","北區","0","1","0","7","1","6","50","3","9","1","5","4","6","6","4","4","9","5","5","2","17","2","9","1","1","C03","7","9","1","10","2","12","","84","84","1","12","4","120.676602","24.164111","2"
"2454","66000","387130000C","(04)23274275","(04)23288582","2026","2","6","17","58","臺中市","南區","0","0","0","7","","","50","","","","","","","","","","","","","","","","","","","C03","","","1","","2","","","7","7","1","6","4","120.653667","24.113736","3"
"2455","66000","387130000C","(04)23274275","(04)23288582","2026","2","6","17","58","臺中市","太平區","0","0","0","7","","","0","","","","","","","","","","","","","","","","","","","B03","","","1","","9","","","51","51","2","12","4","120.735612","24.156478","3"
"2456","66000","387130000C","(04)23274275","(04)23288582","2026","2","6","17","59","臺中市","南屯區","0","1","0","7","3","6","50","13","9","1","5","4","6","6","4","4","5","4","5","2","13","2","9","2","1","C03","7","9","1","10","2","11","","59","59","1","13","4","120.649839","24.151293","2"
"2457","66000","387130000C","(04)23274275","(04)23288582","2026","2","6","18","0","臺中市","北區","0","0","0","7","","","50","","","","","","","","","","","","","","17","","","","","B03","","","1","","2","","","48","48","1","13","4","120.68028","24.155649","3"
"2458","66000","387130000C","(04)23274275","(04)23288582","2026","2","6","18","0","臺中市","西屯區","0","1","0","7","1","6","40","4","1","1","5","4","6","6","4","4","10","5","5","2","15","3","10","3","4","B03","7","9","1","8","2","5","","15","15","1","12","4","120.657762","24.194849","2"
"2459","66000","387130000C","(04)23274275","(04)23288582","2026","2","6","18","0","臺中市","西屯區","0","1","0","7","1","6","40","11","9","1","5","4","6","6","4","4","1","4","5","2","17","2","9","2","1","C03","7","6","1","10","2","12","","8","8","1","12","4","120.653137","24.194977","2"
"2460","66000","387130000C","(04)23274275","(04)23288582","2026","2","6","18","0","臺中市","烏日區","0","0","0","7","","","60","","","","","","","","","","","","","","13","","","","","B03","","","1","","1","","","7","7","1","6","4","120.599642","24.110249","3"
"2461","66000","387130000C","(04)23274275","(04)23288582","2026","2","6","18","3","臺中市","霧峰區","0","1","0","6","1","6","50","13","7","1","5","4","6","6","1","1","3","4","4","1","17","3","10","3","1","B03","7","9","1","8","2","1","","7","7","1","13","4","120.692608","24.046939","2"
"2462","66000","387130000C","(04)23274275","(04)23288582","2026","2","6","18","6","臺中市","西區","0","0","0","7","","","50","","","","","","","","","","","","","","13","","","","","B03","","","1","","1","","","7","7","1","12","4","120.66169","24.150651","3"
"2463","66000","387130000C","(04)23274275","(04)23288582","2026","2","6","18","6","臺中市","北區","0","0","0","7","","","50","","","","","","","","","","","","","","13","","","","","C03","","","1","","2","","","84","84","1","13","4","120.671661","24.170046","3"
"2464","66000","387130000C","(04)23274275","(04)23288582","2026","2","6","18","6","臺中市","南區","0","1","0","7","1","6","50","13","24","1","5","4","5","3","4","4","9","4","4","2","17","3","10","5","4","B03","7","6","1","8","2","1","","20","20","1","12","4","120.653241","24.121868","2"
"2465","66000","387130000C","(04)23274275","(04)23288582","2026","2","6","18","7","臺中市","南屯區","0","0","0","7","","","50","","","","","","","","","","","","","","13","","","","","B03","","","1","","1","","","59","59","1","12","4","120.646723","24.136926","3"
"2466","66000","387130000C","(04)23274275","(04)23288582","2026","2","6","18","7","臺中市","沙鹿區","0","1","0","7","1","6","50","3","1","1","5","4","6","6","4","4","10","5","5","2","18","2","9","2","1","C03","7","9","1","10","2","12","","59","59","1","6","4","120.56616","24.234744","2"
"2467","66000","387130000C","(04)23274275","(04)23288582","2026","2","6","18","7","臺中市","豐原區","0","3","0","7","1","6","50","4","1","1","5","4","6","6","1","1","5","5","4","2","16","2","9","5","4","C03","7","6","1","10","2","12","","48","48","1","12","4","120.710692","24.250515","2"
"2468","66000","387130000C","(04)23274275","(04)23288582","2026","2","6","18","8","臺中市","南屯區","0","0","0","7","","3","50","","","","","","","","","","","","","","13","","","","","B03","","","1","","1","","","7","7","1","13","4","120.621129","24.13316","3"
"2469","66000","387130000C","(04)23274275","(04)23288582","2026","2","6","18","8","臺中市","沙鹿區","0","0","0","7","","","50","","","","","","","","","","","","","","14","","","","","B03","","","1","","2","","","49","49","1","12","4","120.562506","24.236763","3"
"2470","66000","387130000C","(04)23274275","(04)23288582","2026","2","6","18","9","臺中市","南屯區","0","0","0","7","","","50","","","","","","","","","","","","","","12","3","10","3","1","B03","7","10","1","8","1","4","","84","84","1","12","4","120.615875","24.153524","3"
"2471","66000","387130000C","(04)23274275","(04)23288582","2026","2","6","18","12","臺中市","龍井區","0","0","0","6","","","60","","","","","","","","","","","","","","17","","","","","B03","","","1","","2","","","78","78","1","6","4","120.573133","24.188688","3"
"2472","66000","387130000C","(04)23274275","(04)23288582","2026","2","6","18","13","臺中市","北屯區","0","0","0","7","","","50","","","","","","","","","","","","","","13","","","","","C03","","","1","","1","","","7","7","1","6","4","120.685501","24.17219","3"
"2473","66000","387130000C","(04)23274275","(04)23288582","2026","2","6","18","15","臺中市","北屯區","0","1","0","7","1","6","50","13","9","1","5","4","6","6","4","4","10","4","5","2","16","3","10","3","1","B03","7","6","1","8","2","2","","20","20","1","12","4","120.681888","24.193155","2"
"2474","66000","387130000C","(04)23274275","(04)23288582","2026","2","6","18","15","臺中市","西屯區","0","0","0","7","","","50","","","","","","","","","","","","","","12","","","","","B03","","","1","","1","","","40","40","1","13","4","120.656754","24.200949","3"
"2475","66000","387130000C","(04)23274275","(04)23288582","2026","2","6","18","18","臺中市","北區","0","0","0","7","","","50","","","","","","","","","","","","","","17","","","","","B03","","","1","","2","","","40","40","1","12","4","120.686379","24.147063","3"
"2476","66000","387130000C","(04)23274275","(04)23288582","2026","2","6","18","20","臺中市","北屯區","0","2","0","6","1","6","50","4","4","1","5","4","6","6","2","1","1","4","5","2","13","2","9","2","1","C03","7","12","1","10","2","11","","59","59","1","6","4","120.697123","24.169725","2"
"2477","66000","387130000C","(04)23274275","(04)23288582","2026","2","6","18","20","臺中市","沙鹿區","0","0","0","6","","","50","","","","","","","","","","","","","","13","","","","","B03","","","1","","2","","","7","7","1","12","4","120.560624","24.235967","3"
"2478","66000","387130000C","(04)23274275","(04)23288582","2026","2","6","18","21","臺中市","大里區","0","0","0","7","","","50","","","","","","","","","","","","","","13","","","","","B03","","","1","","2","","","7","7","1","6","4","120.675288","24.109241","3"
"2479","66000","387130000C","(04)23274275","(04)23288582","2026","2","6","18","23","臺中市","南屯區","0","0","0","7","","","40","","","","","","","","","","","","","","","","","","","B12","","","1","","1","","","49","49","1","12","4","120.648257","24.153628","3"
"2480","66000","387130000C","(04)23274275","(04)23288582","2026","2","6","18","23","臺中市","西屯區","0","0","0","7","","","50","","","","","","","","","","","","","","12","","","","","B01","","","1","","1","","","8","8","1","12","4","120.636248","24.159496","3"
"2481","66000","387130000C","(04)23274275","(04)23288582","2026","2","6","18","24","臺中市","潭子區","0","0","0","7","","","60","","","","","","","","","","","","","","","","","","","B03","","","3","","2","","","7","7","1","13","4","120.686563","24.207175","3"
"2482","66000","387130000C","(04)23274275","(04)23288582","2026","2","6","18","24","臺中市","北屯區","0","0","0","7","","","50","","","","","","","","","","","","","","13","","","","","B03","","","1","","1","","","50","50","1","12","4","120.679951","24.17551","3"
"2483","66000","387130000C","(04)23274275","(04)23288582","2026","2","6","18","30","臺中市","西屯區","0","0","0","7","","","60","","","","","","","","","","","","","","13","","","","","B01","","","1","","1","","","21","21","1","12","4","120.632193","24.170421","3"
"2484","66000","387130000C","(04)23274275","(04)23288582","2026","2","6","18","33","臺中市","豐原區","0","0","0","7","","","50","","","","","","","","","","","","","","13","","","","","B03","","","1","","2","","","7","7","1","12","4","120.728755","24.2578","3"
"2485","66000","387130000C","(04)23274275","(04)23288582","2026","2","6","18","34","臺中市","潭子區","0","1","0","6","1","6","30","3","1","1","5","4","6","6","4","4","10","5","5","2","17","3","10","3","1","B03","7","2","1","8","2","3","","49","49","1","13","4","120.681246","24.203525","2"
"2486","66000","387130000C","(04)23274275","(04)23288582","2026","2","6","18","37","臺中市","西屯區","0","1","0","7","1","6","50","13","9","1","5","4","6","6","4","4","5","5","5","2","12","3","10","3","1","B03","7","9","1","8","2","6","","34","34","1","12","4","120.637443","24.177904","2"
"2487","66000","387130000C","(04)23274275","(04)23288582","2026","2","6","18","41","臺中市","北區","0","1","0","7","1","6","40","13","8","1","5","4","6","6","4","4","9","4","4","2","14","3","10","3","1","B03","7","2","1","8","1","3","","49","49","1","12","4","120.679466","24.159142","2"
"2488","66000","387130000C","(04)23274275","(04)23288582","2026","2","6","18","44","臺中市","北屯區","0","0","0","7","","","50","","","","","","","","","","","","","","14","","","","","B03","","","1","","2","","","49","49","1","6","4","120.735496","24.159786","3"
"2489","66000","387130000C","(04)23274275","(04)23288582","2026","2","6","18","45","臺中市","大里區","0","0","0","7","","3","80","","","","","","","","","","","","","","","","","","","B03","","","1","","2","","","40","40","1","6","4","120.687618","24.058182","3"
"2490","66000","387130000C","(04)23274275","(04)23288582","2026","2","6","18","45","臺中市","太平區","0","1","0","7","3","6","50","3","1","1","5","4","6","6","1","1","10","5","5","2","16","3","10","2","1","C03","7","1","1","10","2","14","","87","87","1","13","4","120.711363","24.134132","2"
"2491","66000","387130000C","(04)23274275","(04)23288582","2026","2","6","18","48","臺中市","東區","0","0","0","7","","","50","","","","","","","","","","","","","","12","","","","","C03","","","1","","1","","","7","7","1","6","4","120.694549","24.142648","3"
"2492","66000","387130000C","(04)23274275","(04)23288582","2026","2","6","18","48","臺中市","豐原區","0","0","0","7","","","50","","","","","","","","","","","","","","27","","","","","B03","","","1","","2","","","84","84","1","12","4","120.748961","24.254522","3"
"2493","66000","387130000C","(04)23274275","(04)23288582","2026","2","6","18","49","臺中市","南屯區","0","0","0","7","","","50","","","","","","","","","","","","","","","","","","","B02","","","1","","2","","","84","84","1","13","4","120.6239","24.152196","3"
"2494","66000","387130000C","(04)23274275","(04)23288582","2026","2","6","18","49","臺中市","霧峰區","0","0","0","7","","3","80","","","","","","","","","","","","","","","","","","","B03","","","1","","2","","","20","20","1","6","4","120.686955","24.057325","3"
"2495","66000","387130000C","(04)23274275","(04)23288582","2026","2","6","19","3","臺中市","西屯區","0","0","0","7","","3","80","","","","","","","","","","","","","","13","","","","","B03","","","1","","2","","","59","59","1","13","4","120.630224","24.165966","3"
"2496","66000","387130000C","(04)23274275","(04)23288582","2026","2","6","19","7","臺中市","西屯區","0","0","0","7","","","40","","","","","","","","","","","","","","13","","","","","B03","","","3","","1","","","7","7","1","12","4","120.654561","24.158375","3"
"2497","66000","387130000C","(04)23274275","(04)23288582","2026","2","6","19","9","臺中市","南屯區","0","2","0","7","1","6","40","13","9","1","5","4","6","6","4","4","10","5","5","1","14","3","10","3","1","B03","7","2","1","8","2","3","","49","49","1","12","4","120.612022","24.13893","2"
"2498","66000","387130000C","(04)23274275","(04)23288582","2026","2","6","19","10","臺中市","西區","0","2","0","7","1","6","30","4","1","1","5","4","6","6","4","4","10","5","5","2","15","2","9","1","1","C03","7","9","1","10","2","12","","15","15","1","6","4","120.658645","24.150197","2"
"2499","66000","387130000C","(04)23274275","(04)23288582","2026","2","6","19","12","臺中市","北屯區","0","0","0","7","","","50","","","","","","","","","","","","","","","","","","","B12","","","1","","1","","","8","8","1","6","4","120.701726","24.182041","3"
"2500","66000","387130000C","(04)23274275","(04)23288582","2026","2","6","19","14","臺中市","北屯區","0","1","0","6","1","6","50","3","1","1","5","4","6","6","2","1","10","5","5","1","13","2","9","2","1","C03","7","12","1","10","2","11","","7","7","1","6","4","120.694171","24.161292","2"
"2501","66000","387130000C","(04)23274275","(04)23288582","2026","2","6","19","15","臺中市","南屯區","0","1","0","7","1","6","50","3","1","1","5","4","6","6","1","1","10","5","5","2","17","3","10","3","1","B03","7","9","1","8","2","2","","8","8","1","13","4","120.612664","24.154132","2"
"2502","66000","387130000C","(04)23274275","(04)23288582","2026","2","6","19","18","臺中市","西屯區","0","0","0","7","","","60","","","","","","","","","","","","","","12","","","","","B03","","","1","","2","","","8","8","1","12","4","120.628786","24.163052","3"
"2503","66000","387130000C","(04)23274275","(04)23288582","2026","2","6","19","25","臺中市","西屯區","0","2","0","7","1","6","40","4","1","1","5","4","6","6","2","1","10","5","5","2","16","3","10","2","4","C03","7","6","1","10","1","11","","11","11","1","13","4","120.638012","24.172749","2"
"2504","66000","387130000C","(04)23274275","(04)23288582","2026","2","6","19","30","臺中市","大雅區","0","0","0","7","","","","","","","","","","","","","","","","","1","","","","","","","","","","","","","8","","1","","","120.634161","24.24272","3"
"2505","66000","387130000C","(04)23274275","(04)23288582","2026","2","6","19","30","臺中市","北屯區","0","0","0","7","","","50","","","","","","","","","","","","","","17","","","","","B03","","","1","","9","","","49","49","1","12","4","120.681563","24.193036","3"
"2506","66000","387130000C","(04)23274275","(04)23288582","2026","2","6","19","32","臺中市","西區","0","0","0","6","","","50","","","","","","","","","","","","","","","","","","","B03","","","1","","1","","","11","11","1","12","4","120.652945","24.148829","3"
"2507","66000","387130000C","(04)23274275","(04)23288582","2026","2","6","19","32","臺中市","龍井區","0","1","0","6","1","6","30","3","2","1","5","4","6","6","4","4","10","5","5","2","17","2","9","2","1","C03","7","12","1","10","2","12","","6","6","1","6","4","120.589368","24.182799","2"
"2508","66000","387130000C","(04)23274275","(04)23288582","2026","2","6","19","33","臺中市","北屯區","0","1","0","7","2","6","50","4","1","1","5","4","6","6","2","1","10","5","5","2","16","2","5","1","1","C04","7","6","1","10","2","12","","11","11","1","12","4","120.670757","24.17869","2"
"2509","66000","387130000C","(04)23274275","(04)23288582","2026","2","6","19","34","臺中市","大雅區","0","1","0","7","1","6","50","4","2","1","5","4","6","6","4","4","5","5","5","1","13","3","10","2","1","C03","7","9","1","10","2","11","","7","7","1","12","4","120.644774","24.221377","2"
"2510","66000","387130000C","(04)23274275","(04)23288582","2026","2","6","19","35","臺中市","清水區","0","2","0","7","1","6","50","4","2","1","5","4","6","6","1","1","8","4","5","2","11","2","9","1","1","C03","7","6","1","10","4","11","","26","26","1","12","4","120.575823","24.275816","2"
"2511","66000","387130000C","(04)23274275","(04)23288582","2026","2","6","19","36","臺中市","大里區","0","0","0","7","","","50","","","","","","","","","","","","","","12","","","","","C03","","","1","","2","","","40","40","1","13","4","120.694362","24.100711","3"
"2512","66000","387130000C","(04)23274275","(04)23288582","2026","2","6","19","40","臺中市","西屯區","0","1","0","7","1","6","50","3","2","5","5","4","6","6","4","4","10","5","5","2","12","","","","","","","21","","","","","","86","86","2","","","120.622838","24.183515","2"
"2513","66000","387130000C","(04)23274275","(04)23288582","2026","2","6","19","42","臺中市","北屯區","0","0","0","7","","","50","","","","","","","","","","","","","","13","","","","","B12","","","1","","1","","","59","59","1","6","4","120.720519","24.161372","3"
"2514","66000","387130000C","(04)23274275","(04)23288582","2026","2","6","19","43","臺中市","北屯區","0","0","0","7","","","40","","","","","","","","","","","","","","17","","","","","B03","","","1","","1","","","85","85","1","12","4","120.671472","24.182572","4"
"2515","66000","387130000C","(04)23274275","(04)23288582","2026","2","6","19","43","臺中市","烏日區","0","0","0","7","","","60","","","","","","","","","","","","","","12","","","","","B03","","","1","","2","","","8","8","1","6","4","120.627156","24.104134","3"
"2516","66000","387130000C","(04)23274275","(04)23288582","2026","2","6","19","53","臺中市","南區","0","1","0","7","1","6","50","4","1","1","5","4","6","6","1","1","10","5","5","2","16","3","10","2","1","C03","7","6","1","9","2","12","","11","11","1","13","4","120.660131","24.125881","2"
"2517","66000","387130000C","(04)23274275","(04)23288582","2026","2","6","19","53","臺中市","梧棲區","0","0","0","7","","","60","","","","","","","","","","","","","","12","","","","","B03","","","1","","1","","","8","8","1","12","4","120.53742","24.253327","3"
"2518","66000","387130000C","(04)23274275","(04)23288582","2026","2","6","19","55","臺中市","梧棲區","0","0","0","7","","","50","","","","","","","","","","","","","","17","","","","","B03","","","1","","2","","","59","59","1","12","4","120.548862","24.255534","3"
"2519","66000","387130000C","(04)23274275","(04)23288582","2026","2","6","19","58","臺中市","東區","0","0","0","7","","","50","","","","","","","","","","","","","","","","","","","A04","","","1","","2","","","84","84","1","6","4","120.688431","24.135287","4"
"2520","66000","387130000C","(04)23274275","(04)23288582","2026","2","6","19","59","臺中市","外埔區","0","2","0","6","1","6","50","3","1","1","5","4","6","6","4","4","4","4","4","1","16","2","8","1","1","C03","7","9","1","10","2","12","","39","39","2","12","4","120.63866","24.341839","2"
"2521","66000","387130000C","(04)23274275","(04)23288582","2026","2","6","20","0","臺中市","太平區","0","0","0","7","","","50","","","","","","","","","","","","","","14","","","","","B12","","","1","","2","","","49","49","1","12","4","120.721347","24.158009","3"
"2522","66000","387130000C","(04)23274275","(04)23288582","2026","2","6","20","0","臺中市","石岡區","0","1","0","7","1","6","30","3","1","1","5","4","6","6","4","4","10","5","5","2","17","3","10","3","1","B12","7","5","1","8","2","7","","12","12","1","12","4","120.814155","24.261778","2"
"2523","66000","387130000C","(04)23274275","(04)23288582","2026","2","6","20","2","臺中市","烏日區","0","0","0","7","1","6","40","13","9","1","5","4","6","5","4","4","10","","5","2","24","3","10","3","1","B02","7","9","1","8","2","5","","84","84","1","6","4","120.605814","24.118634","3"
"2524","66000","387130000C","(04)23274275","(04)23288582","2026","2","6","20","3","臺中市","大里區","0","0","0","7","","","50","","","","","","","","","","","","","","17","","","","","C03","","","1","","2","","","50","50","1","6","4","120.689424","24.110133","3"
"2525","66000","387130000C","(04)23274275","(04)23288582","2026","2","6","20","11","臺中市","西屯區","0","1","0","7","1","6","50","4","9","1","5","4","6","6","1","1","5","5","5","2","12","2","9","2","1","C03","7","1","3","19","2","14","","51","51","1","12","4","120.666603","24.175209","2"
"2526","66000","387130000C","(04)23274275","(04)23288582","2026","2","6","20","14","臺中市","西區","0","1","0","6","1","6","50","4","2","1","5","4","6","6","4","4","5","2","5","2","17","3","10","3","1","B03","7","11","1","8","2","8","","39","39","1","12","4","120.674059","24.147161","2"
"2527","66000","387130000C","(04)23274275","(04)23288582","2026","2","6","20","15","臺中市","大肚區","0","0","0","7","","","60","","","","","","","","","","","","","","","","","","","B03","","","1","","2","","","49","49","1","6","4","120.542277","24.169898","4"
"2528","66000","387130000C","(04)23274275","(04)23288582","2026","2","6","20","19","臺中市","霧峰區","0","0","0","6","","","50","","","","","","","","","","","","","","17","","","","","B03","","","1","","1","","","7","7","1","13","4","120.69585","24.054332","3"
"2529","66000","387130000C","(04)23274275","(04)23288582","2026","2","6","20","22","臺中市","北屯區","0","2","0","7","1","6","40","4","1","1","5","4","6","6","2","1","10","5","5","2","13","2","9","2","1","C03","7","9","1","10","1","12","11","84","84","1","12","4","120.718968","24.163034","2"
"2530","66000","387130000C","(04)23274275","(04)23288582","2026","2","6","20","23","臺中市","西屯區","0","0","0","7","","","50","","","","","","","","","","","","","","12","","","","","C03","","","1","","2","","","8","8","1","12","4","120.659383","24.193421","3"
"2531","66000","387130000C","(04)23274275","(04)23288582","2026","2","6","20","27","臺中市","沙鹿區","0","0","0","7","","","50","","","","","","","","","","","","","","17","","","","","B03","","","1","","11","","","48","48","2","6","4","120.562662","24.233383","3"
"2532","66000","387130000C","(04)23274275","(04)23288582","2026","2","6","20","32","臺中市","西屯區","0","0","0","7","","","50","","","","","","","","","","","","","","13","","","","","B03","","","1","","2","","","59","59","1","13","4","120.644076","24.200908","3"
"2533","66000","387130000C","(04)23274275","(04)23288582","2026","2","6","20","40","臺中市","北屯區","0","0","0","7","","","30","","","","","","","","","","","","","","11","","","","","B03","","","1","","2","","","8","8","1","6","4","120.698261","24.176115","3"
"2534","66000","387130000C","(04)23274275","(04)23288582","2026","2","6","20","40","臺中市","北屯區","0","0","0","7","","","50","","","","","","","","","","","","","","14","","","","","B03","","","1","","1","","","49","49","1","12","4","120.6999","24.163644","3"
"2535","66000","387130000C","(04)23274275","(04)23288582","2026","2","6","20","41","臺中市","南屯區","0","0","0","7","","","30","","","","","","","","","","","","","","","","","","","B12","","","1","","9","","","85","85","1","13","4","120.647888","24.136537","3"
"2536","66000","387130000C","(04)23274275","(04)23288582","2026","2","6","20","45","臺中市","東區","0","0","0","7","","","50","","","","","","","","","","","","","","17","","","","","C03","","","1","","2","","","7","7","1","6","4","120.693447","24.13286","3"
"2537","66000","387130000C","(04)23274275","(04)23288582","2026","2","6","20","51","臺中市","南區","0","0","0","6","","","40","","","","","","","","","","","","","","","","","","","B03","","","1","","1","","","50","50","1","13","4","120.697614","24.13866","3"
"2538","66000","387130000C","(04)23274275","(04)23288582","2026","2","6","20","55","臺中市","霧峰區","0","1","0","5","1","6","30","4","1","1","4","4","6","6","1","1","10","5","5","2","18","2","9","1","1","C03","7","9","1","10","2","12","","87","87","1","6","4","120.664475","24.048014","2"