序號,縣市別代碼,機關代碼,市話,傳真,年,月,日,時,分,縣市,區,死亡數量,受傷數量,2-30,天候,道路照明設備,道路類別,道路速限,道路型態,事故位置,路面鋪裝,路面狀態,路面缺陷,障礙物,視距,號誌種類,號誌動作,分向設施,快車道或一般車道間,快慢車道間,路面邊線,事故類型及型態,受傷程度,主要傷處,保護裝備,行動電話或功能裝置,當事者區分(類別),車輛用途,當事者行動狀態,駕照狀態,駕照種類,飲酒情形,車輛撞擊部位最初,車輛撞擊部位其他,肇事因素個別,肇事因素主要,肇事逃逸,職業,共享經濟或外送平台,GPS座標X,GPS座標Y,事故類別
"2539","66000","387130000C","(04)23274275","(04)23288582","2026","2","6","21","0","臺中市","西屯區","0","0","0","7","","","30","","","","","","","","","","","","","","17","","","","","B03","","","1","","9","","","87","87","1","12","4","120.617896","24.180233","3"
"2540","66000","387130000C","(04)23274275","(04)23288582","2026","2","6","21","8","臺中市","西屯區","0","1","0","7","1","6","50","3","2","1","5","4","6","6","4","4","4","3","5","2","17","2","9","2","4","C03","7","9","1","10","2","15","","59","59","1","12","4","120.621333","24.186639","2"
"2541","66000","387130000C","(04)23274275","(04)23288582","2026","2","6","21","9","臺中市","烏日區","0","0","0","7","1","6","50","13","9","1","5","4","6","6","4","4","3","4","5","2","12","","","","","B01","","","1","","1","","","51","51","1","6","4","120.614743","24.117795","3"
"2542","66000","387130000C","(04)23274275","(04)23288582","2026","2","6","21","10","臺中市","西屯區","0","0","0","7","","","50","","","","","","","","","","","","","","14","","","","","B03","","","1","","2","","","49","49","1","13","4","120.636677","24.174453","3"
"2543","66000","387130000C","(04)23274275","(04)23288582","2026","2","6","21","15","臺中市","北區","0","0","0","7","","","50","","","","","","","","","","","","","","17","","","","","B03","","","1","","1","","","40","40","1","13","4","120.683818","24.146272","3"
"2544","66000","387130000C","(04)23274275","(04)23288582","2026","2","6","21","20","臺中市","豐原區","0","0","0","7","","","50","","","","","","","","","","","","","","17","","","","","B03","","","1","","2","","","12","12","1","12","4","120.715447","24.251838","3"
"2545","66000","387130000C","(04)23274275","(04)23288582","2026","2","6","21","21","臺中市","北屯區","0","0","0","7","","","50","","","","","","","","","","","","","","13","","","","","B03","","","1","","1","","","7","7","1","12","4","120.671267","24.174004","3"
"2546","66000","387130000C","(04)23274275","(04)23288582","2026","2","6","21","32","臺中市","中區","0","0","0","7","","","40","","","","","","","","","","","","","","9","","","","","B03","","","1","","2","","","84","84","1","13","4","120.683626","24.140373","3"
"2547","66000","387130000C","(04)23274275","(04)23288582","2026","2","6","21","33","臺中市","北屯區","0","0","0","7","","","50","","","","","","","","","","","","","","","","","","","B03","","","1","","1","","","7","7","1","6","4","120.717776","24.182246","3"
"2548","66000","387130000C","(04)23274275","(04)23288582","2026","2","6","21","39","臺中市","西屯區","0","0","0","7","","","","","","","","","","","","","","","","","17","","","","","","","","","","","","","86","86","2","","","120.640057","24.180363","3"
"2549","66000","387130000C","(04)23274275","(04)23288582","2026","2","6","21","40","臺中市","北屯區","0","0","0","7","","","50","","","","","","","","","","","","","","11","","","","","B03","","","1","","1","","","8","8","1","12","4","120.729179","24.162311","4"
"2550","66000","387130000C","(04)23274275","(04)23288582","2026","2","6","21","42","臺中市","北屯區","0","3","0","7","1","6","50","4","1","1","5","4","6","6","2","1","10","5","5","2","13","2","8","1","1","C03","7","12","1","10","1","11","","7","7","1","6","4","120.699983","24.164818","2"
"2551","66000","387130000C","(04)23274275","(04)23288582","2026","2","6","21","45","臺中市","北屯區","0","1","0","6","1","6","40","3","1","1","5","4","6","1","4","4","10","5","5","2","17","2","9","2","1","C03","7","5","1","10","2","15","","84","84","1","6","4","120.681203","24.188989","2"
"2552","66000","387130000C","(04)23274275","(04)23288582","2026","2","6","21","51","臺中市","西區","0","0","0","7","1","6","","13","24","1","5","4","6","6","4","4","8","3","4","2","17","","","","","","","","","","","","","119","119","1","","","120.661906","24.137064","3"
"2553","66000","387130000C","(04)23274275","(04)23288582","2026","2","6","21","51","臺中市","南屯區","0","2","0","7","1","6","50","4","1","1","5","4","6","6","4","4","5","5","5","2","15","2","9","1","1","C03","7","9","1","10","2","12","","15","15","1","6","4","120.651126","24.156107","2"
"2554","66000","387130000C","(04)23274275","(04)23288582","2026","2","6","21","51","臺中市","大里區","0","0","0","7","","","50","","","","","","","","","","","","","","17","","","","","B03","","","1","","2","","","51","51","1","6","4","120.687189","24.097699","3"
"2555","66000","387130000C","(04)23274275","(04)23288582","2026","2","6","21","53","臺中市","北區","0","1","0","7","1","6","50","18","24","1","5","4","6","6","2","1","10","5","5","2","18","2","9","5","4","C03","7","9","1","10","2","12","","84","84","1","13","4","120.682489","24.145845","2"
"2556","66000","387130000C","(04)23274275","(04)23288582","2026","2","6","21","53","臺中市","南屯區","0","0","0","7","","","50","","","","","","","","","","","","","","17","","","","","B03","","","1","","9","","","12","12","2","12","4","120.640556","24.133442","3"
"2557","66000","387130000C","(04)23274275","(04)23288582","2026","2","6","21","54","臺中市","西屯區","0","0","0","7","","","40","","","","","","","","","","","","","","12","","","","","B03","","","1","","1","","","40","40","1","12","4","120.651586","24.161742","3"
"2558","66000","387130000C","(04)23274275","(04)23288582","2026","2","6","22","4","臺中市","北屯區","0","0","0","7","1","6","50","13","9","1","5","4","6","6","2","1","1","4","5","2","13","3","10","3","1","B03","7","9","1","8","8","8","","58","58","1","6","4","120.66312","24.185133","3"
"2559","66000","387130000C","(04)23274275","(04)23288582","2026","2","6","22","6","臺中市","沙鹿區","0","0","0","7","","","30","","","","","","","","","","","","","","1","","","","","H01","","","7","","10","","","109","109","1","12","5","120.560228","24.233407","3"
"2560","66000","387130000C","(04)23274275","(04)23288582","2026","2","6","22","8","臺中市","烏日區","0","0","0","7","1","6","50","3","1","1","5","4","6","6","4","4","5","5","5","2","17","","","","","A12","","","1","","2","","","8","8","1","6","4","120.611577","24.110529","3"
"2561","66000","387130000C","(04)23274275","(04)23288582","2026","2","6","22","10","臺中市","霧峰區","0","1","0","5","1","6","50","4","1","1","4","4","6","6","1","1","1","4","4","1","18","2","9","2","1","C03","7","9","1","10","2","14","","84","84","1","13","4","120.695939","24.065903","2"
"2562","66000","387130000C","(04)23274275","(04)23288582","2026","2","6","22","17","臺中市","烏日區","0","0","0","7","1","6","50","13","9","1","5","4","6","6","2","1","3","4","5","2","13","","","","","B03","","","1","","1","","","59","59","1","6","4","120.61675","24.11185","3"
"2563","66000","387130000C","(04)23274275","(04)23288582","2026","2","6","22","30","臺中市","南屯區","0","3","0","7","1","6","50","4","1","1","5","4","6","6","1","1","10","5","5","2","17","2","9","2","1","C03","7","6","1","10","2","14","","43","43","1","13","4","120.635219","24.151237","2"
"2564","66000","387130000C","(04)23274275","(04)23288582","2026","2","6","22","37","臺中市","潭子區","0","0","0","7","","","50","","","","","","","","","","","","","","18","","","","","B12","","","1","","7","","","49","49","1","13","4","120.721743","24.217996","3"
"2565","66000","387130000C","(04)23274275","(04)23288582","2026","2","6","22","45","臺中市","西屯區","0","0","0","7","","","50","","","","","","","","","","","","","","13","","","","","B03","","","1","","2","","","7","7","1","12","4","120.634027","24.160361","3"
"2566","66000","387130000C","(04)23274275","(04)23288582","2026","2","6","22","49","臺中市","大里區","0","0","0","6","","","40","","","","","","","","","","","","","","17","","","","","C03","","","1","","1","","","50","50","1","13","4","120.700128","24.088901","3"
"2567","66000","387130000C","(04)23274275","(04)23288582","2026","2","6","22","50","臺中市","北屯區","0","1","0","7","1","6","50","4","1","1","5","4","6","6","2","1","10","5","5","2","12","2","9","1","1","C03","7","9","1","10","1","11","","26","26","1","12","2","120.697719","24.170574","2"
"2568","66000","387130000C","(04)23274275","(04)23288582","2026","2","6","23","25","臺中市","大里區","0","1","0","6","1","6","50","3","2","1","4","4","6","6","1","1","10","5","5","2","16","3","10","3","1","B03","7","6","1","8","2","5","","85","85","1","12","4","120.679547","24.099726","2"
"2569","66000","387130000C","(04)23274275","(04)23288582","2026","2","6","23","27","臺中市","西屯區","0","0","0","7","","","60","","","","","","","","","","","","","","13","","","","","B03","","","1","","1","","","59","59","1","13","4","120.627186","24.159474","4"
"2570","66000","387130000C","(04)23274275","(04)23288582","2026","2","6","23","27","臺中市","西屯區","0","1","0","7","1","6","50","13","9","1","4","4","6","6","4","4","10","4","5","1","12","2","3","3","1","B03","7","8","1","8","2","4","","40","40","1","13","4","120.660521","24.176326","2"
"2571","66000","387130000C","(04)23274275","(04)23288582","2026","2","6","23","48","臺中市","南屯區","0","1","0","7","1","6","50","4","1","1","5","4","6","6","1","1","5","5","5","2","16","3","10","3","1","B03","7","6","1","10","2","8","","11","11","1","6","4","120.643753","24.127904","2"
"2572","66000","387130000C","(04)23274275","(04)23288582","2026","2","6","23","50","臺中市","太平區","0","1","0","5","1","6","50","4","2","1","4","4","6","6","2","1","5","2","5","2","17","2","9","2","1","C03","7","9","1","10","1","12","11","84","84","1","12","4","120.701032","24.148125","2"
"2573","66000","387130000C","(04)23274275","(04)23288582","2026","2","6","23","55","臺中市","北區","0","1","0","7","2","6","30","4","1","1","5","4","6","6","4","4","5","5","5","2","17","2","9","5","1","C03","7","9","1","10","2","11","","12","12","1","13","4","120.668245","24.172822","2"
"2574","66000","387130000C","(04)23274275","(04)23288582","2026","2","6","23","57","臺中市","北區","0","1","0","7","1","6","50","3","1","1","5","4","6","6","1","1","10","5","5","1","16","3","10","5","4","B03","7","6","1","8","2","7","","85","85","1","13","4","120.665461","24.165274","2"
"2575","66000","387130000C","(04)23274275","(04)23288582","2026","2","7","0","3","臺中市","南屯區","0","1","0","7","2","6","50","3","1","1","5","4","6","6","4","4","9","4","5","2","17","3","10","3","1","B03","7","1","1","8","2","1","","51","51","1","12","4","120.641616","24.146873","2"
"2576","66000","387130000C","(04)23274275","(04)23288582","2026","2","7","0","18","臺中市","大雅區","0","0","0","7","","","50","","","","","","","","","","","","","","6","","","","","C03","","","1","","2","","","87","87","1","12","4","120.655124","24.220913","3"
"2577","66000","387130000C","(04)23274275","(04)23288582","2026","2","7","0","18","臺中市","南屯區","0","1","0","7","1","6","50","4","1","1","5","4","6","6","1","1","10","5","5","2","18","2","9","2","1","C03","7","9","1","10","2","14","","59","59","1","13","4","120.650653","24.153674","2"
"2578","66000","387130000C","(04)23274275","(04)23288582","2026","2","7","0","20","臺中市","北屯區","0","1","0","6","1","6","50","4","1","1","4","4","6","6","3","1","10","5","5","2","15","3","10","3","1","B03","7","9","1","8","2","8","","24","24","1","13","4","120.683857","24.179199","2"
"2579","66000","387130000C","(04)23274275","(04)23288582","2026","2","7","0","21","臺中市","南屯區","0","2","0","5","1","6","50","13","8","1","4","4","6","6","4","4","5","4","4","2","28","","","","","","","","","","","","","118","118","1","","","120.63607","24.134187","2"
"2580","66000","387130000C","(04)23274275","(04)23288582","2026","2","7","0","41","臺中市","西屯區","0","1","0","5","1","6","40","3","1","1","4","4","6","6","2","1","10","5","5","2","12","3","10","2","1","C03","7","5","1","10","1","13","","26","26","1","13","4","120.618923","24.181098","2"
"2581","66000","387130000C","(04)23274275","(04)23288582","2026","2","7","1","33","臺中市","大甲區","0","0","0","7","","","40","","","","","","","","","","","","","","","","","","","B03","","","1","","1","","","49","49","1","12","4","120.617542","24.346956","3"
"2582","66000","387130000C","(04)23274275","(04)23288582","2026","2","7","1","50","臺中市","沙鹿區","0","0","0","5","","","70","","","","","","","","","","","","","","13","","","","","B03","","","1","","2","","","84","84","1","12","4","120.581008","24.201416","3"
"2583","66000","387130000C","(04)23274275","(04)23288582","2026","2","7","2","3","臺中市","西屯區","0","1","0","5","1","6","50","4","1","1","4","4","6","6","3","1","10","5","5","2","15","2","9","1","1","C03","7","9","1","10","2","14","","24","24","1","13","4","120.642037","24.16071","2"
"2584","66000","387130000C","(04)23274275","(04)23288582","2026","2","7","2","20","臺中市","西屯區","0","0","0","5","","","30","","","","","","","","","","","","","","15","","","","","B03","","","1","","1","","","24","24","1","13","4","120.634834","24.165595","3"
"2585","66000","387130000C","(04)23274275","(04)23288582","2026","2","7","3","18","臺中市","南屯區","0","0","0","7","","","50","","","","","","","","","","","","","","13","","","","","A12","","","1","","1","","","15","15","1","12","4","120.612469","24.147231","3"
"2586","66000","387130000C","(04)23274275","(04)23288582","2026","2","7","3","42","臺中市","烏日區","0","1","0","6","1","6","50","13","9","1","5","4","5","6","4","4","1","4","5","1","24","2","9","2","1","C03","7","9","1","10","2","11","","59","59","1","6","2","120.649851","24.094295","2"
"2587","66000","387130000C","(04)23274275","(04)23288582","2026","2","7","3","55","臺中市","北屯區","0","0","0","5","","","50","","","","","","","","","","","","","","23","","","","","B03","","","1","","2","","","59","59","1","12","4","120.719478","24.18209","3"
"2588","66000","387130000C","(04)23274275","(04)23288582","2026","2","7","3","55","臺中市","西屯區","0","2","0","7","1","6","30","4","1","1","5","4","6","6","4","4","10","5","5","2","15","2","9","1","1","C03","7","9","1","10","2","11","","12","12","1","13","4","120.644427","24.17968","2"
"2589","66000","387130000C","(04)23274275","(04)23288582","2026","2","7","4","25","臺中市","梧棲區","0","1","0","7","1","6","50","4","1","1","5","4","6","6","1","1","10","5","5","2","15","2","8","2","1","C03","7","9","3","19","2","11","","21","21","1","6","4","120.526493","24.240694","2"
"2590","66000","387130000C","(04)23274275","(04)23288582","2026","2","7","4","37","臺中市","西區","0","1","0","6","1","6","50","4","1","1","4","4","6","6","1","1","9","5","5","2","30","2","9","1","1","C03","7","9","1","10","2","12","","84","84","1","13","4","120.677215","24.14021","2"
"2591","66000","387130000C","(04)23274275","(04)23288582","2026","2","7","5","29","臺中市","東區","0","1","0","6","1","6","40","3","1","1","4","4","6","6","1","1","10","5","5","2","17","3","10","2","1","C03","7","9","1","10","2","16","","21","21","1","12","4","120.691153","24.13198","2"
"2592","66000","387130000C","(04)23274275","(04)23288582","2026","2","7","6","8","臺中市","西屯區","0","0","0","7","","","50","","","","","","","","","","","","","","17","","","","","B12","","","1","","1","","","50","50","1","13","4","120.665625","24.175434","3"
"2593","66000","387130000C","(04)23274275","(04)23288582","2026","2","7","6","15","臺中市","大雅區","0","2","0","7","3","6","50","5","1","1","5","4","6","6","1","1","1","3","4","2","13","2","8","1","1","C03","7","9","1","10","2","11","","7","7","1","12","4","120.67277","24.215799","2"
"2594","66000","387130000C","(04)23274275","(04)23288582","2026","2","7","6","17","臺中市","南屯區","0","1","0","7","2","6","50","13","9","1","5","4","6","6","4","4","1","4","5","2","17","2","9","1","1","C03","7","9","1","10","2","11","","59","59","1","6","4","120.592783","24.15309","2"
"2595","66000","387130000C","(04)23274275","(04)23288582","2026","2","7","6","20","臺中市","北區","0","0","0","7","3","6","50","4","1","1","5","4","6","6","1","","10","5","5","2","17","","","","","B03","","","1","","2","","","62","62","1","13","4","120.663446","24.163017","3"
"2596","66000","387130000C","(04)23274275","(04)23288582","2026","2","7","6","57","臺中市","大肚區","0","0","0","7","","","50","","","","","","","","","","","","","","13","","","","","B03","","","1","","2","","","59","59","1","6","4","120.54599","24.148511","3"
"2597","66000","387130000C","(04)23274275","(04)23288582","2026","2","7","7","0","臺中市","沙鹿區","0","0","0","7","","","50","","","","","","","","","","","","","","","","","","","B03","","","1","","2","","","49","49","1","6","4","120.581127","24.214591","3"
"2598","66000","387130000C","(04)23274275","(04)23288582","2026","2","7","7","0","臺中市","清水區","0","0","0","7","","","50","","","","","","","","","","","","","","","","","","","B03","","","1","","10","","","87","87","1","12","4","120.537221","24.266606","3"
"2599","66000","387130000C","(04)23274275","(04)23288582","2026","2","7","7","10","臺中市","后里區","0","1","0","7","3","6","50","5","7","1","5","4","6","6","1","1","5","4","5","1","17","3","10","3","1","B03","7","7","1","8","2","16","","40","40","1","6","4","120.69673","24.313086","2"
"2600","66000","387130000C","(04)23274275","(04)23288582","2026","2","7","7","16","臺中市","梧棲區","0","1","0","7","2","6","60","3","1","1","5","4","6","6","1","1","10","5","5","2","16","2","9","1","1","C03","7","9","3","19","2","11","","21","21","1","12","4","120.529719","24.234212","2"
"2601","66000","387130000C","(04)23274275","(04)23288582","2026","2","7","7","21","臺中市","大里區","0","0","0","7","","","50","","","","","","","","","","","","","","13","","","","","B03","","","1","","2","","","82","82","1","12","4","120.701158","24.102856","3"
"2602","66000","387130000C","(04)23274275","(04)23288582","2026","2","7","7","22","臺中市","潭子區","0","2","0","7","3","6","50","5","1","1","5","4","6","6","2","1","1","4","5","2","16","2","9","2","1","C03","7","6","1","10","2","12","","11","11","1","13","4","120.698049","24.216636","2"
"2603","66000","387130000C","(04)23274275","(04)23288582","2026","2","7","7","23","臺中市","太平區","0","0","0","7","","","30","","","","","","","","","","","","","","","","","","","B03","","","1","","2","","","84","84","2","12","4","120.735383","24.147496","3"
"2604","66000","387130000C","(04)23274275","(04)23288582","2026","2","7","7","36","臺中市","霧峰區","0","1","0","7","3","6","50","13","8","1","5","4","6","6","4","4","5","4","4","1","12","3","10","3","1","B01","7","1","1","4","2","5","","51","51","1","12","4","120.698888","24.065923","2"
"2605","66000","387130000C","(04)23274275","(04)23288582","2026","2","7","7","42","臺中市","大雅區","0","2","0","7","3","6","50","5","1","1","5","4","6","6","4","4","4","3","5","2","13","2","9","1","1","C03","7","9","1","10","2","11","","84","84","1","12","4","120.655782","24.227234","2"
"2606","66000","387130000C","(04)23274275","(04)23288582","2026","2","7","7","47","臺中市","大甲區","0","0","0","7","","","50","","","","","","","","","","","","","","","","","","","B03","","","1","","1","","","59","59","1","6","4","120.623731","24.345578","3"
"2607","66000","387130000C","(04)23274275","(04)23288582","2026","2","7","7","50","臺中市","大甲區","0","0","0","7","","","70","","","","","","","","","","","","","","","","","","","B12","","","1","","2","","","59","59","1","6","4","120.617952","24.338119","3"
"2608","66000","387130000C","(04)23274275","(04)23288582","2026","2","7","7","52","臺中市","龍井區","0","0","0","7","","","30","","","","","","","","","","","","","","","","","","","B03","","","1","","2","","","15","15","1","12","4","120.523211","24.197759","4"
"2609","66000","387130000C","(04)23274275","(04)23288582","2026","2","7","7","57","臺中市","西區","0","3","0","7","2","6","50","4","2","1","5","4","6","6","2","1","1","4","1","2","17","2","9","2","1","C03","7","9","1","9","2","12","","84","84","1","13","4","120.662386","24.155402","2"
"2610","66000","387130000C","(04)23274275","(04)23288582","2026","2","7","7","57","臺中市","太平區","0","0","0","7","","","50","","","","","","","","","","","","","","","","","","","A11","","","1","","2","","","84","84","1","12","4","120.721175","24.120103","3"
"2611","66000","387130000C","(04)23274275","(04)23288582","2026","2","7","8","0","臺中市","沙鹿區","0","1","0","7","2","6","40","3","8","1","5","4","6","6","4","4","4","3","4","2","16","3","10","4","1","F07","7","9","7","21","2","14","","4","4","1","12","4","120.559823","24.238738","2"
"2612","66000","387130000C","(04)23274275","(04)23288582","2026","2","7","8","9","臺中市","東區","0","2","0","7","2","6","50","4","1","1","5","4","6","6","2","1","10","5","5","2","15","2","9","1","1","C03","7","9","1","10","2","11","","21","21","1","12","4","120.69243","24.142733","2"
"2613","66000","387130000C","(04)23274275","(04)23288582","2026","2","7","8","12","臺中市","西屯區","0","1","0","7","2","6","50","4","1","1","5","4","6","6","1","1","10","5","5","2","17","3","10","3","4","B03","7","6","1","8","2","2","","11","11","1","13","4","120.642513","24.18228","2"
"2614","66000","387130000C","(04)23274275","(04)23288582","2026","2","7","8","14","臺中市","潭子區","0","2","0","7","3","6","50","4","1","1","5","4","6","6","1","1","1","4","5","1","12","2","9","1","1","C03","7","5","1","10","2","13","","87","87","1","13","4","120.711755","24.209569","2"
"2615","66000","387130000C","(04)23274275","(04)23288582","2026","2","7","8","15","臺中市","大里區","0","2","0","7","3","6","50","11","9","1","5","4","6","6","4","4","1","4","5","1","12","2","9","1","1","C03","7","8","1","10","2","14","","42","42","1","12","4","120.687387","24.095084","2"
"2616","66000","387130000C","(04)23274275","(04)23288582","2026","2","7","8","25","臺中市","西區","0","1","0","7","2","6","50","4","1","1","5","4","6","6","1","1","10","5","5","2","17","3","10","3","1","B03","7","9","1","8","2","5","","84","84","1","12","4","120.657361","24.142951","2"
"2617","66000","387130000C","(04)23274275","(04)23288582","2026","2","7","8","30","臺中市","豐原區","0","0","0","7","","","50","","","","","","","","","","","","","","12","","","","","B03","","","1","","1","","","85","85","1","12","4","120.730943","24.255395","3"
"2618","66000","387130000C","(04)23274275","(04)23288582","2026","2","7","8","32","臺中市","東區","0","0","0","7","","","50","","","","","","","","","","","","","","","","","","","B03","","","1","","1","","","50","50","1","12","4","120.707147","24.136571","3"
"2619","66000","387130000C","(04)23274275","(04)23288582","2026","2","7","8","42","臺中市","大里區","0","0","0","7","","","50","","","","","","","","","","","","","","","","","","","B03","","","1","","1","","","51","51","2","13","4","120.694275","24.079368","3"
"2620","66000","387130000C","(04)23274275","(04)23288582","2026","2","7","8","44","臺中市","西屯區","0","0","0","7","","","50","","","","","","","","","","","","","","17","","","","","C03","","","1","","1","","","51","51","1","13","4","120.653106","24.162635","3"
"2621","66000","387130000C","(04)23274275","(04)23288582","2026","2","7","8","45","臺中市","東區","0","1","0","7","1","6","50","4","1","1","5","4","6","6","1","1","9","4","5","2","18","2","9","1","1","C04","7","9","1","11","2","12","","84","84","1","12","4","120.698021","24.147943","2"
"2622","66000","387130000C","(04)23274275","(04)23288582","2026","2","7","8","49","臺中市","南屯區","0","1","0","7","2","6","50","4","1","1","5","4","6","6","1","1","5","4","5","2","17","2","9","1","1","C03","7","9","3","19","1","12","","42","42","1","13","4","120.640901","24.146907","2"
"2623","66000","387130000C","(04)23274275","(04)23288582","2026","2","7","8","53","臺中市","潭子區","0","1","0","7","3","6","50","4","9","1","5","4","6","6","2","1","1","4","5","2","13","2","9","2","1","C03","7","9","1","10","2","14","","7","7","1","6","4","120.688506","24.216045","2"
"2624","66000","387130000C","(04)23274275","(04)23288582","2026","2","7","8","54","臺中市","西屯區","0","0","0","7","","","50","","","","","","","","","","","","","","","","","","","B03","","","1","","2","","","49","49","1","13","4","120.63907","24.174997","3"
"2625","66000","387130000C","(04)23274275","(04)23288582","2026","2","7","8","55","臺中市","西屯區","0","0","0","7","","","30","","","","","","","","","","","","","","16","","","","","B03","","","1","","1","","","8","8","1","12","4","120.652712","24.167774","3"
"2626","66000","387130000C","(04)23274275","(04)23288582","2026","2","7","8","58","臺中市","豐原區","0","0","0","7","","","50","","","","","","","","","","","","","","17","","","","","B03","","","1","","2","","","51","51","1","12","4","120.717963","24.253321","3"
"2627","66000","387130000C","(04)23274275","(04)23288582","2026","2","7","9","0","臺中市","西區","0","0","0","7","","","50","","","","","","","","","","","","","","","","","","","C04","","","1","","1","","","8","8","1","12","4","120.658985","24.144057","3"
"2628","66000","387130000C","(04)23274275","(04)23288582","2026","2","7","9","7","臺中市","西屯區","0","0","0","7","","","50","","","","","","","","","","","","","","","","","","","C03","","","1","","2","","","8","8","1","12","4","120.642205","24.177683","3"
"2629","66000","387130000C","(04)23274275","(04)23288582","2026","2","7","9","10","臺中市","豐原區","0","0","0","7","","","50","","","","","","","","","","","","","","12","","","","","A12","","","1","","3","","","8","8","1","12","4","120.729694","24.243322","3"
"2630","66000","387130000C","(04)23274275","(04)23288582","2026","2","7","9","17","臺中市","北區","0","0","0","7","","","50","","","","","","","","","","","","","","13","","","","","B03","","","1","","1","","","7","7","1","13","4","120.691202","24.155526","3"
"2631","66000","387130000C","(04)23274275","(04)23288582","2026","2","7","9","17","臺中市","北屯區","0","0","0","7","","","50","","","","","","","","","","","","","","17","","","","","B12","","","1","","1","","","59","59","1","6","4","120.709185","24.171185","4"
"2632","66000","387130000C","(04)23274275","(04)23288582","2026","2","7","9","17","臺中市","北屯區","0","0","0","7","","","50","","","","","","","","","","","","","","13","","","","","B03","","","1","","1","","","59","59","1","6","4","120.686672","24.194719","3"
"2633","66000","387130000C","(04)23274275","(04)23288582","2026","2","7","9","33","臺中市","北屯區","0","0","0","7","","","50","","","","","","","","","","","","","","14","","","","","B03","","","1","","1","","","49","49","1","6","4","120.68541","24.169731","3"
"2634","66000","387130000C","(04)23274275","(04)23288582","2026","2","7","9","34","臺中市","西屯區","0","1","0","7","2","6","30","3","1","1","5","4","6","6","4","4","10","5","5","2","16","3","10","5","4","B01","7","6","1","3","1","5","","14","14","1","12","4","120.635799","24.197955","2"
"2635","66000","387130000C","(04)23274275","(04)23288582","2026","2","7","9","39","臺中市","大雅區","0","1","0","7","3","6","50","4","1","1","5","4","6","6","4","4","10","5","5","2","15","3","10","6","1","F01","7","9","7","21","2","11","","6","6","1","12","4","120.654736","24.241478","2"
"2636","66000","387130000C","(04)23274275","(04)23288582","2026","2","7","9","47","臺中市","南屯區","0","2","0","7","3","6","50","13","9","1","5","4","6","6","4","4","1","4","5","2","13","2","9","1","1","C03","7","9","1","10","2","11","","59","59","1","6","4","120.646343","24.133748","2"
"2637","66000","387130000C","(04)23274275","(04)23288582","2026","2","7","9","49","臺中市","沙鹿區","0","1","0","6","2","6","40","13","8","1","5","4","6","6","4","4","1","4","5","1","17","3","10","3","1","B03","7","5","1","8","2","2","","47","47","1","12","4","120.570177","24.236517","2"
"2638","66000","387130000C","(04)23274275","(04)23288582","2026","2","7","9","50","臺中市","東區","0","1","0","7","3","6","50","13","8","1","5","4","6","6","4","4","9","4","4","2","12","2","9","2","1","C03","7","10","1","10","2","14","","42","42","1","6","4","120.689904","24.132465","2"
"2639","66000","387130000C","(04)23274275","(04)23288582","2026","2","7","9","51","臺中市","南屯區","0","0","0","7","","","50","","","","","","","","","","","","","","","","","","","B03","","","1","","1","","","84","84","1","13","4","120.646122","24.133724","3"
"2640","66000","387130000C","(04)23274275","(04)23288582","2026","2","7","9","51","臺中市","西屯區","0","1","0","7","2","6","50","3","1","1","5","4","6","6","1","1","10","5","5","2","13","3","10","1","4","C03","7","6","3","19","1","11","","7","7","1","13","4","120.615369","24.183119","2"
"2641","66000","387130000C","(04)23274275","(04)23288582","2026","2","7","9","52","臺中市","潭子區","0","0","0","7","","","","","","","","","","","","","","","","","","","","","","","","","","","","","","119","119","1","","","120.722823","24.204044","3"
"2642","66000","387130000C","(04)23274275","(04)23288582","2026","2","7","9","59","臺中市","西區","0","2","0","7","2","6","50","13","9","1","5","4","6","6","4","4","5","4","5","2","17","2","9","1","1","C03","7","9","1","10","2","11","","6","6","1","13","4","120.684088","24.142171","2"
"2643","66000","387130000C","(04)23274275","(04)23288582","2026","2","7","10","3","臺中市","西屯區","0","0","0","7","","","50","","","","","","","","","","","","","","12","","","","","B03","","","1","","2","","","8","8","1","13","4","120.663397","24.163737","3"
"2644","66000","387130000C","(04)23274275","(04)23288582","2026","2","7","10","5","臺中市","北屯區","0","2","0","7","2","6","40","3","8","1","5","4","6","6","4","4","3","4","4","2","13","2","9","1","1","C03","7","9","5","19","2","11","","84","84","1","12","4","120.686442","24.189377","2"
"2645","66000","387130000C","(04)23274275","(04)23288582","2026","2","7","10","6","臺中市","東區","0","0","0","7","","","50","","","","","","","","","","","","","","12","","","","","B03","","","1","8","1","","","39","39","1","6","4","120.69188","24.140051","3"
"2646","66000","387130000C","(04)23274275","(04)23288582","2026","2","7","10","6","臺中市","南屯區","0","1","0","7","3","6","40","13","8","1","5","4","6","6","4","4","1","4","4","2","13","2","9","2","1","C03","7","9","1","10","2","11","","7","7","1","13","4","120.624687","24.145181","2"
"2647","66000","387130000C","(04)23274275","(04)23288582","2026","2","7","10","7","臺中市","北屯區","0","0","0","7","","","50","","","","","","","","","","","","","","17","","","","","B03","","","1","","1","","","51","51","1","6","4","120.715688","24.165182","3"
"2648","66000","387130000C","(04)23274275","(04)23288582","2026","2","7","10","10","臺中市","西屯區","0","2","0","7","1","6","50","4","1","1","5","4","6","6","2","1","10","5","5","2","16","2","9","1","1","C03","7","11","1","10","2","14","","45","45","1","12","4","120.642884","24.198768","2"