序號,縣市別代碼,機關代碼,市話,傳真,年,月,日,時,分,縣市,區,死亡數量,受傷數量,2-30,天候,道路照明設備,道路類別,道路速限,道路型態,事故位置,路面鋪裝,路面狀態,路面缺陷,障礙物,視距,號誌種類,號誌動作,分向設施,快車道或一般車道間,快慢車道間,路面邊線,事故類型及型態,受傷程度,主要傷處,保護裝備,行動電話或功能裝置,當事者區分(類別),車輛用途,當事者行動狀態,駕照狀態,駕照種類,飲酒情形,車輛撞擊部位最初,車輛撞擊部位其他,肇事因素個別,肇事因素主要,肇事逃逸,職業,共享經濟或外送平台,GPS座標X,GPS座標Y,事故類別
"2649","66000","387130000C","(04)23274275","(04)23288582","2026","2","7","10","10","臺中市","太平區","0","0","0","7","","","50","","","","","","","","","","","","","","","","","","","B01","","","1","","2","","","49","49","1","12","4","120.725899","24.149728","3"
"2650","66000","387130000C","(04)23274275","(04)23288582","2026","2","7","10","12","臺中市","大雅區","0","1","0","7","2","6","30","5","1","1","5","4","6","6","4","4","9","5","5","2","15","2","9","1","4","C03","7","9","1","8","2","11","11","15","15","1","12","4","120.640169","24.227347","2"
"2651","66000","387130000C","(04)23274275","(04)23288582","2026","2","7","10","19","臺中市","北屯區","0","1","0","7","3","6","50","13","9","1","5","4","6","6","4","4","1","4","5","2","13","2","9","2","1","C03","7","9","1","10","2","14","","7","7","1","12","4","120.70299","24.164754","2"
"2652","66000","387130000C","(04)23274275","(04)23288582","2026","2","7","10","22","臺中市","北屯區","0","2","0","7","2","6","50","13","9","1","5","4","6","6","4","4","9","4","5","2","17","2","9","2","1","C03","7","1","1","10","2","14","","51","51","1","6","2","120.730661","24.158956","2"
"2653","66000","387130000C","(04)23274275","(04)23288582","2026","2","7","10","30","臺中市","西屯區","0","0","0","7","","","50","","","","","","","","","","","","","","","","","","","B03","","","1","","1","","","84","84","1","13","4","120.620406","24.187194","3"
"2654","66000","387130000C","(04)23274275","(04)23288582","2026","2","7","10","30","臺中市","沙鹿區","0","0","0","7","","","60","","","","","","","","","","","","","","","","","","","B12","","","1","","2","","","7","7","1","6","4","120.573343","24.230881","3"
"2655","66000","387130000C","(04)23274275","(04)23288582","2026","2","7","10","31","臺中市","北屯區","0","0","0","7","","","50","","","","","","","","","","","","","","14","","","","","A04","","","1","","1","","","49","49","1","6","4","120.698055","24.17039","3"
"2656","66000","387130000C","(04)23274275","(04)23288582","2026","2","7","10","32","臺中市","霧峰區","0","0","0","7","","","40","","","","","","","","","","","","","","13","","","","","B03","","","1","","1","","","59","59","1","12","4","120.663272","24.072402","3"
"2657","66000","387130000C","(04)23274275","(04)23288582","2026","2","7","10","38","臺中市","潭子區","0","1","0","7","3","6","50","13","9","1","5","4","6","6","4","4","5","5","5","1","13","3","10","3","1","B03","7","9","1","8","2","5","","7","7","1","13","4","120.700878","24.194352","2"
"2658","66000","387130000C","(04)23274275","(04)23288582","2026","2","7","10","39","臺中市","南區","0","2","0","7","2","6","50","13","7","1","5","4","6","6","4","4","1","4","4","2","13","2","9","1","1","C03","7","9","1","10","2","11","","7","7","1","12","4","120.669176","24.128379","2"
"2659","66000","387130000C","(04)23274275","(04)23288582","2026","2","7","10","39","臺中市","東區","0","1","0","7","2","6","50","4","1","1","5","4","6","6","1","1","10","5","5","2","17","3","10","1","1","C03","7","6","1","10","1","14","","11","11","1","12","4","120.707916","24.147974","2"
"2660","66000","387130000C","(04)23274275","(04)23288582","2026","2","7","10","40","臺中市","大雅區","0","0","0","7","3","6","50","3","1","1","5","4","6","6","4","4","1","3","4","1","17","","","","","C03","","","1","","9","","","4","4","2","12","4","120.650836","24.210391","3"
"2661","66000","387130000C","(04)23274275","(04)23288582","2026","2","7","10","42","臺中市","大里區","0","1","0","7","2","6","50","3","2","1","5","4","6","6","4","4","5","5","5","1","17","3","10","3","1","B03","7","13","1","8","2","8","","76","76","1","13","4","120.702095","24.09901","2"
"2662","66000","387130000C","(04)23274275","(04)23288582","2026","2","7","10","43","臺中市","中區","0","0","0","7","","","50","","","","","","","","","","","","","","13","","","","","A02","","","1","","1","","","84","84","1","13","4","120.677222","24.140214","3"
"2663","66000","387130000C","(04)23274275","(04)23288582","2026","2","7","10","44","臺中市","南屯區","0","0","0","7","","","50","","","","","","","","","","","","","","","","","","","B03","","","1","","1","","","8","8","1","13","4","120.631012","24.149196","3"
"2664","66000","387130000C","(04)23274275","(04)23288582","2026","2","7","10","45","臺中市","沙鹿區","0","0","0","7","2","6","50","13","9","1","5","4","6","6","4","4","4","4","5","2","13","","","","","C03","","","1","","2","","","7","7","1","12","4","120.562023","24.238484","3"
"2665","66000","387130000C","(04)23274275","(04)23288582","2026","2","7","10","47","臺中市","北屯區","0","0","0","7","","","50","","","","","","","","","","","","","","13","","","","","B03","","","1","","1","","","58","58","1","6","4","120.670162","24.177963","3"
"2666","66000","387130000C","(04)23274275","(04)23288582","2026","2","7","10","49","臺中市","烏日區","0","1","0","7","2","6","40","13","8","1","5","4","6","6","4","4","1","5","1","1","17","3","10","5","4","C03","7","9","1","10","2","16","","68","68","1","13","4","120.648491","24.09078","2"
"2667","66000","387130000C","(04)23274275","(04)23288582","2026","2","7","10","52","臺中市","大甲區","0","0","0","7","","","50","","","","","","","","","","","","","","12","","","","","B03","","","1","","2","","","40","40","1","12","4","120.62727","24.344592","3"
"2668","66000","387130000C","(04)23274275","(04)23288582","2026","2","7","10","55","臺中市","南區","0","0","0","7","","","50","","","","","","","","","","","","","","","","","","","B01","","","1","","1","","","8","8","1","6","4","120.66388","24.116261","4"
"2669","66000","387130000C","(04)23274275","(04)23288582","2026","2","7","10","55","臺中市","北屯區","0","0","0","7","","","50","","","","","","","","","","","","","","13","","","","","C03","","","1","","1","","","7","7","1","6","4","120.685977","24.186468","3"
"2670","66000","387130000C","(04)23274275","(04)23288582","2026","2","7","10","56","臺中市","后里區","0","0","0","7","2","6","50","4","2","1","5","4","6","6","4","4","5","5","5","1","17","3","10","3","1","B03","7","5","1","8","2","2","","84","84","1","12","4","120.720302","24.307783","3"
"2671","66000","387130000C","(04)23274275","(04)23288582","2026","2","7","10","58","臺中市","大雅區","0","0","0","7","","","70","","","","","","","","","","","","","","13","","","","","B12","","","1","","2","","","7","7","1","12","4","120.633165","24.238041","3"
"2672","66000","387130000C","(04)23274275","(04)23288582","2026","2","7","10","58","臺中市","南屯區","0","0","0","7","","","30","","","","","","","","","","","","","","","","","","","B03","","","1","","1","","","8","8","1","13","4","120.608108","24.131843","3"
"2673","66000","387130000C","(04)23274275","(04)23288582","2026","2","7","10","58","臺中市","霧峰區","0","0","0","7","","3","80","","","","","","","","","","","","","","13","","","","","B02","","","1","","1","","","7","7","1","12","4","120.689871","24.064078","3"
"2674","66000","387130000C","(04)23274275","(04)23288582","2026","2","7","11","0","臺中市","北區","0","2","0","7","3","6","30","4","1","1","5","4","6","6","4","4","5","5","5","2","15","2","9","1","1","C03","7","9","1","10","2","12","","12","12","1","12","4","120.687629","24.163858","2"
"2675","66000","387130000C","(04)23274275","(04)23288582","2026","2","7","11","1","臺中市","潭子區","0","1","0","7","2","6","40","13","14","1","5","4","6","6","4","4","1","4","4","1","12","2","9","2","1","C03","7","9","1","10","2","11","","84","84","1","13","4","120.687516","24.213951","2"
"2676","66000","387130000C","(04)23274275","(04)23288582","2026","2","7","11","2","臺中市","北屯區","0","1","0","7","2","6","50","4","1","1","5","4","6","6","2","1","10","5","5","2","16","3","10","3","1","B03","7","5","1","8","2","6","","26","26","1","12","4","120.690857","24.171401","2"
"2677","66000","387130000C","(04)23274275","(04)23288582","2026","2","7","11","3","臺中市","北屯區","0","1","0","7","2","6","50","4","1","1","5","4","6","6","1","1","10","5","5","2","16","3","10","3","1","B03","7","5","1","8","2","5","","11","11","1","12","4","120.68635","24.193592","2"
"2678","66000","387130000C","(04)23274275","(04)23288582","2026","2","7","11","3","臺中市","神岡區","0","1","0","7","3","6","50","4","1","1","5","4","6","6","1","1","5","5","5","1","16","3","10","3","1","B03","7","5","1","8","2","2","","84","84","1","13","4","120.697621","24.251199","2"
"2679","66000","387130000C","(04)23274275","(04)23288582","2026","2","7","11","5","臺中市","豐原區","0","0","0","7","","","50","","","","","","","","","","","","","","13","","","","","C04","","","1","","2","","","1","1","1","12","4","120.725685","24.25225","3"
"2680","66000","387130000C","(04)23274275","(04)23288582","2026","2","7","11","7","臺中市","中區","0","1","0","7","2","6","50","13","9","1","5","4","6","6","4","4","5","4","5","2","17","2","9","2","1","C03","7","9","1","10","2","11","","84","84","1","12","4","120.679846","24.14304","2"
"2681","66000","387130000C","(04)23274275","(04)23288582","2026","2","7","11","13","臺中市","南屯區","0","1","0","7","3","6","50","4","1","1","5","4","6","6","4","4","10","5","5","2","16","3","10","3","1","B02","7","6","1","8","2","1","","14","14","1","6","4","120.649962","24.139473","2"
"2682","66000","387130000C","(04)23274275","(04)23288582","2026","2","7","11","14","臺中市","東區","0","0","0","7","","","50","","","","","","","","","","","","","","","","","","","C03","","","1","","2","","","7","7","1","6","4","120.696669","24.139952","4"
"2683","66000","387130000C","(04)23274275","(04)23288582","2026","2","7","11","16","臺中市","太平區","0","5","0","7","2","6","40","11","9","1","5","4","6","6","4","4","5","5","5","2","10","3","10","3","1","B03","7","9","1","8","2","8","","39","39","1","12","4","120.714447","24.123292","2"
"2684","66000","387130000C","(04)23274275","(04)23288582","2026","2","7","11","18","臺中市","大里區","0","1","0","7","3","6","50","4","1","1","5","4","6","6","2","1","1","4","5","1","16","3","10","3","1","B03","7","5","1","8","2","2","","84","84","1","12","4","120.67166","24.102233","2"
"2685","66000","387130000C","(04)23274275","(04)23288582","2026","2","7","11","20","臺中市","北屯區","0","2","0","7","3","6","50","13","9","1","5","4","6","6","4","4","9","4","5","2","17","2","8","2","1","C03","7","1","1","10","2","14","","51","51","1","12","4","120.724208","24.166067","2"
"2686","66000","387130000C","(04)23274275","(04)23288582","2026","2","7","11","21","臺中市","梧棲區","0","1","0","7","2","6","50","4","1","1","5","4","6","6","4","4","10","5","5","2","15","2","8","1","1","C03","7","9","1","10","2","11","","15","15","1","12","4","120.541166","24.230394","2"
"2687","66000","387130000C","(04)23274275","(04)23288582","2026","2","7","11","23","臺中市","東區","0","0","0","7","","","50","","","","","","","","","","","","","","","","","","","B03","","","1","","2","","","7","7","1","12","4","120.704306","24.138324","3"
"2688","66000","387130000C","(04)23274275","(04)23288582","2026","2","7","11","24","臺中市","西屯區","0","0","0","7","","","50","","","","","","","","","","","","","","","","","","","B11","","","1","","1","","","20","20","1","12","4","120.646672","24.157793","3"
"2689","66000","387130000C","(04)23274275","(04)23288582","2026","2","7","11","25","臺中市","北區","0","0","0","7","","","50","","","","","","","","","","","","","","17","","","","","B03","","","1","","1","","","51","51","1","12","4","120.676852","24.164111","3"
"2690","66000","387130000C","(04)23274275","(04)23288582","2026","2","7","11","27","臺中市","東區","0","0","0","7","","","30","","","","","","","","","","","","","","16","","","","","B03","","","1","8","1","","","12","12","1","6","4","120.694663","24.134089","3"
"2691","66000","387130000C","(04)23274275","(04)23288582","2026","2","7","11","30","臺中市","西區","0","0","0","7","","","50","","","","","","","","","","","","","","","","","","","B03","","","1","","2","","","8","8","1","13","4","120.662032","24.154354","3"
"2692","66000","387130000C","(04)23274275","(04)23288582","2026","2","7","11","30","臺中市","西屯區","0","1","0","7","2","6","50","13","9","1","5","4","6","6","4","4","3","4","5","2","13","3","10","5","4","B03","7","9","1","8","2","5","","7","7","1","12","4","120.64393","24.171323","2"
"2693","66000","387130000C","(04)23274275","(04)23288582","2026","2","7","11","34","臺中市","太平區","0","0","0","7","","","30","","","","","","","","","","","","","","","","","","","B03","","","1","","2","","","41","41","1","12","4","120.756368","24.123598","3"
"2694","66000","387130000C","(04)23274275","(04)23288582","2026","2","7","11","36","臺中市","中區","0","0","0","7","","","50","","","","","","","","","","","","","","","","","","","B03","","","1","","1","","","7","7","1","12","4","120.68264","24.143322","3"
"2695","66000","387130000C","(04)23274275","(04)23288582","2026","2","7","11","36","臺中市","霧峰區","0","0","0","7","","","30","","","","","","","","","","","","","","","","","","","B03","","","1","","2","","","87","87","1","13","4","120.76821","24.061607","3"
"2696","66000","387130000C","(04)23274275","(04)23288582","2026","2","7","11","37","臺中市","北區","0","0","0","7","","","50","","","","","","","","","","","","","","13","","","","","C03","","","1","","2","","","59","59","1","12","4","120.680279","24.165571","3"
"2697","66000","387130000C","(04)23274275","(04)23288582","2026","2","7","11","39","臺中市","南區","0","1","0","7","2","6","50","4","1","1","5","4","6","6","4","4","10","5","5","2","16","3","10","1","1","C03","7","6","1","10","2","12","","14","14","1","12","4","120.684307","24.130573","2"
"2698","66000","387130000C","(04)23274275","(04)23288582","2026","2","7","11","39","臺中市","南屯區","0","0","0","7","","","50","","","","","","","","","","","","","","","","","","","B03","","","1","","2","","","59","59","1","13","4","120.626268","24.149891","3"
"2699","66000","387130000C","(04)23274275","(04)23288582","2026","2","7","11","40","臺中市","大雅區","0","1","0","7","3","6","50","11","9","1","5","4","6","6","4","4","10","5","5","1","11","2","9","1","1","C03","7","9","1","10","1","11","","6","6","1","12","4","120.629962","24.210685","2"
"2700","66000","387130000C","(04)23274275","(04)23288582","2026","2","7","11","40","臺中市","大雅區","0","1","0","7","3","6","50","4","1","1","5","4","6","6","1","1","1","3","4","1","17","3","10","3","1","B03","7","6","1","8","2","16","","11","11","1","12","4","120.630964","24.228557","2"
"2701","66000","387130000C","(04)23274275","(04)23288582","2026","2","7","11","40","臺中市","潭子區","0","0","0","7","","","50","","","","","","","","","","","","","","","","","","","C03","","","1","","2","","","85","85","1","13","4","120.719729","24.228923","3"
"2702","66000","387130000C","(04)23274275","(04)23288582","2026","2","7","11","41","臺中市","大雅區","0","0","0","7","","","0","","","","","","","","","","","","","","13","","","","","B03","","","1","","2","","","84","84","1","12","4","120.649534","24.213736","3"
"2703","66000","387130000C","(04)23274275","(04)23288582","2026","2","7","11","42","臺中市","西屯區","0","2","0","7","2","6","50","13","9","1","5","4","6","6","4","4","9","4","5","2","17","2","9","1","4","C03","7","1","1","10","2","14","","51","51","1","13","4","120.63733","24.176542","2"
"2704","66000","387130000C","(04)23274275","(04)23288582","2026","2","7","11","42","臺中市","梧棲區","0","0","0","7","","","30","","","","","","","","","","","","","","12","","","","","B03","","","1","","1","","","50","50","2","12","4","120.534552","24.23868","3"
"2705","66000","387130000C","(04)23274275","(04)23288582","2026","2","7","11","43","臺中市","太平區","0","1","0","7","2","6","40","13","8","1","5","4","6","6","4","4","5","5","4","1","13","2","8","1","1","C03","7","9","1","10","2","11","","7","7","1","12","4","120.718004","24.148856","2"
"2706","66000","387130000C","(04)23274275","(04)23288582","2026","2","7","11","45","臺中市","東區","0","0","0","7","","","50","","","","","","","","","","","","","","17","","","","","C03","","","1","","1","","","84","84","1","12","4","120.694007","24.132923","3"
"2707","66000","387130000C","(04)23274275","(04)23288582","2026","2","7","11","45","臺中市","西屯區","0","1","0","7","2","6","40","13","8","1","5","4","6","6","4","4","1","4","1","2","13","2","8","5","4","C03","7","8","1","10","2","11","","84","84","1","13","4","120.640613","24.167814","2"
"2708","66000","387130000C","(04)23274275","(04)23288582","2026","2","7","11","46","臺中市","大甲區","0","0","0","7","","","50","","","","","","","","","","","","","","13","","","","","C03","","","1","","1","","","59","59","1","13","4","120.625998","24.347369","3"
"2709","66000","387130000C","(04)23274275","(04)23288582","2026","2","7","11","47","臺中市","北屯區","0","1","0","7","3","6","50","3","1","1","5","4","6","6","4","4","5","4","5","2","17","3","10","3","1","B03","7","6","1","8","2","1","","14","14","1","12","4","120.676216","24.173938","2"
"2710","66000","387130000C","(04)23274275","(04)23288582","2026","2","7","11","47","臺中市","太平區","0","0","0","7","","","30","","","","","","","","","","","","","","","","","","","B03","","","1","","2","","","59","59","1","12","4","120.730173","24.15453","3"
"2711","66000","387130000C","(04)23274275","(04)23288582","2026","2","7","11","50","臺中市","霧峰區","0","1","0","7","2","6","50","13","9","1","5","4","6","6","4","4","9","5","5","1","17","2","9","5","4","C03","7","9","1","10","2","11","","59","59","1","6","4","120.687977","24.055358","2"
"2712","66000","387130000C","(04)23274275","(04)23288582","2026","2","7","11","52","臺中市","北區","0","2","0","7","2","6","50","13","7","1","5","4","6","6","4","4","5","4","4","2","16","2","9","1","1","C03","7","5","1","10","2","11","","39","39","1","13","4","120.675821","24.170272","2"
"2713","66000","387130000C","(04)23274275","(04)23288582","2026","2","7","11","53","臺中市","大里區","0","0","0","7","","","50","","","","","","","","","","","","","","12","","","","","B03","","","1","","2","","","40","40","1","12","4","120.695665","24.096556","3"
"2714","66000","387130000C","(04)23274275","(04)23288582","2026","2","7","11","54","臺中市","南屯區","0","0","0","7","","","50","","","","","","","","","","","","","","12","","","","","C03","","","1","","1","","","59","59","1","13","4","120.646902","24.137372","3"
"2715","66000","387130000C","(04)23274275","(04)23288582","2026","2","7","11","57","臺中市","南屯區","0","0","0","7","","","40","","","","","","","","","","","","","","","","","","","C01","","","1","","1","","","7","7","1","13","4","120.588346","24.13909","3"
"2716","66000","387130000C","(04)23274275","(04)23288582","2026","2","7","11","58","臺中市","豐原區","0","2","0","7","2","6","30","4","1","1","5","4","6","6","1","1","5","5","5","1","15","2","9","2","1","C03","7","9","1","10","2","11","","24","24","1","12","4","120.726571","24.245559","2"
"2717","66000","387130000C","(04)23274275","(04)23288582","2026","2","7","11","59","臺中市","大里區","0","2","0","7","3","6","40","8","8","1","5","4","6","6","4","4","1","4","4","2","17","2","9","1","1","C03","7","9","1","10","2","11","","59","59","1","12","4","120.693206","24.100252","2"
"2718","66000","387130000C","(04)23274275","(04)23288582","2026","2","7","12","0","臺中市","西區","0","0","0","7","","","50","","","","","","","","","","","","","","","","","","","B03","","","1","","1","","","7","7","1","13","4","120.673208","24.139678","3"
"2719","66000","387130000C","(04)23274275","(04)23288582","2026","2","7","12","3","臺中市","霧峰區","0","0","0","7","","","70","","","","","","","","","","","","","","","","","","","B03","","","1","","2","","","7","7","1","13","4","120.663818","24.075556","3"
"2720","66000","387130000C","(04)23274275","(04)23288582","2026","2","7","12","4","臺中市","太平區","0","0","0","7","","","50","","","","","","","","","","","","","","","","","","","B03","","","1","","2","","","84","84","1","12","4","120.712286","24.145804","3"
"2721","66000","387130000C","(04)23274275","(04)23288582","2026","2","7","12","6","臺中市","東區","0","1","0","7","2","6","50","3","1","1","5","4","6","6","4","4","10","5","5","2","17","3","10","3","1","B03","7","6","1","8","2","5","","14","14","1","12","4","120.700213","24.128003","2"
"2722","66000","387130000C","(04)23274275","(04)23288582","2026","2","7","12","6","臺中市","北屯區","0","0","0","7","","","50","","","","","","","","","","","","","","5","","","","","C03","","","1","","2","","","75","75","1","6","4","120.690758","24.179761","4"
"2723","66000","387130000C","(04)23274275","(04)23288582","2026","2","7","12","10","臺中市","西區","0","3","0","7","2","6","50","4","1","1","5","4","6","6","1","1","10","5","5","2","17","2","9","3","1","B03","7","9","1","8","2","1","","84","84","1","12","4","120.663696","24.130018","2"
"2724","66000","387130000C","(04)23274275","(04)23288582","2026","2","7","12","12","臺中市","西屯區","0","0","0","7","","","50","","","","","","","","","","","","","","14","","","","","B03","","","1","","2","","","49","49","1","12","4","120.656854","24.16142","3"
"2725","66000","387130000C","(04)23274275","(04)23288582","2026","2","7","12","16","臺中市","西區","0","2","0","7","1","6","50","4","1","1","5","4","6","6","2","1","1","4","1","2","13","3","10","3","2","B03","7","9","1","8","2","1","","59","59","1","13","4","120.672756","24.148357","2"
"2726","66000","387130000C","(04)23274275","(04)23288582","2026","2","7","12","17","臺中市","東區","0","1","0","7","3","6","50","4","2","1","5","4","6","6","2","1","5","5","5","2","12","3","10","2","1","C03","7","10","1","10","9","13","","42","42","2","6","4","120.683524","24.133198","2"
"2727","66000","387130000C","(04)23274275","(04)23288582","2026","2","7","12","20","臺中市","南屯區","0","0","0","7","","","","","","","","","","","","","","","","","17","","","","","","","","","","","","","119","119","1","","","120.649458","24.145036","3"
"2728","66000","387130000C","(04)23274275","(04)23288582","2026","2","7","12","20","臺中市","霧峰區","0","1","0","7","2","6","50","4","1","1","5","4","6","6","4","4","10","5","5","2","17","3","10","5","4","B03","7","5","1","8","2","5","","84","84","1","6","4","120.697703","24.064659","2"
"2729","66000","387130000C","(04)23274275","(04)23288582","2026","2","7","12","20","臺中市","梧棲區","0","0","0","7","","","70","","","","","","","","","","","","","","13","","","","","B03","","","1","","1","","","57","57","1","12","4","120.542507","24.219357","3"
"2730","66000","387130000C","(04)23274275","(04)23288582","2026","2","7","12","23","臺中市","潭子區","0","0","0","7","","","30","","","","","","","","","","","","","","","","","","","C03","","","1","","2","","","41","41","1","13","4","120.69152","24.210377","3"
"2731","66000","387130000C","(04)23274275","(04)23288582","2026","2","7","12","24","臺中市","東區","0","2","0","7","1","6","50","4","1","1","5","4","6","6","1","1","9","4","5","2","16","2","9","1","1","C03","7","1","1","10","2","14","12","51","51","1","12","4","120.689052","24.134058","2"
"2732","66000","387130000C","(04)23274275","(04)23288582","2026","2","7","12","24","臺中市","沙鹿區","0","0","0","6","","","40","","","","","","","","","","","","","","","","","","","C03","","","1","","2","","","58","58","1","12","4","120.568526","24.222628","3"
"2733","66000","387130000C","(04)23274275","(04)23288582","2026","2","7","12","25","臺中市","北屯區","0","0","0","7","","","50","","","","","","","","","","","","","","14","","","","","B03","","","1","","2","","","49","49","1","6","4","120.686","24.186598","4"
"2734","66000","387130000C","(04)23274275","(04)23288582","2026","2","7","12","26","臺中市","豐原區","0","1","0","7","2","6","50","13","9","1","5","4","6","6","4","4","5","5","5","2","13","3","10","5","4","B03","7","9","1","8","2","1","","84","84","1","12","4","120.715222","24.25178","2"
"2735","66000","387130000C","(04)23274275","(04)23288582","2026","2","7","12","30","臺中市","西屯區","0","0","0","7","2","6","50","4","1","1","5","4","6","6","2","1","10","5","5","2","12","3","10","3","1","C03","7","9","1","10","9","5","","8","8","2","13","4","120.637449","24.177602","3"
"2736","66000","387130000C","(04)23274275","(04)23288582","2026","2","7","12","30","臺中市","烏日區","0","0","0","7","","","30","","","","","","","","","","","","","","1","","","","","A11","","","1","","2","","","8","8","1","6","4","120.640694","24.071179","3"
"2737","66000","387130000C","(04)23274275","(04)23288582","2026","2","7","12","31","臺中市","南屯區","0","0","0","7","","","50","","","","","","","","","","","","","","16","","","","","B03","","","1","","1","","","20","20","1","6","4","120.647012","24.137354","3"
"2738","66000","387130000C","(04)23274275","(04)23288582","2026","2","7","12","31","臺中市","西屯區","0","1","0","7","2","6","30","3","1","1","5","4","6","6","4","4","10","5","5","2","13","2","8","2","1","C03","7","9","1","10","2","12","","59","59","1","12","4","120.662159","24.204233","2"
"2739","66000","387130000C","(04)23274275","(04)23288582","2026","2","7","12","35","臺中市","西區","0","0","0","7","","","50","","","","","","","","","","","","","","17","","","","","B03","","","1","","1","","","42","42","1","12","4","120.658502","24.155427","3"
"2740","66000","387130000C","(04)23274275","(04)23288582","2026","2","7","12","41","臺中市","東區","0","0","0","7","","","50","","","","","","","","","","","","","","13","","","","","B12","","","1","8","1","","","84","84","1","6","4","120.695869","24.14265","3"
"2741","66000","387130000C","(04)23274275","(04)23288582","2026","2","7","12","43","臺中市","北區","0","2","0","7","2","6","50","4","1","1","5","4","6","6","4","4","5","4","5","2","15","2","9","3","1","B03","7","9","1","8","2","5","","13","13","1","13","4","120.691298","24.155926","2"
"2742","66000","387130000C","(04)23274275","(04)23288582","2026","2","7","12","54","臺中市","北屯區","0","0","0","7","","","40","","","","","","","","","","","","","","","","","","","","","","","","","","","119","119","1","","","120.679634","24.182625","3"
"2743","66000","387130000C","(04)23274275","(04)23288582","2026","2","7","12","58","臺中市","西屯區","0","0","0","7","","","40","","","","","","","","","","","","","","17","","","","","C03","","","1","","1","","","49","49","1","12","4","120.641849","24.16494","3"
"2744","66000","387130000C","(04)23274275","(04)23288582","2026","2","7","12","59","臺中市","大里區","0","1","0","7","3","6","40","11","8","1","5","4","6","6","4","4","1","5","4","1","13","2","7","1","1","C03","7","7","1","10","2","13","","65","65","1","12","4","120.670265","24.100341","2"
"2745","66000","387130000C","(04)23274275","(04)23288582","2026","2","7","13","0","臺中市","豐原區","0","0","0","7","","","30","","","","","","","","","","","","","","19","","","","","B02","","","1","","2","","","84","84","1","12","4","120.724794","24.252339","3"
"2746","66000","387130000C","(04)23274275","(04)23288582","2026","2","7","13","2","臺中市","南區","0","1","0","7","2","6","50","3","1","1","5","4","6","6","4","4","10","5","5","2","17","3","10","3","1","B03","7","1","1","10","2","8","","51","51","1","12","4","120.655448","24.113758","2"
"2747","66000","387130000C","(04)23274275","(04)23288582","2026","2","7","13","4","臺中市","西屯區","0","1","0","7","2","6","50","4","1","1","5","4","6","6","1","1","10","5","5","2","12","3","10","3","4","B03","7","5","1","8","2","2","","84","84","1","13","4","120.643003","24.176992","2"
"2748","66000","387130000C","(04)23274275","(04)23288582","2026","2","7","13","9","臺中市","西區","0","2","0","7","3","6","50","5","1","1","5","4","6","6","1","1","10","5","5","2","13","2","9","2","1","C03","7","9","1","10","2","11","","7","7","1","12","4","120.665595","24.135088","2"
"2749","66000","387130000C","(04)23274275","(04)23288582","2026","2","7","13","9","臺中市","北區","0","1","0","7","2","6","50","3","1","1","5","4","6","6","2","1","10","5","5","2","17","3","10","3","1","B03","7","14","1","8","2","2","","76","76","1","12","4","120.685414","24.147606","2"
"2750","66000","387130000C","(04)23274275","(04)23288582","2026","2","7","13","13","臺中市","太平區","0","1","0","7","2","6","0","13","9","1","5","4","6","6","4","4","10","5","5","2","17","2","9","4","1","F01","7","1","7","21","2","11","","51","51","1","12","4","120.72635","24.143106","2"
"2751","66000","387130000C","(04)23274275","(04)23288582","2026","2","7","13","16","臺中市","北屯區","0","0","0","7","","","60","","","","","","","","","","","","","","12","","","","","B03","","","1","","1","","","42","42","1","12","4","120.71907","24.163164","3"
"2752","66000","387130000C","(04)23274275","(04)23288582","2026","2","7","13","17","臺中市","大甲區","0","3","0","7","3","6","50","13","9","1","5","4","6","6","4","4","5","5","5","1","3","2","9","6","5","H01","8","16","7","21","10","17","","98","98","1","12","5","120.621749","24.34645","2"
"2753","66000","387130000C","(04)23274275","(04)23288582","2026","2","7","13","18","臺中市","大肚區","0","0","0","7","","","50","","","","","","","","","","","","","","11","","","","","B03","","","1","","1","","","21","21","1","12","4","120.576391","24.118873","3"
"2754","66000","387130000C","(04)23274275","(04)23288582","2026","2","7","13","20","臺中市","烏日區","0","2","0","7","3","6","50","13","8","1","5","4","6","6","4","4","1","5","5","1","17","2","9","2","1","C03","7","9","3","19","2","11","","7","7","1","6","4","120.606599","24.108558","2"
"2755","66000","387130000C","(04)23274275","(04)23288582","2026","2","7","13","24","臺中市","西屯區","0","2","0","7","2","6","30","4","1","1","5","4","6","6","4","4","10","5","5","2","15","2","9","5","4","C03","7","9","1","10","2","11","","15","15","1","13","4","120.648045","24.176138","2"
"2756","66000","387130000C","(04)23274275","(04)23288582","2026","2","7","13","28","臺中市","北屯區","0","1","0","7","3","6","50","4","1","1","5","4","6","6","2","1","10","5","5","2","16","3","10","3","1","B12","7","5","1","7","2","5","","47","47","1","12","4","120.695451","24.165024","2"
"2757","66000","387130000C","(04)23274275","(04)23288582","2026","2","7","13","30","臺中市","南屯區","0","0","0","7","","","50","","","","","","","","","","","","","","14","","","","","B03","","","1","","2","","","50","50","1","13","4","120.645054","24.132031","3"
"2758","66000","387130000C","(04)23274275","(04)23288582","2026","2","7","13","32","臺中市","西區","0","0","0","7","","","40","","","","","","","","","","","","","","","","","","","C03","","","1","","1","","","7","7","1","6","2","120.657371","24.152528","3"