序號,縣市別代碼,機關代碼,市話,傳真,年,月,日,時,分,縣市,區,死亡數量,受傷數量,2-30,天候,道路照明設備,道路類別,道路速限,道路型態,事故位置,路面鋪裝,路面狀態,路面缺陷,障礙物,視距,號誌種類,號誌動作,分向設施,快車道或一般車道間,快慢車道間,路面邊線,事故類型及型態,受傷程度,主要傷處,保護裝備,行動電話或功能裝置,當事者區分(類別),車輛用途,當事者行動狀態,駕照狀態,駕照種類,飲酒情形,車輛撞擊部位最初,車輛撞擊部位其他,肇事因素個別,肇事因素主要,肇事逃逸,職業,共享經濟或外送平台,GPS座標X,GPS座標Y,事故類別
"2759","66000","387130000C","(04)23274275","(04)23288582","2026","2","7","13","39","臺中市","中區","0","1","0","7","1","6","50","4","1","1","5","4","6","6","2","1","5","4","5","2","17","3","10","3","1","B01","7","6","1","4","2","5","","11","11","1","12","4","120.679866","24.146237","2"
"2760","66000","387130000C","(04)23274275","(04)23288582","2026","2","7","13","39","臺中市","外埔區","0","0","0","7","","","50","","","","","","","","","","","","","","14","","","","","B02","","","1","","2","","","49","49","1","6","4","120.631238","24.324272","3"
"2761","66000","387130000C","(04)23274275","(04)23288582","2026","2","7","13","40","臺中市","西區","0","0","0","7","","","30","","","","","","","","","","","","","","17","","","","","B03","","","1","","1","","","15","15","1","12","4","120.662167","24.134065","3"
"2762","66000","387130000C","(04)23274275","(04)23288582","2026","2","7","13","40","臺中市","西區","0","0","0","7","","","50","","","","","","","","","","","","","","17","","","","","C03","","","1","","1","","","7","7","1","12","4","120.658875","24.155441","3"
"2763","66000","387130000C","(04)23274275","(04)23288582","2026","2","7","13","40","臺中市","東區","0","0","0","7","","","50","","","","","","","","","","","","","","","","","","","B03","","","1","","1","","","7","7","1","12","4","120.699687","24.14114","3"
"2764","66000","387130000C","(04)23274275","(04)23288582","2026","2","7","13","41","臺中市","神岡區","0","2","0","7","2","6","50","3","2","1","5","4","6","6","1","1","5","5","4","2","17","3","10","3","1","B03","7","11","1","8","2","5","5","45","45","1","12","4","120.704462","24.261784","2"
"2765","66000","387130000C","(04)23274275","(04)23288582","2026","2","7","13","43","臺中市","潭子區","0","1","0","7","2","6","60","3","2","1","5","4","6","6","4","4","1","4","5","2","12","2","9","2","1","C03","7","7","1","10","2","11","","40","40","1","13","4","120.711153","24.206624","2"
"2766","66000","387130000C","(04)23274275","(04)23288582","2026","2","7","13","45","臺中市","北屯區","0","3","0","7","1","6","50","4","2","1","5","4","6","6","1","1","5","4","5","2","15","2","9","1","1","C03","7","9","1","10","2","12","","21","21","1","13","4","120.674818","24.191077","2"
"2767","66000","387130000C","(04)23274275","(04)23288582","2026","2","7","13","47","臺中市","西區","0","0","0","7","","","50","","","","","","","","","","","","","","","","","","","B03","","","1","","2","","","84","84","1","6","4","120.670439","24.139137","3"
"2768","66000","387130000C","(04)23274275","(04)23288582","2026","2","7","13","48","臺中市","西屯區","0","1","0","7","2","6","50","13","9","1","5","4","6","6","4","4","10","4","5","2","17","3","10","3","1","B12","7","9","1","8","2","2","","8","8","1","13","4","120.621534","24.185422","2"
"2769","66000","387130000C","(04)23274275","(04)23288582","2026","2","7","13","56","臺中市","南屯區","0","0","0","7","","","50","","","","","","","","","","","","","","12","3","10","3","1","B03","7","7","1","8","2","6","","2","2","1","12","4","120.629286","24.150923","3"
"2770","66000","387130000C","(04)23274275","(04)23288582","2026","2","7","13","58","臺中市","太平區","0","0","0","7","","","50","","","","","","","","","","","","","","","","","","","B01","","","1","","2","","","12","12","1","12","4","120.719671","24.149908","3"
"2771","66000","387130000C","(04)23274275","(04)23288582","2026","2","7","13","59","臺中市","西區","0","1","0","7","1","6","50","3","1","1","5","4","6","6","4","4","5","4","5","2","17","3","10","3","1","B12","7","6","1","8","2","6","","11","11","1","12","4","120.653495","24.146719","2"
"2772","66000","387130000C","(04)23274275","(04)23288582","2026","2","7","14","2","臺中市","西區","0","3","0","7","2","6","50","4","1","1","5","4","6","6","1","1","10","5","5","2","17","2","9","1","1","C03","7","6","1","10","2","14","","48","48","1","12","4","120.675492","24.133622","2"
"2773","66000","387130000C","(04)23274275","(04)23288582","2026","2","7","14","4","臺中市","南屯區","0","0","0","7","","","","","","","","","","","","","","","","","17","","","","","","","","","","","","","119","119","1","","","120.633437","24.148475","3"
"2774","66000","387130000C","(04)23274275","(04)23288582","2026","2","7","14","4","臺中市","北屯區","0","0","0","7","","","50","","","","","","","","","","","","","","13","","","","","C03","","","1","","1","","","7","7","1","12","4","120.69083","24.182327","4"
"2775","66000","387130000C","(04)23274275","(04)23288582","2026","2","7","14","6","臺中市","大里區","0","1","0","7","3","6","50","4","1","1","5","4","6","6","2","1","1","4","5","1","15","2","8","1","1","C03","7","9","1","10","2","11","","21","21","1","12","4","120.688816","24.119689","2"
"2776","66000","387130000C","(04)23274275","(04)23288582","2026","2","7","14","7","臺中市","西屯區","0","0","0","7","","","50","","","","","","","","","","","","","","17","","","","","B03","","","1","","2","","","59","59","1","12","4","120.651095","24.164214","3"
"2777","66000","387130000C","(04)23274275","(04)23288582","2026","2","7","14","13","臺中市","北屯區","0","0","0","7","","","50","","","","","","","","","","","","","","12","","","","","B03","","","1","","1","","","51","51","1","6","4","120.721136","24.182091","3"
"2778","66000","387130000C","(04)23274275","(04)23288582","2026","2","7","14","22","臺中市","北屯區","0","3","0","7","2","6","5","5","1","1","5","4","6","6","1","1","10","5","5","2","13","2","9","1","1","C03","7","9","1","10","1","11","","7","7","1","6","4","120.697745","24.170349","2"
"2779","66000","387130000C","(04)23274275","(04)23288582","2026","2","7","14","22","臺中市","沙鹿區","0","0","0","7","","","50","","","","","","","","","","","","","","","","","","","C03","","","1","","2","","","85","85","1","6","4","120.565236","24.232593","3"
"2780","66000","387130000C","(04)23274275","(04)23288582","2026","2","7","14","23","臺中市","南屯區","0","0","0","7","","","30","","","","","","","","","","","","","","14","","","","","C02","","","1","","1","","","49","49","1","6","4","120.611338","24.139714","3"
"2781","66000","387130000C","(04)23274275","(04)23288582","2026","2","7","14","25","臺中市","后里區","0","0","0","6","","","50","","","","","","","","","","","","","","12","","","","","B03","","","1","","1","","","1","1","1","6","4","120.695411","24.313158","3"
"2782","66000","387130000C","(04)23274275","(04)23288582","2026","2","7","14","28","臺中市","豐原區","0","1","0","7","2","6","50","13","8","1","5","4","6","6","4","4","5","4","4","2","17","3","10","3","1","B03","7","1","1","8","2","8","","51","51","1","12","4","120.717095","24.251436","2"
"2783","66000","387130000C","(04)23274275","(04)23288582","2026","2","7","14","34","臺中市","南區","0","1","0","7","3","6","50","4","2","1","5","4","6","6","2","1","10","5","5","2","13","2","7","1","1","C03","7","9","5","19","2","14","","56","56","1","6","4","120.681265","24.126474","2"
"2784","66000","387130000C","(04)23274275","(04)23288582","2026","2","7","14","35","臺中市","北屯區","0","0","0","7","","","50","","","","","","","","","","","","","","13","","","","","C03","","","1","","1","","","59","59","1","12","4","120.686332","24.171919","3"
"2785","66000","387130000C","(04)23274275","(04)23288582","2026","2","7","14","40","臺中市","潭子區","0","0","0","7","","","30","","","","","","","","","","","","","","","","","","","B12","","","1","","2","","","68","68","1","13","4","120.72557","24.199818","3"
"2786","66000","387130000C","(04)23274275","(04)23288582","2026","2","7","14","43","臺中市","北區","0","0","0","7","3","6","50","13","24","1","5","4","6","6","4","4","3","4","5","2","17","","","","","C03","","","1","","1","","","7","7","1","13","4","120.685395","24.152786","3"
"2787","66000","387130000C","(04)23274275","(04)23288582","2026","2","7","14","48","臺中市","龍井區","0","0","0","6","","","30","","","","","","","","","","","","","","11","","","","","B03","","","1","","1","","","8","8","1","12","4","120.572576","24.179785","3"
"2788","66000","387130000C","(04)23274275","(04)23288582","2026","2","7","14","50","臺中市","南屯區","0","1","0","7","3","6","50","3","1","1","5","4","6","6","4","4","9","4","5","2","17","3","10","3","1","B03","7","11","1","8","2","7","","45","45","1","13","4","120.645531","24.137762","2"
"2789","66000","387130000C","(04)23274275","(04)23288582","2026","2","7","14","54","臺中市","外埔區","0","0","0","7","2","6","50","3","7","1","5","4","6","6","1","1","4","5","4","1","13","3","10","3","1","B03","7","9","1","8","2","1","","84","84","1","12","4","120.637257","24.342581","3"
"2790","66000","387130000C","(04)23274275","(04)23288582","2026","2","7","14","55","臺中市","南區","0","1","0","7","2","6","50","13","9","1","5","4","6","6","4","4","5","5","5","2","13","3","10","3","1","B12","7","15","1","7","2","5","","84","84","1","12","4","120.6591","24.113475","2"
"2791","66000","387130000C","(04)23274275","(04)23288582","2026","2","7","14","55","臺中市","南屯區","0","0","0","7","","","50","","","","","","","","","","","","","","17","","","","","C03","","","1","","2","","","8","8","1","12","4","120.644578","24.140155","3"
"2792","66000","387130000C","(04)23274275","(04)23288582","2026","2","7","14","57","臺中市","北屯區","0","0","0","7","","","50","","","","","","","","","","","","","","13","","","","","B03","","","1","","1","","","57","57","1","12","4","120.721655","24.182111","3"
"2793","66000","387130000C","(04)23274275","(04)23288582","2026","2","7","15","0","臺中市","太平區","0","0","0","7","","3","80","","","","","","","","","","","","","","","","","","","B03","","","3","","2","","","7","7","1","12","4","120.714097","24.14843","3"
"2794","66000","387130000C","(04)23274275","(04)23288582","2026","2","7","15","2","臺中市","大里區","0","0","0","7","","","50","","","","","","","","","","","","","","17","","","","","C03","","","1","","2","","","7","7","1","6","4","120.681746","24.103018","3"
"2795","66000","387130000C","(04)23274275","(04)23288582","2026","2","7","15","3","臺中市","大甲區","0","1","0","7","1","6","50","11","9","1","5","4","6","6","4","4","10","5","5","2","11","2","9","1","1","C03","7","9","3","19","2","14","","41","41","1","12","4","120.63903","24.401224","2"
"2796","66000","387130000C","(04)23274275","(04)23288582","2026","2","7","15","6","臺中市","中區","0","0","0","7","","","50","","","","","","","","","","","","","","14","","","","","B12","","","1","","1","","","49","49","1","13","4","120.683873","24.137956","3"
"2797","66000","387130000C","(04)23274275","(04)23288582","2026","2","7","15","6","臺中市","豐原區","0","0","0","7","","","50","","","","","","","","","","","","","","13","","","","","B03","","","1","","2","","","7","7","1","6","4","120.747356","24.269419","3"
"2798","66000","387130000C","(04)23274275","(04)23288582","2026","2","7","15","7","臺中市","北屯區","0","0","0","7","","","50","","","","","","","","","","","","","","9","","","","","B12","","","1","7","2","","","84","84","1","12","4","120.686309","24.179682","3"
"2799","66000","387130000C","(04)23274275","(04)23288582","2026","2","7","15","10","臺中市","潭子區","0","0","0","7","","","60","","","","","","","","","","","","","","","","","","","C03","","","1","","2","","","48","48","1","13","4","120.709666","24.200689","3"
"2800","66000","387130000C","(04)23274275","(04)23288582","2026","2","7","15","10","臺中市","豐原區","0","1","0","7","2","6","50","4","3","1","5","4","6","6","2","1","5","4","5","2","12","3","10","1","1","C03","7","9","1","10","2","14","","84","84","1","12","2","120.72295","24.236131","2"
"2801","66000","387130000C","(04)23274275","(04)23288582","2026","2","7","15","12","臺中市","北區","0","1","0","7","2","6","50","4","1","1","5","4","6","6","2","1","10","5","5","2","17","2","9","3","1","B03","7","9","1","8","2","5","","84","84","1","13","4","120.672574","24.170091","2"
"2802","66000","387130000C","(04)23274275","(04)23288582","2026","2","7","15","13","臺中市","龍井區","0","0","0","7","","","70","","","","","","","","","","","","","","","","","","","A41","","","1","","2","","","40","40","1","12","4","120.505848","24.210472","3"
"2803","66000","387130000C","(04)23274275","(04)23288582","2026","2","7","15","14","臺中市","太平區","0","0","0","7","","","40","","","","","","","","","","","","","","17","","","","","C03","","","1","","2","","","84","84","1","12","4","120.699664","24.150286","3"
"2804","66000","387130000C","(04)23274275","(04)23288582","2026","2","7","15","16","臺中市","北屯區","0","0","0","7","","","50","","","","","","","","","","","","","","17","","","","","B03","","","1","","1","","","50","50","1","12","4","120.685647","24.167078","3"
"2805","66000","387130000C","(04)23274275","(04)23288582","2026","2","7","15","18","臺中市","太平區","0","0","0","7","","3","80","","","","","","","","","","","","","","","","","","","B03","","","1","","1","","","84","84","1","12","4","120.715638","24.152299","3"
"2806","66000","387130000C","(04)23274275","(04)23288582","2026","2","7","15","19","臺中市","西屯區","0","1","0","7","2","6","50","13","9","1","5","4","6","6","4","4","5","4","5","2","13","2","8","5","4","C03","7","9","1","10","2","11","","7","7","1","13","4","120.654828","24.17609","2"
"2807","66000","387130000C","(04)23274275","(04)23288582","2026","2","7","15","23","臺中市","北屯區","0","2","0","7","3","6","50","13","7","1","5","4","6","6","4","4","5","4","4","2","17","2","8","1","1","C03","7","11","1","10","1","14","","46","46","1","12","4","120.682388","24.17627","2"
"2808","66000","387130000C","(04)23274275","(04)23288582","2026","2","7","15","24","臺中市","北屯區","0","1","0","7","2","6","50","4","1","1","5","4","6","6","2","1","10","5","5","2","16","2","9","1","1","C03","7","6","1","10","2","14","","48","48","1","6","4","120.679622","24.173032","2"
"2809","66000","387130000C","(04)23274275","(04)23288582","2026","2","7","15","30","臺中市","清水區","0","0","0","7","","","50","","","","","","","","","","","","","","","","","","","B12","","","1","","1","","","76","76","1","12","4","120.57691","24.269799","3"
"2810","66000","387130000C","(04)23274275","(04)23288582","2026","2","7","15","31","臺中市","北區","0","1","0","7","3","6","50","18","24","1","5","4","6","6","4","4","5","5","5","2","17","3","10","5","4","B12","7","9","5","19","2","2","","8","8","1","13","4","120.673483","24.171477","2"
"2811","66000","387130000C","(04)23274275","(04)23288582","2026","2","7","15","33","臺中市","沙鹿區","0","0","0","7","","","40","","","","","","","","","","","","","","","","","","","B03","","","1","","1","","","49","49","1","6","4","120.557976","24.226084","3"
"2812","66000","387130000C","(04)23274275","(04)23288582","2026","2","7","15","35","臺中市","大肚區","0","1","0","6","1","6","30","3","2","1","5","4","6","6","4","4","8","3","5","1","16","3","10","1","1","C03","7","6","3","19","2","14","","14","14","1","10","4","120.545369","24.162423","2"
"2813","66000","387130000C","(04)23274275","(04)23288582","2026","2","7","15","36","臺中市","潭子區","0","1","0","7","2","6","50","4","1","1","5","4","6","6","2","1","1","4","5","2","16","3","10","3","1","B03","7","5","1","8","2","2","","84","84","1","13","4","120.703413","24.215785","2"
"2814","66000","387130000C","(04)23274275","(04)23288582","2026","2","7","15","36","臺中市","西屯區","0","1","0","7","1","6","50","4","7","1","5","4","6","6","4","4","8","4","4","1","16","3","10","5","4","B03","7","5","1","8","2","5","","85","85","1","13","4","120.655024","24.172408","2"
"2815","66000","387130000C","(04)23274275","(04)23288582","2026","2","7","15","37","臺中市","西屯區","0","1","0","7","2","6","50","3","1","1","5","4","6","6","1","1","10","5","5","2","12","3","10","3","1","B03","7","5","1","8","2","6","","11","11","1","12","4","120.653109","24.168741","2"
"2816","66000","387130000C","(04)23274275","(04)23288582","2026","2","7","15","37","臺中市","豐原區","0","0","0","7","","","50","","","","","","","","","","","","","","12","","","","","B03","","","1","","2","","","1","1","1","6","4","120.718568","24.243521","3"
"2817","66000","387130000C","(04)23274275","(04)23288582","2026","2","7","15","39","臺中市","大里區","0","0","0","7","","","30","","","","","","","","","","","","","","17","","","","","C03","","","1","","2","","","84","84","1","12","4","120.719459","24.093815","3"
"2818","66000","387130000C","(04)23274275","(04)23288582","2026","2","7","15","41","臺中市","北屯區","0","0","0","7","","","50","","","","","","","","","","","","","","","","","","","B03","","","1","","1","","","15","15","1","13","4","120.687759","24.172484","3"
"2819","66000","387130000C","(04)23274275","(04)23288582","2026","2","7","15","44","臺中市","北區","0","0","0","7","","","50","","","","","","","","","","","","","","17","","","","","B03","","","1","","2","","","84","84","1","13","4","120.680301","24.152378","3"
"2820","66000","387130000C","(04)23274275","(04)23288582","2026","2","7","15","45","臺中市","北屯區","0","0","0","7","","","50","","","","","","","","","","","","","","9","","","","","B03","","","1","8","1","","","7","7","1","12","4","120.690994","24.179105","3"
"2821","66000","387130000C","(04)23274275","(04)23288582","2026","2","7","15","46","臺中市","太平區","0","1","0","7","2","6","50","4","1","1","5","4","6","6","2","1","5","4","5","2","16","3","10","3","1","B03","7","6","1","8","2","1","","11","11","1","12","4","120.709883","24.134922","2"
"2822","66000","387130000C","(04)23274275","(04)23288582","2026","2","7","15","46","臺中市","神岡區","0","1","0","7","3","6","50","3","9","1","5","4","6","6","4","4","5","5","5","2","16","3","10","3","1","B03","7","5","1","8","2","2","","20","20","1","13","4","120.678699","24.238805","2"
"2823","66000","387130000C","(04)23274275","(04)23288582","2026","2","7","15","47","臺中市","南屯區","0","0","0","7","","","50","","","","","","","","","","","","","","12","3","10","3","1","B03","7","6","1","8","1","5","","2","2","1","12","4","120.643476","24.145497","3"
"2824","66000","387130000C","(04)23274275","(04)23288582","2026","2","7","15","48","臺中市","大里區","0","0","0","7","","","50","","","","","","","","","","","","","","13","","","","","B12","","","1","","1","","","59","59","1","6","4","120.693036","24.100444","3"
"2825","66000","387130000C","(04)23274275","(04)23288582","2026","2","7","15","49","臺中市","豐原區","0","0","0","7","","","50","","","","","","","","","","","","","","17","","","","","C03","","","1","","2","","","84","84","1","12","4","120.725582","24.241489","3"
"2826","66000","387130000C","(04)23274275","(04)23288582","2026","2","7","15","50","臺中市","大肚區","0","1","0","6","2","6","30","3","2","1","5","4","6","6","4","4","10","5","5","2","16","3","10","3","1","B03","7","5","1","8","2","8","","84","84","1","12","4","120.581664","24.11853","2"
"2827","66000","387130000C","(04)23274275","(04)23288582","2026","2","7","15","53","臺中市","沙鹿區","0","0","0","7","","","30","","","","","","","","","","","","","","","","","","","B03","","","1","","2","","","8","8","1","6","4","120.57792","24.221576","3"
"2828","66000","387130000C","(04)23274275","(04)23288582","2026","2","7","15","55","臺中市","北屯區","0","0","0","7","","","50","","","","","","","","","","","","","","12","","","","","B03","","","1","","1","","","8","8","1","12","4","120.719656","24.163214","3"
"2829","66000","387130000C","(04)23274275","(04)23288582","2026","2","7","15","57","臺中市","北區","0","1","0","7","2","6","50","4","1","1","5","4","6","6","2","1","10","5","5","2","17","2","9","1","1","C03","7","6","1","10","2","14","","84","84","1","13","4","120.682583","24.153366","2"
"2830","66000","387130000C","(04)23274275","(04)23288582","2026","2","7","15","59","臺中市","南屯區","0","1","0","7","3","6","40","13","12","1","5","4","6","6","4","4","9","5","4","2","18","2","9","2","1","C03","7","9","1","10","2","12","","85","85","1","13","4","120.615868","24.150859","2"
"2831","66000","387130000C","(04)23274275","(04)23288582","2026","2","7","16","3","臺中市","大里區","0","2","0","7","3","6","30","4","1","1","5","4","6","6","4","4","10","5","5","2","15","2","9","1","1","C03","7","9","1","10","2","12","","15","15","1","6","4","120.70938","24.083159","2"
"2832","66000","387130000C","(04)23274275","(04)23288582","2026","2","7","16","4","臺中市","梧棲區","0","0","0","7","","","50","","","","","","","","","","","","","","14","","","","","B03","","","1","","1","","","49","49","1","12","4","120.534809","24.255984","3"
"2833","66000","387130000C","(04)23274275","(04)23288582","2026","2","7","16","8","臺中市","豐原區","0","0","0","7","","","50","","","","","","","","","","","","","","17","","","","","B03","","","1","","2","","","51","51","1","12","4","120.752436","24.271958","3"
"2834","66000","387130000C","(04)23274275","(04)23288582","2026","2","7","16","13","臺中市","太平區","0","0","0","7","","","50","","","","","","","","","","","","","","","","","","","B03","","","1","","1","","","84","84","1","12","4","120.722378","24.112677","3"
"2835","66000","387130000C","(04)23274275","(04)23288582","2026","2","7","16","15","臺中市","南屯區","0","0","0","7","","","50","","","","","","","","","","","","","","17","","","","","B03","","","1","","1","","","45","45","1","12","4","120.636934","24.134157","3"
"2836","66000","387130000C","(04)23274275","(04)23288582","2026","2","7","16","15","臺中市","西屯區","0","0","0","7","","3","80","","","","","","","","","","","","","","13","","","","","B03","","","1","","1","","","59","59","1","12","4","120.651607","24.197865","3"
"2837","66000","387130000C","(04)23274275","(04)23288582","2026","2","7","16","19","臺中市","潭子區","0","0","0","7","","","0","","","","","","","","","","","","","","","","","","","B03","","","1","","2","","","51","51","1","13","4","120.710114","24.206347","3"
"2838","66000","387130000C","(04)23274275","(04)23288582","2026","2","7","16","20","臺中市","豐原區","0","1","0","7","2","6","30","3","1","1","5","4","6","6","4","4","10","5","5","2","17","2","5","5","4","C03","7","6","1","10","2","12","","14","14","1","12","4","120.707813","24.248753","2"
"2839","66000","387130000C","(04)23274275","(04)23288582","2026","2","7","16","23","臺中市","東區","0","1","0","7","2","6","40","4","2","1","5","4","6","6","2","1","5","4","4","2","18","2","9","2","1","C03","7","9","1","10","2","14","","84","84","1","12","4","120.701403","24.140174","2"
"2840","66000","387130000C","(04)23274275","(04)23288582","2026","2","7","16","25","臺中市","太平區","0","1","0","7","2","6","50","13","12","1","5","4","6","6","4","4","5","5","4","1","17","2","9","1","1","C03","7","9","1","10","2","11","","84","84","1","12","4","120.718549","24.154428","2"
"2841","66000","387130000C","(04)23274275","(04)23288582","2026","2","7","16","25","臺中市","清水區","0","0","0","7","1","6","50","13","9","1","5","4","6","6","4","4","8","4","5","2","12","","","","","B03","","","1","","1","","","14","14","1","12","4","120.57725","24.271384","3"
"2842","66000","387130000C","(04)23274275","(04)23288582","2026","2","7","16","29","臺中市","北區","0","0","0","7","","","","","","","","","","","","","","","","","13","","","","","","","","","","","","","86","86","1","","","120.686047","24.146486","3"
"2843","66000","387130000C","(04)23274275","(04)23288582","2026","2","7","16","30","臺中市","西屯區","0","0","0","7","","","50","","","","","","","","","","","","","","12","","","","","B03","","","1","","1","","","51","51","1","12","4","120.602888","24.184755","3"
"2844","66000","387130000C","(04)23274275","(04)23288582","2026","2","7","16","30","臺中市","沙鹿區","0","0","0","7","","","30","","","","","","","","","","","","","","17","","","","","B03","","","1","","2","","","8","8","1","6","4","120.570498","24.216092","3"
"2845","66000","387130000C","(04)23274275","(04)23288582","2026","2","7","16","30","臺中市","后里區","0","0","0","7","2","6","50","3","2","1","5","4","6","6","4","4","5","5","5","1","17","3","10","2","1","C03","7","6","1","10","2","14","","48","48","1","12","4","120.697028","24.301641","3"
"2846","66000","387130000C","(04)23274275","(04)23288582","2026","2","7","16","31","臺中市","龍井區","0","1","0","6","2","6","30","3","1","1","5","4","6","6","4","4","10","5","5","2","16","3","10","3","1","B01","7","5","1","4","2","8","","12","12","1","6","4","120.579937","24.183743","2"
"2847","66000","387130000C","(04)23274275","(04)23288582","2026","2","7","16","33","臺中市","南區","0","0","0","7","","","50","","","","","","","","","","","","","","13","","","","","C03","","","1","","1","","","7","7","1","6","4","120.659166","24.126024","3"
"2848","66000","387130000C","(04)23274275","(04)23288582","2026","2","7","16","40","臺中市","西屯區","0","0","0","7","","","50","","","","","","","","","","","","","","16","","","","","C03","","","1","","2","","","45","45","1","12","4","120.667947","24.178206","3"
"2849","66000","387130000C","(04)23274275","(04)23288582","2026","2","7","16","46","臺中市","沙鹿區","0","1","0","6","2","6","50","4","1","1","5","4","6","6","2","1","10","5","5","2","17","2","8","2","1","C03","7","9","1","10","2","11","","21","21","1","6","4","120.568814","24.223568","2"
"2850","66000","387130000C","(04)23274275","(04)23288582","2026","2","7","16","50","臺中市","西區","0","0","0","7","","","50","","","","","","","","","","","","","","13","","","","","B03","","","1","","1","","","7","7","1","12","4","120.663235","24.150859","3"
"2851","66000","387130000C","(04)23274275","(04)23288582","2026","2","7","16","50","臺中市","北屯區","0","0","0","7","","","50","","","","","","","","","","","","","","12","","","","","B12","","","1","","1","","","40","40","1","6","4","120.685855","24.179094","3"
"2852","66000","387130000C","(04)23274275","(04)23288582","2026","2","7","16","53","臺中市","后里區","0","2","0","6","3","6","50","13","19","1","5","4","6","6","4","4","10","5","5","2","8","3","10","3","1","B03","7","9","1","7","6","1","","53","53","1","6","4","120.749572","24.325007","2"
"2853","66000","387130000C","(04)23274275","(04)23288582","2026","2","7","16","55","臺中市","南屯區","0","0","0","7","","","50","","","","","","","","","","","","","","30","","","","","B03","","","1","","1","","","8","8","2","12","4","120.628028","24.114167","3"
"2854","66000","387130000C","(04)23274275","(04)23288582","2026","2","7","16","56","臺中市","北區","0","1","0","7","3","6","50","4","2","1","5","4","6","6","2","1","10","5","5","2","17","2","7","5","4","F01","7","6","7","21","2","15","","84","84","1","13","4","120.685495","24.153498","2"
"2855","66000","387130000C","(04)23274275","(04)23288582","2026","2","7","16","56","臺中市","北屯區","0","0","0","7","","","50","","","","","","","","","","","","","","","","","","","C03","","","1","","2","","","84","84","1","13","4","120.664025","24.18528","3"
"2856","66000","387130000C","(04)23274275","(04)23288582","2026","2","7","16","58","臺中市","北屯區","0","1","0","7","2","6","50","4","1","1","5","4","6","6","1","1","10","5","5","2","13","2","9","5","4","C03","7","9","1","10","2","11","","7","7","1","12","4","120.721105","24.176593","2"
"2857","66000","387130000C","(04)23274275","(04)23288582","2026","2","7","16","58","臺中市","西屯區","0","1","0","7","2","6","30","13","9","1","5","4","6","6","4","4","1","5","5","2","17","2","9","5","4","B03","7","9","1","8","2","8","","56","56","1","13","4","120.645672","24.167699","2"
"2858","66000","387130000C","(04)23274275","(04)23288582","2026","2","7","16","59","臺中市","東區","0","0","0","7","","","30","","","","","","","","","","","","","","","","","","","B03","","","1","","1","","","7","7","1","12","4","120.699032","24.140843","3"
"2859","66000","387130000C","(04)23274275","(04)23288582","2026","2","7","17","3","臺中市","太平區","0","2","0","7","2","6","50","4","1","1","5","4","6","6","2","1","5","5","5","1","16","2","7","4","1","F02","7","6","7","21","2","11","","25","25","1","12","1","120.717533","24.123553","2"
"2860","66000","387130000C","(04)23274275","(04)23288582","2026","2","7","17","6","臺中市","南屯區","0","0","0","7","","","50","","","","","","","","","","","","","","","","","","","B03","","","1","","1","","","84","84","1","13","4","120.622908","24.14515","3"
"2861","66000","387130000C","(04)23274275","(04)23288582","2026","2","7","17","7","臺中市","清水區","0","1","0","7","2","6","50","4","1","1","5","4","6","6","4","4","9","3","5","1","17","2","9","1","1","C03","7","9","1","10","2","12","","15","15","1","12","4","120.561958","24.278944","2"
"2862","66000","387130000C","(04)23274275","(04)23288582","2026","2","7","17","9","臺中市","北區","0","1","0","7","2","6","40","13","8","1","5","4","3","6","4","4","1","4","4","2","12","3","10","1","1","C03","7","9","1","10","11","15","","71","71","2","12","4","120.673801","24.165908","2"
"2863","66000","387130000C","(04)23274275","(04)23288582","2026","2","7","17","9","臺中市","大里區","0","2","0","7","2","6","50","13","7","1","5","4","6","6","4","4","5","4","4","1","13","2","9","5","4","C03","7","9","1","10","8","11","","59","59","1","6","4","120.703062","24.08969","2"
"2864","66000","387130000C","(04)23274275","(04)23288582","2026","2","7","17","11","臺中市","北區","0","0","0","7","","","50","","","","","","","","","","","","","","15","","","","","B03","","","1","","1","","","12","12","1","12","4","120.671995","24.167464","3"
"2865","66000","387130000C","(04)23274275","(04)23288582","2026","2","7","17","11","臺中市","北區","0","0","0","7","","","50","","","","","","","","","","","","","","17","","","","","","","","","","","","","119","119","1","","","120.670225","24.171671","3"
"2866","66000","387130000C","(04)23274275","(04)23288582","2026","2","7","17","19","臺中市","西屯區","0","0","0","7","","","50","","","","","","","","","","","","","","17","","","","","C03","","","1","","2","","","50","50","1","13","4","120.66086","24.163962","3"
"2867","66000","387130000C","(04)23274275","(04)23288582","2026","2","7","17","20","臺中市","潭子區","0","1","0","7","2","6","50","3","1","1","5","4","6","6","2","1","1","4","5","2","15","3","10","1","1","C03","7","9","1","10","2","11","","21","21","1","13","4","120.709477","24.200307","2"
"2868","66000","387130000C","(04)23274275","(04)23288582","2026","2","7","17","21","臺中市","南區","0","0","0","7","","","50","","","","","","","","","","","","","","","","","","","C03","","","1","","2","","","84","84","1","13","4","120.667581","24.128097","3"
"2869","66000","387130000C","(04)23274275","(04)23288582","2026","2","7","17","24","臺中市","北屯區","0","1","0","7","2","6","50","13","9","1","5","4","6","6","4","4","7","4","5","2","12","3","10","1","1","C03","7","9","1","10","8","11","","59","59","1","12","4","120.716109","24.165708","2"