序號,縣市別代碼,機關代碼,市話,傳真,年,月,日,時,分,縣市,區,死亡數量,受傷數量,2-30,天候,道路照明設備,道路類別,道路速限,道路型態,事故位置,路面鋪裝,路面狀態,路面缺陷,障礙物,視距,號誌種類,號誌動作,分向設施,快車道或一般車道間,快慢車道間,路面邊線,事故類型及型態,受傷程度,主要傷處,保護裝備,行動電話或功能裝置,當事者區分(類別),車輛用途,當事者行動狀態,駕照狀態,駕照種類,飲酒情形,車輛撞擊部位最初,車輛撞擊部位其他,肇事因素個別,肇事因素主要,肇事逃逸,職業,共享經濟或外送平台,GPS座標X,GPS座標Y,事故類別
"2870","66000","387130000C","(04)23274275","(04)23288582","2026","2","7","17","24","臺中市","大甲區","0","1","0","7","2","6","50","13","9","1","5","4","6","6","4","4","5","5","5","1","2","3","10","3","1","B03","7","9","1","8","9","2","","84","84","2","6","4","120.627416","24.345907","2"
"2871","66000","387130000C","(04)23274275","(04)23288582","2026","2","7","17","26","臺中市","北屯區","0","0","0","7","","","30","","","","","","","","","","","","","","17","","","","","B03","","","1","","2","","","60","60","1","6","4","120.695584","24.166778","4"
"2872","66000","387130000C","(04)23274275","(04)23288582","2026","2","7","17","27","臺中市","北屯區","0","0","0","6","","","50","","","","","","","","","","","","","","13","","","","","B03","","","1","","1","","","84","84","1","6","4","120.709065","24.186839","3"
"2873","66000","387130000C","(04)23274275","(04)23288582","2026","2","7","17","31","臺中市","西區","0","1","0","7","3","6","40","4","1","1","5","4","6","6","1","1","10","5","5","2","13","2","9","1","1","C03","7","9","1","10","2","11","","7","7","1","6","4","120.657398","24.149963","2"
"2874","66000","387130000C","(04)23274275","(04)23288582","2026","2","7","17","34","臺中市","北區","0","0","0","7","2","6","50","18","24","1","5","4","6","6","4","4","10","5","5","2","17","","","","","B03","","","1","","2","","","8","8","1","13","4","120.679298","24.165404","3"
"2875","66000","387130000C","(04)23274275","(04)23288582","2026","2","7","17","39","臺中市","潭子區","0","1","0","7","1","6","40","13","8","1","5","4","6","6","4","4","3","4","4","1","13","2","9","2","1","C03","7","9","1","10","2","11","","7","7","1","13","4","120.709505","24.234799","2"
"2876","66000","387130000C","(04)23274275","(04)23288582","2026","2","7","17","39","臺中市","西屯區","0","0","0","7","","","30","","","","","","","","","","","","","","13","","","","","B03","","","1","","1","","","7","7","1","12","4","120.650537","24.19108","3"
"2877","66000","387130000C","(04)23274275","(04)23288582","2026","2","7","17","40","臺中市","沙鹿區","0","0","0","7","","","60","","","","","","","","","","","","","","17","","","","","B03","","","1","","2","","","82","82","1","12","4","120.594485","24.249938","3"
"2878","66000","387130000C","(04)23274275","(04)23288582","2026","2","7","17","42","臺中市","神岡區","0","1","0","7","2","6","50","4","1","1","5","4","6","6","2","1","10","5","5","2","17","3","10","5","4","B03","7","6","1","8","2","7","","11","11","1","13","4","120.67858","24.249669","2"
"2879","66000","387130000C","(04)23274275","(04)23288582","2026","2","7","17","42","臺中市","豐原區","0","0","0","7","","","60","","","","","","","","","","","","","","17","","","","","A11","","","1","","2","","","84","84","1","12","4","120.71189","24.261518","3"
"2880","66000","387130000C","(04)23274275","(04)23288582","2026","2","7","17","43","臺中市","西屯區","0","0","0","7","","","50","","","","","","","","","","","","","","24","","","","","B12","","","1","","1","","","50","50","1","12","4","120.617755","24.188005","3"
"2881","66000","387130000C","(04)23274275","(04)23288582","2026","2","7","17","52","臺中市","太平區","0","0","0","7","","","50","","","","","","","","","","","","","","","","","","","B03","","","1","","2","","","59","59","1","12","4","120.711073","24.152244","3"
"2882","66000","387130000C","(04)23274275","(04)23288582","2026","2","7","18","0","臺中市","大甲區","0","0","0","7","","","50","","","","","","","","","","","","","","16","","","","","B03","","","1","","2","","","12","12","1","12","4","120.617145","24.351841","3"
"2883","66000","387130000C","(04)23274275","(04)23288582","2026","2","7","18","2","臺中市","西區","0","0","0","6","","","50","","","","","","","","","","","","","","","","","","","C03","","","1","","1","","","21","21","1","12","4","120.670492","24.153412","3"
"2884","66000","387130000C","(04)23274275","(04)23288582","2026","2","7","18","2","臺中市","北屯區","0","1","0","7","1","6","50","13","9","1","5","4","6","6","2","1","1","4","5","2","13","3","10","2","1","C03","7","9","1","10","1","11","13","7","7","1","6","4","120.68535","24.169071","2"
"2885","66000","387130000C","(04)23274275","(04)23288582","2026","2","7","18","2","臺中市","西屯區","0","1","0","7","1","6","50","3","1","1","5","4","6","6","4","4","10","5","5","2","16","2","7","1","1","C03","7","6","1","10","2","14","","84","84","1","12","4","120.638908","24.171863","2"
"2886","66000","387130000C","(04)23274275","(04)23288582","2026","2","7","18","2","臺中市","大里區","0","0","0","7","","","50","","","","","","","","","","","","","","17","","","","","C03","","","1","","11","","","87","87","1","12","4","120.716888","24.096946","3"
"2887","66000","387130000C","(04)23274275","(04)23288582","2026","2","7","18","2","臺中市","太平區","0","1","0","7","1","6","50","4","1","1","5","4","6","6","2","1","5","2","5","1","16","3","10","3","1","B03","7","6","1","8","2","5","","11","11","1","12","4","120.720339","24.157872","2"
"2888","66000","387130000C","(04)23274275","(04)23288582","2026","2","7","18","3","臺中市","南屯區","0","0","0","7","","","50","","","","","","","","","","","","","","13","3","10","3","1","B03","7","9","1","8","2","1","","7","7","1","12","4","120.635721","24.148507","3"
"2889","66000","387130000C","(04)23274275","(04)23288582","2026","2","7","18","13","臺中市","西區","0","2","0","7","2","6","40","4","1","1","5","4","6","6","1","1","10","5","5","2","13","2","9","2","1","C03","7","9","1","10","2","11","","7","7","1","12","4","120.659695","24.157292","2"
"2890","66000","387130000C","(04)23274275","(04)23288582","2026","2","7","18","13","臺中市","太平區","0","3","0","7","1","6","50","3","1","1","5","4","6","6","4","4","10","5","5","2","3","2","9","6","5","H01","8","16","7","21","10","17","","95","95","1","12","5","120.734041","24.12101","2"
"2891","66000","387130000C","(04)23274275","(04)23288582","2026","2","7","18","15","臺中市","清水區","0","0","0","7","2","6","50","","8","1","5","4","6","6","1","1","8","4","4","2","12","","","","","B03","","","1","","1","","","76","76","1","12","4","120.552387","24.270707","3"
"2892","66000","387130000C","(04)23274275","(04)23288582","2026","2","7","18","15","臺中市","大甲區","0","0","0","1","","","50","","","","","","","","","","","","","","30","","","","","B03","","","1","","1","","","84","84","1","13","4","120.627617","24.346472","3"
"2893","66000","387130000C","(04)23274275","(04)23288582","2026","2","7","18","20","臺中市","南屯區","0","0","0","7","","","50","","","","","","","","","","","","","","12","","","","","B03","","","1","","1","","","59","59","1","6","4","120.635147","24.153125","3"
"2894","66000","387130000C","(04)23274275","(04)23288582","2026","2","7","18","21","臺中市","西區","0","0","0","7","","","50","","","","","","","","","","","","","","12","","","","","B03","","","1","","2","","","48","48","1","13","4","120.657402","24.150712","3"
"2895","66000","387130000C","(04)23274275","(04)23288582","2026","2","7","18","25","臺中市","西屯區","0","0","0","7","","","40","","","","","","","","","","","","","","13","","","","","B03","","","1","","1","","","7","7","1","12","4","120.654603","24.161916","3"
"2896","66000","387130000C","(04)23274275","(04)23288582","2026","2","7","18","33","臺中市","清水區","0","1","0","7","2","6","40","3","1","1","4","4","6","6","1","1","8","3","4","1","17","2","9","1","1","C03","7","8","1","10","2","14","","84","84","1","12","4","120.603457","24.31165","2"
"2897","66000","387130000C","(04)23274275","(04)23288582","2026","2","7","18","36","臺中市","大雅區","0","0","0","7","","","70","","","","","","","","","","","","","","2","","","","","B03","","","1","","1","","","2","2","1","12","4","120.630641","24.240676","3"
"2898","66000","387130000C","(04)23274275","(04)23288582","2026","2","7","18","40","臺中市","東區","0","0","0","7","","","50","","","","","","","","","","","","","","","","","","","B03","","","1","","2","","","40","40","1","12","4","120.702455","24.131452","3"
"2899","66000","387130000C","(04)23274275","(04)23288582","2026","2","7","18","43","臺中市","東區","0","0","0","7","","","50","","","","","","","","","","","","","","","","","","","B03","","","1","","1","","","84","84","1","12","4","120.692373","24.140009","3"
"2900","66000","387130000C","(04)23274275","(04)23288582","2026","2","7","18","45","臺中市","北區","0","0","0","7","","","50","","","","","","","","","","","","","","17","","","","","B03","","","1","","1","","","40","40","1","13","4","120.677303","24.151254","3"
"2901","66000","387130000C","(04)23274275","(04)23288582","2026","2","7","18","45","臺中市","北屯區","0","1","0","7","1","6","50","13","9","1","5","4","6","6","4","4","5","4","5","2","17","2","8","1","1","C03","7","9","1","10","2","11","","84","84","1","13","4","120.685752","24.170824","2"
"2902","66000","387130000C","(04)23274275","(04)23288582","2026","2","7","18","48","臺中市","北區","0","1","0","7","1","6","50","4","1","1","5","4","6","6","1","1","1","4","5","2","16","3","10","3","1","B03","7","5","1","8","2","6","","47","47","1","12","4","120.68247","24.146187","2"
"2903","66000","387130000C","(04)23274275","(04)23288582","2026","2","7","18","54","臺中市","西區","0","0","0","6","","","50","","","","","","","","","","","","","","","","","","","B03","","","1","","2","","","77","77","1","12","4","120.662841","24.146538","3"
"2904","66000","387130000C","(04)23274275","(04)23288582","2026","2","7","18","55","臺中市","西屯區","0","1","0","7","1","6","50","5","4","1","5","4","6","6","2","1","1","4","5","2","12","2","8","5","4","C03","7","8","1","10","2","14","","84","84","1","13","4","120.594962","24.190876","2"
"2905","66000","387130000C","(04)23274275","(04)23288582","2026","2","7","18","57","臺中市","北屯區","0","1","0","7","2","6","50","13","7","1","5","4","6","6","4","4","10","4","4","2","13","2","9","5","4","C03","7","9","1","10","1","11","","7","7","1","12","4","120.690557","24.178264","2"
"2906","66000","387130000C","(04)23274275","(04)23288582","2026","2","7","19","0","臺中市","石岡區","0","1","0","7","1","6","40","13","8","1","5","4","6","6","4","4","1","4","4","1","17","2","9","1","4","C03","7","9","1","10","2","11","","84","84","1","12","4","120.805892","24.266675","2"
"2907","66000","387130000C","(04)23274275","(04)23288582","2026","2","7","19","1","臺中市","北屯區","0","0","0","6","","","50","","","","","","","","","","","","","","13","","","","","C03","","","1","","1","","","59","59","1","6","4","120.706684","24.167254","3"
"2908","66000","387130000C","(04)23274275","(04)23288582","2026","2","7","19","2","臺中市","南區","0","2","0","7","1","6","50","4","1","1","5","4","6","6","2","1","10","5","5","2","16","3","10","3","1","B03","7","5","1","8","2","5","","84","84","1","6","4","120.664337","24.118848","2"
"2909","66000","387130000C","(04)23274275","(04)23288582","2026","2","7","19","11","臺中市","北區","0","0","0","7","2","6","50","4","2","1","5","4","6","6","2","1","10","5","5","2","17","","","","","B03","","","1","","1","","","7","7","1","13","4","120.673735","24.164806","3"
"2910","66000","387130000C","(04)23274275","(04)23288582","2026","2","7","19","12","臺中市","南區","0","1","0","7","1","6","50","4","1","1","5","4","6","6","2","1","10","5","5","2","16","3","10","2","1","C03","7","9","1","10","1","13","","8","8","2","13","4","120.682933","24.134434","2"
"2911","66000","387130000C","(04)23274275","(04)23288582","2026","2","7","19","24","臺中市","北區","0","1","0","7","1","6","50","3","1","1","5","4","6","6","2","1","10","5","5","2","17","3","10","3","1","B03","7","6","5","19","2","2","","84","84","1","13","4","120.676652","24.167026","2"
"2912","66000","387130000C","(04)23274275","(04)23288582","2026","2","7","19","26","臺中市","北屯區","0","0","0","7","","","50","","","","","","","","","","","","","","17","","","","","B03","","","1","","2","","","8","8","1","6","4","120.686494","24.179901","3"
"2913","66000","387130000C","(04)23274275","(04)23288582","2026","2","7","19","43","臺中市","北區","0","1","0","7","1","6","50","4","1","1","5","4","6","6","1","1","5","5","4","2","16","3","10","3","1","B03","7","6","1","8","2","2","","48","48","1","12","4","120.679246","24.149813","2"
"2914","66000","387130000C","(04)23274275","(04)23288582","2026","2","7","19","43","臺中市","太平區","0","0","0","7","","","50","","","","","","","","","","","","","","12","","","","","B01","","","1","","2","","","23","23","1","12","4","120.702031","24.148104","3"
"2915","66000","387130000C","(04)23274275","(04)23288582","2026","2","7","19","44","臺中市","西屯區","0","0","0","7","","","50","","","","","","","","","","","","","","13","","","","","B03","","","1","","1","","","7","7","1","12","4","120.647436","24.159719","3"
"2916","66000","387130000C","(04)23274275","(04)23288582","2026","2","7","19","48","臺中市","太平區","0","0","0","7","","","50","","","","","","","","","","","","","","14","","","","","C03","","","1","","2","","","85","85","1","12","4","120.721839","24.149113","3"
"2917","66000","387130000C","(04)23274275","(04)23288582","2026","2","7","19","50","臺中市","大里區","0","1","0","7","3","6","30","4","1","1","5","4","6","6","4","4","10","5","5","2","18","2","9","1","1","C03","7","9","1","10","2","12","","58","58","1","6","4","120.694268","24.081092","2"
"2918","66000","387130000C","(04)23274275","(04)23288582","2026","2","7","19","54","臺中市","西屯區","0","1","0","7","1","6","30","3","1","1","5","4","6","6","4","4","10","5","5","2","12","3","10","3","4","B03","7","5","1","8","2","8","","12","12","1","12","4","120.650926","24.164815","2"
"2919","66000","387130000C","(04)23274275","(04)23288582","2026","2","7","19","55","臺中市","南區","0","2","0","7","1","6","30","3","1","1","5","4","6","5","4","4","10","5","5","2","15","2","9","5","4","C03","7","9","1","10","2","13","","13","13","1","13","4","120.659636","24.116898","2"
"2920","66000","387130000C","(04)23274275","(04)23288582","2026","2","7","19","56","臺中市","西屯區","0","0","0","7","","","50","","","","","","","","","","","","","","13","","","","","B03","","","1","","1","","","84","84","1","12","4","120.647007","24.165643","3"
"2921","66000","387130000C","(04)23274275","(04)23288582","2026","2","7","19","58","臺中市","北屯區","0","0","0","7","","","50","","","","","","","","","","","","","","17","","","","","B03","","","1","","9","","","51","51","1","6","4","120.691283","24.170849","3"
"2922","66000","387130000C","(04)23274275","(04)23288582","2026","2","7","19","58","臺中市","北屯區","0","1","0","7","1","6","50","4","1","1","5","4","6","6","4","4","10","5","5","2","15","3","10","3","1","B03","7","9","1","8","2","1","","15","15","1","6","4","120.732601","24.164416","2"
"2923","66000","387130000C","(04)23274275","(04)23288582","2026","2","7","20","3","臺中市","大里區","0","0","0","7","","","50","","","","","","","","","","","","","","17","","","","","B03","","","1","","2","","","51","51","1","6","4","120.703194","24.107627","3"
"2924","66000","387130000C","(04)23274275","(04)23288582","2026","2","7","20","22","臺中市","西區","0","1","0","7","1","6","50","4","1","1","5","4","1","6","1","1","5","4","5","2","16","3","10","3","1","B03","7","5","1","8","2","5","","47","47","1","13","4","120.670503","24.146167","2"
"2925","66000","387130000C","(04)23274275","(04)23288582","2026","2","7","20","23","臺中市","西屯區","0","0","0","7","","","50","","","","","","","","","","","","","","11","","","","","B03","","","1","","9","","","8","8","1","12","4","120.657322","24.167105","3"
"2926","66000","387130000C","(04)23274275","(04)23288582","2026","2","7","20","26","臺中市","西屯區","0","0","0","7","","","40","","","","","","","","","","","","","","13","","","","","B11","","","1","","1","","","84","84","1","12","4","120.617473","24.182201","3"
"2927","66000","387130000C","(04)23274275","(04)23288582","2026","2","7","20","30","臺中市","北區","0","0","0","7","","","50","","","","","","","","","","","","","","","","","","","C03","","","1","","2","","","8","8","1","13","4","120.683924","24.151757","3"
"2928","66000","387130000C","(04)23274275","(04)23288582","2026","2","7","20","35","臺中市","太平區","0","2","0","7","1","6","30","13","9","1","5","4","6","6","4","4","10","5","5","2","12","3","10","2","1","C03","7","5","1","10","2","12","","42","42","1","12","4","120.716814","24.132467","2"
"2929","66000","387130000C","(04)23274275","(04)23288582","2026","2","7","20","36","臺中市","烏日區","0","0","0","7","","","50","","","","","","","","","","","","","","13","","","","","B03","","","1","","1","","","7","7","1","6","4","120.609357","24.112785","3"
"2930","66000","387130000C","(04)23274275","(04)23288582","2026","2","7","20","41","臺中市","東區","0","0","0","7","1","6","50","13","9","1","5","4","6","6","4","4","9","5","5","2","17","3","10","3","1","B12","7","1","1","8","7","8","","82","82","1","12","4","120.701654","24.141525","3"
"2931","66000","387130000C","(04)23274275","(04)23288582","2026","2","7","20","45","臺中市","北區","0","0","0","7","","","50","","","","","","","","","","","","","","13","","","","","B03","","","1","","1","","","84","84","1","13","4","120.671722","24.17328","3"
"2932","66000","387130000C","(04)23274275","(04)23288582","2026","2","7","20","45","臺中市","南屯區","0","0","0","7","","","50","","","","","","","","","","","","","","17","","","","","B03","","","1","","1","","","84","84","1","13","4","120.622991","24.149851","3"
"2933","66000","387130000C","(04)23274275","(04)23288582","2026","2","7","20","46","臺中市","北屯區","0","0","0","7","","","40","","","","","","","","","","","","","","14","","","","","B03","","","1","8","1","","","50","50","1","12","4","120.692692","24.167832","3"
"2934","66000","387130000C","(04)23274275","(04)23288582","2026","2","7","20","51","臺中市","南區","0","0","0","7","","","50","","","","","","","","","","","","","","17","","","","","B03","","","1","","1","","","47","47","1","6","4","120.684111","24.130621","3"
"2935","66000","387130000C","(04)23274275","(04)23288582","2026","2","7","20","54","臺中市","西屯區","0","4","0","7","1","6","50","5","1","1","5","4","6","6","2","1","10","5","5","2","15","2","8","5","4","C03","7","9","2","19","2","11","","21","21","1","13","4","120.656569","24.199922","2"
"2936","66000","387130000C","(04)23274275","(04)23288582","2026","2","7","21","0","臺中市","南屯區","0","0","0","7","","","50","","","","","","","","","","","","","","12","","","","","B03","","","1","","2","","","56","56","2","12","4","120.61285","24.145499","3"
"2937","66000","387130000C","(04)23274275","(04)23288582","2026","2","7","21","4","臺中市","西屯區","0","0","0","7","","","40","","","","","","","","","","","","","","16","","","","","F03","","","7","","1","","","40","40","1","13","4","120.648384","24.162643","3"
"2938","66000","387130000C","(04)23274275","(04)23288582","2026","2","7","21","7","臺中市","西屯區","0","1","0","7","1","6","40","3","2","1","5","4","6","6","1","1","10","5","5","2","25","2","9","3","1","B03","7","6","1","8","2","1","5","59","59","1","12","4","120.654035","24.162517","2"
"2939","66000","387130000C","(04)23274275","(04)23288582","2026","2","7","21","14","臺中市","西屯區","0","0","0","7","","","60","","","","","","","","","","","","","","14","","","","","B03","","","1","","1","","","78","78","1","12","4","120.609799","24.184504","3"
"2940","66000","387130000C","(04)23274275","(04)23288582","2026","2","7","21","26","臺中市","豐原區","0","0","0","7","","","30","","","","","","","","","","","","","","30","","","","","B03","","","1","","2","","","84","84","1","12","4","120.725838","24.221976","3"
"2941","66000","387130000C","(04)23274275","(04)23288582","2026","2","7","21","27","臺中市","潭子區","0","0","0","6","","3","80","","","","","","","","","","","","","","","","","","","B03","","","1","","2","","","40","40","1","13","4","120.716872","24.198533","3"
"2942","66000","387130000C","(04)23274275","(04)23288582","2026","2","7","21","39","臺中市","南屯區","0","2","0","6","1","6","50","13","9","1","5","4","6","6","4","4","5","4","5","2","17","2","8","1","1","C03","7","9","1","10","2","11","","59","59","1","6","4","120.643852","24.134855","2"
"2943","66000","387130000C","(04)23274275","(04)23288582","2026","2","7","21","41","臺中市","南屯區","0","0","0","7","","","50","","","","","","","","","","","","","","13","","","","","B03","","","1","","2","","","7","7","1","12","4","120.648519","24.134433","3"
"2944","66000","387130000C","(04)23274275","(04)23288582","2026","2","7","21","42","臺中市","南區","0","1","0","7","1","6","50","4","1","1","5","4","6","6","2","1","10","5","5","2","12","3","10","3","1","B03","7","4","1","8","2","2","","1","1","1","13","4","120.656647","24.113868","2"
"2945","66000","387130000C","(04)23274275","(04)23288582","2026","2","7","21","48","臺中市","大安區","0","0","0","7","","","50","","","","","","","","","","","","","","","","","","","C03","","","1","","2","","","8","8","1","6","4","120.589483","24.378504","3"
"2946","66000","387130000C","(04)23274275","(04)23288582","2026","2","7","21","52","臺中市","沙鹿區","0","3","0","7","1","6","40","3","1","1","5","4","6","6","4","4","5","5","5","1","16","2","9","2","4","C03","7","9","2","19","2","11","","6","6","1","13","4","120.56106","24.206739","2"
"2947","66000","387130000C","(04)23274275","(04)23288582","2026","2","7","22","9","臺中市","北區","0","0","0","7","","","40","","","","","","","","","","","","","","17","","","","","C03","","","7","","10","","","87","87","1","13","4","120.674597","24.163569","3"
"2948","66000","387130000C","(04)23274275","(04)23288582","2026","2","7","22","13","臺中市","大里區","0","0","0","7","","","50","","","","","","","","","","","","","","13","","","","","B03","","","1","","1","","","59","59","1","12","4","120.702648","24.088441","3"
"2949","66000","387130000C","(04)23274275","(04)23288582","2026","2","7","22","14","臺中市","西屯區","0","0","0","7","","","50","","","","","","","","","","","","","","14","","","","","B03","","","1","","2","","","49","49","1","12","4","120.627294","24.184058","3"
"2950","66000","387130000C","(04)23274275","(04)23288582","2026","2","7","22","16","臺中市","豐原區","0","2","0","7","1","6","50","13","9","1","5","4","6","6","1","1","5","4","5","1","16","2","9","1","1","C03","7","6","1","10","2","14","","48","48","1","12","4","120.720649","24.266278","2"
"2951","66000","387130000C","(04)23274275","(04)23288582","2026","2","7","22","22","臺中市","豐原區","0","0","0","7","","","50","","","","","","","","","","","","","","25","","","","","B03","","","1","","2","","","49","49","1","12","4","120.708802","24.250946","4"
"2952","66000","387130000C","(04)23274275","(04)23288582","2026","2","7","22","25","臺中市","霧峰區","0","0","0","7","","","30","","","","","","","","","","","","","","17","","","","","C03","","","1","","9","","","58","58","1","6","4","120.718502","24.07904","3"
"2953","66000","387130000C","(04)23274275","(04)23288582","2026","2","7","22","38","臺中市","大里區","0","0","0","7","","","30","","","","","","","","","","","","","","12","","","","","B03","","","1","","2","","","8","8","1","13","4","120.702668","24.103607","3"
"2954","66000","387130000C","(04)23274275","(04)23288582","2026","2","7","22","42","臺中市","中區","0","0","0","7","1","6","50","4","2","1","5","4","6","6","2","1","6","1","5","2","13","","","","","B03","","","1","","1","","","7","7","1","13","4","120.680657","24.138606","3"
"2955","66000","387130000C","(04)23274275","(04)23288582","2026","2","7","22","44","臺中市","大里區","0","1","0","7","1","6","50","3","2","1","5","4","6","6","1","1","5","4","5","2","17","3","10","3","1","B03","7","11","1","8","2","7","","45","45","1","12","4","120.694105","24.111621","2"
"2956","66000","387130000C","(04)23274275","(04)23288582","2026","2","7","22","54","臺中市","南區","0","2","0","7","1","6","50","3","1","1","5","4","6","6","4","4","10","5","5","2","13","2","9","5","4","C03","7","9","1","10","2","11","14","7","7","1","13","4","120.659187","24.126077","2"
"2957","66000","387130000C","(04)23274275","(04)23288582","2026","2","7","23","0","臺中市","南區","0","0","0","7","","","50","","","","","","","","","","","","","","12","","","","","B03","","","1","","1","","","85","85","1","13","4","120.650059","24.120652","3"
"2958","66000","387130000C","(04)23274275","(04)23288582","2026","2","7","23","4","臺中市","沙鹿區","0","0","0","7","","","0","","","","","","","","","","","","","","17","","","","","C03","","","1","","2","","","84","84","1","6","4","120.558732","24.235018","3"
"2959","66000","387130000C","(04)23274275","(04)23288582","2026","2","7","23","31","臺中市","北區","0","0","0","7","","","50","","","","","","","","","","","","","","13","","","","","B02","","","5","","1","","","7","7","1","12","4","120.673297","24.166245","3"
"2960","66000","387130000C","(04)23274275","(04)23288582","2026","2","7","23","49","臺中市","北屯區","0","1","0","7","1","6","50","4","1","1","5","4","6","6","2","1","1","2","5","2","18","2","9","2","1","C03","7","9","1","10","2","16","","43","43","1","12","4","120.733602","24.160105","2"
"2961","66000","387130000C","(04)23274275","(04)23288582","2026","2","7","23","53","臺中市","清水區","0","1","0","7","1","6","70","3","7","1","5","4","6","6","3","1","1","4","1","1","21","2","8","3","1","A31","7","9","1","1","2","1","","59","59","1","12","4","120.535503","24.279112","2"
"2962","66000","387130000C","(04)23274275","(04)23288582","2026","2","8","0","8","臺中市","東區","0","1","0","7","1","6","50","3","1","1","5","4","6","6","4","4","10","5","5","2","17","2","9","2","1","C03","7","9","1","9","2","11","","84","84","1","12","4","120.701335","24.141497","2"
"2963","66000","387130000C","(04)23274275","(04)23288582","2026","2","8","0","10","臺中市","烏日區","0","1","0","7","1","6","60","4","1","1","5","4","6","6","3","1","3","5","5","2","23","2","9","3","1","B03","7","9","1","10","2","1","","59","59","1","6","4","120.634497","24.09475","2"
"2964","66000","387130000C","(04)23274275","(04)23288582","2026","2","8","0","10","臺中市","東勢區","0","2","0","7","1","6","50","3","1","1","5","4","6","6","4","4","10","5","5","2","17","2","9","2","1","C03","7","6","1","10","2","11","","12","12","1","12","4","120.828465","24.256692","2"
"2965","66000","387130000C","(04)23274275","(04)23288582","2026","2","8","0","11","臺中市","豐原區","0","1","0","7","1","6","50","13","8","1","5","4","6","6","4","4","9","5","4","2","17","2","8","5","4","B03","7","9","1","8","2","5","","59","59","1","12","4","120.727992","24.254854","2"
"2966","66000","387130000C","(04)23274275","(04)23288582","2026","2","8","0","45","臺中市","大甲區","0","0","0","7","","","50","","","","","","","","","","","","","","","","","","","B12","","","1","","2","","","50","50","1","6","4","120.625416","24.353724","3"
"2967","66000","387130000C","(04)23274275","(04)23288582","2026","2","8","1","45","臺中市","北區","0","1","0","7","1","6","50","4","1","1","5","4","6","6","4","4","5","5","5","2","17","3","10","5","1","B03","7","9","1","8","2","5","","12","12","1","13","4","120.695978","24.156712","2"
"2968","66000","387130000C","(04)23274275","(04)23288582","2026","2","8","2","35","臺中市","西區","0","0","0","6","","","50","","","","","","","","","","","","","","","","","","","B03","","","1","","1","","","8","8","1","12","4","120.656707","24.146707","3"
"2969","66000","387130000C","(04)23274275","(04)23288582","2026","2","8","2","37","臺中市","大甲區","0","0","0","7","","","70","","","","","","","","","","","","","","","","","","","B03","","","1","","1","","","59","59","1","6","4","120.643726","24.409392","3"
"2970","66000","387130000C","(04)23274275","(04)23288582","2026","2","8","2","43","臺中市","西區","0","2","0","7","1","6","50","13","9","1","5","4","6","6","4","4","8","3","5","2","6","2","9","6","5","H01","8","18","7","21","10","17","","95","95","1","13","5","120.666373","24.146938","2"
"2971","66000","387130000C","(04)23274275","(04)23288582","2026","2","8","4","30","臺中市","北區","0","0","0","7","","","50","","","","","","","","","","","","","","14","","","","","B03","","","1","","1","","","49","49","1","13","4","120.677746","24.149502","3"
"2972","66000","387130000C","(04)23274275","(04)23288582","2026","2","8","5","34","臺中市","烏日區","0","1","0","7","1","6","50","3","1","1","5","4","6","6","4","4","5","5","5","2","16","3","10","3","1","A05","7","6","1","1","2","2","","14","14","1","6","4","120.6087","24.115789","2"
"2973","66000","387130000C","(04)23274275","(04)23288582","2026","2","8","5","40","臺中市","北區","0","1","0","7","1","6","30","3","1","1","5","4","6","6","4","4","10","5","5","2","18","2","9","5","1","C03","7","5","1","10","2","14","","84","84","1","13","4","120.672677","24.169344","2"
"2974","66000","387130000C","(04)23274275","(04)23288582","2026","2","8","6","0","臺中市","大雅區","0","1","0","6","1","6","40","13","14","1","5","4","6","6","4","4","1","5","4","1","2","3","10","2","1","C03","7","9","1","10","2","11","","8","8","1","12","4","120.662891","24.219256","2"
"2975","66000","387130000C","(04)23274275","(04)23288582","2026","2","8","6","10","臺中市","潭子區","0","0","0","7","","","30","","","","","","","","","","","","","","","","","","","B03","","","1","","2","","","8","8","1","13","4","120.692448","24.219692","3"
"2976","66000","387130000C","(04)23274275","(04)23288582","2026","2","8","6","10","臺中市","神岡區","0","1","0","7","3","6","50","13","9","1","5","4","6","6","4","4","9","5","5","1","16","3","10","3","1","B03","7","6","1","8","2","1","","20","20","1","13","4","120.657439","24.278221","2"
"2977","66000","387130000C","(04)23274275","(04)23288582","2026","2","8","6","23","臺中市","南屯區","0","0","0","7","","","50","","","","","","","","","","","","","","16","","","","","C03","","","1","","1","","","11","11","1","12","4","120.637511","24.138226","3"
"2978","66000","387130000C","(04)23274275","(04)23288582","2026","2","8","6","35","臺中市","潭子區","0","1","0","7","3","6","30","11","24","1","5","4","6","6","4","4","10","5","5","2","19","2","8","1","1","C03","7","6","1","10","2","14","","59","59","1","13","4","120.722572","24.199011","2"
"2979","66000","387130000C","(04)23274275","(04)23288582","2026","2","8","6","38","臺中市","東區","0","0","0","7","","","50","","","","","","","","","","","","","","13","","","","","B03","","","1","","1","","","84","84","1","13","4","120.708692","24.142722","3"