序號,縣市別代碼,機關代碼,市話,傳真,年,月,日,時,分,縣市,區,死亡數量,受傷數量,2-30,天候,道路照明設備,道路類別,道路速限,道路型態,事故位置,路面鋪裝,路面狀態,路面缺陷,障礙物,視距,號誌種類,號誌動作,分向設施,快車道或一般車道間,快慢車道間,路面邊線,事故類型及型態,受傷程度,主要傷處,保護裝備,行動電話或功能裝置,當事者區分(類別),車輛用途,當事者行動狀態,駕照狀態,駕照種類,飲酒情形,車輛撞擊部位最初,車輛撞擊部位其他,肇事因素個別,肇事因素主要,肇事逃逸,職業,共享經濟或外送平台,GPS座標X,GPS座標Y,事故類別
"2980","66000","387130000C","(04)23274275","(04)23288582","2026","2","8","6","49","臺中市","西屯區","0","1","0","7","2","6","30","4","1","1","5","4","6","6","4","4","10","5","5","2","15","2","9","2","1","C03","7","9","1","10","2","12","","15","15","1","12","4","120.610013","24.186285","2"
"2981","66000","387130000C","(04)23274275","(04)23288582","2026","2","8","7","6","臺中市","烏日區","0","0","0","7","","","50","","","","","","","","","","","","","","24","","","","","B02","","","1","","2","","","85","85","1","13","4","120.619508","24.102408","3"
"2982","66000","387130000C","(04)23274275","(04)23288582","2026","2","8","7","20","臺中市","沙鹿區","0","0","0","7","","","40","","","","","","","","","","","","","","","","","","","B03","","","1","","1","","","78","78","1","6","4","120.576004","24.221902","3"
"2983","66000","387130000C","(04)23274275","(04)23288582","2026","2","8","7","21","臺中市","東區","0","0","0","7","","","50","","","","","","","","","","","","","","13","","","","","B03","","","1","","1","","","84","84","1","13","4","120.687673","24.137011","3"
"2984","66000","387130000C","(04)23274275","(04)23288582","2026","2","8","7","26","臺中市","龍井區","0","1","0","7","2","6","50","3","1","1","5","4","6","6","1","1","4","3","5","1","15","2","9","1","1","C03","7","9","1","10","2","11","","21","21","1","12","4","120.526947","24.21823","2"
"2985","66000","387130000C","(04)23274275","(04)23288582","2026","2","8","7","30","臺中市","南區","0","0","0","7","","","50","","","","","","","","","","","","","","17","","","","","C03","","","1","","1","","","84","84","1","12","4","120.663382","24.125563","3"
"2986","66000","387130000C","(04)23274275","(04)23288582","2026","2","8","7","47","臺中市","西區","0","0","0","7","2","6","50","4","2","1","5","4","6","6","2","1","5","5","5","1","17","3","10","3","1","B12","7","15","1","8","8","1","","53","53","1","13","4","120.673058","24.139681","3"
"2987","66000","387130000C","(04)23274275","(04)23288582","2026","2","8","7","48","臺中市","西屯區","0","1","0","7","2","6","30","4","1","1","5","4","6","6","4","4","10","5","5","2","15","3","10","3","4","B03","7","9","1","8","2","1","","15","15","1","13","4","120.617221","24.189226","2"
"2988","66000","387130000C","(04)23274275","(04)23288582","2026","2","8","7","55","臺中市","北屯區","0","1","0","7","3","6","50","4","1","1","5","4","6","6","1","1","10","5","5","2","16","3","10","3","1","B03","7","5","1","8","2","2","","47","47","1","12","4","120.730283","24.173897","2"
"2989","66000","387130000C","(04)23274275","(04)23288582","2026","2","8","8","10","臺中市","烏日區","0","0","0","7","","","30","","","","","","","","","","","","","","9","","","","","B01","","","1","","1","","","76","76","1","6","4","120.616372","24.110954","3"
"2990","66000","387130000C","(04)23274275","(04)23288582","2026","2","8","8","19","臺中市","龍井區","0","1","0","7","2","6","40","8","8","1","5","4","6","6","4","4","10","5","5","1","30","2","9","1","1","C03","7","9","1","10","2","12","","87","87","1","12","4","120.547233","24.217337","2"
"2991","66000","387130000C","(04)23274275","(04)23288582","2026","2","8","8","20","臺中市","太平區","0","1","0","7","2","6","50","4","1","1","5","4","6","6","1","1","10","5","5","2","15","3","10","1","1","C03","7","9","1","10","2","12","","85","85","1","12","4","120.724483","24.130136","2"
"2992","66000","387130000C","(04)23274275","(04)23288582","2026","2","8","8","26","臺中市","北屯區","0","1","0","7","2","6","50","4","2","1","5","4","6","6","1","1","1","4","5","2","9","3","10","3","1","A04","7","12","1","2","2","16","","87","87","1","6","4","120.670922","24.17507","2"
"2993","66000","387130000C","(04)23274275","(04)23288582","2026","2","8","8","30","臺中市","梧棲區","0","0","0","7","","","50","","","","","","","","","","","","","","10","","","","","C03","","","1","","2","","","48","48","1","12","4","120.543934","24.259894","3"
"2994","66000","387130000C","(04)23274275","(04)23288582","2026","2","8","8","36","臺中市","西區","0","0","0","7","","","60","","","","","","","","","","","","","","17","","","","","B03","","","1","","2","","","84","84","1","13","4","120.659617","24.157193","3"
"2995","66000","387130000C","(04)23274275","(04)23288582","2026","2","8","8","57","臺中市","豐原區","0","2","0","7","2","6","50","3","7","1","5","4","6","6","3","1","5","5","4","2","13","3","10","5","4","B03","7","6","1","8","2","6","","24","24","1","13","4","120.718691","24.240813","2"
"2996","66000","387130000C","(04)23274275","(04)23288582","2026","2","8","8","59","臺中市","西區","0","0","0","6","","","50","","","","","","","","","","","","","","","","","","","B03","","","1","","2","","","8","8","1","13","4","120.670633","24.136259","3"
"2997","66000","387130000C","(04)23274275","(04)23288582","2026","2","8","9","11","臺中市","南屯區","0","1","0","7","3","6","50","4","1","1","5","4","6","6","1","1","10","5","5","2","18","2","9","2","1","C03","7","9","1","10","2","12","","59","59","1","13","4","120.610948","24.145776","2"
"2998","66000","387130000C","(04)23274275","(04)23288582","2026","2","8","9","15","臺中市","后里區","0","0","0","7","","","50","","","","","","","","","","","","","","12","","","","","B03","","","1","","1","","","8","8","2","12","4","120.7206","24.307875","3"
"2999","66000","387130000C","(04)23274275","(04)23288582","2026","2","8","9","16","臺中市","豐原區","0","1","0","6","2","6","30","3","1","1","5","4","6","6","4","4","10","5","5","2","16","2","1","1","1","C03","7","6","3","19","2","11","","14","14","1","12","4","120.733037","24.237047","2"
"3000","66000","387130000C","(04)23274275","(04)23288582","2026","2","8","9","17","臺中市","大肚區","0","1","0","7","1","6","50","13","9","1","5","4","6","6","4","4","9","4","5","1","13","2","9","1","1","C03","7","9","3","19","2","11","","7","7","1","6","4","120.575414","24.161303","2"
"3001","66000","387130000C","(04)23274275","(04)23288582","2026","2","8","9","19","臺中市","西區","0","1","0","6","2","6","50","11","7","1","5","4","6","6","4","4","1","4","4","2","17","3","10","3","1","B03","7","9","1","8","2","4","","1","1","1","12","4","120.665502","24.142716","2"
"3002","66000","387130000C","(04)23274275","(04)23288582","2026","2","8","9","32","臺中市","北區","0","0","0","7","","","50","","","","","","","","","","","","","","13","","","","","B03","","","1","","1","","","59","59","1","13","4","120.672175","24.169602","3"
"3003","66000","387130000C","(04)23274275","(04)23288582","2026","2","8","9","34","臺中市","大雅區","0","1","0","6","1","6","30","13","9","1","5","4","6","6","4","4","10","5","5","2","27","2","9","2","1","C03","7","9","3","19","2","11","14","84","84","1","12","4","120.658617","24.242411","2"
"3004","66000","387130000C","(04)23274275","(04)23288582","2026","2","8","9","36","臺中市","大里區","0","0","0","7","","","50","","","","","","","","","","","","","","","","","","","C03","","","1","","2","","","51","51","1","12","4","120.679438","24.102822","3"
"3005","66000","387130000C","(04)23274275","(04)23288582","2026","2","8","9","46","臺中市","北屯區","0","1","0","7","3","6","50","3","1","1","5","4","6","6","4","4","10","5","5","2","16","3","10","3","1","B03","7","6","1","8","2","7","","14","14","1","12","4","120.668379","24.180842","2"
"3006","66000","387130000C","(04)23274275","(04)23288582","2026","2","8","9","49","臺中市","西區","0","0","0","7","","","50","","","","","","","","","","","","","","17","","","","","B03","","","1","","2","","","84","84","1","13","4","120.660087","24.149042","3"
"3007","66000","387130000C","(04)23274275","(04)23288582","2026","2","8","9","49","臺中市","南屯區","0","2","0","7","2","6","50","13","9","1","5","4","6","6","4","4","9","5","5","2","17","3","10","2","1","C03","7","1","1","10","2","14","","51","51","1","13","4","120.649431","24.132036","2"
"3008","66000","387130000C","(04)23274275","(04)23288582","2026","2","8","9","50","臺中市","豐原區","0","1","0","7","2","6","50","4","9","1","5","4","6","6","2","1","1","4","5","1","12","3","10","3","1","B03","7","5","1","8","2","6","","65","65","1","12","4","120.747349","24.269664","2"
"3009","66000","387130000C","(04)23274275","(04)23288582","2026","2","8","9","55","臺中市","西屯區","0","1","0","7","1","6","30","13","9","1","5","4","6","6","4","4","10","5","5","2","17","2","9","1","1","C03","7","9","1","10","2","11","","84","84","1","12","4","120.628269","24.180997","2"
"3010","66000","387130000C","(04)23274275","(04)23288582","2026","2","8","10","0","臺中市","沙鹿區","0","1","0","7","2","6","50","11","7","1","5","4","6","6","1","1","1","5","4","1","18","2","9","2","1","C03","7","5","1","10","2","12","","84","84","1","6","4","120.597974","24.250387","2"
"3011","66000","387130000C","(04)23274275","(04)23288582","2026","2","8","10","7","臺中市","北區","0","1","0","7","3","6","50","3","1","1","5","4","6","6","2","1","5","4","5","2","17","3","10","3","1","B03","7","6","1","8","2","1","","7","7","1","12","4","120.698894","24.154141","2"
"3012","66000","387130000C","(04)23274275","(04)23288582","2026","2","8","10","13","臺中市","豐原區","0","1","0","6","2","6","30","4","9","1","5","4","6","1","4","4","10","5","5","1","15","3","10","5","4","B03","7","9","1","8","2","7","","12","12","1","13","4","120.714716","24.271704","2"
"3013","66000","387130000C","(04)23274275","(04)23288582","2026","2","8","10","20","臺中市","大肚區","0","0","0","7","","","60","","","","","","","","","","","","","","13","","","","","B03","","","1","","1","","","51","51","1","6","4","120.582278","24.16969","3"
"3014","66000","387130000C","(04)23274275","(04)23288582","2026","2","8","10","20","臺中市","沙鹿區","0","1","0","7","2","6","50","3","8","1","5","4","6","6","4","4","1","3","4","2","17","3","10","3","1","B03","7","5","1","8","2","16","","20","20","1","12","4","120.564757","24.232721","2"
"3015","66000","387130000C","(04)23274275","(04)23288582","2026","2","8","10","20","臺中市","神岡區","0","1","0","7","2","6","50","11","9","1","5","4","6","6","4","4","5","5","5","1","17","3","10","3","1","B12","7","11","1","8","2","7","7","39","39","1","12","4","120.695629","24.234945","2"
"3016","66000","387130000C","(04)23274275","(04)23288582","2026","2","8","10","22","臺中市","西屯區","0","1","0","7","2","6","50","13","9","1","5","4","6","6","4","4","5","5","5","2","13","2","9","5","4","C03","7","9","3","19","2","11","","7","7","1","13","4","120.664514","24.173501","2"
"3017","66000","387130000C","(04)23274275","(04)23288582","2026","2","8","10","28","臺中市","西區","0","0","0","7","","","50","","","","","","","","","","","","","","17","","","","","B03","","","1","","2","","","50","50","1","13","4","120.660575","24.154286","3"
"3018","66000","387130000C","(04)23274275","(04)23288582","2026","2","8","10","32","臺中市","龍井區","0","1","0","1","1","6","50","13","9","1","5","4","6","5","2","1","9","5","5","1","30","2","9","1","1","C03","7","9","1","10","2","11","","87","87","1","6","4","120.58302","24.178835","2"
"3019","66000","387130000C","(04)23274275","(04)23288582","2026","2","8","10","37","臺中市","南屯區","0","0","0","7","","","50","","","","","","","","","","","","","","17","","","","","B03","","","1","","1","","","48","48","1","12","4","120.623091","24.145127","3"
"3020","66000","387130000C","(04)23274275","(04)23288582","2026","2","8","10","40","臺中市","北區","0","0","0","7","","","50","","","","","","","","","","","","","","","","","","","B03","","","1","","2","","","51","51","1","12","4","120.68713","24.154385","3"
"3021","66000","387130000C","(04)23274275","(04)23288582","2026","2","8","10","40","臺中市","南屯區","0","0","0","7","","","40","","","","","","","","","","","","","","12","","","","","B03","","","1","","1","","","8","8","1","12","4","120.623498","24.149035","3"
"3022","66000","387130000C","(04)23274275","(04)23288582","2026","2","8","10","42","臺中市","北區","0","1","0","7","2","6","30","4","1","2","5","4","6","6","4","4","10","5","5","2","15","3","10","1","1","C03","7","9","1","10","2","12","","15","15","1","13","4","120.67374","24.145356","2"
"3023","66000","387130000C","(04)23274275","(04)23288582","2026","2","8","10","44","臺中市","南屯區","0","0","0","7","3","6","50","13","9","1","5","4","6","6","4","4","5","4","5","2","14","","","","","C03","","","1","","1","","","84","84","1","12","4","120.63229","24.137911","3"
"3024","66000","387130000C","(04)23274275","(04)23288582","2026","2","8","10","51","臺中市","大雅區","0","0","0","7","","","60","","","","","","","","","","","","","","17","","","","","B03","","","1","","1","","","65","65","1","12","4","120.648607","24.219257","3"
"3025","66000","387130000C","(04)23274275","(04)23288582","2026","2","8","10","53","臺中市","西區","0","1","0","7","2","6","40","4","1","1","5","4","6","6","4","4","10","5","5","2","18","2","9","1","1","C03","7","9","1","10","2","12","","84","84","1","13","4","120.670068","24.150379","2"
"3026","66000","387130000C","(04)23274275","(04)23288582","2026","2","8","10","54","臺中市","北屯區","0","1","0","7","2","6","30","4","1","1","5","4","6","6","4","4","10","5","5","2","16","3","10","3","1","B03","7","6","1","8","2","8","","14","14","1","12","4","120.722569","24.177788","2"
"3027","66000","387130000C","(04)23274275","(04)23288582","2026","2","8","10","54","臺中市","烏日區","0","1","0","7","2","6","40","4","1","1","5","4","6","6","4","4","10","5","5","2","16","3","10","5","4","C03","7","6","1","10","2","11","","48","48","1","13","4","120.640299","24.105288","2"
"3028","66000","387130000C","(04)23274275","(04)23288582","2026","2","8","11","0","臺中市","西區","0","3","0","7","2","6","40","13","8","1","5","4","6","6","4","4","1","4","4","2","17","2","9","1","1","C03","7","9","1","10","2","11","","7","7","1","12","4","120.667519","24.141776","2"
"3029","66000","387130000C","(04)23274275","(04)23288582","2026","2","8","11","3","臺中市","沙鹿區","0","1","0","7","2","6","40","13","9","1","5","4","5","6","4","4","5","5","5","1","30","2","9","2","1","C03","7","9","1","10","2","11","","59","59","1","6","4","120.587086","24.264539","2"
"3030","66000","387130000C","(04)23274275","(04)23288582","2026","2","8","11","3","臺中市","豐原區","0","1","0","6","2","6","50","4","1","1","5","4","6","6","4","4","10","5","5","2","17","3","10","5","4","B02","7","6","1","8","2","7","","12","12","1","12","4","120.715585","24.249267","2"
"3031","66000","387130000C","(04)23274275","(04)23288582","2026","2","8","11","5","臺中市","南區","0","0","0","7","","","50","","","","","","","","","","","","","","","","","","","B03","","","1","","1","","","49","49","1","12","4","120.65586","24.12957","3"
"3032","66000","387130000C","(04)23274275","(04)23288582","2026","2","8","11","10","臺中市","大雅區","0","0","0","7","","","50","","","","","","","","","","","","","","12","","","","","B02","","","1","","2","","","50","50","1","12","4","120.665314","24.217316","3"
"3033","66000","387130000C","(04)23274275","(04)23288582","2026","2","8","11","10","臺中市","北屯區","0","0","0","7","","","50","","","","","","","","","","","","","","","","","","","B03","","","1","","1","","","8","8","1","12","4","120.684292","24.19375","3"
"3034","66000","387130000C","(04)23274275","(04)23288582","2026","2","8","11","12","臺中市","大里區","0","1","0","6","2","6","50","5","1","1","5","4","6","6","1","1","2","2","2","1","17","3","10","3","1","B03","7","15","1","8","2","16","","84","84","1","12","4","120.688048","24.094545","2"
"3035","66000","387130000C","(04)23274275","(04)23288582","2026","2","8","11","15","臺中市","大雅區","0","1","0","7","1","6","50","4","1","1","5","4","6","6","4","4","5","5","5","1","16","3","10","3","1","B03","7","11","1","8","2","8","","14","14","1","12","4","120.655446","24.224652","2"
"3036","66000","387130000C","(04)23274275","(04)23288582","2026","2","8","11","18","臺中市","南屯區","0","0","0","7","","","50","","","","","","","","","","","","","","17","","","","","B03","","","1","","1","","","40","40","1","12","4","120.624183","24.14088","3"
"3037","66000","387130000C","(04)23274275","(04)23288582","2026","2","8","11","19","臺中市","西屯區","0","0","0","7","","","50","","","","","","","","","","","","","","","","","","","B03","","","1","","1","","","49","49","1","13","4","120.64807","24.168157","4"
"3038","66000","387130000C","(04)23274275","(04)23288582","2026","2","8","11","19","臺中市","西屯區","0","0","0","7","","","40","","","","","","","","","","","","","","","","","","","B03","","","1","","1","","","7","7","1","13","4","120.618314","24.181218","3"
"3039","66000","387130000C","(04)23274275","(04)23288582","2026","2","8","11","23","臺中市","東勢區","0","0","0","7","","","30","","","","","","","","","","","","","","11","","","","","B03","","","1","","1","","","8","8","1","13","4","120.871645","24.222105","3"
"3040","66000","387130000C","(04)23274275","(04)23288582","2026","2","8","11","30","臺中市","烏日區","0","0","0","7","","","50","","","","","","","","","","","","","","14","","","","","B03","","","1","","1","","","49","49","1","6","4","120.597346","24.108793","3"
"3041","66000","387130000C","(04)23274275","(04)23288582","2026","2","8","11","30","臺中市","沙鹿區","0","0","0","7","2","6","40","13","8","1","5","4","6","6","4","4","8","3","4","2","14","","","","","B12","","","1","","2","","","49","49","1","12","4","120.555818","24.236548","3"
"3042","66000","387130000C","(04)23274275","(04)23288582","2026","2","8","11","32","臺中市","南屯區","0","0","0","7","","","50","","","","","","","","","","","","","","","","","","","B03","","","1","","1","","","20","20","1","13","4","120.644847","24.136146","3"
"3043","66000","387130000C","(04)23274275","(04)23288582","2026","2","8","11","32","臺中市","北屯區","0","0","0","7","","","50","","","","","","","","","","","","","","","","","","","F03","","","7","","1","","","51","51","1","13","4","120.69252","24.176032","4"
"3044","66000","387130000C","(04)23274275","(04)23288582","2026","2","8","11","33","臺中市","北屯區","0","1","0","7","3","6","50","4","1","1","5","4","6","6","1","1","10","5","5","2","16","3","10","3","1","B03","7","9","1","8","2","5","","21","21","1","6","4","120.664114","24.18575","2"
"3045","66000","387130000C","(04)23274275","(04)23288582","2026","2","8","11","33","臺中市","西屯區","0","3","0","7","2","6","50","4","1","1","5","4","6","6","1","1","10","5","5","1","16","3","10","3","1","B03","7","6","1","8","2","5","","84","84","1","12","4","120.634665","24.179775","2"
"3046","66000","387130000C","(04)23274275","(04)23288582","2026","2","8","11","35","臺中市","烏日區","0","0","0","7","","","50","","","","","","","","","","","","","","9","","","","","B03","","","1","","2","","","51","51","1","6","4","120.63486","24.106913","4"
"3047","66000","387130000C","(04)23274275","(04)23288582","2026","2","8","11","36","臺中市","大雅區","0","0","0","7","","","60","","","","","","","","","","","","","","13","","","","","B03","","","1","","1","","","59","59","1","12","4","120.650896","24.209672","3"
"3048","66000","387130000C","(04)23274275","(04)23288582","2026","2","8","11","38","臺中市","南屯區","0","1","0","7","3","6","50","3","1","1","5","4","6","6","4","4","10","5","5","2","16","3","10","3","1","B03","7","5","1","8","2","2","","14","14","1","12","4","120.6386","24.145889","2"
"3049","66000","387130000C","(04)23274275","(04)23288582","2026","2","8","11","40","臺中市","西區","0","0","0","7","","","50","","","","","","","","","","","","","","13","","","","","C03","","","1","","2","","","7","7","1","13","4","120.661642","24.150845","3"
"3050","66000","387130000C","(04)23274275","(04)23288582","2026","2","8","11","41","臺中市","霧峰區","0","0","0","7","","","50","","","","","","","","","","","","","","17","","","","","B03","","","1","","1","","","84","84","1","12","4","120.708163","24.076508","3"
"3051","66000","387130000C","(04)23274275","(04)23288582","2026","2","8","11","41","臺中市","大甲區","0","0","0","7","","","50","","","","","","","","","","","","","","14","","","","","B03","","","1","","2","","","49","49","1","6","4","120.624741","24.345059","3"
"3052","66000","387130000C","(04)23274275","(04)23288582","2026","2","8","11","43","臺中市","大里區","0","2","0","7","2","6","40","5","1","1","5","4","6","6","1","1","5","5","4","2","17","2","8","1","1","C03","7","5","1","10","2","14","","84","84","1","13","4","120.689848","24.1131","2"
"3053","66000","387130000C","(04)23274275","(04)23288582","2026","2","8","11","45","臺中市","中區","0","0","0","7","","","50","","","","","","","","","","","","","","17","","","","","B03","","","1","","1","","","84","84","1","13","4","120.676005","24.141304","3"
"3054","66000","387130000C","(04)23274275","(04)23288582","2026","2","8","11","51","臺中市","大雅區","0","0","0","7","","","30","","","","","","","","","","","","","","16","","","","","B01","","","1","","2","","","14","14","1","12","4","120.646356","24.224227","3"
"3055","66000","387130000C","(04)23274275","(04)23288582","2026","2","8","11","51","臺中市","北屯區","0","0","0","7","","","30","","","","","","","","","","","","","","17","","","","","F01","","","1","","1","","","82","82","1","2","4","120.710449","24.169262","4"
"3056","66000","387130000C","(04)23274275","(04)23288582","2026","2","8","11","52","臺中市","南區","0","1","0","7","3","6","50","4","1","1","5","4","6","6","2","1","3","5","5","2","12","3","10","3","1","B03","7","5","1","8","2","5","","84","84","1","12","4","120.670061","24.119029","2"
"3057","66000","387130000C","(04)23274275","(04)23288582","2026","2","8","11","52","臺中市","大安區","0","1","0","7","3","6","30","13","9","1","5","4","6","6","4","4","10","5","5","2","18","2","9","1","1","C03","7","9","1","10","2","11","","87","87","1","12","4","120.585998","24.366744","2"
"3058","66000","387130000C","(04)23274275","(04)23288582","2026","2","8","11","54","臺中市","大雅區","0","2","0","7","2","6","50","4","1","1","5","4","6","6","2","1","5","5","5","1","12","2","8","1","1","C03","7","9","1","10","2","14","","87","87","1","12","4","120.651705","24.227938","2"
"3059","66000","387130000C","(04)23274275","(04)23288582","2026","2","8","11","55","臺中市","潭子區","0","0","0","7","","","40","","","","","","","","","","","","","","","","","","","B13","","","1","","2","","","49","49","1","13","4","120.704541","24.203814","3"
"3060","66000","387130000C","(04)23274275","(04)23288582","2026","2","8","11","55","臺中市","清水區","0","0","0","7","","","50","","","","","","","","","","","","","","17","","","","","B03","","","1","","1","","","51","51","1","12","4","120.569684","24.275346","3"
"3061","66000","387130000C","(04)23274275","(04)23288582","2026","2","8","12","0","臺中市","西屯區","0","2","0","7","2","6","30","13","9","1","5","4","6","6","4","4","10","5","5","1","11","2","9","2","1","C03","7","9","1","10","2","14","","85","85","1","12","4","120.63","24.190177","2"
"3062","66000","387130000C","(04)23274275","(04)23288582","2026","2","8","12","2","臺中市","西屯區","0","1","0","7","2","6","50","3","1","1","5","4","6","6","1","1","10","5","5","2","17","2","9","1","4","C03","7","9","1","10","2","12","","7","7","1","13","4","120.643345","24.178426","2"
"3063","66000","387130000C","(04)23274275","(04)23288582","2026","2","8","12","5","臺中市","沙鹿區","0","0","0","7","","","50","","","","","","","","","","","","","","","","","","","B12","","","1","","2","","","40","40","1","6","4","120.556034","24.220801","3"
"3064","66000","387130000C","(04)23274275","(04)23288582","2026","2","8","12","8","臺中市","西屯區","0","1","0","7","2","6","30","11","9","1","5","4","6","6","4","4","10","5","5","2","18","2","9","5","4","C03","7","5","1","10","2","12","","84","84","1","13","4","120.649625","24.183438","2"
"3065","66000","387130000C","(04)23274275","(04)23288582","2026","2","8","12","10","臺中市","北區","0","0","0","7","","","50","","","","","","","","","","","","","","","","","","","B03","","","1","","1","","","84","84","1","12","4","120.69432","24.160476","4"
"3066","66000","387130000C","(04)23274275","(04)23288582","2026","2","8","12","12","臺中市","南屯區","0","1","0","7","2","6","50","13","9","1","5","4","6","6","4","4","9","5","5","2","17","2","8","2","1","C03","7","9","1","10","2","11","","84","84","1","13","4","120.644699","24.150646","2"
"3067","66000","387130000C","(04)23274275","(04)23288582","2026","2","8","12","15","臺中市","潭子區","0","1","0","7","2","6","50","13","9","1","5","4","6","6","3","1","5","5","5","1","13","2","8","2","1","C03","7","9","1","10","2","11","","7","7","1","13","4","120.703061","24.190805","2"
"3068","66000","387130000C","(04)23274275","(04)23288582","2026","2","8","12","16","臺中市","沙鹿區","0","0","0","7","","","50","","","","","","","","","","","","","","","","","","","B03","","","1","","2","","","8","8","1","6","4","120.560155","24.236089","3"
"3069","66000","387130000C","(04)23274275","(04)23288582","2026","2","8","12","18","臺中市","西屯區","0","2","0","7","1","6","50","4","1","1","5","4","6","6","2","1","10","5","5","2","16","3","10","3","1","B03","7","1","1","8","2","5","","51","51","1","12","4","120.65182","24.178134","2"
"3070","66000","387130000C","(04)23274275","(04)23288582","2026","2","8","12","19","臺中市","豐原區","0","1","0","7","2","6","50","4","3","1","5","4","6","6","2","1","5","4","4","2","16","3","10","3","1","B03","7","5","1","8","2","2","","11","11","1","12","4","120.715176","24.256246","2"
"3071","66000","387130000C","(04)23274275","(04)23288582","2026","2","8","12","20","臺中市","西屯區","0","0","0","7","","","30","","","","","","","","","","","","","","11","","","","","B03","","","1","","1","","","8","8","1","13","4","120.645987","24.182023","3"
"3072","66000","387130000C","(04)23274275","(04)23288582","2026","2","8","12","23","臺中市","北區","0","1","0","7","2","6","50","4","1","1","5","4","6","6","2","1","5","4","5","1","18","2","9","1","1","C03","7","5","3","19","2","12","","84","84","1","13","4","120.670429","24.159163","2"
"3073","66000","387130000C","(04)23274275","(04)23288582","2026","2","8","12","25","臺中市","南屯區","0","0","0","7","","","30","","","","","","","","","","","","","","17","","","","","B03","","","1","","1","","","51","51","1","12","4","120.642801","24.139477","3"
"3074","66000","387130000C","(04)23274275","(04)23288582","2026","2","8","12","25","臺中市","南屯區","0","0","0","7","3","6","50","13","9","1","5","4","6","6","4","4","5","4","5","2","12","","","","","B03","","","1","","2","","","40","40","1","12","4","120.636617","24.135746","3"
"3075","66000","387130000C","(04)23274275","(04)23288582","2026","2","8","12","28","臺中市","東區","0","0","0","7","","","50","","","","","","","","","","","","","","","","","","","C03","","","1","","1","","","49","49","1","12","4","120.68776","24.13849","3"
"3076","66000","387130000C","(04)23274275","(04)23288582","2026","2","8","12","35","臺中市","南區","0","0","0","7","","","40","","","","","","","","","","","","","","17","","","","","B03","","","1","","1","","","40","40","1","12","4","120.65213","24.114688","3"
"3077","66000","387130000C","(04)23274275","(04)23288582","2026","2","8","12","35","臺中市","西屯區","0","1","0","7","2","6","50","4","1","1","5","4","6","6","4","4","10","5","5","1","16","3","10","2","1","C03","7","5","1","10","2","12","","14","14","1","12","4","120.64441","24.178718","2"
"3078","66000","387130000C","(04)23274275","(04)23288582","2026","2","8","12","38","臺中市","南屯區","0","1","0","7","2","6","50","13","9","1","5","4","6","6","4","4","9","5","5","2","17","3","10","2","1","C03","7","6","1","10","2","14","","20","20","1","13","4","120.648678","24.148682","2"
"3079","66000","387130000C","(04)23274275","(04)23288582","2026","2","8","12","40","臺中市","烏日區","0","2","0","1","2","6","70","13","8","1","5","4","6","6","4","4","1","4","4","1","17","3","10","5","4","B03","7","7","1","8","2","6","","40","40","1","12","4","120.590526","24.113483","2"
"3080","66000","387130000C","(04)23274275","(04)23288582","2026","2","8","12","49","臺中市","南區","0","0","0","7","","","50","","","","","","","","","","","","","","","","","","","A11","","","1","","2","","","84","84","1","6","4","120.679363","24.122343","3"
"3081","66000","387130000C","(04)23274275","(04)23288582","2026","2","8","13","0","臺中市","南屯區","0","0","0","7","","","50","","","","","","","","","","","","","","14","","","","","B11","","","1","","1","","","50","50","1","13","4","120.636224","24.153728","3"
"3082","66000","387130000C","(04)23274275","(04)23288582","2026","2","8","13","1","臺中市","南屯區","0","1","0","7","2","6","50","13","9","1","5","4","6","6","1","1","5","5","5","2","13","3","10","3","1","B03","7","9","1","8","2","5","","58","58","1","13","4","120.652736","24.149959","2"
"3083","66000","387130000C","(04)23274275","(04)23288582","2026","2","8","13","1","臺中市","西屯區","0","0","0","7","","","30","","","","","","","","","","","","","","17","","","","","B03","","","1","","1","","","51","51","1","13","4","120.641321","24.181488","3"
"3084","66000","387130000C","(04)23274275","(04)23288582","2026","2","8","13","10","臺中市","南屯區","0","1","0","7","3","6","50","4","1","1","5","4","6","6","4","4","10","5","5","2","17","3","10","2","1","C03","7","5","1","10","2","14","","12","12","1","13","4","120.635765","24.14651","2"
"3085","66000","387130000C","(04)23274275","(04)23288582","2026","2","8","13","12","臺中市","東區","0","1","0","7","2","6","50","13","9","1","5","4","6","6","4","4","5","4","5","2","17","3","10","1","1","C03","7","9","1","10","2","11","","84","84","1","12","4","120.694512","24.133155","2"
"3086","66000","387130000C","(04)23274275","(04)23288582","2026","2","8","13","12","臺中市","北屯區","0","0","0","7","","","50","","","","","","","","","","","","","","17","","","","","B03","","","1","","2","","","56","56","1","6","4","120.688843","24.165901","3"
"3087","66000","387130000C","(04)23274275","(04)23288582","2026","2","8","13","15","臺中市","北區","0","0","0","7","","","40","","","","","","","","","","","","","","","","","","","B03","","","1","","2","","","50","50","1","12","4","120.677021","24.168703","3"
"3088","66000","387130000C","(04)23274275","(04)23288582","2026","2","8","13","15","臺中市","南屯區","0","1","0","7","3","6","50","4","1","1","5","4","6","6","1","1","10","5","5","2","15","3","10","3","1","B03","7","9","1","8","2","6","","21","21","1","12","4","120.65068","24.131996","2"
"3089","66000","387130000C","(04)23274275","(04)23288582","2026","2","8","13","23","臺中市","北區","0","2","0","7","3","6","50","13","9","1","5","4","6","6","4","4","1","4","5","2","17","2","9","1","1","C03","7","9","1","10","2","15","","84","84","1","12","4","120.672936","24.167469","2"