序號,縣市別代碼,機關代碼,市話,傳真,年,月,日,時,分,縣市,區,死亡數量,受傷數量,2-30,天候,道路照明設備,道路類別,道路速限,道路型態,事故位置,路面鋪裝,路面狀態,路面缺陷,障礙物,視距,號誌種類,號誌動作,分向設施,快車道或一般車道間,快慢車道間,路面邊線,事故類型及型態,受傷程度,主要傷處,保護裝備,行動電話或功能裝置,當事者區分(類別),車輛用途,當事者行動狀態,駕照狀態,駕照種類,飲酒情形,車輛撞擊部位最初,車輛撞擊部位其他,肇事因素個別,肇事因素主要,肇事逃逸,職業,共享經濟或外送平台,GPS座標X,GPS座標Y,事故類別
"3090","66000","387130000C","(04)23274275","(04)23288582","2026","2","8","13","26","臺中市","東區","0","2","0","7","2","6","50","3","2","1","5","4","6","6","1","1","5","2","4","2","13","2","9","2","1","C03","7","9","1","10","2","11","","88","88","1","13","4","120.692538","24.14974","2"
"3091","66000","387130000C","(04)23274275","(04)23288582","2026","2","8","13","27","臺中市","大甲區","0","1","0","7","2","6","70","13","12","1","5","4","6","6","4","4","1","4","4","1","16","3","10","3","1","B03","7","7","1","8","2","2","","40","40","1","6","4","120.639831","24.363522","2"
"3092","66000","387130000C","(04)23274275","(04)23288582","2026","2","8","13","30","臺中市","太平區","0","0","0","7","","3","80","","","","","","","","","","","","","","","","","","","B02","","","1","","2","","","7","7","1","12","4","120.71552","24.152098","3"
"3093","66000","387130000C","(04)23274275","(04)23288582","2026","2","8","13","33","臺中市","霧峰區","0","3","0","7","3","6","50","5","1","1","5","4","6","6","1","1","5","5","5","1","12","2","9","1","1","C03","7","1","1","10","2","14","12","51","51","1","12","4","120.697163","24.066512","2"
"3094","66000","387130000C","(04)23274275","(04)23288582","2026","2","8","13","35","臺中市","北屯區","0","0","0","7","","","50","","","","","","","","","","","","","","17","","","","","B03","","","1","","1","","","84","84","1","12","4","120.700462","24.164439","4"
"3095","66000","387130000C","(04)23274275","(04)23288582","2026","2","8","13","39","臺中市","西區","0","1","0","7","1","6","50","4","1","1","5","4","6","6","1","1","5","4","5","2","16","3","10","3","1","B03","7","5","1","8","2","5","","47","47","1","13","4","120.66172","24.135135","2"
"3096","66000","387130000C","(04)23274275","(04)23288582","2026","2","8","13","43","臺中市","南屯區","0","0","0","7","","","50","","","","","","","","","","","","","","","","","","","C03","","","1","","2","","","84","84","1","13","4","120.619678","24.128289","4"
"3097","66000","387130000C","(04)23274275","(04)23288582","2026","2","8","13","45","臺中市","西屯區","0","1","0","7","2","6","50","4","1","1","5","4","6","6","2","1","1","4","5","2","16","3","10","5","4","B03","7","5","1","8","2","6","","47","47","1","13","4","120.65263","24.166498","2"
"3098","66000","387130000C","(04)23274275","(04)23288582","2026","2","8","13","45","臺中市","豐原區","0","0","0","7","","","50","","","","","","","","","","","","","","17","","","","","B03","","","1","","1","","","7","7","1","6","4","120.718724","24.252114","3"
"3099","66000","387130000C","(04)23274275","(04)23288582","2026","2","8","13","46","臺中市","外埔區","0","0","0","7","2","6","50","3","2","1","5","4","6","6","3","1","4","5","4","1","17","3","10","3","1","B03","7","9","1","7","2","1","","7","7","1","12","4","120.63477","24.344255","3"
"3100","66000","387130000C","(04)23274275","(04)23288582","2026","2","8","13","52","臺中市","大雅區","0","0","0","7","","","30","","","","","","","","","","","","","","14","","","","","B03","","","1","","1","","","49","49","1","12","4","120.667897","24.216927","3"
"3101","66000","387130000C","(04)23274275","(04)23288582","2026","2","8","13","56","臺中市","西屯區","0","1","0","7","1","6","50","3","1","1","5","4","6","6","2","1","10","5","5","2","16","2","8","1","1","C03","7","9","1","10","2","13","","84","84","1","12","4","120.645102","24.162771","2"
"3102","66000","387130000C","(04)23274275","(04)23288582","2026","2","8","13","56","臺中市","太平區","0","2","0","7","2","6","50","3","9","1","5","4","6","6","4","4","10","5","5","2","16","2","8","1","1","C03","7","6","1","10","2","12","","14","14","1","12","4","120.722333","24.134633","2"
"3103","66000","387130000C","(04)23274275","(04)23288582","2026","2","8","13","59","臺中市","北區","0","0","0","7","","","50","","","","","","","","","","","","","","12","","","","","B02","","","1","","1","","","47","47","1","13","4","120.683467","24.153539","3"
"3104","66000","387130000C","(04)23274275","(04)23288582","2026","2","8","14","0","臺中市","南屯區","0","0","0","7","","","50","","","","","","","","","","","","","","","","","","","B03","","","1","","2","","","7","7","1","13","4","120.629391","24.147556","3"
"3105","66000","387130000C","(04)23274275","(04)23288582","2026","2","8","14","2","臺中市","豐原區","0","0","0","7","","","60","","","","","","","","","","","","","","13","","","","","B03","","","1","","2","","","7","7","1","12","4","120.714181","24.236842","3"
"3106","66000","387130000C","(04)23274275","(04)23288582","2026","2","8","14","7","臺中市","龍井區","0","1","0","7","2","6","40","13","8","1","5","4","6","6","2","1","1","4","3","2","16","2","9","2","1","C03","7","9","1","10","2","15","","59","59","1","6","4","120.583525","24.18727","2"
"3107","66000","387130000C","(04)23274275","(04)23288582","2026","2","8","14","10","臺中市","西區","0","0","0","7","","","50","","","","","","","","","","","","","","17","","","","","B03","","","1","","2","","","84","84","1","12","4","120.659664","24.149032","3"
"3108","66000","387130000C","(04)23274275","(04)23288582","2026","2","8","14","10","臺中市","大里區","0","0","0","7","2","6","50","4","2","1","5","4","6","6","4","4","5","5","5","1","14","","","","","B03","","","1","","1","","","50","50","1","13","4","120.676","24.107929","3"
"3109","66000","387130000C","(04)23274275","(04)23288582","2026","2","8","14","13","臺中市","南屯區","0","1","0","7","3","6","50","13","7","1","5","4","6","6","4","4","5","5","4","2","17","2","9","2","1","C04","7","11","1","10","2","12","","45","45","1","13","4","120.61081","24.145081","2"
"3110","66000","387130000C","(04)23274275","(04)23288582","2026","2","8","14","18","臺中市","西區","0","0","0","7","","","50","","","","","","","","","","","","","","17","","","","","B03","","","1","","1","","","78","78","1","13","4","120.658617","24.149559","3"
"3111","66000","387130000C","(04)23274275","(04)23288582","2026","2","8","14","18","臺中市","大里區","0","0","0","6","","","30","","","","","","","","","","","","","","17","","","","","B03","","","1","","9","","","8","8","2","12","4","120.667277","24.093777","3"
"3112","66000","387130000C","(04)23274275","(04)23288582","2026","2","8","14","21","臺中市","北屯區","0","1","0","7","1","6","50","13","9","1","5","4","6","6","4","4","5","4","5","2","12","3","10","3","1","B03","7","9","1","10","2","1","","84","84","1","13","4","120.707091","24.169776","2"
"3113","66000","387130000C","(04)23274275","(04)23288582","2026","2","8","14","23","臺中市","新社區","0","1","0","7","2","6","50","13","9","1","5","4","6","6","4","4","5","5","5","1","13","2","9","1","1","C03","7","9","1","10","2","11","","84","84","1","12","4","120.808987","24.250042","2"
"3114","66000","387130000C","(04)23274275","(04)23288582","2026","2","8","14","25","臺中市","西屯區","0","0","0","7","","","50","","","","","","","","","","","","","","16","","","","","B12","","","1","","1","","","11","11","1","13","4","120.645061","24.178821","3"
"3115","66000","387130000C","(04)23274275","(04)23288582","2026","2","8","14","26","臺中市","西屯區","0","1","0","7","2","6","40","4","1","1","5","4","6","6","2","1","10","5","5","2","16","3","10","3","1","B03","7","5","1","8","2","16","","47","47","1","13","4","120.660097","24.164318","2"
"3116","66000","387130000C","(04)23274275","(04)23288582","2026","2","8","14","32","臺中市","太平區","0","0","0","7","","","50","","","","","","","","","","","","","","","","","","","B03","","","1","","1","","","59","59","1","12","4","120.706157","24.111679","3"
"3117","66000","387130000C","(04)23274275","(04)23288582","2026","2","8","14","33","臺中市","西屯區","0","3","0","7","2","6","50","4","1","1","5","4","6","6","1","1","1","4","1","2","12","3","10","2","1","C03","7","9","3","19","2","12","","26","26","1","12","4","120.649469","24.16262","2"
"3118","66000","387130000C","(04)23274275","(04)23288582","2026","2","8","14","33","臺中市","沙鹿區","0","1","0","7","2","6","50","3","1","1","5","4","6","6","1","1","10","5","5","2","12","3","10","3","1","B03","7","9","1","8","2","2","","1","1","1","6","4","120.579943","24.21478","2"
"3119","66000","387130000C","(04)23274275","(04)23288582","2026","2","8","14","34","臺中市","西區","0","1","0","7","2","6","50","4","1","1","5","4","6","6","2","1","1","4","5","2","17","3","10","3","1","B03","7","5","1","8","2","5","","47","47","1","13","4","120.659598","24.157205","2"
"3120","66000","387130000C","(04)23274275","(04)23288582","2026","2","8","14","37","臺中市","東區","0","0","0","7","","","50","","","","","","","","","","","","","","17","","","","","B03","","","1","","1","","","85","85","1","12","4","120.689216","24.134409","4"
"3121","66000","387130000C","(04)23274275","(04)23288582","2026","2","8","14","40","臺中市","南區","0","2","0","7","3","6","50","4","2","1","5","4","6","6","2","1","5","5","5","2","16","2","9","2","1","C04","7","1","1","10","2","14","","51","51","1","12","4","120.661879","24.130319","2"
"3122","66000","387130000C","(04)23274275","(04)23288582","2026","2","8","14","41","臺中市","西區","0","0","0","7","","","50","","","","","","","","","","","","","","","","","","","B03","","","1","8","1","","","47","47","1","13","4","120.665234","24.15085","3"
"3123","66000","387130000C","(04)23274275","(04)23288582","2026","2","8","14","42","臺中市","大甲區","0","1","0","7","2","6","50","4","1","1","5","4","6","6","1","1","10","5","5","2","16","3","10","3","1","B03","7","11","1","8","2","4","","45","45","1","6","4","120.621558","24.34778","2"
"3124","66000","387130000C","(04)23274275","(04)23288582","2026","2","8","14","43","臺中市","北屯區","0","1","0","7","2","6","50","4","1","1","5","4","6","6","4","4","10","5","5","2","13","3","10","3","1","B03","7","6","1","8","2","1","","84","84","1","12","4","120.698287","24.183789","2"
"3125","66000","387130000C","(04)23274275","(04)23288582","2026","2","8","14","45","臺中市","東區","0","2","0","7","2","6","50","3","1","1","5","4","6","6","1","1","10","5","5","1","17","3","10","3","1","B01","7","9","1","2","2","6","","42","42","1","12","4","120.699615","24.145234","2"
"3126","66000","387130000C","(04)23274275","(04)23288582","2026","2","8","14","45","臺中市","南屯區","0","0","0","7","","","50","","","","","","","","","","","","","","12","","","","","B03","","","1","","1","","","40","40","1","12","4","120.635655","24.143426","3"
"3127","66000","387130000C","(04)23274275","(04)23288582","2026","2","8","14","45","臺中市","大里區","0","2","0","7","2","6","50","13","9","1","5","4","6","6","4","4","5","5","5","1","17","2","9","2","1","C03","7","6","1","10","2","11","","39","39","1","6","4","120.695025","24.091108","2"
"3128","66000","387130000C","(04)23274275","(04)23288582","2026","2","8","14","50","臺中市","北區","0","0","0","7","","","50","","","","","","","","","","","","","","17","","","","","C03","","","1","","1","","","40","40","1","13","4","120.685463","24.152368","3"
"3129","66000","387130000C","(04)23274275","(04)23288582","2026","2","8","14","50","臺中市","沙鹿區","0","0","0","7","","","50","","","","","","","","","","","","","","","","","","","C03","","","1","","2","","","7","7","1","6","4","120.569735","24.237231","3"
"3130","66000","387130000C","(04)23274275","(04)23288582","2026","2","8","14","51","臺中市","北區","0","2","0","7","3","6","40","4","1","1","5","4","6","6","1","1","1","4","4","2","17","3","10","1","1","C03","7","9","1","10","2","12","","84","84","1","12","4","120.67212","24.170099","2"
"3131","66000","387130000C","(04)23274275","(04)23288582","2026","2","8","14","52","臺中市","西屯區","0","1","0","7","2","6","50","13","9","1","5","4","6","6","4","4","5","4","5","2","17","3","10","3","4","B03","7","14","1","8","2","2","","84","84","1","13","4","120.617755","24.188005","2"
"3132","66000","387130000C","(04)23274275","(04)23288582","2026","2","8","14","52","臺中市","霧峰區","0","0","0","7","","","50","","","","","","","","","","","","","","","","","","","B03","","","1","","2","","","7","7","1","13","4","120.698446","24.060943","3"
"3133","66000","387130000C","(04)23274275","(04)23288582","2026","2","8","14","55","臺中市","北屯區","0","2","0","7","1","6","50","3","2","1","5","4","6","6","1","1","3","4","5","2","12","2","9","1","1","C03","7","21","1","10","2","11","","85","85","1","12","4","120.711955","24.164564","2"
"3134","66000","387130000C","(04)23274275","(04)23288582","2026","2","8","14","55","臺中市","豐原區","0","0","0","7","","","50","","","","","","","","","","","","","","13","","","","","B03","","","1","","2","","","7","7","1","13","4","120.749545","24.268486","3"
"3135","66000","387130000C","(04)23274275","(04)23288582","2026","2","8","14","55","臺中市","豐原區","0","1","0","7","2","6","50","4","9","1","5","4","6","6","2","1","1","2","4","2","30","3","10","1","1","C03","7","14","1","10","2","16","","87","87","1","12","4","120.719062","24.243179","2"
"3136","66000","387130000C","(04)23274275","(04)23288582","2026","2","8","14","58","臺中市","潭子區","0","0","0","7","","","50","","","","","","","","","","","","","","","","","","","B03","","","1","","2","","","56","56","1","13","4","120.70201","24.19204","3"
"3137","66000","387130000C","(04)23274275","(04)23288582","2026","2","8","14","59","臺中市","大里區","0","0","0","7","","","50","","","","","","","","","","","","","","14","","","","","B03","","","1","","2","","","49","49","1","13","4","120.6784","24.105904","3"
"3138","66000","387130000C","(04)23274275","(04)23288582","2026","2","8","15","0","臺中市","南屯區","0","2","0","7","2","6","50","4","1","1","5","4","6","6","4","4","10","5","5","2","15","3","10","3","1","B12","7","9","1","8","2","8","","12","12","1","13","4","120.653922","24.142643","2"
"3139","66000","387130000C","(04)23274275","(04)23288582","2026","2","8","15","0","臺中市","南屯區","0","0","0","7","","","50","","","","","","","","","","","","","","","","","","","B03","","","1","","2","","","49","49","1","13","4","120.615074","24.151884","3"
"3140","66000","387130000C","(04)23274275","(04)23288582","2026","2","8","15","5","臺中市","后里區","0","0","0","7","","","50","","","","","","","","","","","","","","25","","","","","B13","","","1","","2","","","8","8","1","12","4","120.718783","24.307519","3"
"3141","66000","387130000C","(04)23274275","(04)23288582","2026","2","8","15","6","臺中市","梧棲區","0","0","0","7","","3","90","","","","","","","","","","","","","","13","","","","","B03","","","1","","1","","","7","7","1","12","4","120.533801","24.244543","3"
"3142","66000","387130000C","(04)23274275","(04)23288582","2026","2","8","15","9","臺中市","中區","0","0","0","7","","","50","","","","","","","","","","","","","","13","","","","","C03","","","1","","1","","","7","7","1","13","4","120.681124","24.141026","4"
"3143","66000","387130000C","(04)23274275","(04)23288582","2026","2","8","15","10","臺中市","清水區","0","1","0","7","3","6","50","4","1","1","5","4","6","6","3","1","5","5","5","2","15","3","10","3","1","B03","7","9","1","8","2","1","","24","24","1","12","4","120.575204","24.271848","2"
"3144","66000","387130000C","(04)23274275","(04)23288582","2026","2","8","15","14","臺中市","北區","0","0","0","7","3","6","50","18","24","1","5","4","6","6","2","1","5","5","5","2","17","","","","","B03","","","1","","1","","","7","7","1","13","4","120.665769","24.159044","3"
"3145","66000","387130000C","(04)23274275","(04)23288582","2026","2","8","15","14","臺中市","梧棲區","0","1","0","7","3","6","30","4","1","1","5","4","6","6","4","4","10","5","5","2","16","2","9","1","1","C03","7","6","1","10","2","12","","20","20","1","6","4","120.552881","24.248556","2"
"3146","66000","387130000C","(04)23274275","(04)23288582","2026","2","8","15","15","臺中市","大安區","0","2","0","7","1","6","50","4","1","1","5","4","6","6","3","1","5","5","5","1","15","2","9","3","1","B03","7","9","1","8","2","2","","24","24","1","12","4","120.596311","24.375441","2"
"3147","66000","387130000C","(04)23274275","(04)23288582","2026","2","8","15","20","臺中市","西區","0","1","0","7","3","9","50","13","9","1","5","4","6","6","4","4","5","4","5","2","17","2","9","2","1","C03","7","9","5","19","1","11","","59","59","1","12","2","120.654414","24.14655","2"
"3148","66000","387130000C","(04)23274275","(04)23288582","2026","2","8","15","21","臺中市","大里區","0","2","0","7","2","6","30","4","1","1","5","4","6","6","4","4","10","5","5","2","17","2","5","5","4","C03","7","9","1","10","2","12","","84","84","1","13","4","120.701264","24.088065","2"
"3149","66000","387130000C","(04)23274275","(04)23288582","2026","2","8","15","29","臺中市","豐原區","0","3","0","7","2","6","30","3","2","1","5","4","6","6","4","4","10","5","5","2","16","2","8","1","1","C03","7","6","1","10","2","11","","14","14","1","12","4","120.729829","24.249079","2"
"3150","66000","387130000C","(04)23274275","(04)23288582","2026","2","8","15","31","臺中市","北屯區","0","0","0","7","","","50","","","","","","","","","","","","","","13","","","","","B03","","","1","","1","","","84","84","1","13","4","120.67043","24.178475","3"
"3151","66000","387130000C","(04)23274275","(04)23288582","2026","2","8","15","32","臺中市","西區","0","0","0","7","","","50","","","","","","","","","","","","","","","","","","","B03","","","1","","1","","","7","7","1","6","4","120.669639","24.148068","3"
"3152","66000","387130000C","(04)23274275","(04)23288582","2026","2","8","15","35","臺中市","北屯區","0","0","0","7","","","50","","","","","","","","","","","","","","16","","","","","C03","","","1","10","1","","","48","48","1","12","4","120.705749","24.164752","3"
"3153","66000","387130000C","(04)23274275","(04)23288582","2026","2","8","15","37","臺中市","大里區","0","2","0","7","2","6","50","13","12","1","5","4","6","6","4","4","1","4","4","1","13","2","9","5","4","C03","7","9","1","10","2","11","","84","84","1","12","4","120.695013","24.089023","2"
"3154","66000","387130000C","(04)23274275","(04)23288582","2026","2","8","15","37","臺中市","霧峰區","0","0","0","7","","","30","","","","","","","","","","","","","","","","","","","B03","","","1","","2","","","8","8","1","13","4","120.654983","24.072092","3"
"3155","66000","387130000C","(04)23274275","(04)23288582","2026","2","8","15","44","臺中市","潭子區","0","0","0","7","","","50","","","","","","","","","","","","","","16","","","","","B03","","","1","","2","","","14","14","1","13","4","120.699592","24.21081","3"
"3156","66000","387130000C","(04)23274275","(04)23288582","2026","2","8","15","47","臺中市","西區","0","0","0","7","","","50","","","","","","","","","","","","","","12","","","","","B03","","","1","","9","","","40","40","1","12","4","120.657404","24.145927","3"
"3157","66000","387130000C","(04)23274275","(04)23288582","2026","2","8","15","47","臺中市","北區","0","3","0","7","2","6","50","4","1","1","5","4","6","6","2","1","10","5","5","2","17","2","9","1","1","C03","7","6","1","10","2","12","","84","84","1","13","4","120.682089","24.154584","2"
"3158","66000","387130000C","(04)23274275","(04)23288582","2026","2","8","15","47","臺中市","大肚區","0","0","0","7","","","30","","","","","","","","","","","","","","","","","","","B03","","","1","","2","","","15","15","1","6","4","120.535259","24.169436","3"
"3159","66000","387130000C","(04)23274275","(04)23288582","2026","2","8","15","49","臺中市","中區","0","1","0","7","2","6","50","3","1","1","5","4","6","6","1","1","10","5","5","2","17","3","10","1","1","C03","7","7","1","10","1","13","","42","42","1","13","2","120.683593","24.142957","2"
"3160","66000","387130000C","(04)23274275","(04)23288582","2026","2","8","15","49","臺中市","西屯區","0","1","0","7","2","6","40","13","8","1","5","4","6","6","4","4","5","4","4","2","18","2","9","5","4","C03","7","9","1","10","2","12","","84","84","1","13","4","120.652805","24.176221","2"
"3161","66000","387130000C","(04)23274275","(04)23288582","2026","2","8","15","53","臺中市","東區","0","1","0","7","2","6","50","4","1","1","5","4","6","6","1","1","10","5","5","2","16","3","10","3","1","B03","7","5","1","8","2","6","","84","84","1","13","4","120.692428","24.138673","2"
"3162","66000","387130000C","(04)23274275","(04)23288582","2026","2","8","15","56","臺中市","西區","0","1","0","7","1","6","50","3","9","1","5","4","6","6","4","4","5","4","5","2","16","3","10","3","1","B03","7","5","1","8","1","5","","47","47","1","13","4","120.66174","24.146219","2"
"3163","66000","387130000C","(04)23274275","(04)23288582","2026","2","8","15","57","臺中市","神岡區","0","1","0","7","2","6","50","13","9","1","5","4","6","6","4","4","1","4","5","1","13","2","9","5","4","C03","7","9","1","10","2","11","","59","59","1","13","4","120.685989","24.246711","2"
"3164","66000","387130000C","(04)23274275","(04)23288582","2026","2","8","16","0","臺中市","烏日區","0","0","0","1","","3","40","","","","","","","","","","","","","","","","","","","B03","","","1","","1","","","7","7","1","12","4","120.613026","24.102571","3"
"3165","66000","387130000C","(04)23274275","(04)23288582","2026","2","8","16","0","臺中市","和平區","0","1","0","7","3","9","30","13","9","1","5","4","6","6","4","4","8","5","5","1","26","3","10","5","1","A11","7","9","1","1","2","5","","88","88","1","13","4","121.245251","24.249462","2"
"3166","66000","387130000C","(04)23274275","(04)23288582","2026","2","8","16","9","臺中市","北屯區","0","0","0","7","","","50","","","","","","","","","","","","","","13","","","","","B03","","","1","","1","","","7","7","1","6","4","120.685229","24.169455","3"
"3167","66000","387130000C","(04)23274275","(04)23288582","2026","2","8","16","11","臺中市","大里區","0","1","0","7","2","6","50","13","7","1","5","4","6","6","4","4","5","5","4","2","17","3","10","2","1","F03","7","7","7","21","2","13","","40","40","1","6","4","120.70293","24.08889","2"
"3168","66000","387130000C","(04)23274275","(04)23288582","2026","2","8","16","15","臺中市","南屯區","0","0","0","7","","","50","","","","","","","","","","","","","","17","","","","","B03","","","1","","2","","","84","84","1","13","4","120.648667","24.150137","3"
"3169","66000","387130000C","(04)23274275","(04)23288582","2026","2","8","16","15","臺中市","南屯區","0","0","0","7","","","50","","","","","","","","","","","","","","17","","","","","B03","","","1","","2","","","49","49","1","12","4","120.652726","24.135937","3"
"3170","66000","387130000C","(04)23274275","(04)23288582","2026","2","8","16","20","臺中市","西屯區","0","0","0","7","","","30","","","","","","","","","","","","","","16","","","","","B03","","","1","","1","","","14","14","1","13","4","120.594676","24.196057","3"
"3171","66000","387130000C","(04)23274275","(04)23288582","2026","2","8","16","22","臺中市","西屯區","0","0","0","7","","","50","","","","","","","","","","","","","","13","","","","","B03","","","1","","1","","","82","82","1","12","4","120.65907","24.193775","3"
"3172","66000","387130000C","(04)23274275","(04)23288582","2026","2","8","16","23","臺中市","北屯區","0","1","0","7","2","6","50","3","1","1","5","4","6","6","1","1","10","5","5","2","17","2","9","1","1","F02","7","9","7","21","2","15","","39","39","1","6","1","120.702119","24.179961","2"
"3173","66000","387130000C","(04)23274275","(04)23288582","2026","2","8","16","24","臺中市","南區","0","1","0","7","2","6","40","4","1","1","5","4","6","6","2","1","10","5","5","2","17","2","9","2","1","C03","7","15","1","10","2","12","14","25","25","1","12","4","120.668687","24.114575","2"
"3174","66000","387130000C","(04)23274275","(04)23288582","2026","2","8","16","27","臺中市","烏日區","0","2","0","7","2","6","30","11","9","1","5","4","6","6","4","4","10","5","5","2","11","2","9","5","4","C03","7","9","1","10","2","11","","8","8","1","13","4","120.606134","24.119254","2"
"3175","66000","387130000C","(04)23274275","(04)23288582","2026","2","8","16","29","臺中市","東區","0","0","0","7","","","50","","","","","","","","","","","","","","17","","","","","B03","","","1","","1","","","37","37","1","6","4","120.690895","24.13536","3"
"3176","66000","387130000C","(04)23274275","(04)23288582","2026","2","8","16","29","臺中市","北屯區","0","0","0","7","","","50","","","","","","","","","","","","","","","","","","","B03","","","1","","1","","","84","84","1","13","4","120.688352","24.17885","4"
"3177","66000","387130000C","(04)23274275","(04)23288582","2026","2","8","16","30","臺中市","西屯區","0","1","0","7","2","6","50","3","1","1","5","4","6","6","2","1","5","4","5","2","17","2","9","1","1","C03","7","9","1","10","2","12","","58","58","1","12","4","120.661166","24.167162","2"
"3178","66000","387130000C","(04)23274275","(04)23288582","2026","2","8","16","30","臺中市","太平區","0","0","0","7","2","6","50","13","14","1","5","4","6","6","4","4","5","5","5","1","13","","","","","B12","","","1","","2","","","78","78","1","12","4","120.717784","24.130869","3"
"3179","66000","387130000C","(04)23274275","(04)23288582","2026","2","8","16","30","臺中市","大肚區","0","1","0","7","2","6","50","11","9","1","5","4","6","6","4","4","5","4","5","1","13","2","7","1","1","C03","7","9","1","10","2","11","","7","7","1","6","4","120.581519","24.1235","2"
"3180","66000","387130000C","(04)23274275","(04)23288582","2026","2","8","16","44","臺中市","太平區","0","1","0","7","2","6","30","13","9","1","5","4","6","6","4","4","10","5","5","2","10","3","10","1","1","C03","7","9","1","10","2","11","","41","41","1","12","4","120.732873","24.110769","2"
"3181","66000","387130000C","(04)23274275","(04)23288582","2026","2","8","16","45","臺中市","豐原區","0","1","0","7","2","6","50","13","8","1","5","4","6","6","1","1","5","5","4","2","13","3","10","2","1","C03","7","9","1","10","2","11","","7","7","1","12","4","120.716463","24.251712","2"
"3182","66000","387130000C","(04)23274275","(04)23288582","2026","2","8","16","48","臺中市","北屯區","0","0","0","7","","","50","","","","","","","","","","","","","","16","","","","","B03","","","1","8","2","","","20","20","1","12","4","120.681927","24.181794","3"
"3183","66000","387130000C","(04)23274275","(04)23288582","2026","2","8","16","48","臺中市","西屯區","0","0","0","7","","","50","","","","","","","","","","","","","","17","","","","","B12","","","1","","2","","","50","50","1","12","4","120.66486","24.17058","3"
"3184","66000","387130000C","(04)23274275","(04)23288582","2026","2","8","16","48","臺中市","沙鹿區","0","1","0","7","2","6","50","3","1","1","5","4","6","6","4","4","10","5","5","2","3","3","10","3","1","B03","7","6","1","8","2","5","","10","10","1","6","4","120.560052","24.238918","2"
"3185","66000","387130000C","(04)23274275","(04)23288582","2026","2","8","16","50","臺中市","烏日區","0","0","0","7","","","30","","","","","","","","","","","","","","9","","","","","B03","","","1","","1","","","76","76","1","6","4","120.616372","24.110954","3"
"3186","66000","387130000C","(04)23274275","(04)23288582","2026","2","8","16","50","臺中市","沙鹿區","0","1","0","6","2","6","30","3","1","1","5","4","6","6","4","4","10","5","5","2","17","2","9","2","1","C03","7","9","1","10","2","14","","6","6","1","6","4","120.575194","24.258476","2"
"3187","66000","387130000C","(04)23274275","(04)23288582","2026","2","8","16","57","臺中市","后里區","0","0","0","7","2","6","50","13","9","1","5","4","6","6","4","4","5","5","5","1","18","3","10","3","1","B03","7","9","1","8","2","2","","59","59","1","12","4","120.703152","24.316046","3"
"3188","66000","387130000C","(04)23274275","(04)23288582","2026","2","8","17","0","臺中市","西區","0","0","0","7","","","50","","","","","","","","","","","","","","13","","","","","B03","","","1","","1","","","7","7","1","12","4","120.668909","24.137542","3"
"3189","66000","387130000C","(04)23274275","(04)23288582","2026","2","8","17","7","臺中市","東區","0","2","0","7","3","6","50","13","12","1","5","4","6","6","4","4","5","5","4","2","17","2","9","2","1","C03","7","11","1","10","2","11","","39","39","1","13","4","120.709748","24.149306","2"
"3190","66000","387130000C","(04)23274275","(04)23288582","2026","2","8","17","8","臺中市","西區","0","0","0","7","","","50","","","","","","","","","","","","","","","","","","","B03","","","1","","1","","","84","84","1","6","4","120.661394","24.136425","3"
"3191","66000","387130000C","(04)23274275","(04)23288582","2026","2","8","17","9","臺中市","西屯區","0","1","0","7","2","6","50","13","9","1","5","4","6","6","4","4","5","4","5","2","12","3","10","5","4","B01","7","7","1","4","2","2","","40","40","1","13","4","120.628286","24.183928","2"
"3192","66000","387130000C","(04)23274275","(04)23288582","2026","2","8","17","10","臺中市","北屯區","0","0","0","7","2","6","50","13","9","1","5","4","6","6","4","4","10","5","5","2","17","","","","","C03","","","1","10","9","","","8","8","1","12","4","120.685419","24.172508","3"
"3193","66000","387130000C","(04)23274275","(04)23288582","2026","2","8","17","10","臺中市","西屯區","0","0","0","7","","","50","","","","","","","","","","","","","","14","","","","","C03","","","1","","1","","","87","87","1","12","4","120.649182","24.168332","3"
"3194","66000","387130000C","(04)23274275","(04)23288582","2026","2","8","17","15","臺中市","北屯區","0","0","0","7","","","50","","","","","","","","","","","","","","12","","","","","B03","","","1","","1","","","40","40","1","12","4","120.718907","24.161727","3"
"3195","66000","387130000C","(04)23274275","(04)23288582","2026","2","8","17","17","臺中市","太平區","0","1","0","7","1","6","40","13","9","1","5","4","6","6","4","4","9","5","5","1","17","2","9","1","1","F03","7","9","7","21","2","12","","84","84","1","12","4","120.714858","24.120323","2"
"3196","66000","387130000C","(04)23274275","(04)23288582","2026","2","8","17","20","臺中市","南區","0","0","0","7","","","50","","","","","","","","","","","","","","12","","","","","C03","","","1","","2","","","8","8","1","12","4","120.665581","24.119281","3"
"3197","66000","387130000C","(04)23274275","(04)23288582","2026","2","8","17","24","臺中市","沙鹿區","0","0","0","7","","","50","","","","","","","","","","","","","","16","","","","","B03","","","1","","1","","","51","51","1","12","4","120.561132","24.242209","3"
"3198","66000","387130000C","(04)23274275","(04)23288582","2026","2","8","17","25","臺中市","沙鹿區","0","0","0","7","","","30","","","","","","","","","","","","","","17","","","","","B12","","","1","","2","","","82","82","1","6","4","120.559648","24.222851","3"
"3199","66000","387130000C","(04)23274275","(04)23288582","2026","2","8","17","27","臺中市","北區","0","0","0","7","","","50","","","","","","","","","","","","","","14","","","","","B03","","","1","","1","","","49","49","1","13","4","120.686675","24.148006","3"