序號,縣市別代碼,機關代碼,市話,傳真,年,月,日,時,分,縣市,區,死亡數量,受傷數量,2-30,天候,道路照明設備,道路類別,道路速限,道路型態,事故位置,路面鋪裝,路面狀態,路面缺陷,障礙物,視距,號誌種類,號誌動作,分向設施,快車道或一般車道間,快慢車道間,路面邊線,事故類型及型態,受傷程度,主要傷處,保護裝備,行動電話或功能裝置,當事者區分(類別),車輛用途,當事者行動狀態,駕照狀態,駕照種類,飲酒情形,車輛撞擊部位最初,車輛撞擊部位其他,肇事因素個別,肇事因素主要,肇事逃逸,職業,共享經濟或外送平台,GPS座標X,GPS座標Y,事故類別
"3200","66000","387130000C","(04)23274275","(04)23288582","2026","2","8","17","29","臺中市","西屯區","0","0","0","7","","","50","","","","","","","","","","","","","","13","","","","","B03","","","1","","1","","","7","7","1","12","4","120.665628","24.168282","3"
"3201","66000","387130000C","(04)23274275","(04)23288582","2026","2","8","17","30","臺中市","東勢區","0","0","0","7","","","60","","","","","","","","","","","","","","","","","","","C01","","","1","","1","","","78","78","1","12","4","120.800586","24.302645","3"
"3202","66000","387130000C","(04)23274275","(04)23288582","2026","2","8","17","30","臺中市","神岡區","0","0","0","7","","","30","","","","","","","","","","","","","","17","","","","","G02","","","1","","2","","","49","49","1","7","4","120.679685","24.265381","3"
"3203","66000","387130000C","(04)23274275","(04)23288582","2026","2","8","17","31","臺中市","潭子區","0","0","0","7","","","50","","","","","","","","","","","","","","","","","","","C03","","","1","","2","","","7","7","1","13","4","120.703353","24.209258","3"
"3204","66000","387130000C","(04)23274275","(04)23288582","2026","2","8","17","39","臺中市","東勢區","0","0","0","7","","","50","","","","","","","","","","","","","","13","","","","","B03","","","1","","2","","","7","7","1","13","4","120.792276","24.28547","3"
"3205","66000","387130000C","(04)23274275","(04)23288582","2026","2","8","17","42","臺中市","西屯區","0","1","0","7","1","6","50","4","1","1","5","4","6","6","2","1","1","3","1","1","15","2","9","1","1","C03","7","9","1","10","2","11","","21","21","1","12","4","120.621507","24.179931","2"
"3206","66000","387130000C","(04)23274275","(04)23288582","2026","2","8","17","47","臺中市","西區","0","1","0","7","2","6","50","5","1","1","5","4","6","6","1","1","10","5","5","2","17","3","10","1","1","C03","7","7","1","10","2","12","","42","42","1","13","4","120.669787","24.150697","2"
"3207","66000","387130000C","(04)23274275","(04)23288582","2026","2","8","17","47","臺中市","西區","0","1","0","7","1","6","50","3","2","1","5","4","6","6","2","1","5","4","4","2","13","2","9","1","1","C03","7","9","1","10","2","11","","7","7","1","13","4","120.661731","24.14147","2"
"3208","66000","387130000C","(04)23274275","(04)23288582","2026","2","8","17","49","臺中市","北屯區","0","1","0","7","2","6","50","13","8","1","5","4","6","6","4","4","10","4","4","2","17","3","10","5","4","B03","7","5","1","8","2","5","","20","20","1","12","4","120.695316","24.17341","2"
"3209","66000","387130000C","(04)23274275","(04)23288582","2026","2","8","17","50","臺中市","北區","0","0","0","7","","","50","","","","","","","","","","","","","","17","","","","","C03","","","1","","2","","","84","84","1","13","4","120.685087","24.16517","3"
"3210","66000","387130000C","(04)23274275","(04)23288582","2026","2","8","17","50","臺中市","烏日區","0","0","0","1","","","50","","","","","","","","","","","","","","","","","","","B03","","","1","","2","","","14","14","1","6","4","120.615151","24.106081","3"
"3211","66000","387130000C","(04)23274275","(04)23288582","2026","2","8","17","52","臺中市","南屯區","0","0","0","7","","","50","","","","","","","","","","","","","","","","","","","C03","","","1","","1","","","7","7","1","13","4","120.652947","24.136322","3"
"3212","66000","387130000C","(04)23274275","(04)23288582","2026","2","8","17","52","臺中市","沙鹿區","0","0","0","7","","","50","","","","","","","","","","","","","","17","","","","","B03","","","1","","1","","","85","85","1","6","4","120.5644","24.248859","4"
"3213","66000","387130000C","(04)23274275","(04)23288582","2026","2","8","17","54","臺中市","中區","0","0","0","7","","","50","","","","","","","","","","","","","","14","","","","","B03","","","1","","2","","","49","49","1","13","4","120.678703","24.139643","3"
"3214","66000","387130000C","(04)23274275","(04)23288582","2026","2","8","17","59","臺中市","北屯區","0","0","0","7","","","50","","","","","","","","","","","","","","13","","","","","C03","","","1","","2","","","7","7","1","6","4","120.729451","24.171024","3"
"3215","66000","387130000C","(04)23274275","(04)23288582","2026","2","8","18","1","臺中市","北屯區","0","0","0","7","","","50","","","","","","","","","","","","","","","","","","","B03","","","1","","1","","","12","12","1","13","4","120.681707","24.17321","3"
"3216","66000","387130000C","(04)23274275","(04)23288582","2026","2","8","18","5","臺中市","豐原區","0","0","0","7","","","50","","","","","","","","","","","","","","17","","","","","B03","","","1","","1","","","49","49","1","6","4","120.71808","24.25316","3"
"3217","66000","387130000C","(04)23274275","(04)23288582","2026","2","8","18","6","臺中市","石岡區","0","0","0","7","","","70","","","","","","","","","","","","","","","","","","","B12","","","1","","1","","","78","78","1","12","4","120.783806","24.274706","3"
"3218","66000","387130000C","(04)23274275","(04)23288582","2026","2","8","18","7","臺中市","北區","0","0","0","7","2","6","50","18","24","1","5","4","6","6","4","4","3","4","4","2","17","","","","","C03","","","1","","1","","","40","40","1","13","4","120.684041","24.145928","3"
"3219","66000","387130000C","(04)23274275","(04)23288582","2026","2","8","18","18","臺中市","南區","0","1","0","7","1","6","40","4","1","1","5","4","6","6","1","1","10","5","5","2","18","2","9","2","1","C03","7","9","1","9","2","12","","82","82","1","13","4","120.678216","24.133445","2"
"3220","66000","387130000C","(04)23274275","(04)23288582","2026","2","8","18","20","臺中市","南屯區","0","0","0","7","","","50","","","","","","","","","","","","","","17","","","","","B03","","","1","","1","","","49","49","1","13","4","120.614535","24.150155","3"
"3221","66000","387130000C","(04)23274275","(04)23288582","2026","2","8","18","21","臺中市","西屯區","0","0","0","7","","","50","","","","","","","","","","","","","","13","","","","","B03","","","1","","1","","","59","59","1","12","4","120.610793","24.190904","3"
"3222","66000","387130000C","(04)23274275","(04)23288582","2026","2","8","18","22","臺中市","后里區","0","1","0","7","1","6","50","13","9","1","5","4","6","6","4","4","5","5","5","1","13","2","9","2","1","C03","7","9","2","19","2","11","","84","84","1","12","4","120.717447","24.304212","2"
"3223","66000","387130000C","(04)23274275","(04)23288582","2026","2","8","18","23","臺中市","南區","0","0","0","7","","","50","","","","","","","","","","","","","","","","","","","B03","","","1","","1","","","11","11","1","12","4","120.668249","24.118976","3"
"3224","66000","387130000C","(04)23274275","(04)23288582","2026","2","8","18","26","臺中市","梧棲區","0","1","0","7","1","6","50","4","1","1","5","4","6","6","1","1","10","5","5","2","16","3","10","1","1","F03","7","6","7","21","2","11","","11","11","1","6","4","120.532207","24.258662","2"
"3225","66000","387130000C","(04)23274275","(04)23288582","2026","2","8","18","29","臺中市","北區","0","1","0","7","1","6","40","13","8","1","5","4","6","6","4","4","1","4","4","2","13","2","8","1","1","C03","7","9","1","10","2","11","","59","59","1","13","4","120.673801","24.165908","2"
"3226","66000","387130000C","(04)23274275","(04)23288582","2026","2","8","18","29","臺中市","西屯區","0","0","0","7","","","50","","","","","","","","","","","","","","13","","","","","B03","","","1","","1","","","7","7","1","12","4","120.607319","24.192444","3"
"3227","66000","387130000C","(04)23274275","(04)23288582","2026","2","8","18","32","臺中市","北屯區","0","0","0","7","","","50","","","","","","","","","","","","","","14","","","","","B03","","","1","","1","","","49","49","1","13","4","120.686084","24.169368","3"
"3228","66000","387130000C","(04)23274275","(04)23288582","2026","2","8","18","36","臺中市","西區","0","0","0","7","","","50","","","","","","","","","","","","","","","","","","","A04","","","1","","2","","","84","84","1","6","4","120.673636","24.1477","3"
"3229","66000","387130000C","(04)23274275","(04)23288582","2026","2","8","18","39","臺中市","潭子區","0","0","0","6","","","30","","","","","","","","","","","","","","","","","","","B03","","","1","","9","","","49","49","2","13","4","120.699703","24.188944","3"
"3230","66000","387130000C","(04)23274275","(04)23288582","2026","2","8","18","40","臺中市","北屯區","0","1","0","7","1","6","50","4","1","1","5","4","6","6","1","1","10","5","5","2","16","2","9","5","4","C03","7","6","1","10","2","14","","48","48","1","12","4","120.672473","24.187901","2"
"3231","66000","387130000C","(04)23274275","(04)23288582","2026","2","8","18","41","臺中市","梧棲區","0","0","0","7","","","40","","","","","","","","","","","","","","13","","","","","B03","","","1","","1","","","59","59","1","12","4","120.556354","24.242425","4"
"3232","66000","387130000C","(04)23274275","(04)23288582","2026","2","8","18","44","臺中市","沙鹿區","0","1","0","7","1","6","30","4","1","1","5","4","6","6","4","4","10","5","5","2","15","2","9","2","4","C03","7","9","1","10","2","11","","13","13","1","10","4","120.567315","24.250623","2"
"3233","66000","387130000C","(04)23274275","(04)23288582","2026","2","8","18","45","臺中市","西區","0","0","0","7","","","50","","","","","","","","","","","","","","12","","","","","B03","","","1","","1","","","8","8","1","13","4","120.669743","24.143933","3"
"3234","66000","387130000C","(04)23274275","(04)23288582","2026","2","8","18","55","臺中市","南屯區","0","1","0","7","3","6","50","13","9","1","5","4","6","6","4","4","1","4","5","2","17","3","10","3","1","B03","7","1","1","8","2","7","","51","51","1","12","4","120.646225","24.128338","2"
"3235","66000","387130000C","(04)23274275","(04)23288582","2026","2","8","18","57","臺中市","太平區","0","0","0","7","1","6","50","","","","","","","","","","","","","","","","","","","B03","","","1","","2","2","","84","84","1","12","4","120.710067","24.157373","3"
"3236","66000","387130000C","(04)23274275","(04)23288582","2026","2","8","18","58","臺中市","太平區","0","0","0","7","","","50","","","","","","","","","","","","","","","","","","","C03","","","1","","2","","","7","7","1","12","4","120.715409","24.137274","3"
"3237","66000","387130000C","(04)23274275","(04)23288582","2026","2","8","19","2","臺中市","南區","0","0","0","7","","","50","","","","","","","","","","","","","","16","","","","","C03","","","1","","1","","","11","11","1","6","4","120.653427","24.122712","3"
"3238","66000","387130000C","(04)23274275","(04)23288582","2026","2","8","19","7","臺中市","大肚區","0","0","0","7","","","50","","","","","","","","","","","","","","13","","","","","B01","","","1","","2","","","59","59","1","6","4","120.543023","24.16281","3"
"3239","66000","387130000C","(04)23274275","(04)23288582","2026","2","8","19","10","臺中市","西屯區","0","1","0","7","1","6","50","3","2","1","5","4","6","6","1","1","3","4","5","2","13","3","10","1","1","C03","7","8","1","10","2","15","","40","40","1","12","4","120.650533","24.164638","2"
"3240","66000","387130000C","(04)23274275","(04)23288582","2026","2","8","19","12","臺中市","太平區","0","2","0","7","1","6","50","13","7","1","5","4","6","6","4","4","9","5","4","1","16","2","9","2","1","C03","7","11","1","10","2","14","12","45","45","1","12","2","120.716391","24.150714","2"
"3241","66000","387130000C","(04)23274275","(04)23288582","2026","2","8","19","13","臺中市","烏日區","0","0","0","1","","","50","","","","","","","","","","","","","","","","","","","B03","","","1","","1","","","49","49","1","13","4","120.646584","24.094532","3"
"3242","66000","387130000C","(04)23274275","(04)23288582","2026","2","8","19","16","臺中市","豐原區","0","0","0","7","","","30","","","","","","","","","","","","","","17","","","","","C03","","","1","","2","","","59","59","1","12","4","120.700486","24.250316","4"
"3243","66000","387130000C","(04)23274275","(04)23288582","2026","2","8","19","22","臺中市","西屯區","0","3","0","7","1","6","40","13","8","1","5","4","6","6","4","4","5","4","4","2","17","2","8","5","4","C03","7","9","1","10","2","11","","7","7","1","13","4","120.652901","24.176225","2"
"3244","66000","387130000C","(04)23274275","(04)23288582","2026","2","8","19","23","臺中市","西屯區","0","1","0","7","1","6","40","13","7","1","5","4","6","6","4","4","5","5","4","2","12","3","10","3","1","B12","7","1","1","3","2","16","","51","51","1","12","4","120.661036","24.164728","2"
"3245","66000","387130000C","(04)23274275","(04)23288582","2026","2","8","19","30","臺中市","北屯區","0","0","0","7","","","50","","","","","","","","","","","","","","14","","","","","B03","","","1","","1","","","49","49","1","12","4","120.721888","24.1816","3"
"3246","66000","387130000C","(04)23274275","(04)23288582","2026","2","8","19","36","臺中市","西區","0","2","0","7","1","6","50","4","1","1","5","4","6","6","1","1","10","5","5","2","12","3","10","5","4","B03","7","8","1","8","9","4","","42","42","2","13","4","120.655069","24.146704","2"
"3247","66000","387130000C","(04)23274275","(04)23288582","2026","2","8","19","39","臺中市","太平區","0","0","0","7","","","50","","","","","","","","","","","","","","","","","","","B03","","","1","","9","","","49","49","2","12","4","120.718765","24.133541","3"
"3248","66000","387130000C","(04)23274275","(04)23288582","2026","2","8","19","40","臺中市","南屯區","0","1","0","7","1","6","50","4","1","1","5","4","6","6","2","1","10","5","5","2","16","3","10","3","1","B03","7","6","1","8","2","5","","11","11","1","13","4","120.633851","24.158242","2"
"3249","66000","387130000C","(04)23274275","(04)23288582","2026","2","8","19","44","臺中市","北屯區","0","0","0","7","","","50","","","","","","","","","","","","","","","","","","","B03","","","1","","9","","","84","84","1","13","4","120.701747","24.167309","3"
"3250","66000","387130000C","(04)23274275","(04)23288582","2026","2","8","19","54","臺中市","西屯區","0","0","0","7","","","40","","","","","","","","","","","","","","13","","","","","B03","","","1","","1","","","7","7","1","12","4","120.643981","24.165535","3"
"3251","66000","387130000C","(04)23274275","(04)23288582","2026","2","8","20","0","臺中市","西區","0","1","0","7","1","6","50","4","1","1","5","4","6","6","4","4","5","4","5","2","15","3","10","3","1","B03","7","9","1","8","2","5","","15","15","1","13","4","120.658758","24.147861","2"
"3252","66000","387130000C","(04)23274275","(04)23288582","2026","2","8","20","0","臺中市","西屯區","0","2","0","7","1","6","40","13","8","1","5","4","6","6","4","4","1","4","1","2","17","3","10","1","1","C03","7","9","1","11","2","16","","68","68","1","12","4","120.65696","24.158164","2"
"3253","66000","387130000C","(04)23274275","(04)23288582","2026","2","8","20","1","臺中市","神岡區","0","0","0","7","","","50","","","","","","","","","","","","","","13","","","","","C03","","","1","","2","","","7","7","1","13","2","120.710948","24.258381","3"
"3254","66000","387130000C","(04)23274275","(04)23288582","2026","2","8","20","4","臺中市","北屯區","0","0","0","7","","","50","","","","","","","","","","","","","","12","","","","","C03","","","1","","9","","","1","1","2","12","4","120.719244","24.175752","3"
"3255","66000","387130000C","(04)23274275","(04)23288582","2026","2","8","20","8","臺中市","東區","0","2","0","7","1","6","50","13","9","1","5","4","6","6","4","4","9","5","5","2","17","2","9","2","1","C03","7","1","1","10","2","11","","51","51","1","13","4","120.705033","24.140601","2"
"3256","66000","387130000C","(04)23274275","(04)23288582","2026","2","8","20","10","臺中市","大雅區","0","1","0","7","1","6","50","3","2","1","5","4","6","6","4","4","4","1","5","1","15","2","9","1","4","C03","7","9","1","10","2","11","11","84","84","1","12","4","120.649128","24.224972","2"
"3257","66000","387130000C","(04)23274275","(04)23288582","2026","2","8","20","20","臺中市","北區","0","0","0","7","","","50","","","","","","","","","","","","","","13","","","","","A04","","","1","","2","","","7","7","1","13","4","120.677154","24.150953","3"
"3258","66000","387130000C","(04)23274275","(04)23288582","2026","2","8","20","30","臺中市","沙鹿區","0","1","0","7","2","6","50","13","9","1","5","4","6","6","4","4","9","5","5","1","9","3","10","1","1","C03","7","9","1","10","2","11","","59","59","1","6","4","120.558713","24.237751","2"
"3259","66000","387130000C","(04)23274275","(04)23288582","2026","2","8","20","40","臺中市","龍井區","0","0","0","7","","","30","","","","","","","","","","","","","","","","","","","B03","","","1","","2","","","59","59","1","6","4","120.546214","24.182082","3"
"3260","66000","387130000C","(04)23274275","(04)23288582","2026","2","8","20","47","臺中市","北區","0","1","0","7","1","9","50","18","24","1","5","4","6","6","2","1","10","5","5","2","18","2","9","5","4","C03","7","15","1","10","2","12","","84","84","1","13","4","120.685093","24.162653","2"
"3261","66000","387130000C","(04)23274275","(04)23288582","2026","2","8","20","52","臺中市","北屯區","0","0","0","7","","","50","","","","","","","","","","","","","","17","","","","","B03","","","1","","2","","","21","21","1","6","4","120.707283","24.187767","3"
"3262","66000","387130000C","(04)23274275","(04)23288582","2026","2","8","20","56","臺中市","西屯區","0","0","0","7","","","40","","","","","","","","","","","","","","23","","","","","B03","","","1","","2","","","84","84","1","12","4","120.615369","24.183119","3"
"3263","66000","387130000C","(04)23274275","(04)23288582","2026","2","8","21","10","臺中市","東區","0","0","0","7","","","50","","","","","","","","","","","","","","14","","","","","B03","","","1","","9","","","49","49","1","12","4","120.687275","24.136814","3"
"3264","66000","387130000C","(04)23274275","(04)23288582","2026","2","8","21","10","臺中市","西屯區","0","0","0","7","","","30","","","","","","","","","","","","","","14","","","","","B03","","","1","","9","","","49","49","2","12","4","120.646207","24.184197","3"
"3265","66000","387130000C","(04)23274275","(04)23288582","2026","2","8","21","23","臺中市","西區","0","1","0","1","1","6","40","5","1","1","5","4","6","6","1","1","10","5","4","2","18","2","8","2","1","C03","7","9","1","10","2","14","12","84","84","1","12","4","120.669632","24.15084","2"
"3266","66000","387130000C","(04)23274275","(04)23288582","2026","2","8","21","24","臺中市","北屯區","0","1","0","7","1","6","50","4","1","1","5","4","6","6","2","1","4","3","5","2","17","2","9","2","1","C03","7","9","1","10","2","14","","6","6","1","13","4","120.685529","24.173388","2"
"3267","66000","387130000C","(04)23274275","(04)23288582","2026","2","8","21","34","臺中市","東區","0","1","0","7","1","6","50","13","7","1","5","4","6","6","4","4","1","4","4","2","18","2","9","2","1","C03","7","9","1","10","2","14","","82","82","1","13","4","120.694198","24.133181","2"
"3268","66000","387130000C","(04)23274275","(04)23288582","2026","2","8","21","35","臺中市","北屯區","0","0","0","7","","","50","","","","","","","","","","","","","","16","","","","","B03","","","1","","1","","","20","20","1","12","4","120.687031","24.18554","3"
"3269","66000","387130000C","(04)23274275","(04)23288582","2026","2","8","21","45","臺中市","太平區","0","0","0","7","1","6","50","","","","","","","","","","","","","","","","","","","B03","","","1","","2","5","","39","39","1","12","4","120.707594","24.151744","3"
"3270","66000","387130000C","(04)23274275","(04)23288582","2026","2","8","21","55","臺中市","豐原區","0","0","0","7","","","50","","","","","","","","","","","","","","17","","","","","B03","","","1","","2","","","51","51","1","13","4","120.706207","24.248749","3"
"3271","66000","387130000C","(04)23274275","(04)23288582","2026","2","8","21","57","臺中市","沙鹿區","0","1","0","7","1","6","50","12","7","1","5","4","6","6","1","1","1","4","1","2","13","3","10","3","4","B03","7","9","1","8","2","1","","7","7","1","6","4","120.569356","24.20177","2"
"3272","66000","387130000C","(04)23274275","(04)23288582","2026","2","8","21","59","臺中市","西屯區","0","0","0","7","","","30","","","","","","","","","","","","","","14","","","","","B03","","","1","","2","","","49","49","1","13","4","120.648891","24.182877","3"
"3273","66000","387130000C","(04)23274275","(04)23288582","2026","2","8","22","0","臺中市","西屯區","0","0","0","7","","","50","","","","","","","","","","","","","","16","","","","","B03","","","1","","1","","","40","40","1","13","4","120.659197","24.175745","3"
"3274","66000","387130000C","(04)23274275","(04)23288582","2026","2","8","22","7","臺中市","大雅區","0","1","0","7","2","6","50","4","2","1","5","4","6","6","4","4","4","1","5","1","17","3","10","3","4","B03","7","6","1","8","2","16","16","48","48","1","12","4","120.649737","24.223057","2"
"3275","66000","387130000C","(04)23274275","(04)23288582","2026","2","8","22","10","臺中市","龍井區","0","0","0","7","","","50","","","","","","","","","","","","","","","","","","","C03","","","1","","2","","","7","7","1","12","4","120.583327","24.179847","4"
"3276","66000","387130000C","(04)23274275","(04)23288582","2026","2","8","22","15","臺中市","北區","0","1","0","7","2","6","50","4","2","1","5","4","6","6","1","1","1","4","5","2","30","2","9","5","1","C03","7","9","1","10","2","14","","84","84","1","13","4","120.671219","24.173671","2"
"3277","66000","387130000C","(04)23274275","(04)23288582","2026","2","8","22","19","臺中市","西屯區","0","0","0","7","","","40","","","","","","","","","","","","","","14","","","","","C03","","","1","","1","","","84","84","1","12","4","120.637416","24.166726","3"
"3278","66000","387130000C","(04)23274275","(04)23288582","2026","2","8","22","22","臺中市","中區","0","1","0","7","1","6","50","4","4","1","5","4","6","6","2","1","6","1","5","2","13","2","9","1","1","C03","7","9","1","10","2","11","","84","84","1","6","4","120.67947","24.142357","2"
"3279","66000","387130000C","(04)23274275","(04)23288582","2026","2","8","22","22","臺中市","南屯區","0","1","0","7","1","6","50","4","1","1","5","4","6","6","2","1","5","4","5","2","16","3","10","3","1","B03","7","6","1","8","2","6","","11","11","1","12","4","120.649802","24.152313","2"
"3280","66000","387130000C","(04)23274275","(04)23288582","2026","2","8","22","28","臺中市","豐原區","0","0","0","7","","","50","","","","","","","","","","","","","","14","","","","","B03","","","1","","2","","","59","59","1","12","4","120.725496","24.252091","3"
"3281","66000","387130000C","(04)23274275","(04)23288582","2026","2","8","22","30","臺中市","霧峰區","0","0","0","7","","","50","","","","","","","","","","","","","","17","","","","","B03","","","1","8","1","","","84","84","1","13","4","120.692471","24.046237","3"
"3282","66000","387130000C","(04)23274275","(04)23288582","2026","2","8","22","36","臺中市","豐原區","0","0","0","7","","","50","","","","","","","","","","","","","","13","","","","","B03","","","1","","2","","","7","7","1","12","4","120.715753","24.239353","3"
"3283","66000","387130000C","(04)23274275","(04)23288582","2026","2","8","22","43","臺中市","北屯區","0","1","0","7","1","6","50","4","1","1","5","4","6","6","1","1","10","5","5","2","17","3","10","1","1","F01","7","6","7","21","1","11","","48","48","1","6","4","120.688267","24.176545","2"
"3284","66000","387130000C","(04)23274275","(04)23288582","2026","2","8","22","49","臺中市","北屯區","0","1","0","7","1","6","50","4","1","1","5","4","6","6","2","1","1","3","5","2","13","2","9","2","1","C03","7","9","1","10","2","11","14","7","7","1","13","4","120.669828","24.176576","2"
"3285","66000","387130000C","(04)23274275","(04)23288582","2026","2","8","22","53","臺中市","北屯區","0","1","0","7","2","6","50","3","1","1","5","4","6","6","4","4","10","5","5","2","16","3","10","5","4","B03","7","5","1","8","2","3","","20","20","1","12","4","120.702354","24.18575","2"
"3286","66000","387130000C","(04)23274275","(04)23288582","2026","2","8","23","46","臺中市","西區","0","3","0","7","1","6","50","4","1","1","5","4","6","6","2","1","1","4","4","2","16","3","10","3","1","B03","7","5","1","8","2","7","","47","47","1","13","4","120.66667","24.141246","2"
"3287","66000","387130000C","(04)23274275","(04)23288582","2026","2","8","23","49","臺中市","烏日區","0","2","0","7","1","6","40","3","1","1","5","4","6","6","1","1","1","3","4","1","15","2","8","3","1","B01","7","15","1","8","2","1","","87","87","1","6","4","120.626073","24.108751","2"
"3288","66000","387130000C","(04)23274275","(04)23288582","2026","2","8","23","57","臺中市","北屯區","0","1","0","7","1","6","50","4","1","1","5","4","6","6","2","1","10","5","5","2","17","2","7","2","1","C03","7","5","1","10","2","12","","42","42","1","6","4","120.693927","24.169128","2"
"3289","66000","387130000C","(04)23274275","(04)23288582","2026","2","9","0","29","臺中市","西屯區","0","1","0","7","1","6","50","4","1","1","5","4","6","6","2","1","10","5","5","2","17","2","9","5","4","C03","7","12","1","10","2","11","","59","59","1","12","4","120.656217","24.16942","2"
"3290","66000","387130000C","(04)23274275","(04)23288582","2026","2","9","0","30","臺中市","沙鹿區","0","0","0","7","","","30","","","","","","","","","","","","","","","","","","","B03","","","1","","1","","","49","49","1","6","4","120.573053","24.230261","3"
"3291","66000","387130000C","(04)23274275","(04)23288582","2026","2","9","0","48","臺中市","北屯區","0","2","0","7","1","6","50","4","2","1","5","4","6","6","2","1","5","5","5","2","17","2","3","2","1","C03","7","9","5","10","5","11","","84","84","1","12","4","120.712817","24.172853","2"
"3292","66000","387130000C","(04)23274275","(04)23288582","2026","2","9","0","55","臺中市","大里區","0","0","0","7","","","50","","","","","","","","","","","","","","","","","","","F03","","","7","","2","","","59","59","1","6","4","120.729881","24.091402","3"
"3293","66000","387130000C","(04)23274275","(04)23288582","2026","2","9","1","2","臺中市","西屯區","0","2","0","7","1","6","60","13","7","1","5","4","6","6","4","4","1","2","1","2","13","2","5","5","4","B03","7","9","1","8","2","4","2","59","59","1","12","4","120.65636","24.159034","2"
"3294","66000","387130000C","(04)23274275","(04)23288582","2026","2","9","1","10","臺中市","西區","0","0","0","7","1","6","50","13","8","1","5","4","6","6","4","4","8","3","4","2","14","","","","","B03","","","1","","2","","","49","49","1","13","4","120.66356","24.156669","3"
"3295","66000","387130000C","(04)23274275","(04)23288582","2026","2","9","3","28","臺中市","北屯區","0","0","0","7","","","50","","","","","","","","","","","","","","","","","","","B03","","","1","","2","","","58","58","1","6","4","120.686806","24.171329","3"
"3296","66000","387130000C","(04)23274275","(04)23288582","2026","2","9","4","55","臺中市","烏日區","0","1","0","7","1","6","40","13","9","1","5","4","6","6","4","4","4","3","4","1","28","2","8","1","1","C03","7","9","1","10","2","11","","87","87","1","6","4","120.642461","24.065653","2"
"3297","66000","387130000C","(04)23274275","(04)23288582","2026","2","9","5","21","臺中市","北屯區","0","0","0","6","","","50","","","","","","","","","","","","","","17","","","","","C03","","","1","","2","","","59","59","1","12","4","120.703818","24.159799","3"
"3298","66000","387130000C","(04)23274275","(04)23288582","2026","2","9","5","27","臺中市","北屯區","0","2","0","7","1","6","50","3","2","1","5","4","6","6","4","4","10","5","5","2","17","3","10","3","1","B03","7","1","1","8","2","4","","51","51","1","6","4","120.720331","24.160876","2"
"3299","66000","387130000C","(04)23274275","(04)23288582","2026","2","9","5","55","臺中市","烏日區","0","1","0","7","1","6","40","13","8","1","5","4","6","6","4","4","1","3","1","1","30","2","9","1","1","C03","7","9","1","10","2","12","","87","87","1","6","4","120.628356","24.09599","2"
"3300","66000","387130000C","(04)23274275","(04)23288582","2026","2","9","6","0","臺中市","大肚區","0","1","0","7","1","6","60","13","9","1","5","4","6","6","4","4","1","4","5","1","27","2","7","3","1","B03","7","9","5","19","6","5","","59","59","1","6","4","120.548352","24.143323","2"
"3301","66000","387130000C","(04)23274275","(04)23288582","2026","2","9","7","0","臺中市","中區","0","0","0","7","1","6","50","13","9","1","5","4","6","6","1","1","3","4","5","2","17","3","10","5","4","A04","7","9","1","2","9","6","","84","84","1","12","4","120.684455","24.137185","3"
"3302","66000","387130000C","(04)23274275","(04)23288582","2026","2","9","7","1","臺中市","潭子區","0","0","0","7","","","30","","","","","","","","","","","","","","","","","","","B02","","","1","","1","","","86","86","1","13","4","120.729864","24.215802","3"
"3303","66000","387130000C","(04)23274275","(04)23288582","2026","2","9","7","5","臺中市","北屯區","0","1","0","7","3","6","50","3","1","1","5","4","6","6","4","4","10","4","4","2","18","2","9","2","1","C03","7","9","1","10","2","12","","6","6","1","12","4","120.720439","24.16285","2"
"3304","66000","387130000C","(04)23274275","(04)23288582","2026","2","9","7","5","臺中市","神岡區","0","1","0","7","2","6","50","5","1","1","5","4","6","6","4","4","10","5","5","2","18","2","9","5","4","C03","7","6","1","10","2","16","","84","84","1","12","4","120.649053","24.258228","2"
"3305","66000","387130000C","(04)23274275","(04)23288582","2026","2","9","7","6","臺中市","南屯區","0","0","0","7","","","50","","","","","","","","","","","","","","17","","","","","A11","","","1","","1","","","58","58","1","12","4","120.615222","24.153651","3"
"3306","66000","387130000C","(04)23274275","(04)23288582","2026","2","9","7","6","臺中市","龍井區","0","1","0","7","2","6","40","13","9","1","5","4","6","6","4","4","5","1","5","1","12","3","10","3","1","B12","7","9","1","8","2","2","","8","8","1","13","4","120.539651","24.210582","2"
"3307","66000","387130000C","(04)23274275","(04)23288582","2026","2","9","7","9","臺中市","梧棲區","0","0","0","7","","","50","","","","","","","","","","","","","","17","","","","","A04","","","1","","1","","","84","84","1","6","4","120.540475","24.248918","3"
"3308","66000","387130000C","(04)23274275","(04)23288582","2026","2","9","7","10","臺中市","大雅區","0","0","0","7","","","50","","","","","","","","","","","","","","13","","","","","C03","","","1","","1","","","7","7","1","12","4","120.629053","24.206285","3"
"3309","66000","387130000C","(04)23274275","(04)23288582","2026","2","9","7","12","臺中市","南屯區","0","0","0","7","","","","","","","","","","","","","","","","","17","","","","","","","","","","","","","119","119","1","","","120.602398","24.139302","3"
"3310","66000","387130000C","(04)23274275","(04)23288582","2026","2","9","7","16","臺中市","西屯區","0","1","0","7","2","6","50","4","2","1","5","4","6","6","2","1","1","4","5","2","16","2","8","1","1","C03","7","9","3","19","2","11","","84","84","1","12","4","120.636605","24.171251","2"