序號,縣市別代碼,機關代碼,市話,傳真,年,月,日,時,分,縣市,區,死亡數量,受傷數量,2-30,天候,道路照明設備,道路類別,道路速限,道路型態,事故位置,路面鋪裝,路面狀態,路面缺陷,障礙物,視距,號誌種類,號誌動作,分向設施,快車道或一般車道間,快慢車道間,路面邊線,事故類型及型態,受傷程度,主要傷處,保護裝備,行動電話或功能裝置,當事者區分(類別),車輛用途,當事者行動狀態,駕照狀態,駕照種類,飲酒情形,車輛撞擊部位最初,車輛撞擊部位其他,肇事因素個別,肇事因素主要,肇事逃逸,職業,共享經濟或外送平台,GPS座標X,GPS座標Y,事故類別
"3311","66000","387130000C","(04)23274275","(04)23288582","2026","2","9","7","17","臺中市","西屯區","0","2","0","7","2","6","30","13","9","1","5","4","6","6","4","4","10","5","5","2","12","2","9","2","1","C03","7","9","1","10","2","14","","41","41","1","12","4","120.638064","24.182366","2"
"3312","66000","387130000C","(04)23274275","(04)23288582","2026","2","9","7","18","臺中市","潭子區","0","0","0","7","","","50","","","","","","","","","","","","","","13","","","","","B12","","","1","","2","","","82","82","1","13","4","120.706275","24.201899","3"
"3313","66000","387130000C","(04)23274275","(04)23288582","2026","2","9","7","18","臺中市","大甲區","0","1","0","7","3","6","30","3","1","1","5","4","6","6","4","4","10","5","5","2","16","3","10","3","1","B03","7","6","1","8","2","8","","59","59","1","6","4","120.621797","24.354299","2"
"3314","66000","387130000C","(04)23274275","(04)23288582","2026","2","9","7","20","臺中市","南屯區","0","0","0","7","","","50","","","","","","","","","","","","","","17","","","","","B12","","","1","","1","","","40","40","1","6","4","120.610333","24.154982","3"
"3315","66000","387130000C","(04)23274275","(04)23288582","2026","2","9","7","20","臺中市","霧峰區","0","0","0","7","","","30","","","","","","","","","","","","","","","","","","","B03","","","1","","2","","","51","51","1","12","4","120.697318","24.021966","3"
"3316","66000","387130000C","(04)23274275","(04)23288582","2026","2","9","7","20","臺中市","沙鹿區","0","0","0","7","","","50","","","","","","","","","","","","","","16","","","","","B03","","","1","","2","","","14","14","1","12","4","120.57019","24.229704","3"
"3317","66000","387130000C","(04)23274275","(04)23288582","2026","2","9","7","24","臺中市","大里區","0","1","0","7","2","6","30","3","2","1","5","4","6","6","4","4","10","5","5","2","16","3","10","3","1","B01","7","6","1","3","2","4","","48","48","1","13","4","120.681338","24.101656","2"
"3318","66000","387130000C","(04)23274275","(04)23288582","2026","2","9","7","25","臺中市","梧棲區","0","0","0","7","","","50","","","","","","","","","","","","","","17","","","","","C03","","","1","","2","","","4","4","1","6","4","120.529692","24.251438","3"
"3319","66000","387130000C","(04)23274275","(04)23288582","2026","2","9","7","25","臺中市","豐原區","0","1","0","7","1","6","30","3","1","1","5","4","6","6","4","4","10","5","5","2","17","2","9","1","1","C03","7","5","1","10","2","11","","14","14","1","6","4","120.70915","24.241751","2"
"3320","66000","387130000C","(04)23274275","(04)23288582","2026","2","9","7","27","臺中市","霧峰區","0","1","0","7","3","6","50","4","1","1","5","4","6","6","4","4","10","5","5","2","16","3","10","3","1","B03","7","6","1","8","2","8","","14","14","1","12","4","120.697042","24.065569","2"
"3321","66000","387130000C","(04)23274275","(04)23288582","2026","2","9","7","30","臺中市","龍井區","0","0","0","7","","","50","","","","","","","","","","","","","","12","","","","","B03","","","1","","2","","","84","84","1","6","4","120.575696","24.177834","3"
"3322","66000","387130000C","(04)23274275","(04)23288582","2026","2","9","7","35","臺中市","西屯區","0","1","0","7","2","6","50","13","9","1","5","4","6","6","4","4","5","4","5","2","2","3","10","3","4","B03","7","9","1","8","2","5","","8","8","1","13","4","120.643142","24.198993","2"
"3323","66000","387130000C","(04)23274275","(04)23288582","2026","2","9","7","36","臺中市","南屯區","0","1","0","7","2","6","50","4","1","1","5","4","6","6","4","4","9","4","5","2","15","3","10","3","1","B03","7","9","1","8","1","8","","12","12","1","12","4","120.650688","24.133382","2"
"3324","66000","387130000C","(04)23274275","(04)23288582","2026","2","9","7","41","臺中市","神岡區","0","1","0","7","1","6","50","5","1","1","5","4","6","6","1","1","10","5","4","2","12","3","10","3","1","B03","7","5","1","8","2","2","","47","47","1","12","4","120.696823","24.253982","2"
"3325","66000","387130000C","(04)23274275","(04)23288582","2026","2","9","7","43","臺中市","大雅區","0","0","0","7","","","50","","","","","","","","","","","","","","","","","","","B03","","","1","","1","","","7","7","1","13","4","120.645927","24.222363","3"
"3326","66000","387130000C","(04)23274275","(04)23288582","2026","2","9","7","44","臺中市","龍井區","0","1","0","7","2","6","40","13","9","1","5","4","6","6","4","4","10","3","5","1","11","2","9","1","1","C03","7","9","1","10","2","11","","41","41","1","12","4","120.504997","24.216502","2"
"3327","66000","387130000C","(04)23274275","(04)23288582","2026","2","9","7","45","臺中市","北屯區","0","1","0","7","3","6","50","4","1","1","5","4","6","6","1","1","10","5","5","2","17","2","9","1","1","C03","7","6","1","10","2","14","","23","23","1","6","4","120.730216","24.173709","2"
"3328","66000","387130000C","(04)23274275","(04)23288582","2026","2","9","7","45","臺中市","西屯區","0","2","0","7","2","6","50","13","7","1","5","4","6","6","4","4","8","5","4","2","3","2","9","5","4","C03","7","9","1","10","2","11","","84","84","1","13","4","120.591569","24.176665","2"
"3329","66000","387130000C","(04)23274275","(04)23288582","2026","2","9","7","45","臺中市","霧峰區","0","0","0","7","","","30","","","","","","","","","","","","","","","","","","","B03","","","1","","1","","","8","8","1","12","4","120.664433","24.045894","3"
"3330","66000","387130000C","(04)23274275","(04)23288582","2026","2","9","7","48","臺中市","潭子區","0","1","0","7","2","6","50","4","2","1","5","4","6","6","2","1","10","5","5","2","3","3","10","3","1","B03","7","6","1","8","2","8","","10","10","1","13","4","120.710754","24.213048","2"
"3331","66000","387130000C","(04)23274275","(04)23288582","2026","2","9","7","48","臺中市","北屯區","0","1","0","7","1","6","50","5","2","1","5","4","6","6","1","1","7","4","5","2","13","2","9","1","1","C03","7","9","1","10","2","11","","84","84","1","13","4","120.673858","24.174221","2"
"3332","66000","387130000C","(04)23274275","(04)23288582","2026","2","9","7","50","臺中市","南區","0","0","0","7","","","50","","","","","","","","","","","","","","13","","","","","C03","","","1","","1","","","7","7","1","6","4","120.649774","24.120771","3"
"3333","66000","387130000C","(04)23274275","(04)23288582","2026","2","9","7","50","臺中市","大甲區","0","1","0","7","1","6","50","13","9","1","5","4","6","6","4","4","5","5","5","1","16","3","10","3","1","B03","7","6","1","8","2","8","","84","84","1","12","4","120.614203","24.351554","2"
"3334","66000","387130000C","(04)23274275","(04)23288582","2026","2","9","7","51","臺中市","大里區","0","1","0","7","2","6","50","4","1","1","5","4","6","6","3","1","10","5","5","2","17","2","9","1","1","C03","7","5","1","10","2","13","","84","84","1","12","4","120.683348","24.106905","2"
"3335","66000","387130000C","(04)23274275","(04)23288582","2026","2","9","7","52","臺中市","西屯區","0","2","0","7","2","6","50","3","1","1","5","4","6","6","1","1","5","5","5","2","17","2","8","1","1","C03","7","9","1","10","2","14","","84","84","1","12","4","120.653091","24.204285","2"
"3336","66000","387130000C","(04)23274275","(04)23288582","2026","2","9","7","53","臺中市","西區","0","1","0","7","2","6","50","4","2","1","5","4","6","6","2","1","1","4","4","1","16","3","10","3","1","B03","7","6","1","8","2","5","","11","11","1","13","4","120.662766","24.16122","2"
"3337","66000","387130000C","(04)23274275","(04)23288582","2026","2","9","7","56","臺中市","北屯區","0","1","0","7","2","6","50","13","9","1","5","4","6","6","4","4","9","5","5","2","17","3","10","1","1","C03","7","1","1","10","2","14","","51","51","1","6","4","120.695612","24.18076","2"
"3338","66000","387130000C","(04)23274275","(04)23288582","2026","2","9","7","58","臺中市","霧峰區","0","1","0","7","3","6","30","4","1","1","5","4","6","6","3","1","10","5","5","2","13","3","10","1","1","C03","7","9","1","10","2","11","","7","7","1","12","4","120.665784","24.036974","2"
"3339","66000","387130000C","(04)23274275","(04)23288582","2026","2","9","8","0","臺中市","北屯區","0","0","0","7","","","50","","","","","","","","","","","","","","15","","","","","C03","","","1","","1","","","12","12","1","12","4","120.673391","24.181442","3"
"3340","66000","387130000C","(04)23274275","(04)23288582","2026","2","9","8","4","臺中市","大里區","0","1","0","7","2","6","50","4","2","1","5","4","6","6","4","4","5","5","5","2","18","2","9","1","1","C03","7","9","1","9","2","14","","84","84","1","13","4","120.675942","24.096132","2"
"3341","66000","387130000C","(04)23274275","(04)23288582","2026","2","9","8","6","臺中市","潭子區","0","0","0","7","","","50","","","","","","","","","","","","","","","","","","","A11","","","1","","2","","","82","82","1","13","4","120.702588","24.200975","3"
"3342","66000","387130000C","(04)23274275","(04)23288582","2026","2","9","8","7","臺中市","后里區","0","2","0","7","2","6","50","13","8","1","5","4","6","6","4","4","1","4","4","1","12","2","8","1","1","C03","7","5","1","10","2","12","","20","20","1","12","4","120.723602","24.312875","2"
"3343","66000","387130000C","(04)23274275","(04)23288582","2026","2","9","8","10","臺中市","南屯區","0","0","0","7","3","6","50","13","7","1","5","4","6","6","1","1","3","2","4","2","13","","","","","B03","","","1","","1","","","59","59","1","12","4","120.640633","24.151205","3"
"3344","66000","387130000C","(04)23274275","(04)23288582","2026","2","9","8","10","臺中市","西屯區","0","0","0","7","","","30","","","","","","","","","","","","","","14","","","","","A41","","","1","","1","","","49","49","1","13","4","120.634484","24.197528","3"
"3345","66000","387130000C","(04)23274275","(04)23288582","2026","2","9","8","12","臺中市","西屯區","0","0","0","7","","","50","","","","","","","","","","","","","","","","","","","B03","","","1","","1","","","7","7","1","13","4","120.598159","24.162982","3"
"3346","66000","387130000C","(04)23274275","(04)23288582","2026","2","9","8","20","臺中市","大里區","0","1","0","7","2","6","30","3","1","1","5","4","6","6","4","4","10","5","5","2","17","3","10","1","1","C03","7","6","1","10","2","11","","14","14","1","12","4","120.691956","24.085934","2"
"3347","66000","387130000C","(04)23274275","(04)23288582","2026","2","9","8","20","臺中市","龍井區","0","0","0","7","","","50","","","","","","","","","","","","","","12","","","","","B03","","","1","","2","","","39","39","1","12","4","120.58053","24.175098","3"
"3348","66000","387130000C","(04)23274275","(04)23288582","2026","2","9","8","27","臺中市","太平區","0","1","0","7","2","6","50","3","4","1","5","4","6","6","1","1","4","5","4","2","13","2","8","2","1","C03","7","5","1","10","3","12","","84","84","1","12","4","120.711372","24.159113","2"
"3349","66000","387130000C","(04)23274275","(04)23288582","2026","2","9","8","34","臺中市","潭子區","0","0","0","7","","","60","","","","","","","","","","","","","","13","","","","","B03","","","1","","2","","","59","59","1","13","4","120.686751","24.209961","3"
"3350","66000","387130000C","(04)23274275","(04)23288582","2026","2","9","8","34","臺中市","烏日區","0","3","0","7","2","6","50","13","7","1","5","4","6","6","4","4","1","4","1","1","13","3","10","3","1","B12","7","9","1","8","2","1","","7","7","1","6","4","120.614543","24.102934","2"
"3351","66000","387130000C","(04)23274275","(04)23288582","2026","2","9","8","37","臺中市","西屯區","0","0","0","7","","","50","","","","","","","","","","","","","","12","","","","","B03","","","1","","1","","","7","7","1","12","4","120.664067","24.176106","4"
"3352","66000","387130000C","(04)23274275","(04)23288582","2026","2","9","8","38","臺中市","西屯區","0","1","0","7","2","6","50","4","2","1","5","4","6","6","2","1","1","4","5","2","13","3","10","3","1","B03","7","9","1","8","2","1","","7","7","1","12","4","120.652333","24.166481","2"
"3353","66000","387130000C","(04)23274275","(04)23288582","2026","2","9","8","38","臺中市","豐原區","0","0","0","7","","","40","","","","","","","","","","","","","","17","","","","","B03","","","1","","10","","","77","77","1","13","4","120.728059","24.24043","3"
"3354","66000","387130000C","(04)23274275","(04)23288582","2026","2","9","8","40","臺中市","清水區","0","1","0","7","3","6","50","13","8","1","5","4","6","6","4","4","1","4","4","2","16","3","10","3","1","B03","7","5","1","8","2","6","","20","20","1","12","4","120.574554","24.266626","2"
"3355","66000","387130000C","(04)23274275","(04)23288582","2026","2","9","8","45","臺中市","潭子區","0","0","0","7","","","30","","","","","","","","","","","","","","","","","","","B03","","","1","","2","","","8","8","1","13","4","120.681885","24.210684","3"
"3356","66000","387130000C","(04)23274275","(04)23288582","2026","2","9","8","45","臺中市","北屯區","0","0","0","7","","","50","","","","","","","","","","","","","","","","","","","B03","","","1","","1","","","11","11","1","13","4","120.676147","24.200865","3"
"3357","66000","387130000C","(04)23274275","(04)23288582","2026","2","9","8","45","臺中市","西屯區","0","0","0","7","","","50","","","","","","","","","","","","","","12","","","","","C03","","","1","","1","","","40","40","1","13","4","120.649864","24.163498","3"
"3358","66000","387130000C","(04)23274275","(04)23288582","2026","2","9","8","45","臺中市","西屯區","0","0","0","7","","","50","","","","","","","","","","","","","","17","","","","","C03","","","1","","2","","","84","84","2","13","4","120.626629","24.184564","3"
"3359","66000","387130000C","(04)23274275","(04)23288582","2026","2","9","8","45","臺中市","大里區","0","1","0","7","3","6","50","3","1","1","5","4","6","6","1","1","10","5","5","2","16","3","10","4","1","F01","7","6","7","21","2","13","","20","20","1","12","4","120.727484","24.087513","2"
"3360","66000","387130000C","(04)23274275","(04)23288582","2026","2","9","8","48","臺中市","南區","0","1","0","7","2","6","50","4","1","1","5","4","6","6","2","1","1","2","5","2","13","2","8","2","1","C03","7","9","1","10","2","11","","7","7","1","13","4","120.650635","24.120252","2"
"3361","66000","387130000C","(04)23274275","(04)23288582","2026","2","9","8","51","臺中市","沙鹿區","0","0","0","7","","","50","","","","","","","","","","","","","","13","","","","","B03","","","1","","2","","","59","59","1","12","4","120.564279","24.236543","3"
"3362","66000","387130000C","(04)23274275","(04)23288582","2026","2","9","8","55","臺中市","西區","0","1","0","7","2","6","50","3","9","1","5","4","6","6","4","4","5","4","5","2","30","2","9","2","1","C03","7","9","1","9","2","11","","84","84","1","13","4","120.662217","24.146717","2"
"3363","66000","387130000C","(04)23274275","(04)23288582","2026","2","9","8","55","臺中市","西屯區","0","2","0","7","2","6","50","3","1","1","5","4","6","6","4","4","5","4","4","2","16","2","7","3","1","B01","7","5","1","4","2","2","","14","14","1","12","4","120.653272","24.176097","2"
"3364","66000","387130000C","(04)23274275","(04)23288582","2026","2","9","8","59","臺中市","潭子區","0","1","0","7","2","6","30","4","2","1","5","4","6","6","4","4","10","5","5","2","11","3","10","3","1","B03","7","5","1","8","2","8","","84","84","1","13","4","120.692426","24.218472","2"
"3365","66000","387130000C","(04)23274275","(04)23288582","2026","2","9","9","0","臺中市","北屯區","0","0","0","7","","","50","","","","","","","","","","","","","","","","","","","B03","","","1","","1","","","7","7","1","12","4","120.689788","24.175436","3"
"3366","66000","387130000C","(04)23274275","(04)23288582","2026","2","9","9","2","臺中市","東區","0","0","0","7","","","30","","","","","","","","","","","","","","17","","","","","B03","","","1","","1","","","12","12","1","12","4","120.690781","24.124701","3"
"3367","66000","387130000C","(04)23274275","(04)23288582","2026","2","9","9","5","臺中市","西屯區","0","0","0","7","","","50","","","","","","","","","","","","","","17","","","","","B03","","","1","","1","","","51","51","1","13","4","120.645946","24.159237","3"
"3368","66000","387130000C","(04)23274275","(04)23288582","2026","2","9","9","6","臺中市","梧棲區","0","0","0","7","","","50","","","","","","","","","","","","","","16","","","","","B03","","","1","","1","","","24","24","1","6","4","120.528532","24.222174","3"
"3369","66000","387130000C","(04)23274275","(04)23288582","2026","2","9","9","15","臺中市","后里區","0","1","0","7","2","6","50","3","1","1","5","4","6","6","4","4","10","5","5","2","16","3","10","3","1","B03","7","11","1","8","2","1","","45","45","1","12","4","120.688015","24.313937","2"
"3370","66000","387130000C","(04)23274275","(04)23288582","2026","2","9","9","19","臺中市","大里區","0","2","0","7","2","6","50","13","9","1","5","4","6","6","4","4","5","5","5","1","2","2","9","2","1","C03","7","9","1","10","2","11","","84","84","1","6","4","120.685411","24.089893","2"
"3371","66000","387130000C","(04)23274275","(04)23288582","2026","2","9","9","19","臺中市","清水區","0","1","0","7","2","6","30","4","1","1","5","4","6","6","1","1","9","4","4","1","17","2","9","1","1","C03","7","9","1","10","2","14","","20","20","1","12","4","120.579912","24.271508","2"
"3372","66000","387130000C","(04)23274275","(04)23288582","2026","2","9","9","20","臺中市","烏日區","0","2","0","7","2","6","30","4","1","1","5","4","6","6","3","1","10","4","5","1","15","2","9","1","1","C03","7","9","1","8","2","12","","24","24","1","6","4","120.640313","24.098295","2"
"3373","66000","387130000C","(04)23274275","(04)23288582","2026","2","9","9","22","臺中市","烏日區","0","0","0","6","2","6","60","13","14","1","","4","6","6","4","4","1","4","4","1","12","3","10","3","1","B03","7","1","1","8","1","1","","51","51","1","6","4","120.63286","24.105414","4"
"3374","66000","387130000C","(04)23274275","(04)23288582","2026","2","9","9","25","臺中市","大雅區","0","1","0","7","2","6","50","3","1","1","5","4","6","6","2","1","5","5","4","1","13","2","8","1","1","C03","7","6","1","10","2","13","","87","87","1","12","4","120.65094","24.216469","2"
"3375","66000","387130000C","(04)23274275","(04)23288582","2026","2","9","9","28","臺中市","北區","0","0","0","7","","","50","","","","","","","","","","","","","","","","","","","C03","","","1","","1","","","7","7","1","13","4","120.677943","24.149431","3"
"3376","66000","387130000C","(04)23274275","(04)23288582","2026","2","9","9","43","臺中市","大雅區","0","1","0","7","3","6","40","13","8","1","5","4","6","6","4","4","1","4","4","1","17","3","10","2","1","C03","7","1","1","10","2","13","","51","51","1","12","4","120.645597","24.22461","2"
"3377","66000","387130000C","(04)23274275","(04)23288582","2026","2","9","9","44","臺中市","西屯區","0","0","0","7","","","50","","","","","","","","","","","","","","","","","","","B03","","","1","","1","","","7","7","1","13","4","120.627693","24.201611","3"
"3378","66000","387130000C","(04)23274275","(04)23288582","2026","2","9","9","44","臺中市","太平區","0","0","0","7","","","30","","","","","","","","","","","","","","11","","","","","B12","","","1","","1","","","8","8","1","12","4","120.723515","24.140902","3"
"3379","66000","387130000C","(04)23274275","(04)23288582","2026","2","9","9","50","臺中市","北屯區","0","0","0","7","","","50","","","","","","","","","","","","","","13","","","","","B03","","","1","","1","","","59","59","1","6","4","120.686704","24.20065","3"
"3380","66000","387130000C","(04)23274275","(04)23288582","2026","2","9","9","53","臺中市","西區","0","1","0","7","2","6","40","13","8","1","5","4","6","6","4","4","1","4","4","2","17","2","9","2","1","C03","7","7","1","10","2","11","","5","5","1","12","4","120.66489","24.140183","2"
"3381","66000","387130000C","(04)23274275","(04)23288582","2026","2","9","9","54","臺中市","大雅區","0","0","0","7","","","50","","","","","","","","","","","","","","2","","","","","A12","","","1","","2","","","7","7","1","12","4","120.661331","24.219584","3"
"3382","66000","387130000C","(04)23274275","(04)23288582","2026","2","9","9","55","臺中市","西屯區","0","0","0","7","","","50","","","","","","","","","","","","","","6","","","","","B01","","","1","","2","","","6","6","1","12","4","120.60712","24.194364","3"
"3383","66000","387130000C","(04)23274275","(04)23288582","2026","2","9","9","55","臺中市","神岡區","0","1","0","7","2","6","50","13","14","1","5","4","6","6","4","4","5","5","5","1","17","2","9","5","4","C03","7","9","1","10","2","11","","82","82","1","12","4","120.699888","24.252693","2"
"3384","66000","387130000C","(04)23274275","(04)23288582","2026","2","9","9","57","臺中市","南區","0","1","0","7","2","6","50","11","9","1","5","4","6","6","4","4","3","4","5","2","17","2","9","1","1","C03","7","9","1","10","2","14","","85","85","1","12","4","120.66947","24.126316","2"
"3385","66000","387130000C","(04)23274275","(04)23288582","2026","2","9","9","57","臺中市","西屯區","0","0","0","7","","","50","","","","","","","","","","","","","","17","","","","","B12","","","1","","1","","","50","50","1","12","4","120.645116","24.172167","3"
"3386","66000","387130000C","(04)23274275","(04)23288582","2026","2","9","10","0","臺中市","烏日區","0","0","0","7","","","50","","","","","","","","","","","","","","12","","","","","B03","","","1","","1","","","40","40","1","6","4","120.615654","24.102936","3"
"3387","66000","387130000C","(04)23274275","(04)23288582","2026","2","9","10","2","臺中市","西區","0","0","0","7","","","50","","","","","","","","","","","","","","","","","","","C03","","","1","","1","","","78","78","1","12","4","120.662713","24.152236","3"
"3388","66000","387130000C","(04)23274275","(04)23288582","2026","2","9","10","4","臺中市","北屯區","0","1","0","7","1","6","50","3","2","1","5","4","6","6","4","4","3","4","4","2","12","3","10","3","1","B03","7","5","1","8","2","2","","20","20","1","13","4","120.689685","24.162776","2"
"3389","66000","387130000C","(04)23274275","(04)23288582","2026","2","9","10","4","臺中市","豐原區","0","1","0","7","2","6","30","4","1","1","5","4","6","6","4","4","10","5","5","2","15","2","9","1","1","C03","7","9","3","19","2","11","","20","20","1","12","4","120.703959","24.242784","2"
"3390","66000","387130000C","(04)23274275","(04)23288582","2026","2","9","10","11","臺中市","大里區","0","1","0","7","3","6","30","3","1","1","5","4","6","6","4","4","10","5","5","2","14","3","10","3","1","B02","7","2","1","4","2","3","","49","49","1","12","4","120.70139","24.094483","2"
"3391","66000","387130000C","(04)23274275","(04)23288582","2026","2","9","10","13","臺中市","大里區","0","1","0","6","2","6","50","13","9","1","5","4","6","6","1","1","5","5","5","1","17","3","10","3","1","B03","7","5","1","8","2","2","","22","22","1","12","4","120.696118","24.104965","2"
"3392","66000","387130000C","(04)23274275","(04)23288582","2026","2","9","10","16","臺中市","梧棲區","0","0","0","7","","","50","","","","","","","","","","","","","","13","","","","","B03","","","1","","1","","","50","50","1","6","4","120.539752","24.246075","4"
"3393","66000","387130000C","(04)23274275","(04)23288582","2026","2","9","10","19","臺中市","北區","0","1","0","7","2","6","50","4","1","1","5","4","6","6","1","1","10","5","5","2","16","3","10","3","1","B03","7","6","1","8","2","5","","11","11","1","12","4","120.667498","24.153828","2"
"3394","66000","387130000C","(04)23274275","(04)23288582","2026","2","9","10","19","臺中市","西屯區","0","1","0","7","2","6","50","13","9","1","5","4","6","6","4","4","1","4","5","2","12","3","10","3","4","B03","7","5","1","8","2","5","","84","84","1","13","4","120.619095","24.184412","2"
"3395","66000","387130000C","(04)23274275","(04)23288582","2026","2","9","10","19","臺中市","霧峰區","0","0","0","7","","","50","","","","","","","","","","","","","","14","","","","","B03","","","1","","2","","","49","49","1","6","4","120.69007","24.049146","3"
"3396","66000","387130000C","(04)23274275","(04)23288582","2026","2","9","10","23","臺中市","南區","0","0","0","7","","","30","","","","","","","","","","","","","","","","","","","B12","","","1","","2","","","49","49","1","12","4","120.65578","24.130202","3"
"3397","66000","387130000C","(04)23274275","(04)23288582","2026","2","9","10","25","臺中市","清水區","0","1","0","7","3","6","30","3","1","1","5","4","6","6","4","4","5","4","5","2","16","3","10","3","1","B03","7","6","1","8","2","1","","14","14","1","12","4","120.574357","24.272172","2"
"3398","66000","387130000C","(04)23274275","(04)23288582","2026","2","9","10","27","臺中市","中區","0","0","0","7","","","50","","","","","","","","","","","","","","17","","","","","C03","","","1","","2","","","8","8","1","13","4","120.679497","24.142426","4"
"3399","66000","387130000C","(04)23274275","(04)23288582","2026","2","9","10","27","臺中市","沙鹿區","0","1","0","7","2","6","50","4","2","1","5","4","6","6","4","4","5","4","5","1","13","2","1","1","1","C03","7","9","3","19","2","11","","7","7","1","12","4","120.566631","24.236054","2"
"3400","66000","387130000C","(04)23274275","(04)23288582","2026","2","9","10","29","臺中市","西屯區","0","0","0","7","","","30","","","","","","","","","","","","","","14","","","","","B12","","","1","","2","","","49","49","1","13","4","120.668947","24.176945","4"
"3401","66000","387130000C","(04)23274275","(04)23288582","2026","2","9","10","30","臺中市","北區","0","0","0","7","","","50","","","","","","","","","","","","","","17","","","","","B03","","","1","","2","","","59","59","1","13","4","120.681243","24.160474","3"
"3402","66000","387130000C","(04)23274275","(04)23288582","2026","2","9","10","30","臺中市","西屯區","0","0","0","7","","","40","","","","","","","","","","","","","","13","","","","","C03","","","1","","1","","","7","7","1","12","4","120.639308","24.159034","3"
"3403","66000","387130000C","(04)23274275","(04)23288582","2026","2","9","10","30","臺中市","龍井區","0","1","0","7","2","6","40","13","9","1","5","4","6","6","4","4","8","4","5","1","22","2","9","1","1","C03","7","9","1","10","2","12","","87","87","1","12","4","120.524674","24.208806","2"
"3404","66000","387130000C","(04)23274275","(04)23288582","2026","2","9","10","30","臺中市","大甲區","0","0","0","7","","","50","","","","","","","","","","","","","","","","","","","B12","","","1","","1","","","7","7","1","6","4","120.627753","24.348526","3"
"3405","66000","387130000C","(04)23274275","(04)23288582","2026","2","9","10","30","臺中市","東勢區","0","0","0","7","3","6","50","3","2","1","5","4","6","5","3","1","4","3","5","1","2","3","10","5","4","B03","7","5","1","8","1","8","","24","24","1","13","4","120.827354","24.252999","3"
"3406","66000","387130000C","(04)23274275","(04)23288582","2026","2","9","10","31","臺中市","豐原區","0","0","0","7","","","50","","","","","","","","","","","","","","13","","","","","B12","","","1","","2","","","7","7","1","13","4","120.720203","24.264796","3"
"3407","66000","387130000C","(04)23274275","(04)23288582","2026","2","9","10","33","臺中市","西屯區","0","0","0","7","","","50","","","","","","","","","","","","","","13","","","","","B12","","","1","","2","","","84","84","1","13","4","120.624623","24.184844","3"
"3408","66000","387130000C","(04)23274275","(04)23288582","2026","2","9","10","35","臺中市","北區","0","0","0","7","","","50","","","","","","","","","","","","","","","","","","","B03","","","1","","2","","","84","84","1","12","4","120.668765","24.162986","3"
"3409","66000","387130000C","(04)23274275","(04)23288582","2026","2","9","10","35","臺中市","豐原區","0","0","0","7","","","50","","","","","","","","","","","","","","17","","","","","C03","","","1","","2","","","49","49","1","6","4","120.726743","24.255768","3"
"3410","66000","387130000C","(04)23274275","(04)23288582","2026","2","9","10","36","臺中市","豐原區","0","0","0","7","","","50","","","","","","","","","","","","","","17","","","","","B03","","","1","","2","","","51","51","1","12","4","120.729418","24.24675","3"
"3411","66000","387130000C","(04)23274275","(04)23288582","2026","2","9","10","39","臺中市","南區","0","1","0","7","3","6","50","5","1","1","5","4","6","6","1","1","10","5","5","2","15","3","10","3","1","B03","7","9","5","19","2","5","","84","84","1","6","4","120.661463","24.12172","2"
"3412","66000","387130000C","(04)23274275","(04)23288582","2026","2","9","10","43","臺中市","潭子區","0","1","0","7","3","6","50","4","4","1","5","4","6","6","1","1","1","4","5","2","17","2","8","2","1","C03","7","9","3","19","2","11","14","7","7","1","13","4","120.705267","24.209873","2"
"3413","66000","387130000C","(04)23274275","(04)23288582","2026","2","9","10","55","臺中市","太平區","0","3","0","7","2","6","50","13","9","1","5","4","6","6","4","4","5","4","5","1","17","3","10","3","1","B12","7","2","1","8","2","3","","49","49","1","12","4","120.73139","24.134753","2"
"3414","66000","387130000C","(04)23274275","(04)23288582","2026","2","9","10","59","臺中市","南屯區","0","0","0","7","","","50","","","","","","","","","","","","","","13","","","","","B03","","","1","","1","","","56","56","1","12","4","120.623055","24.14971","3"
"3415","66000","387130000C","(04)23274275","(04)23288582","2026","2","9","11","0","臺中市","大里區","0","1","0","7","2","6","50","4","1","1","5","4","6","6","4","4","5","3","5","1","16","2","9","2","1","C03","7","9","1","10","2","11","","20","20","1","12","4","120.674515","24.112778","2"
"3416","66000","387130000C","(04)23274275","(04)23288582","2026","2","9","11","3","臺中市","南屯區","0","0","0","7","","","30","","","","","","","","","","","","","","","","","","","B12","","","1","","1","","","49","49","2","13","4","120.632671","24.118245","3"
"3417","66000","387130000C","(04)23274275","(04)23288582","2026","2","9","11","5","臺中市","東區","0","0","0","7","","","50","","","","","","","","","","","","","","13","","","","","B12","","","1","","2","","","7","7","1","6","4","120.701543","24.125221","3"
"3418","66000","387130000C","(04)23274275","(04)23288582","2026","2","9","11","5","臺中市","西屯區","0","1","0","7","2","6","50","3","9","1","5","4","6","6","4","4","9","4","5","2","13","2","8","1","1","C03","7","9","3","19","2","11","","84","84","1","12","4","120.658681","24.173117","2"
"3419","66000","387130000C","(04)23274275","(04)23288582","2026","2","9","11","9","臺中市","豐原區","0","0","0","7","","","50","","","","","","","","","","","","","","17","3","10","5","4","B02","7","5","1","8","2","6","","7","7","1","12","4","120.730034","24.250347","3"
"3420","66000","387130000C","(04)23274275","(04)23288582","2026","2","9","11","17","臺中市","北屯區","0","1","0","7","3","6","40","13","8","1","5","4","6","6","4","4","1","4","4","2","12","3","10","3","1","B03","7","1","1","8","2","8","","51","51","1","12","4","120.667969","24.178751","2"