序號,縣市別代碼,機關代碼,市話,傳真,年,月,日,時,分,縣市,區,死亡數量,受傷數量,2-30,天候,道路照明設備,道路類別,道路速限,道路型態,事故位置,路面鋪裝,路面狀態,路面缺陷,障礙物,視距,號誌種類,號誌動作,分向設施,快車道或一般車道間,快慢車道間,路面邊線,事故類型及型態,受傷程度,主要傷處,保護裝備,行動電話或功能裝置,當事者區分(類別),車輛用途,當事者行動狀態,駕照狀態,駕照種類,飲酒情形,車輛撞擊部位最初,車輛撞擊部位其他,肇事因素個別,肇事因素主要,肇事逃逸,職業,共享經濟或外送平台,GPS座標X,GPS座標Y,事故類別
"3421","66000","387130000C","(04)23274275","(04)23288582","2026","2","9","11","20","臺中市","南屯區","0","1","0","7","3","6","40","13","8","1","5","4","6","6","1","1","3","5","3","2","12","3","10","3","1","B02","7","5","1","8","2","2","","20","20","1","12","4","120.607986","24.150854","2"
"3422","66000","387130000C","(04)23274275","(04)23288582","2026","2","9","11","22","臺中市","大甲區","0","1","0","7","2","6","50","13","9","1","5","4","6","6","4","4","9","5","5","1","27","2","9","3","1","B03","7","9","1","8","2","5","","59","59","1","6","4","120.632742","24.429107","2"
"3423","66000","387130000C","(04)23274275","(04)23288582","2026","2","9","11","27","臺中市","東區","0","0","0","7","","","50","","","","","","","","","","","","","","","","","","","B03","","","1","","2","","","40","40","1","12","4","120.691379","24.140056","3"
"3424","66000","387130000C","(04)23274275","(04)23288582","2026","2","9","11","30","臺中市","南區","0","1","0","7","2","6","30","3","1","1","5","4","6","6","4","4","10","5","5","2","16","3","10","3","1","B03","7","11","1","8","2","8","","14","14","1","12","4","120.6585","24.11836","2"
"3425","66000","387130000C","(04)23274275","(04)23288582","2026","2","9","11","32","臺中市","南區","0","0","0","7","","","50","","","","","","","","","","","","","","17","","","","","B03","","","1","","2","","","56","56","1","6","4","120.655589","24.110812","3"
"3426","66000","387130000C","(04)23274275","(04)23288582","2026","2","9","11","32","臺中市","北屯區","0","0","0","7","","","50","","","","","","","","","","","","","","12","","","","","B03","","","1","","2","","","40","40","1","12","4","120.668259","24.178691","3"
"3427","66000","387130000C","(04)23274275","(04)23288582","2026","2","9","11","32","臺中市","大甲區","0","3","0","7","3","6","50","4","1","1","5","4","6","6","4","4","10","5","5","1","15","2","9","1","1","C03","7","9","1","10","2","14","","12","12","1","6","2","120.618434","24.346684","2"
"3428","66000","387130000C","(04)23274275","(04)23288582","2026","2","9","11","33","臺中市","南屯區","0","1","0","7","3","6","80","13","9","1","5","4","6","6","4","4","1","4","5","1","13","3","10","3","1","B12","7","9","1","8","2","5","1","59","59","1","6","4","120.619808","24.122839","2"
"3429","66000","387130000C","(04)23274275","(04)23288582","2026","2","9","11","35","臺中市","西屯區","0","2","0","7","2","6","0","13","21","4","5","4","6","6","4","4","10","5","5","2","16","2","9","2","1","C03","7","9","1","10","2","12","","84","84","1","12","4","120.641291","24.192475","2"
"3430","66000","387130000C","(04)23274275","(04)23288582","2026","2","9","11","37","臺中市","大里區","0","0","0","7","2","6","30","11","9","1","5","4","6","6","4","4","10","5","5","1","20","","","","","B03","","","1","","2","","","84","84","1","13","4","120.696193","24.115756","3"
"3431","66000","387130000C","(04)23274275","(04)23288582","2026","2","9","11","37","臺中市","東勢區","0","1","0","6","3","6","50","13","9","1","5","4","6","6","4","4","5","5","5","1","12","2","1","1","4","C03","7","9","1","10","2","16","16","20","20","1","13","4","120.83174","24.248227","2"
"3432","66000","387130000C","(04)23274275","(04)23288582","2026","2","9","11","43","臺中市","沙鹿區","0","1","0","7","2","6","30","4","1","1","5","4","6","6","4","4","7","4","5","2","15","2","9","1","1","C03","7","9","1","10","2","11","","12","12","1","12","4","120.568673","24.230558","2"
"3433","66000","387130000C","(04)23274275","(04)23288582","2026","2","9","11","44","臺中市","太平區","0","1","0","7","2","6","50","3","1","1","5","4","6","6","1","1","10","5","5","2","16","3","10","3","1","B03","7","5","1","8","2","2","","47","47","1","12","4","120.713165","24.125539","2"
"3434","66000","387130000C","(04)23274275","(04)23288582","2026","2","9","11","47","臺中市","沙鹿區","0","0","0","7","","","40","","","","","","","","","","","","","","","","","","","B03","","","1","","2","","","49","49","1","6","4","120.562321","24.206501","4"
"3435","66000","387130000C","(04)23274275","(04)23288582","2026","2","9","11","47","臺中市","沙鹿區","0","0","0","6","","","60","","","","","","","","","","","","","","16","","","","","B03","","","1","","2","","","38","38","1","12","4","120.571448","24.242448","3"
"3436","66000","387130000C","(04)23274275","(04)23288582","2026","2","9","11","50","臺中市","清水區","0","1","0","7","3","6","50","3","1","1","5","4","6","6","1","1","1","4","4","2","17","3","10","3","1","B03","7","15","1","8","2","2","","59","59","1","12","4","120.571651","24.260322","2"
"3437","66000","387130000C","(04)23274275","(04)23288582","2026","2","9","11","50","臺中市","豐原區","0","1","0","7","1","6","30","11","9","1","5","4","6","6","4","4","5","4","4","2","18","2","9","1","1","F01","7","9","7","21","2","11","","84","84","1","13","4","120.755958","24.259594","2"
"3438","66000","387130000C","(04)23274275","(04)23288582","2026","2","9","11","54","臺中市","大甲區","0","1","0","7","2","6","50","13","9","1","5","4","6","6","4","4","9","5","5","1","12","3","10","3","1","B03","7","9","1","8","2","2","","8","8","1","6","4","120.625296","24.349997","2"
"3439","66000","387130000C","(04)23274275","(04)23288582","2026","2","9","11","57","臺中市","西屯區","0","0","0","7","","","40","","","","","","","","","","","","","","17","","","","","B03","","","1","","2","","","8","8","1","13","4","120.655919","24.165229","3"
"3440","66000","387130000C","(04)23274275","(04)23288582","2026","2","9","11","57","臺中市","西屯區","0","0","0","7","","","50","","","","","","","","","","","","","","","","","","","C03","","","1","","2","","","50","50","1","13","4","120.612208","24.190613","3"
"3441","66000","387130000C","(04)23274275","(04)23288582","2026","2","9","11","59","臺中市","沙鹿區","0","0","0","7","","","50","","","","","","","","","","","","","","14","","","","","B03","","","1","","1","","","49","49","1","12","4","120.575415","24.23109","3"
"3442","66000","387130000C","(04)23274275","(04)23288582","2026","2","9","12","0","臺中市","大雅區","0","1","0","7","1","6","50","4","1","1","5","4","6","6","1","1","5","5","5","1","17","3","10","3","1","B03","7","9","1","8","2","5","","84","84","1","13","4","120.646774","24.226117","2"
"3443","66000","387130000C","(04)23274275","(04)23288582","2026","2","9","12","0","臺中市","東區","0","0","0","7","","","50","","","","","","","","","","","","","","17","","","","","","","","","","","","","85","85","1","","","120.692393","24.141142","4"
"3444","66000","387130000C","(04)23274275","(04)23288582","2026","2","9","12","3","臺中市","潭子區","0","0","0","7","","","30","","","","","","","","","","","","","","","","","","","B03","","","1","","2","","","14","14","1","13","4","120.679496","24.204565","3"
"3445","66000","387130000C","(04)23274275","(04)23288582","2026","2","9","12","5","臺中市","大里區","0","1","0","7","2","6","50","4","1","1","5","4","6","6","1","1","10","5","5","2","17","2","8","2","1","C03","7","9","1","10","2","11","","59","59","1","12","4","120.695698","24.087974","2"
"3446","66000","387130000C","(04)23274275","(04)23288582","2026","2","9","12","6","臺中市","神岡區","0","1","0","7","2","6","50","13","9","1","5","4","6","6","4","4","3","4","5","1","12","2","9","5","4","C03","7","9","1","10","2","12","","8","8","1","12","4","120.681308","24.245489","2"
"3447","66000","387130000C","(04)23274275","(04)23288582","2026","2","9","12","11","臺中市","西區","0","1","0","7","2","6","50","4","1","1","5","4","6","6","1","1","10","5","5","2","17","3","10","2","1","C03","7","4","1","10","2","12","","1","1","1","12","4","120.672275","24.15097","2"
"3448","66000","387130000C","(04)23274275","(04)23288582","2026","2","9","12","13","臺中市","西屯區","0","0","0","7","","","40","","","","","","","","","","","","","","13","","","","","B03","","","1","","1","","","59","59","1","13","4","120.641965","24.157606","3"
"3449","66000","387130000C","(04)23274275","(04)23288582","2026","2","9","12","14","臺中市","西屯區","0","0","0","7","","","50","","","","","","","","","","","","","","13","","","","","B12","","","1","","1","","","56","56","1","12","4","120.648201","24.196744","3"
"3450","66000","387130000C","(04)23274275","(04)23288582","2026","2","9","12","15","臺中市","北屯區","0","0","0","7","3","6","50","13","9","1","5","4","6","6","2","1","1","4","5","2","13","3","10","3","1","B03","7","9","1","8","7","1","","53","53","1","12","4","120.692468","24.162352","3"
"3451","66000","387130000C","(04)23274275","(04)23288582","2026","2","9","12","15","臺中市","太平區","0","1","0","7","3","6","50","13","9","1","5","4","6","6","4","4","5","4","5","1","12","3","10","3","1","B03","7","9","1","8","2","2","","87","87","1","13","4","120.714515","24.126629","2"
"3452","66000","387130000C","(04)23274275","(04)23288582","2026","2","9","12","16","臺中市","北屯區","0","0","0","7","","","30","","","","","","","","","","","","","","14","","","","","B13","","","1","","1","","","84","84","1","6","4","120.718895","24.176854","3"
"3453","66000","387130000C","(04)23274275","(04)23288582","2026","2","9","12","16","臺中市","神岡區","0","0","0","7","1","6","30","13","9","1","5","4","6","6","4","4","10","5","5","2","20","","","","","B12","","","1","","2","","","8","8","1","12","4","120.655204","24.265409","3"
"3454","66000","387130000C","(04)23274275","(04)23288582","2026","2","9","12","22","臺中市","中區","0","0","0","7","","","50","","","","","","","","","","","","","","","","","","","C03","","","1","","1","","","84","84","1","12","4","120.679239","24.138833","3"
"3455","66000","387130000C","(04)23274275","(04)23288582","2026","2","9","12","22","臺中市","北屯區","0","1","0","7","1","6","50","4","2","1","5","4","6","6","1","1","5","4","5","2","12","3","10","3","1","B03","7","5","1","8","2","2","","47","47","1","13","4","120.705978","24.16948","2"
"3456","66000","387130000C","(04)23274275","(04)23288582","2026","2","9","12","23","臺中市","西屯區","0","0","0","7","","","60","","","","","","","","","","","","","","13","","","","","B03","","","1","","1","","","7","7","1","13","4","120.644251","24.194815","3"
"3457","66000","387130000C","(04)23274275","(04)23288582","2026","2","9","12","25","臺中市","潭子區","0","0","0","7","","","60","","","","","","","","","","","","","","","","","","","B03","","","5","","2","","","84","84","1","13","4","120.705385","24.209873","3"
"3458","66000","387130000C","(04)23274275","(04)23288582","2026","2","9","12","26","臺中市","北屯區","0","2","0","7","2","6","50","3","1","1","5","4","6","6","1","1","10","5","5","2","16","2","7","3","1","B03","7","5","1","8","2","5","","47","47","1","6","4","120.71197","24.164735","2"
"3459","66000","387130000C","(04)23274275","(04)23288582","2026","2","9","12","30","臺中市","南屯區","0","0","0","7","","","50","","","","","","","","","","","","","","17","","","","","B12","","","1","","9","","","59","59","2","13","4","120.625993","24.143701","3"
"3460","66000","387130000C","(04)23274275","(04)23288582","2026","2","9","12","30","臺中市","大甲區","0","0","0","7","","","50","","","","","","","","","","","","","","13","","","","","B03","","","1","","2","","","7","7","1","13","4","120.618207","24.339467","3"
"3461","66000","387130000C","(04)23274275","(04)23288582","2026","2","9","12","31","臺中市","大里區","0","2","0","7","2","6","50","4","2","1","5","4","6","6","1","1","5","5","4","1","13","2","8","2","1","C03","7","9","1","10","2","11","","7","7","1","13","4","120.706794","24.09534","2"
"3462","66000","387130000C","(04)23274275","(04)23288582","2026","2","9","12","32","臺中市","北區","0","1","0","7","3","6","50","4","2","1","5","4","6","6","1","1","5","4","5","2","17","3","10","5","4","C03","7","1","1","10","2","16","","51","51","1","13","4","120.692968","24.157026","2"
"3463","66000","387130000C","(04)23274275","(04)23288582","2026","2","9","12","40","臺中市","南區","0","0","0","7","","","50","","","","","","","","","","","","","","17","","","","","","","","","","","","","85","85","1","","","120.652651","24.11133","4"
"3464","66000","387130000C","(04)23274275","(04)23288582","2026","2","9","12","40","臺中市","西屯區","0","1","0","7","2","6","50","5","8","1","5","4","6","6","1","1","5","2","4","2","13","3","10","3","1","B03","7","9","1","8","2","5","","84","84","1","12","4","120.664955","24.166717","2"
"3465","66000","387130000C","(04)23274275","(04)23288582","2026","2","9","12","40","臺中市","霧峰區","0","0","0","7","","","50","","","","","","","","","","","","","","","","","","","B03","","","1","","2","","","59","59","1","12","4","120.681466","24.065231","3"
"3466","66000","387130000C","(04)23274275","(04)23288582","2026","2","9","12","43","臺中市","北屯區","0","1","0","7","3","6","30","3","1","1","5","4","6","6","4","4","10","5","5","2","16","3","10","3","1","B03","7","6","1","8","2","1","","14","14","1","12","4","120.74372","24.159519","2"
"3467","66000","387130000C","(04)23274275","(04)23288582","2026","2","9","12","44","臺中市","和平區","0","0","0","7","","","50","","","","","","","","","","","","","","30","","","","","B03","","","1","","1","","","87","87","1","12","4","120.874809","24.171519","3"
"3468","66000","387130000C","(04)23274275","(04)23288582","2026","2","9","12","50","臺中市","大里區","0","0","0","7","","","50","","","","","","","","","","","","","","17","","","","","B03","","","1","","1","","","49","49","1","12","4","120.689412","24.105894","3"
"3469","66000","387130000C","(04)23274275","(04)23288582","2026","2","9","12","50","臺中市","太平區","0","0","0","7","","","50","","","","","","","","","","","","","","17","","","","","B03","","","1","","2","","","84","84","1","12","4","120.719543","24.149048","3"
"3470","66000","387130000C","(04)23274275","(04)23288582","2026","2","9","12","50","臺中市","豐原區","0","1","0","7","2","6","50","4","1","1","5","4","6","6","4","4","5","5","4","2","9","3","10","6","5","H04","8","20","7","21","2","17","","95","95","1","12","5","120.715595","24.249266","2"
"3471","66000","387130000C","(04)23274275","(04)23288582","2026","2","9","12","52","臺中市","西屯區","0","1","0","7","2","6","50","3","1","1","5","4","6","6","1","1","1","4","5","2","12","3","10","3","1","B03","7","6","1","8","2","2","","8","8","1","12","4","120.646843","24.157194","2"
"3472","66000","387130000C","(04)23274275","(04)23288582","2026","2","9","12","58","臺中市","南屯區","0","2","0","7","3","6","40","3","1","1","5","4","6","6","4","4","10","5","5","2","17","3","10","3","1","B03","7","11","1","8","2","8","","45","45","1","13","4","120.649239","24.13338","2"
"3473","66000","387130000C","(04)23274275","(04)23288582","2026","2","9","12","58","臺中市","大里區","0","1","0","7","2","6","50","4","1","1","5","4","6","6","1","1","5","5","5","1","16","2","8","4","1","F01","7","6","7","21","2","14","","48","48","1","13","1","120.679657","24.105481","2"
"3474","66000","387130000C","(04)23274275","(04)23288582","2026","2","9","13","0","臺中市","太平區","0","1","0","7","2","6","40","13","9","1","5","4","6","6","4","4","5","5","4","1","13","2","8","2","1","C03","7","9","1","10","2","11","","7","7","1","12","4","120.719398","24.149043","2"
"3475","66000","387130000C","(04)23274275","(04)23288582","2026","2","9","13","3","臺中市","西屯區","0","0","0","7","","","50","","","","","","","","","","","","","","13","","","","","B02","","","1","","1","","","59","59","1","13","4","120.656489","24.196275","3"
"3476","66000","387130000C","(04)23274275","(04)23288582","2026","2","9","13","9","臺中市","大里區","0","0","0","6","","","50","","","","","","","","","","","","","","17","","","","","B03","","","1","","2","","","7","7","1","12","4","120.691093","24.100915","3"
"3477","66000","387130000C","(04)23274275","(04)23288582","2026","2","9","13","9","臺中市","沙鹿區","0","1","0","7","2","6","50","3","2","1","5","4","6","6","4","4","1","4","4","2","17","2","9","2","1","C03","7","8","3","19","2","14","","40","40","1","6","4","120.558587","24.232702","2"
"3478","66000","387130000C","(04)23274275","(04)23288582","2026","2","9","13","14","臺中市","霧峰區","0","0","0","7","","","50","","","","","","","","","","","","","","17","","","","","B03","","","1","","2","","","50","50","1","6","4","120.696645","24.061773","3"
"3479","66000","387130000C","(04)23274275","(04)23288582","2026","2","9","13","16","臺中市","西區","0","1","0","7","2","6","50","4","2","1","5","4","6","6","2","1","5","4","5","1","16","2","9","2","1","C03","7","11","1","10","2","14","","45","45","1","13","4","120.655069","24.146704","2"
"3480","66000","387130000C","(04)23274275","(04)23288582","2026","2","9","13","18","臺中市","大里區","0","1","0","7","2","6","50","13","8","1","5","4","6","6","4","4","3","4","4","1","17","3","10","3","1","B01","7","7","1","4","2","6","","40","40","1","13","4","120.696103","24.087413","2"
"3481","66000","387130000C","(04)23274275","(04)23288582","2026","2","9","13","20","臺中市","西區","0","2","0","7","2","6","50","4","1","1","5","4","6","6","4","4","10","5","5","2","16","3","10","5","4","B03","7","6","1","8","2","1","","13","13","1","13","4","120.65507","24.149798","2"
"3482","66000","387130000C","(04)23274275","(04)23288582","2026","2","9","13","20","臺中市","南屯區","0","0","0","7","","","30","","","","","","","","","","","","","","13","","","","","C03","","","1","","1","","","59","59","1","13","4","120.640222","24.140639","4"
"3483","66000","387130000C","(04)23274275","(04)23288582","2026","2","9","13","21","臺中市","北屯區","0","1","0","7","2","6","50","5","1","1","5","4","6","6","2","1","10","5","5","2","12","3","10","1","1","C03","7","9","1","10","2","14","","8","8","1","12","4","120.676746","24.176952","2"
"3484","66000","387130000C","(04)23274275","(04)23288582","2026","2","9","13","23","臺中市","神岡區","0","1","0","7","2","6","40","4","1","1","5","4","6","6","3","1","10","5","5","1","17","2","9","5","4","C03","7","9","1","10","2","11","","59","59","1","13","4","120.672072","24.255566","2"
"3485","66000","387130000C","(04)23274275","(04)23288582","2026","2","9","13","32","臺中市","沙鹿區","0","2","0","7","2","6","50","3","1","1","5","4","6","6","4","4","5","5","5","2","16","2","9","2","4","C03","7","9","1","10","2","11","","4","4","1","13","4","120.579229","24.219782","2"
"3486","66000","387130000C","(04)23274275","(04)23288582","2026","2","9","13","35","臺中市","北屯區","0","0","0","7","","","50","","","","","","","","","","","","","","","","","","","B02","","","1","","9","","","84","84","1","12","4","120.692371","24.17214","3"
"3487","66000","387130000C","(04)23274275","(04)23288582","2026","2","9","13","36","臺中市","后里區","0","0","0","7","2","6","60","4","9","1","5","4","6","6","1","1","1","2","5","1","17","3","10","3","1","A42","7","3","1","1","2","8","","50","50","1","12","4","120.704706","24.31372","3"
"3488","66000","387130000C","(04)23274275","(04)23288582","2026","2","9","13","38","臺中市","東區","0","0","0","7","","","50","","","","","","","","","","","","","","","","","","","B03","","","1","","1","","","7","7","1","12","4","120.69406","24.151555","3"
"3489","66000","387130000C","(04)23274275","(04)23288582","2026","2","9","13","40","臺中市","大雅區","0","0","0","7","","","30","","","","","","","","","","","","","","","","","","","B03","","","1","","2","","","20","20","1","13","4","120.661554","24.226552","3"
"3490","66000","387130000C","(04)23274275","(04)23288582","2026","2","9","13","51","臺中市","大甲區","0","0","0","7","","","50","","","","","","","","","","","","","","","","","","","B03","","","1","","1","","","82","82","1","6","4","120.62803","24.351962","3"
"3491","66000","387130000C","(04)23274275","(04)23288582","2026","2","9","13","55","臺中市","南屯區","0","1","0","7","2","6","50","13","9","1","5","4","6","2","4","4","5","4","4","2","16","3","10","3","1","B03","7","6","1","8","2","4","","58","58","1","13","4","120.598061","24.1397","2"
"3492","66000","387130000C","(04)23274275","(04)23288582","2026","2","9","13","55","臺中市","大里區","0","0","0","7","","","30","","","","","","","","","","","","","","","","","","","B12","","","1","","1","","","49","49","1","12","4","120.677676","24.079096","3"
"3493","66000","387130000C","(04)23274275","(04)23288582","2026","2","9","13","56","臺中市","大甲區","0","0","0","7","","","60","","","","","","","","","","","","","","13","","","","","A11","","","1","","1","","","7","7","1","6","4","120.618228","24.339569","3"
"3494","66000","387130000C","(04)23274275","(04)23288582","2026","2","9","13","58","臺中市","北區","0","0","0","7","","","50","","","","","","","","","","","","","","","","","","","A11","","","1","","1","","","84","84","1","12","4","120.684133","24.147185","4"
"3495","66000","387130000C","(04)23274275","(04)23288582","2026","2","9","14","3","臺中市","北屯區","0","0","0","7","","","40","","","","","","","","","","","","","","","","","","","B03","","","1","","1","","","50","50","1","12","4","120.695003","24.182814","3"
"3496","66000","387130000C","(04)23274275","(04)23288582","2026","2","9","14","5","臺中市","豐原區","0","0","0","7","","","50","","","","","","","","","","","","","","13","","","","","B03","","","1","","1","","","59","59","1","13","4","120.708053","24.250021","3"
"3497","66000","387130000C","(04)23274275","(04)23288582","2026","2","9","14","8","臺中市","石岡區","0","1","0","7","2","8","10","13","9","1","5","4","6","6","4","4","5","5","5","1","11","3","10","5","4","F02","7","9","7","21","1","11","","34","34","1","13","4","120.783739","24.274814","2"
"3498","66000","387130000C","(04)23274275","(04)23288582","2026","2","9","14","13","臺中市","南區","0","1","0","7","2","6","50","13","18","1","5","4","6","6","4","4","9","5","5","2","17","3","10","3","1","B03","7","5","1","8","2","2","","84","84","1","6","4","120.654616","24.121405","2"
"3499","66000","387130000C","(04)23274275","(04)23288582","2026","2","9","14","13","臺中市","太平區","0","0","0","7","","","30","","","","","","","","","","","","","","14","","","","","B12","","","1","","9","","","49","49","2","13","4","120.702104","24.149101","3"
"3500","66000","387130000C","(04)23274275","(04)23288582","2026","2","9","14","18","臺中市","梧棲區","0","0","0","7","","","50","","","","","","","","","","","","","","13","","","","","B03","","","1","","1","","","7","7","1","6","4","120.527101","24.222406","3"
"3501","66000","387130000C","(04)23274275","(04)23288582","2026","2","9","14","20","臺中市","大甲區","0","2","0","7","3","6","50","4","1","1","5","4","6","6","4","4","10","5","5","2","15","2","9","1","1","C03","7","9","1","10","2","11","","15","15","1","12","4","120.62388","24.345332","2"
"3502","66000","387130000C","(04)23274275","(04)23288582","2026","2","9","14","23","臺中市","西屯區","0","0","0","7","","","50","","","","","","","","","","","","","","17","","","","","B02","","","1","","2","","","50","50","1","13","4","120.661611","24.176234","3"
"3503","66000","387130000C","(04)23274275","(04)23288582","2026","2","9","14","24","臺中市","南區","0","1","0","7","2","6","40","13","8","1","5","4","6","6","1","1","5","2","4","2","17","3","10","3","1","B03","7","14","1","8","2","4","","76","76","1","13","4","120.678541","24.132916","2"
"3504","66000","387130000C","(04)23274275","(04)23288582","2026","2","9","14","30","臺中市","西區","0","1","0","7","1","6","50","4","2","1","5","4","6","6","1","1","5","4","5","2","13","2","9","1","1","C03","7","9","1","10","2","11","","59","59","1","13","4","120.668017","24.146722","2"
"3505","66000","387130000C","(04)23274275","(04)23288582","2026","2","9","14","31","臺中市","潭子區","0","0","0","7","","","60","","","","","","","","","","","","","","","","","","","B12","","","1","","2","","","7","7","1","13","4","120.704278","24.200469","3"
"3506","66000","387130000C","(04)23274275","(04)23288582","2026","2","9","14","35","臺中市","北屯區","0","0","0","7","","","50","","","","","","","","","","","","","","17","","","","","B03","","","1","","1","","","51","51","1","6","4","120.729449","24.172951","3"
"3507","66000","387130000C","(04)23274275","(04)23288582","2026","2","9","14","35","臺中市","沙鹿區","0","0","0","7","","","50","","","","","","","","","","","","","","12","","","","","B03","","","1","","2","","","40","40","1","12","4","120.599398","24.254386","3"
"3508","66000","387130000C","(04)23274275","(04)23288582","2026","2","9","14","36","臺中市","清水區","0","0","0","6","","","50","","","","","","","","","","","","","","","","","","","B03","","","1","","1","","","50","50","1","12","4","120.577069","24.269195","3"
"3509","66000","387130000C","(04)23274275","(04)23288582","2026","2","9","14","37","臺中市","大里區","0","1","0","7","2","6","50","13","9","1","5","4","6","6","1","1","5","4","5","1","17","3","10","1","1","C03","7","9","1","10","2","11","","7","7","1","12","4","120.667295","24.096725","2"
"3510","66000","387130000C","(04)23274275","(04)23288582","2026","2","9","14","41","臺中市","大里區","0","0","0","7","","","50","","","","","","","","","","","","","","17","","","","","B12","","","1","","2","","","84","84","1","12","4","120.690848","24.089997","3"
"3511","66000","387130000C","(04)23274275","(04)23288582","2026","2","9","14","47","臺中市","西屯區","0","0","0","7","","","40","","","","","","","","","","","","","","17","","","","","C03","","","1","","1","","","12","12","1","12","4","120.633802","24.162342","3"
"3512","66000","387130000C","(04)23274275","(04)23288582","2026","2","9","14","55","臺中市","大雅區","0","1","0","7","2","6","50","3","1","1","5","4","6","6","4","4","4","1","5","1","11","2","9","4","4","F01","7","6","7","21","2","11","11","48","48","1","12","4","120.628062","24.240427","2"
"3513","66000","387130000C","(04)23274275","(04)23288582","2026","2","9","14","55","臺中市","東區","0","0","0","7","","","50","","","","","","","","","","","","","","13","","","","","B01","","","1","","1","","","7","7","1","12","4","120.709183","24.135189","3"
"3514","66000","387130000C","(04)23274275","(04)23288582","2026","2","9","14","58","臺中市","北屯區","0","0","0","7","","","40","","","","","","","","","","","","","","13","","","","","C03","","","1","","2","","","59","59","1","12","4","120.694222","24.171412","3"
"3515","66000","387130000C","(04)23274275","(04)23288582","2026","2","9","14","59","臺中市","潭子區","0","0","0","7","","3","80","","","","","","","","","","","","","","","","","","","A12","","","1","","2","","","59","59","1","13","4","120.709739","24.200514","3"
"3516","66000","387130000C","(04)23274275","(04)23288582","2026","2","9","14","59","臺中市","大里區","0","1","0","6","3","6","50","4","1","1","5","4","6","6","2","1","5","4","5","1","16","3","10","3","1","B03","7","5","1","8","2","5","","11","11","1","12","4","120.68826","24.10217","2"
"3517","66000","387130000C","(04)23274275","(04)23288582","2026","2","9","15","0","臺中市","西區","0","0","0","7","","","30","","","","","","","","","","","","","","17","","","","","B01","","","1","","1","","","84","84","1","12","4","120.668883","24.135777","3"
"3518","66000","387130000C","(04)23274275","(04)23288582","2026","2","9","15","2","臺中市","大雅區","0","1","0","7","1","6","40","3","1","1","5","4","6","6","1","1","1","5","4","1","17","2","9","1","1","C03","7","9","1","10","2","14","","84","84","1","13","4","120.643447","24.228184","2"
"3519","66000","387130000C","(04)23274275","(04)23288582","2026","2","9","15","7","臺中市","太平區","0","0","0","7","3","3","80","13","7","1","5","4","6","6","4","4","1","4","5","2","12","","","","","B12","","","1","","2","","","40","40","1","13","4","120.713649","24.147438","3"
"3520","66000","387130000C","(04)23274275","(04)23288582","2026","2","9","15","9","臺中市","北屯區","0","0","0","7","","","50","","","","","","","","","","","","","","12","","","","","B03","","","1","","1","","","47","47","1","6","4","120.700999","24.170158","3"
"3521","66000","387130000C","(04)23274275","(04)23288582","2026","2","9","15","10","臺中市","豐原區","0","1","0","7","3","6","40","3","1","1","5","4","6","6","1","1","5","5","4","2","16","2","9","1","4","C03","7","6","1","10","2","14","","48","48","1","12","4","120.698976","24.246736","2"
"3522","66000","387130000C","(04)23274275","(04)23288582","2026","2","9","15","11","臺中市","西屯區","0","1","0","7","2","6","50","13","7","1","5","4","6","6","4","4","1","4","4","2","18","2","7","1","1","C03","7","9","1","10","2","12","","59","59","1","12","4","120.633446","24.179809","2"
"3523","66000","387130000C","(04)23274275","(04)23288582","2026","2","9","15","16","臺中市","南區","0","1","0","7","2","6","50","4","1","1","5","4","6","6","4","4","9","4","4","2","17","2","9","1","1","C03","7","9","1","10","2","16","","7","7","1","12","4","120.647927","24.120485","2"
"3524","66000","387130000C","(04)23274275","(04)23288582","2026","2","9","15","16","臺中市","沙鹿區","0","1","0","7","2","6","40","13","7","1","5","4","6","6","4","4","5","5","4","2","17","3","10","4","1","B03","7","13","1","7","2","4","","76","76","1","6","4","120.570957","24.223023","2"
"3525","66000","387130000C","(04)23274275","(04)23288582","2026","2","9","15","17","臺中市","豐原區","0","1","0","7","2","6","50","4","1","1","5","4","6","6","1","1","10","5","5","2","16","3","10","5","4","B03","7","6","1","8","2","2","","11","11","1","12","4","120.747692","24.266552","2"
"3526","66000","387130000C","(04)23274275","(04)23288582","2026","2","9","15","20","臺中市","北區","0","0","0","7","","","50","","","","","","","","","","","","","","17","","","","","B03","","","1","","1","","","84","84","1","13","4","120.686453","24.146912","3"
"3527","66000","387130000C","(04)23274275","(04)23288582","2026","2","9","15","22","臺中市","東區","0","0","0","7","","","50","","","","","","","","","","","","","","12","","","","","A11","","","1","","1","","","40","40","1","6","4","120.703023","24.131152","3"
"3528","66000","387130000C","(04)23274275","(04)23288582","2026","2","9","15","23","臺中市","北屯區","0","0","0","7","","","50","","","","","","","","","","","","","","14","","","","","B03","","","1","","2","","","49","49","1","13","4","120.718989","24.174937","3"
"3529","66000","387130000C","(04)23274275","(04)23288582","2026","2","9","15","25","臺中市","龍井區","0","0","0","7","","","50","","","","","","","","","","","","","","13","","","","","B03","","","1","","2","","","7","7","1","13","4","120.548348","24.191852","3"
"3530","66000","387130000C","(04)23274275","(04)23288582","2026","2","9","15","27","臺中市","太平區","0","0","0","7","2","3","80","13","7","1","5","4","6","6","4","4","1","4","5","1","12","","","","","B12","","","1","","2","","","40","40","1","12","4","120.717338","24.156462","3"