序號,縣市別代碼,機關代碼,市話,傳真,年,月,日,時,分,縣市,區,死亡數量,受傷數量,2-30,天候,道路照明設備,道路類別,道路速限,道路型態,事故位置,路面鋪裝,路面狀態,路面缺陷,障礙物,視距,號誌種類,號誌動作,分向設施,快車道或一般車道間,快慢車道間,路面邊線,事故類型及型態,受傷程度,主要傷處,保護裝備,行動電話或功能裝置,當事者區分(類別),車輛用途,當事者行動狀態,駕照狀態,駕照種類,飲酒情形,車輛撞擊部位最初,車輛撞擊部位其他,肇事因素個別,肇事因素主要,肇事逃逸,職業,共享經濟或外送平台,GPS座標X,GPS座標Y,事故類別
"3531","66000","387130000C","(04)23274275","(04)23288582","2026","2","9","15","28","臺中市","北區","0","1","0","7","3","6","50","3","1","1","5","4","6","6","4","4","10","5","5","2","17","3","10","5","4","B03","7","5","1","8","2","2","","47","47","1","13","4","120.673004","24.167469","2"
"3532","66000","387130000C","(04)23274275","(04)23288582","2026","2","9","15","29","臺中市","霧峰區","0","0","0","7","","","40","","","","","","","","","","","","","","12","","","","","C03","","","1","","2","","","39","39","1","12","4","120.66354","24.073737","3"
"3533","66000","387130000C","(04)23274275","(04)23288582","2026","2","9","15","30","臺中市","西區","0","1","0","7","3","6","50","4","1","1","5","4","6","6","1","1","10","5","5","2","9","3","10","3","1","B03","7","6","3","19","2","1","","10","10","1","12","4","120.672801","24.148423","2"
"3534","66000","387130000C","(04)23274275","(04)23288582","2026","2","9","15","34","臺中市","太平區","0","0","0","7","","3","80","13","7","1","5","4","6","6","","4","1","4","5","1","13","","","","","B12","","","1","","2","","","84","84","1","12","4","120.7173","24.1561","3"
"3535","66000","387130000C","(04)23274275","(04)23288582","2026","2","9","15","36","臺中市","中區","0","0","0","7","","","50","","","","","","","","","","","","","","17","","","","","A12","","","1","","2","","","49","49","1","12","4","120.680839","24.137008","3"
"3536","66000","387130000C","(04)23274275","(04)23288582","2026","2","9","15","38","臺中市","梧棲區","0","0","0","7","","","70","","","","","","","","","","","","","","13","","","","","B03","","","1","","2","","","59","59","1","12","4","120.545224","24.225681","3"
"3537","66000","387130000C","(04)23274275","(04)23288582","2026","2","9","15","42","臺中市","南區","0","1","0","7","2","6","50","13","7","1","5","4","6","6","4","4","3","4","4","2","18","2","9","2","1","C03","7","9","1","10","2","14","","84","84","1","12","4","120.656793","24.116033","2"
"3538","66000","387130000C","(04)23274275","(04)23288582","2026","2","9","15","43","臺中市","大雅區","0","1","0","7","2","6","50","3","9","1","5","4","6","6","4","4","4","1","5","1","11","2","8","1","4","C04","7","6","1","10","2","11","14","14","14","1","12","4","120.648421","24.226296","2"
"3539","66000","387130000C","(04)23274275","(04)23288582","2026","2","9","15","46","臺中市","潭子區","0","2","0","7","3","6","50","3","2","1","5","4","6","6","4","4","1","4","4","1","17","2","8","2","1","C03","7","1","3","19","2","14","","51","51","1","13","4","120.697158","24.216746","2"
"3540","66000","387130000C","(04)23274275","(04)23288582","2026","2","9","15","52","臺中市","西屯區","0","2","0","7","2","6","35","11","9","1","5","4","6","6","4","4","10","5","5","2","13","2","8","1","1","C03","7","9","1","10","2","11","","59","59","1","12","4","120.630694","24.176777","2"
"3541","66000","387130000C","(04)23274275","(04)23288582","2026","2","9","15","53","臺中市","南屯區","0","0","0","7","","","50","","","","","","","","","","","","","","","","","","","B03","","","1","","1","","","84","84","1","13","4","120.650755","24.140328","3"
"3542","66000","387130000C","(04)23274275","(04)23288582","2026","2","9","15","57","臺中市","豐原區","0","0","0","7","","","30","","","","","","","","","","","","","","11","","","","","B03","","","1","","2","","","8","8","1","13","4","120.73214","24.24764","3"
"3543","66000","387130000C","(04)23274275","(04)23288582","2026","2","9","16","0","臺中市","大雅區","0","1","0","7","1","6","60","13","7","1","5","4","6","6","4","4","1","5","4","1","13","2","9","1","1","C03","7","9","1","10","2","11","","7","7","1","13","4","120.649753","24.213926","2"
"3544","66000","387130000C","(04)23274275","(04)23288582","2026","2","9","16","0","臺中市","霧峰區","0","1","0","7","2","6","50","3","1","1","5","4","6","6","4","4","10","5","5","2","18","2","9","1","1","C03","7","9","1","10","2","14","","59","59","1","12","4","120.676747","24.060599","2"
"3545","66000","387130000C","(04)23274275","(04)23288582","2026","2","9","16","1","臺中市","南屯區","0","2","0","7","2","6","50","3","1","1","5","4","6","6","4","4","9","5","5","2","16","2","8","2","1","C03","7","6","1","10","2","11","","14","14","1","13","2","120.645117","24.140624","2"
"3546","66000","387130000C","(04)23274275","(04)23288582","2026","2","9","16","11","臺中市","西區","0","0","0","7","","","50","","","","","","","","","","","","","","","","","","","A04","","","1","2","1","","","84","84","1","13","4","120.673503","24.147725","3"
"3547","66000","387130000C","(04)23274275","(04)23288582","2026","2","9","16","13","臺中市","北屯區","0","0","0","7","","","50","","","","","","","","","","","","","","","","","","","B03","","","1","","1","","","21","21","1","12","4","120.718192","24.159888","3"
"3548","66000","387130000C","(04)23274275","(04)23288582","2026","2","9","16","14","臺中市","北區","0","1","0","7","3","6","50","4","1","1","5","4","6","6","4","4","10","5","5","2","17","3","10","5","4","B12","7","9","1","8","2","2","","12","12","1","13","4","120.695882","24.1566","2"
"3549","66000","387130000C","(04)23274275","(04)23288582","2026","2","9","16","15","臺中市","北屯區","0","0","0","7","","","50","","","","","","","","","","","","","","13","","","","","B03","","","1","","1","","","7","7","1","12","4","120.685161","24.168387","3"
"3550","66000","387130000C","(04)23274275","(04)23288582","2026","2","9","16","15","臺中市","后里區","0","0","0","7","","","50","","","","","","","","","","","","","","13","","","","","C03","","","1","","2","","","7","7","1","12","4","120.723059","24.284555","3"
"3551","66000","387130000C","(04)23274275","(04)23288582","2026","2","9","16","19","臺中市","南區","0","0","0","7","","","50","","","","","","","","","","","","","","13","","","","","B03","","","1","","1","","","57","57","1","6","4","120.660863","24.11022","3"
"3552","66000","387130000C","(04)23274275","(04)23288582","2026","2","9","16","19","臺中市","北屯區","0","0","0","7","","","50","","","","","","","","","","","","","","17","","","","","B03","","","1","","1","","","84","84","1","6","4","120.686093","24.191707","3"
"3553","66000","387130000C","(04)23274275","(04)23288582","2026","2","9","16","19","臺中市","沙鹿區","0","1","0","7","2","6","50","13","9","1","5","4","6","6","4","4","9","5","5","1","13","2","8","1","4","C03","7","9","1","10","2","11","","7","7","1","13","4","120.575846","24.225754","2"
"3554","66000","387130000C","(04)23274275","(04)23288582","2026","2","9","16","20","臺中市","豐原區","0","0","0","7","","","60","","","","","","","","","","","","","","17","","","","","B03","","","1","","2","","","7","7","1","6","4","120.707312","24.237294","3"
"3555","66000","387130000C","(04)23274275","(04)23288582","2026","2","9","16","23","臺中市","東區","0","0","0","7","","","50","","","","","","","","","","","","","","17","","","","","C03","","","1","","2","","","7","7","1","4","4","120.693231","24.1427","3"
"3556","66000","387130000C","(04)23274275","(04)23288582","2026","2","9","16","24","臺中市","北屯區","0","2","0","7","3","6","50","4","2","1","5","4","6","6","1","1","5","5","4","2","13","2","8","1","1","C03","7","9","1","10","2","11","","7","7","1","12","4","120.690382","24.176881","2"
"3557","66000","387130000C","(04)23274275","(04)23288582","2026","2","9","16","29","臺中市","北屯區","0","0","0","7","","","50","","","","","","","","","","","","","","12","","","","","B03","","","1","","1","","","47","47","1","6","4","120.681122","24.188449","4"
"3558","66000","387130000C","(04)23274275","(04)23288582","2026","2","9","16","29","臺中市","大里區","0","1","0","7","2","6","50","3","1","1","5","4","6","6","4","4","10","5","5","2","18","2","8","2","1","C03","7","9","1","10","2","14","","84","84","1","6","4","120.680893","24.076454","2"
"3559","66000","387130000C","(04)23274275","(04)23288582","2026","2","9","16","31","臺中市","北屯區","0","0","0","7","","","50","","","","","","","","","","","","","","13","","","","","C03","","","1","","1","","","59","59","1","13","2","120.711109","24.180117","3"
"3560","66000","387130000C","(04)23274275","(04)23288582","2026","2","9","16","39","臺中市","南區","0","1","0","7","2","6","50","4","1","1","5","4","6","6","4","4","9","4","5","2","17","3","10","3","1","B03","7","9","1","8","2","5","","20","20","1","12","4","120.654742","24.124492","2"
"3561","66000","387130000C","(04)23274275","(04)23288582","2026","2","9","16","40","臺中市","烏日區","0","0","0","7","","3","80","","","","","","","","","","","","","","2","","","","","B03","","","1","","1","","","40","40","1","6","4","120.614647","24.105318","3"
"3562","66000","387130000C","(04)23274275","(04)23288582","2026","2","9","16","45","臺中市","大里區","0","0","0","7","","","50","","","","","","","","","","","","","","","","","","","B03","","","1","","2","","","84","84","1","13","4","120.697314","24.095002","3"
"3563","66000","387130000C","(04)23274275","(04)23288582","2026","2","9","16","46","臺中市","北屯區","0","0","0","7","","","50","","","","","","","","","","","","","","13","","","","","A12","","","1","","1","","","7","7","1","12","4","120.721088","24.174865","3"
"3564","66000","387130000C","(04)23274275","(04)23288582","2026","2","9","16","46","臺中市","豐原區","0","0","0","7","","","50","","","","","","","","","","","","","","17","","","","","B03","","","1","","9","","","51","51","2","13","4","120.699122","24.248206","3"
"3565","66000","387130000C","(04)23274275","(04)23288582","2026","2","9","16","47","臺中市","霧峰區","0","1","0","7","1","6","50","4","1","1","5","4","6","6","1","1","5","5","5","1","12","2","9","1","1","C03","7","9","1","10","2","11","14","7","7","1","12","4","120.69681","24.07008","2"
"3566","66000","387130000C","(04)23274275","(04)23288582","2026","2","9","16","48","臺中市","西屯區","0","0","0","7","","","50","","","","","","","","","","","","","","14","","","","","B02","","","1","","1","","","49","49","1","13","4","120.603269","24.184923","3"
"3567","66000","387130000C","(04)23274275","(04)23288582","2026","2","9","16","52","臺中市","西屯區","0","2","0","7","2","6","50","4","1","1","5","4","6","6","1","1","10","5","5","2","16","3","10","5","4","B03","7","5","1","8","2","6","","47","47","1","12","4","120.652371","24.166573","2"
"3568","66000","387130000C","(04)23274275","(04)23288582","2026","2","9","16","52","臺中市","豐原區","0","1","0","7","2","6","50","13","7","1","5","4","6","6","2","1","1","5","4","1","17","3","10","5","4","B03","7","7","1","7","2","5","","40","40","1","12","4","120.713005","24.242013","2"
"3569","66000","387130000C","(04)23274275","(04)23288582","2026","2","9","16","56","臺中市","南區","0","0","0","7","","","40","","","","","","","","","","","","","","13","","","","","C03","","","1","","1","","","59","59","1","13","4","120.659782","24.124753","3"
"3570","66000","387130000C","(04)23274275","(04)23288582","2026","2","9","16","57","臺中市","潭子區","0","1","0","7","3","6","50","5","1","1","5","4","6","6","2","1","1","2","4","2","12","2","8","1","1","C03","7","9","1","10","2","11","","87","87","1","13","4","120.703331","24.200702","2"
"3571","66000","387130000C","(04)23274275","(04)23288582","2026","2","9","16","57","臺中市","西屯區","0","1","0","7","2","6","50","3","1","1","5","4","6","6","1","1","10","5","5","2","16","3","10","5","4","B12","7","6","1","8","2","2","","85","85","1","12","4","120.628663","24.162832","2"
"3572","66000","387130000C","(04)23274275","(04)23288582","2026","2","9","16","58","臺中市","南屯區","0","1","0","7","2","6","50","13","9","1","5","4","6","6","4","4","5","4","5","2","11","3","10","3","1","B03","7","9","1","8","2","5","","84","84","1","12","4","120.640073","24.146986","2"
"3573","66000","387130000C","(04)23274275","(04)23288582","2026","2","9","16","58","臺中市","南屯區","0","0","0","6","","","50","","","","","","","","","","","","","","17","","","","","B12","","","1","","1","","","50","50","1","13","4","120.648798","24.134706","3"
"3574","66000","387130000C","(04)23274275","(04)23288582","2026","2","9","17","0","臺中市","南屯區","0","0","0","7","","","50","","","","","","","","","","","","","","17","","","","","B03","","","1","","2","","","50","50","1","12","4","120.608565","24.135789","3"
"3575","66000","387130000C","(04)23274275","(04)23288582","2026","2","9","17","0","臺中市","大甲區","0","0","0","7","","","50","","","","","","","","","","","","","","13","","","","","B03","","","1","","2","","","7","7","1","12","4","120.617952","24.338119","3"
"3576","66000","387130000C","(04)23274275","(04)23288582","2026","2","9","17","0","臺中市","東勢區","0","0","0","7","3","6","50","13","9","1","5","4","6","6","4","4","4","5","5","1","13","3","10","5","4","B03","7","9","1","4","1","1","","7","7","1","13","4","120.824768","24.261016","3"
"3577","66000","387130000C","(04)23274275","(04)23288582","2026","2","9","17","1","臺中市","中區","0","2","0","7","1","6","50","4","1","1","5","4","6","6","1","1","5","4","5","2","16","3","10","3","1","B03","7","5","1","8","2","6","","11","11","1","13","4","120.677347","24.144251","2"
"3578","66000","387130000C","(04)23274275","(04)23288582","2026","2","9","17","2","臺中市","西區","0","0","0","7","","","50","","","","","","","","","","","","","","12","","","","","B03","","","1","","1","","","40","40","1","12","4","120.658918","24.155866","3"
"3579","66000","387130000C","(04)23274275","(04)23288582","2026","2","9","17","4","臺中市","龍井區","0","0","0","7","","","40","","","","","","","","","","","","","","12","","","","","B03","","","1","","1","","","7","7","1","6","4","120.586052","24.187083","3"
"3580","66000","387130000C","(04)23274275","(04)23288582","2026","2","9","17","5","臺中市","南屯區","0","1","0","7","2","6","50","13","7","1","5","4","6","6","4","4","5","4","4","2","16","3","10","3","1","B03","7","1","1","8","2","4","","51","51","1","13","4","120.614677","24.13911","2"
"3581","66000","387130000C","(04)23274275","(04)23288582","2026","2","9","17","5","臺中市","烏日區","0","1","0","7","2","6","50","13","9","1","5","4","6","6","4","4","1","4","5","2","12","3","10","3","1","B03","7","14","1","8","1","4","","76","76","1","6","4","120.603896","24.109359","2"
"3582","66000","387130000C","(04)23274275","(04)23288582","2026","2","9","17","5","臺中市","豐原區","0","0","0","7","","","40","","","","","","","","","","","","","","17","","","","","B03","","","1","","2","","","50","50","1","12","4","120.717288","24.251971","3"
"3583","66000","387130000C","(04)23274275","(04)23288582","2026","2","9","17","6","臺中市","大里區","0","0","0","7","","","50","","","","","","","","","","","","","","","","","","","B03","","","1","","2","","","51","51","1","12","4","120.678198","24.094682","3"
"3584","66000","387130000C","(04)23274275","(04)23288582","2026","2","9","17","6","臺中市","大甲區","0","1","0","7","2","6","50","13","12","1","5","4","6","6","4","4","9","4","4","1","16","3","10","3","1","B03","7","1","1","8","2","1","","51","51","1","6","4","120.635596","24.358104","2"
"3585","66000","387130000C","(04)23274275","(04)23288582","2026","2","9","17","12","臺中市","太平區","0","0","0","7","2","3","80","13","7","1","5","","6","6","","4","1","4","5","1","13","","","","","B03","","","1","","2","","","84","84","1","12","4","120.716892","24.154324","3"
"3586","66000","387130000C","(04)23274275","(04)23288582","2026","2","9","17","13","臺中市","南屯區","0","1","0","7","3","6","50","13","9","1","5","4","6","6","4","4","5","4","5","2","12","3","10","3","1","B03","7","9","1","8","2","2","","84","84","1","13","4","120.649948","24.140616","2"
"3587","66000","387130000C","(04)23274275","(04)23288582","2026","2","9","17","15","臺中市","北屯區","0","1","0","7","1","6","50","4","1","1","5","4","6","6","2","1","10","5","5","2","16","3","10","3","1","B03","7","5","1","8","2","5","","11","11","1","12","4","120.685519","24.172017","2"
"3588","66000","387130000C","(04)23274275","(04)23288582","2026","2","9","17","15","臺中市","霧峰區","0","0","0","7","","","50","","","","","","","","","","","","","","","","","","","C03","","","1","","2","","","7","7","1","12","4","120.693106","24.073131","3"
"3589","66000","387130000C","(04)23274275","(04)23288582","2026","2","9","17","16","臺中市","西屯區","0","0","0","7","","","50","","","","","","","","","","","","","","13","","","","","B03","","","1","","1","","","7","7","1","13","4","120.596911","24.167388","3"
"3590","66000","387130000C","(04)23274275","(04)23288582","2026","2","9","17","19","臺中市","北屯區","0","1","0","7","1","6","50","3","1","1","5","4","6","6","4","4","10","5","5","2","17","2","9","1","1","C03","7","12","1","10","2","14","","26","26","1","6","4","120.691583","24.16981","2"
"3591","66000","387130000C","(04)23274275","(04)23288582","2026","2","9","17","20","臺中市","大里區","0","0","0","7","","","50","","","","","","","","","","","","","","","","","","","C03","","","1","","2","","","7","7","1","12","4","120.692901","24.111798","3"
"3592","66000","387130000C","(04)23274275","(04)23288582","2026","2","9","17","20","臺中市","烏日區","0","0","0","7","","","50","","","","","","","","","","","","","","16","","","","","C03","","","1","","2","","","14","14","1","6","4","120.627433","24.102788","3"
"3593","66000","387130000C","(04)23274275","(04)23288582","2026","2","9","17","21","臺中市","南屯區","0","0","0","7","","","50","","","","","","","","","","","","","","","","","","","B03","","","1","","2","","","50","50","1","13","4","120.651803","24.140174","3"
"3594","66000","387130000C","(04)23274275","(04)23288582","2026","2","9","17","25","臺中市","潭子區","0","0","0","6","","3","40","","","","","","","","","","","","","","","","","","","B03","","","1","","2","","","7","7","1","13","4","120.701213","24.20118","3"
"3595","66000","387130000C","(04)23274275","(04)23288582","2026","2","9","17","25","臺中市","北區","0","0","0","7","","","50","","","","","","","","","","","","","","17","","","","","C03","","","1","","2","","","84","84","1","12","4","120.685089","24.161558","4"
"3596","66000","387130000C","(04)23274275","(04)23288582","2026","2","9","17","26","臺中市","南區","0","1","0","7","2","6","50","4","1","1","5","4","6","6","2","1","10","5","5","2","16","3","10","3","1","B03","7","5","1","8","2","2","","11","11","1","12","4","120.671966","24.122386","2"
"3597","66000","387130000C","(04)23274275","(04)23288582","2026","2","9","17","26","臺中市","南屯區","0","0","0","7","","","50","","","","","","","","","","","","","","13","","","","","C03","","","1","","1","","","7","7","1","13","4","120.646165","24.12648","3"
"3598","66000","387130000C","(04)23274275","(04)23288582","2026","2","9","17","26","臺中市","北屯區","0","2","0","7","2","6","30","4","1","1","5","4","6","6","4","4","10","5","5","2","15","2","7","2","1","C03","7","9","1","10","2","11","","6","6","1","12","4","120.670444","24.182452","2"
"3599","66000","387130000C","(04)23274275","(04)23288582","2026","2","9","17","28","臺中市","南區","0","0","0","7","","","50","","","","","","","","","","","","","","12","","","","","C03","","","1","","1","","","84","84","1","6","4","120.657851","24.117958","3"
"3600","66000","387130000C","(04)23274275","(04)23288582","2026","2","9","17","30","臺中市","南屯區","0","0","0","7","","","50","","","","","","","","","","","","","","12","","","","","B03","","","1","","2","","","42","42","1","13","4","120.632638","24.145643","3"
"3601","66000","387130000C","(04)23274275","(04)23288582","2026","2","9","17","30","臺中市","太平區","0","2","0","7","2","6","30","3","1","1","5","4","6","6","4","4","10","5","5","2","16","2","9","1","1","C03","7","9","1","10","2","12","","7","7","1","12","4","120.732053","24.143074","2"
"3602","66000","387130000C","(04)23274275","(04)23288582","2026","2","9","17","32","臺中市","南屯區","0","0","0","7","","","50","","","","","","","","","","","","","","13","","","","","B03","","","1","","1","","","84","84","1","12","4","120.620599","24.145263","3"
"3603","66000","387130000C","(04)23274275","(04)23288582","2026","2","9","17","34","臺中市","西屯區","0","0","0","7","","","30","","","","","","","","","","","","","","","","","","","C03","","","1","","2","","","13","13","1","12","4","120.643405","24.167107","3"
"3604","66000","387130000C","(04)23274275","(04)23288582","2026","2","9","17","36","臺中市","大里區","0","1","0","7","3","6","50","4","1","1","5","4","6","6","4","4","5","5","5","1","15","2","7","1","1","C03","7","9","1","10","2","11","","85","85","1","12","4","120.685687","24.107947","2"
"3605","66000","387130000C","(04)23274275","(04)23288582","2026","2","9","17","37","臺中市","北屯區","0","1","0","7","2","6","50","13","9","1","5","4","6","6","4","4","1","3","5","2","17","2","9","2","1","C03","7","9","1","10","2","12","","58","58","1","13","4","120.70059","24.179054","2"
"3606","66000","387130000C","(04)23274275","(04)23288582","2026","2","9","17","38","臺中市","烏日區","0","0","0","7","1","6","60","13","7","1","5","4","6","6","4","4","1","4","4","1","17","3","10","3","1","B12","7","9","1","8","1","16","","68","68","1","6","4","120.640633","24.108794","3"
"3607","66000","387130000C","(04)23274275","(04)23288582","2026","2","9","17","39","臺中市","潭子區","0","1","0","7","3","6","30","4","1","1","5","4","6","6","4","4","10","5","5","2","17","3","10","2","1","C03","7","6","1","10","2","14","","14","14","1","13","4","120.710453","24.21554","2"
"3608","66000","387130000C","(04)23274275","(04)23288582","2026","2","9","17","40","臺中市","烏日區","0","1","0","7","2","6","30","13","9","1","5","4","6","6","4","4","10","5","5","2","12","3","10","1","1","C03","7","9","1","10","3","13","","42","42","1","6","4","120.645147","24.078569","2"
"3609","66000","387130000C","(04)23274275","(04)23288582","2026","2","9","17","40","臺中市","梧棲區","0","0","0","7","","","","","","","","","","","","","","","","","13","","","","","","","","","","","","","119","119","1","","","120.55532","24.251161","3"
"3610","66000","387130000C","(04)23274275","(04)23288582","2026","2","9","17","40","臺中市","豐原區","0","1","0","7","2","6","50","4","1","1","5","4","6","6","1","1","1","2","4","1","13","2","8","1","1","C03","7","6","1","10","2","11","","7","7","1","13","4","120.726671","24.247742","2"
"3611","66000","387130000C","(04)23274275","(04)23288582","2026","2","9","17","43","臺中市","潭子區","0","1","0","7","3","6","60","3","1","1","5","4","6","6","1","1","1","4","4","1","16","2","7","1","1","C03","7","11","1","10","2","14","","45","45","1","13","4","120.702674","24.196981","2"
"3612","66000","387130000C","(04)23274275","(04)23288582","2026","2","9","17","45","臺中市","西區","0","0","0","7","","","30","","","","","","","","","","","","","","","","","","","C03","","","7","","10","","","87","87","1","6","5","120.658136","24.15601","3"
"3613","66000","387130000C","(04)23274275","(04)23288582","2026","2","9","17","46","臺中市","西區","0","0","0","7","","","50","","","","","","","","","","","","","","14","","","","","B03","","","1","","1","","","49","49","1","12","4","120.655246","24.146685","3"
"3614","66000","387130000C","(04)23274275","(04)23288582","2026","2","9","17","47","臺中市","北屯區","0","0","0","7","","","50","","","","","","","","","","","","","","13","","","","","C03","","","1","","1","","","84","84","1","12","4","120.685583","24.193635","3"
"3615","66000","387130000C","(04)23274275","(04)23288582","2026","2","9","17","50","臺中市","潭子區","0","0","0","7","","","50","","","","","","","","","","","","","","","","","","","B03","","","1","","2","","","15","15","1","13","4","120.701463","24.207858","3"
"3616","66000","387130000C","(04)23274275","(04)23288582","2026","2","9","17","51","臺中市","中區","0","0","0","7","","","50","","","","","","","","","","","","","","","","","","","B12","","","1","8","1","","","84","84","1","13","4","120.678848","24.145269","3"
"3617","66000","387130000C","(04)23274275","(04)23288582","2026","2","9","17","51","臺中市","東勢區","0","1","0","7","3","6","50","13","9","1","5","4","6","6","4","4","5","5","5","1","13","2","8","1","4","C03","7","9","3","19","2","11","","59","59","1","13","4","120.826375","24.26345","2"
"3618","66000","387130000C","(04)23274275","(04)23288582","2026","2","9","17","51","臺中市","豐原區","0","0","0","7","","","50","","","","","","","","","","","","","","17","","","","","B03","","","1","","2","","","50","50","1","12","4","120.708339","24.24521","3"
"3619","66000","387130000C","(04)23274275","(04)23288582","2026","2","9","17","53","臺中市","北區","0","0","0","7","2","6","50","18","24","1","5","4","6","6","2","1","10","5","5","2","17","","","","","B12","","","1","","2","","","40","40","1","13","4","120.681553","24.155745","3"
"3620","66000","387130000C","(04)23274275","(04)23288582","2026","2","9","18","0","臺中市","北區","0","0","0","7","","","40","","","","","","","","","","","","","","17","","","","","C03","","","1","","1","","","84","84","1","13","4","120.680809","24.149316","3"
"3621","66000","387130000C","(04)23274275","(04)23288582","2026","2","9","18","0","臺中市","北屯區","0","0","0","7","","","50","","","","","","","","","","","","","","13","","","","","B03","","","1","","1","","","59","59","1","12","4","120.697467","24.170443","3"
"3622","66000","387130000C","(04)23274275","(04)23288582","2026","2","9","18","1","臺中市","大甲區","0","0","0","7","","","50","","","","","","","","","","","","","","17","","","","","B03","","","1","","2","","","8","8","1","12","4","120.627841","24.341697","3"
"3623","66000","387130000C","(04)23274275","(04)23288582","2026","2","9","18","6","臺中市","東區","0","0","0","7","","","50","","","","","","","","","","","","","","17","","","","","B03","","","1","","1","","","7","7","1","12","4","120.69948","24.149675","3"
"3624","66000","387130000C","(04)23274275","(04)23288582","2026","2","9","18","13","臺中市","梧棲區","0","1","0","7","1","6","50","13","7","1","5","4","6","6","4","4","3","4","4","1","17","2","8","1","1","C03","7","2","1","10","2","13","","49","49","1","12","4","120.547958","24.246579","2"
"3625","66000","387130000C","(04)23274275","(04)23288582","2026","2","9","18","14","臺中市","神岡區","0","0","0","7","","","50","","","","","","","","","","","","","","12","","","","","B03","","","1","","1","","","7","7","1","13","4","120.693018","24.248245","3"
"3626","66000","387130000C","(04)23274275","(04)23288582","2026","2","9","18","15","臺中市","西屯區","0","0","0","7","","","40","","","","","","","","","","","","","","17","","","","","B02","","","1","","1","","","51","51","1","12","4","120.642833","24.156391","3"
"3627","66000","387130000C","(04)23274275","(04)23288582","2026","2","9","18","15","臺中市","西屯區","0","2","0","7","1","6","50","5","19","1","5","4","6","6","4","4","10","5","5","2","9","2","9","5","4","C03","7","9","1","10","2","11","","10","10","1","13","4","120.593677","24.179886","2"
"3628","66000","387130000C","(04)23274275","(04)23288582","2026","2","9","18","15","臺中市","霧峰區","0","0","0","7","","","50","","","","","","","","","","","","","","","","","","","B03","","","1","","2","","","50","50","1","13","4","120.707002","24.076394","3"
"3629","66000","387130000C","(04)23274275","(04)23288582","2026","2","9","18","16","臺中市","南區","0","0","0","7","","","40","","","","","","","","","","","","","","17","","","","","B03","","","1","","1","","","87","87","1","13","4","120.68334","24.123609","4"
"3630","66000","387130000C","(04)23274275","(04)23288582","2026","2","9","18","19","臺中市","后里區","0","0","0","7","1","6","50","4","1","1","5","4","6","6","1","1","5","5","4","1","16","3","10","2","1","C03","7","9","1","10","2","14","","20","20","1","12","4","120.713538","24.306212","3"
"3631","66000","387130000C","(04)23274275","(04)23288582","2026","2","9","18","20","臺中市","南屯區","0","1","0","7","1","6","50","4","7","1","5","4","6","6","1","1","1","4","4","2","12","3","10","3","1","B03","7","5","1","8","2","8","","58","58","1","13","4","120.640689","24.142794","2"
"3632","66000","387130000C","(04)23274275","(04)23288582","2026","2","9","18","22","臺中市","后里區","0","3","0","7","1","6","50","5","1","1","5","4","6","6","1","1","10","5","5","2","12","2","9","1","1","C03","7","5","5","19","2","14","","84","84","1","12","4","120.680723","24.311228","2"
"3633","66000","387130000C","(04)23274275","(04)23288582","2026","2","9","18","23","臺中市","龍井區","0","0","0","7","","","30","","","","","","","","","","","","","","11","","","","","C03","","","1","","1","","","85","85","1","6","4","120.584779","24.183403","3"
"3634","66000","387130000C","(04)23274275","(04)23288582","2026","2","9","18","24","臺中市","西屯區","0","1","0","7","1","6","50","4","1","1","5","4","6","6","1","1","8","4","5","1","17","2","9","5","4","C03","7","9","1","10","2","14","","59","59","1","13","4","120.63543","24.181979","2"
"3635","66000","387130000C","(04)23274275","(04)23288582","2026","2","9","18","25","臺中市","北屯區","0","0","0","7","","","50","","","","","","","","","","","","","","13","","","","","B03","","","1","","1","","","7","7","1","6","4","120.693236","24.162896","3"
"3636","66000","387130000C","(04)23274275","(04)23288582","2026","2","9","18","27","臺中市","潭子區","0","0","0","6","","","30","","","","","","","","","","","","","","","","","","","B03","","","1","","2","","","49","49","1","13","4","120.703253","24.195949","3"
"3637","66000","387130000C","(04)23274275","(04)23288582","2026","2","9","18","28","臺中市","西屯區","0","1","0","7","1","6","40","13","8","1","5","4","6","6","4","4","1","4","5","2","16","3","10","5","4","B03","7","5","1","8","2","5","","42","42","1","12","4","120.638586","24.169219","2"
"3638","66000","387130000C","(04)23274275","(04)23288582","2026","2","9","18","33","臺中市","南屯區","0","0","0","7","","","50","","","","","","","","","","","","","","","","","","","B03","","","1","","1","","","14","14","1","6","4","120.646472","24.14084","4"
"3639","66000","387130000C","(04)23274275","(04)23288582","2026","2","9","18","33","臺中市","北屯區","0","0","0","7","","","50","","","","","","","","","","","","","","17","","","","","C03","","","1","","1","","","50","50","1","6","4","120.679348","24.173988","3"
"3640","66000","387130000C","(04)23274275","(04)23288582","2026","2","9","18","39","臺中市","潭子區","0","0","0","7","","3","80","","","","","","","","","","","","","","13","","","","","B03","","","1","","2","","","59","59","1","12","4","120.709739","24.200514","3"