序號,縣市別代碼,機關代碼,市話,傳真,年,月,日,時,分,縣市,區,死亡數量,受傷數量,2-30,天候,道路照明設備,道路類別,道路速限,道路型態,事故位置,路面鋪裝,路面狀態,路面缺陷,障礙物,視距,號誌種類,號誌動作,分向設施,快車道或一般車道間,快慢車道間,路面邊線,事故類型及型態,受傷程度,主要傷處,保護裝備,行動電話或功能裝置,當事者區分(類別),車輛用途,當事者行動狀態,駕照狀態,駕照種類,飲酒情形,車輛撞擊部位最初,車輛撞擊部位其他,肇事因素個別,肇事因素主要,肇事逃逸,職業,共享經濟或外送平台,GPS座標X,GPS座標Y,事故類別
"3641","66000","387130000C","(04)23274275","(04)23288582","2026","2","9","18","40","臺中市","西屯區","0","0","0","7","","","50","","","","","","","","","","","","","","12","","","","","E05","","","1","","1","","","84","84","1","13","4","120.610005","24.185608","3"
"3642","66000","387130000C","(04)23274275","(04)23288582","2026","2","9","18","41","臺中市","太平區","0","0","0","7","2","6","50","13","1","1","5","4","6","6","1","1","10","5","4","2","13","","","","","C03","","","1","","2","","","84","84","1","12","4","120.709451","24.159105","3"
"3643","66000","387130000C","(04)23274275","(04)23288582","2026","2","9","18","41","臺中市","大甲區","0","1","0","7","1","6","50","4","1","1","5","4","6","6","4","4","10","5","5","2","28","2","9","2","1","C03","7","9","1","10","2","12","","58","58","1","6","4","120.62872","24.344874","2"
"3644","66000","387130000C","(04)23274275","(04)23288582","2026","2","9","18","42","臺中市","西屯區","0","1","0","7","1","6","50","4","1","1","5","4","6","6","2","1","10","5","5","2","16","3","10","3","1","B03","7","6","1","8","2","8","","11","11","1","12","4","120.622503","24.181486","2"
"3645","66000","387130000C","(04)23274275","(04)23288582","2026","2","9","18","44","臺中市","南屯區","0","0","0","7","","","50","","","","","","","","","","","","","","","","","","","B03","","","1","","1","","","84","84","1","13","4","120.647111","24.146865","3"
"3646","66000","387130000C","(04)23274275","(04)23288582","2026","2","9","18","44","臺中市","西屯區","0","1","0","7","1","3","40","10","17","1","5","4","6","6","4","4","10","5","5","1","13","3","10","3","1","B03","7","9","1","18","1","1","","7","7","1","12","4","120.634948","24.179291","2"
"3647","66000","387130000C","(04)23274275","(04)23288582","2026","2","9","18","46","臺中市","南屯區","0","2","0","7","1","6","50","3","1","1","5","4","6","6","4","4","10","5","5","2","17","2","9","1","1","C03","7","11","1","10","2","11","","45","45","1","12","4","120.648356","24.142599","2"
"3648","66000","387130000C","(04)23274275","(04)23288582","2026","2","9","18","46","臺中市","龍井區","0","2","0","7","1","6","30","13","9","1","5","4","6","6","4","4","10","5","5","2","2","2","9","1","1","C03","7","9","1","10","2","14","","59","59","1","6","4","120.572557","24.179784","2"
"3649","66000","387130000C","(04)23274275","(04)23288582","2026","2","9","18","50","臺中市","大雅區","0","0","0","7","","","30","","","","","","","","","","","","","","","","","","","B03","","","1","","1","","","84","84","1","12","4","120.657583","24.225571","3"
"3650","66000","387130000C","(04)23274275","(04)23288582","2026","2","9","18","50","臺中市","烏日區","0","2","0","7","1","6","50","3","1","1","5","4","6","6","3","1","10","5","5","2","16","3","10","2","1","C03","7","6","1","10","2","15","","14","14","1","6","4","120.636618","24.110756","2"
"3651","66000","387130000C","(04)23274275","(04)23288582","2026","2","9","18","56","臺中市","清水區","0","1","0","7","1","6","50","4","1","1","5","4","6","6","2","1","1","4","1","1","15","3","10","3","1","B03","7","9","1","8","2","2","","21","21","1","12","4","120.558364","24.273217","2"
"3652","66000","387130000C","(04)23274275","(04)23288582","2026","2","9","19","1","臺中市","西屯區","0","0","0","7","","","30","","","","","","","","","","","","","","17","","","","","B03","","","1","","9","","","51","51","1","12","4","120.619981","24.183487","3"
"3653","66000","387130000C","(04)23274275","(04)23288582","2026","2","9","19","5","臺中市","西屯區","0","1","0","7","1","6","50","13","9","1","5","4","6","6","4","4","1","4","5","2","13","2","9","1","1","C03","7","9","1","10","2","11","","7","7","1","13","4","120.649011","24.162444","2"
"3654","66000","387130000C","(04)23274275","(04)23288582","2026","2","9","19","6","臺中市","神岡區","0","0","0","7","","","50","","","","","","","","","","","","","","17","","","","","B03","","","1","","2","","","8","8","1","13","4","120.656138","24.264855","3"
"3655","66000","387130000C","(04)23274275","(04)23288582","2026","2","9","19","12","臺中市","西屯區","0","0","0","7","","","50","","","","","","","","","","","","","","12","","","","","C03","","","1","","1","","","8","8","1","12","4","120.660951","24.171455","3"
"3656","66000","387130000C","(04)23274275","(04)23288582","2026","2","9","19","14","臺中市","北屯區","0","1","0","7","2","6","50","13","9","1","5","4","6","6","4","4","9","5","5","2","17","3","10","3","1","B03","7","11","1","8","2","8","","45","45","1","12","4","120.705386","24.167075","2"
"3657","66000","387130000C","(04)23274275","(04)23288582","2026","2","9","19","20","臺中市","南區","0","0","0","7","","","50","","","","","","","","","","","","","","","","","","","B03","","","1","","1","","","49","49","1","12","4","120.661881","24.122421","3"
"3658","66000","387130000C","(04)23274275","(04)23288582","2026","2","9","19","22","臺中市","西屯區","0","1","0","7","1","6","50","4","1","1","5","4","6","6","1","1","10","5","5","1","16","2","9","2","1","C03","7","6","1","10","2","14","","48","48","1","12","4","120.639967","24.160343","2"
"3659","66000","387130000C","(04)23274275","(04)23288582","2026","2","9","19","26","臺中市","西屯區","0","1","0","7","1","6","40","3","1","1","5","4","6","6","4","4","10","5","5","2","17","2","7","5","4","C03","7","9","1","10","2","14","","13","13","1","13","4","120.593586","24.180438","2"
"3660","66000","387130000C","(04)23274275","(04)23288582","2026","2","9","19","27","臺中市","北屯區","0","0","0","7","","3","80","","","","","","","","","","","","","","12","","","","","B03","","","1","","2","","","40","40","1","6","4","120.72236","24.188434","3"
"3661","66000","387130000C","(04)23274275","(04)23288582","2026","2","9","19","33","臺中市","南屯區","0","0","0","7","","","50","","","","","","","","","","","","","","","","","","","B03","","","1","","1","","","8","8","1","13","4","120.6475","24.124036","3"
"3662","66000","387130000C","(04)23274275","(04)23288582","2026","2","9","19","33","臺中市","北屯區","0","0","0","7","","","50","","","","","","","","","","","","","","13","","","","","B02","","","1","","1","","","7","7","1","6","4","120.675008","24.177156","3"
"3663","66000","387130000C","(04)23274275","(04)23288582","2026","2","9","19","40","臺中市","潭子區","0","1","0","7","1","6","30","13","9","1","5","4","6","6","4","4","10","5","5","1","18","2","9","1","1","C03","7","9","1","10","1","14","","59","59","1","12","4","120.683862","24.215263","2"
"3664","66000","387130000C","(04)23274275","(04)23288582","2026","2","9","19","42","臺中市","太平區","0","0","0","7","","","50","","","","","","","","","","","","","","","","","","","C03","","","1","","2","","","7","7","1","12","4","120.716088","24.118874","3"
"3665","66000","387130000C","(04)23274275","(04)23288582","2026","2","9","19","45","臺中市","南屯區","0","1","0","7","1","6","50","4","1","1","5","4","6","6","2","1","5","5","5","2","17","2","8","1","1","C03","7","9","1","10","2","14","","21","21","1","6","4","120.649904","24.136668","2"
"3666","66000","387130000C","(04)23274275","(04)23288582","2026","2","9","19","45","臺中市","西屯區","0","0","0","7","","","50","","","","","","","","","","","","","","13","","","","","B03","","","1","","2","","","7","7","1","12","4","120.628361","24.183952","3"
"3667","66000","387130000C","(04)23274275","(04)23288582","2026","2","9","19","48","臺中市","北屯區","0","3","0","7","1","6","50","5","2","1","5","4","6","6","2","1","3","3","4","2","30","2","9","2","1","C03","7","9","1","10","2","11","12","84","84","1","13","4","120.676711","24.176952","2"
"3668","66000","387130000C","(04)23274275","(04)23288582","2026","2","9","19","52","臺中市","沙鹿區","0","1","0","7","1","6","30","5","1","1","5","4","6","6","4","4","5","5","5","2","15","2","7","1","4","C03","7","9","1","10","2","11","","12","12","1","6","4","120.571784","24.226416","2"
"3669","66000","387130000C","(04)23274275","(04)23288582","2026","2","9","19","55","臺中市","北區","0","1","0","7","1","6","40","4","4","1","5","4","6","6","1","1","1","4","4","2","13","3","10","5","4","C03","7","9","1","10","2","11","","59","59","1","12","2","120.679843","24.152156","2"
"3670","66000","387130000C","(04)23274275","(04)23288582","2026","2","9","19","56","臺中市","中區","0","2","0","7","1","6","50","13","9","1","5","4","6","6","1","1","5","4","5","2","12","2","9","1","1","C03","7","8","3","19","2","14","","40","40","1","13","4","120.680612","24.145553","2"
"3671","66000","387130000C","(04)23274275","(04)23288582","2026","2","9","19","58","臺中市","北區","0","0","0","7","3","6","","13","24","1","5","4","6","6","4","4","10","5","5","2","17","","","","","","","","","","","","","119","119","1","","","120.680713","24.162543","3"
"3672","66000","387130000C","(04)23274275","(04)23288582","2026","2","9","19","59","臺中市","清水區","0","0","0","7","","","50","","","","","","","","","","","","","","","","","","","B03","","","1","","2","","","51","51","1","12","4","120.574628","24.266273","3"
"3673","66000","387130000C","(04)23274275","(04)23288582","2026","2","9","20","3","臺中市","北區","0","1","0","7","1","6","40","4","1","1","5","4","5","6","1","1","10","5","5","2","17","2","8","5","4","C03","7","9","1","10","2","11","","84","84","1","13","4","120.680014","24.15207","2"
"3674","66000","387130000C","(04)23274275","(04)23288582","2026","2","9","20","3","臺中市","龍井區","0","0","0","7","","","30","","","","","","","","","","","","","","13","","","","","C03","","","1","","2","","","7","7","1","6","4","120.544779","24.195888","3"
"3675","66000","387130000C","(04)23274275","(04)23288582","2026","2","9","20","5","臺中市","大雅區","0","2","0","7","1","6","50","13","14","1","5","4","6","6","4","4","8","3","4","1","12","2","9","1","4","C03","7","7","1","10","2","13","13","84","84","1","12","4","120.613548","24.227682","2"
"3676","66000","387130000C","(04)23274275","(04)23288582","2026","2","9","20","7","臺中市","南屯區","0","1","0","7","2","6","50","3","2","1","5","4","6","6","4","4","1","4","4","2","13","2","9","2","1","C03","7","9","1","10","2","11","","84","84","1","13","4","120.624928","24.145031","2"
"3677","66000","387130000C","(04)23274275","(04)23288582","2026","2","9","20","9","臺中市","太平區","0","0","0","7","1","6","50","4","9","1","5","4","6","6","2","1","5","5","5","1","14","","","","","B03","","","1","","2","","","49","49","1","12","4","120.715682","24.138122","3"
"3678","66000","387130000C","(04)23274275","(04)23288582","2026","2","9","20","9","臺中市","大甲區","0","1","0","7","1","6","50","4","1","1","5","4","6","6","1","1","4","3","5","1","11","2","8","1","1","C03","7","6","1","10","2","11","","20","20","1","12","4","120.62485","24.347594","2"
"3679","66000","387130000C","(04)23274275","(04)23288582","2026","2","9","20","15","臺中市","北屯區","0","0","0","7","","","50","","","","","","","","","","","","","","16","","","","","B01","","","1","","2","","","47","47","1","12","4","120.710692","24.173989","3"
"3680","66000","387130000C","(04)23274275","(04)23288582","2026","2","9","20","15","臺中市","西屯區","0","0","0","7","","","50","","","","","","","","","","","","","","17","","","","","C03","","","1","","1","","","51","51","1","13","4","120.64528","24.178426","3"
"3681","66000","387130000C","(04)23274275","(04)23288582","2026","2","9","20","19","臺中市","西屯區","0","2","0","7","1","6","40","13","12","1","5","4","6","6","4","4","1","4","4","2","17","2","8","5","4","C03","7","9","1","10","2","14","","8","8","1","13","4","120.609065","24.155363","2"
"3682","66000","387130000C","(04)23274275","(04)23288582","2026","2","9","20","20","臺中市","烏日區","0","0","0","6","1","6","40","13","9","1","5","4","6","6","4","4","10","5","5","2","14","3","10","3","1","B03","7","2","1","8","1","2","","49","49","1","12","4","120.639714","24.1057","3"
"3683","66000","387130000C","(04)23274275","(04)23288582","2026","2","9","20","21","臺中市","北區","0","0","0","7","3","6","50","13","24","1","5","4","6","6","4","4","3","4","4","2","17","","","","","C03","","","1","","2","","","7","7","1","13","4","120.673666","24.166308","3"
"3684","66000","387130000C","(04)23274275","(04)23288582","2026","2","9","20","21","臺中市","大里區","0","0","0","7","","","50","","","","","","","","","","","","","","","","","","","B03","","","1","","2","","","8","8","1","12","4","120.674963","24.091679","3"
"3685","66000","387130000C","(04)23274275","(04)23288582","2026","2","9","20","23","臺中市","北屯區","0","1","0","7","1","6","30","4","1","1","5","4","6","6","4","4","10","5","5","2","15","2","9","1","1","C03","7","9","1","10","2","14","","12","12","1","12","4","120.693334","24.168507","2"
"3686","66000","387130000C","(04)23274275","(04)23288582","2026","2","9","20","40","臺中市","北屯區","0","1","0","7","2","6","50","4","1","1","5","4","3","6","1","1","1","4","4","2","12","3","10","3","1","B03","7","5","1","8","2","5","","11","11","1","12","4","120.669957","24.176551","2"
"3687","66000","387130000C","(04)23274275","(04)23288582","2026","2","9","20","43","臺中市","北區","0","0","0","7","","","50","","","","","","","","","","","","","","17","","","","","C03","","","1","","1","","","84","84","1","12","4","120.664164","24.162374","4"
"3688","66000","387130000C","(04)23274275","(04)23288582","2026","2","9","20","45","臺中市","烏日區","0","0","0","7","1","6","50","13","7","1","5","4","6","6","1","1","5","4","4","2","13","3","10","3","1","B03","7","9","1","8","1","1","","59","59","1","6","4","120.641755","24.10627","3"
"3689","66000","387130000C","(04)23274275","(04)23288582","2026","2","9","20","46","臺中市","北屯區","0","1","0","7","1","6","50","4","1","1","5","4","6","6","4","4","4","3","5","2","15","2","9","3","1","B03","7","9","1","8","2","5","2","6","6","1","13","4","120.722505","24.170314","2"
"3690","66000","387130000C","(04)23274275","(04)23288582","2026","2","9","21","0","臺中市","大里區","0","0","0","7","","","50","","","","","","","","","","","","","","13","","","","","C03","","","1","","2","","","7","7","1","12","2","120.68927","24.100217","3"
"3691","66000","387130000C","(04)23274275","(04)23288582","2026","2","9","21","5","臺中市","西區","0","0","0","7","","","50","","","","","","","","","","","","","","13","","","","","C03","","","1","","1","","","7","7","1","12","4","120.667415","24.129638","3"
"3692","66000","387130000C","(04)23274275","(04)23288582","2026","2","9","21","8","臺中市","太平區","0","2","0","7","1","6","50","3","1","1","5","4","6","6","2","1","10","5","5","2","16","2","7","1","1","C03","7","9","1","10","2","11","","7","7","1","12","4","120.733785","24.143448","2"
"3693","66000","387130000C","(04)23274275","(04)23288582","2026","2","9","21","11","臺中市","龍井區","0","1","0","7","1","6","30","11","9","1","5","4","6","6","4","4","10","5","5","1","19","2","9","1","1","C03","7","9","1","10","2","16","","6","6","1","6","4","120.573883","24.191432","2"
"3694","66000","387130000C","(04)23274275","(04)23288582","2026","2","9","21","11","臺中市","神岡區","0","1","0","7","3","6","40","4","1","1","5","4","6","6","3","1","3","5","5","1","15","3","10","3","1","B03","7","9","1","8","2","5","","12","12","1","13","4","120.642506","24.243328","2"
"3695","66000","387130000C","(04)23274275","(04)23288582","2026","2","9","21","14","臺中市","南屯區","0","0","0","7","","","50","","","","","","","","","","","","","","19","","","","","B03","","","1","","2","","","84","84","1","13","4","120.610026","24.130945","3"
"3696","66000","387130000C","(04)23274275","(04)23288582","2026","2","9","21","17","臺中市","后里區","0","0","0","7","1","6","30","3","2","1","5","4","","6","4","4","10","5","5","2","22","3","10","3","1","B02","7","5","1","10","1","6","","8","8","1","6","4","120.698173","24.319667","3"
"3697","66000","387130000C","(04)23274275","(04)23288582","2026","2","9","21","21","臺中市","北區","0","1","0","7","1","6","50","18","24","1","5","4","6","6","4","4","3","4","5","2","17","2","9","5","4","C03","7","9","1","10","2","11","","7","7","1","13","4","120.664356","24.162564","2"
"3698","66000","387130000C","(04)23274275","(04)23288582","2026","2","9","21","40","臺中市","西區","0","0","0","7","","","0","","","","","","","","","","","","","","17","","","","","C03","","","1","","11","","","49","49","2","13","4","120.681833","24.135801","3"
"3699","66000","387130000C","(04)23274275","(04)23288582","2026","2","9","21","44","臺中市","大雅區","0","0","0","7","","","50","","","","","","","","","","","","","","","","","","","C03","","","3","","1","","","39","39","1","12","4","120.630511","24.210489","3"
"3700","66000","387130000C","(04)23274275","(04)23288582","2026","2","9","21","46","臺中市","大里區","0","2","0","7","1","6","50","3","2","1","5","4","6","6","4","4","9","5","5","1","12","2","8","1","1","C03","7","6","1","10","2","14","","48","48","1","12","4","120.695933","24.090891","2"
"3701","66000","387130000C","(04)23274275","(04)23288582","2026","2","9","21","52","臺中市","中區","0","3","0","7","2","6","50","13","9","1","5","4","6","6","4","4","5","4","5","2","17","2","9","2","1","C03","7","11","1","10","2","12","","32","32","1","12","4","120.679644","24.145811","2"
"3702","66000","387130000C","(04)23274275","(04)23288582","2026","2","9","21","53","臺中市","南屯區","0","0","0","7","1","6","50","4","2","1","5","4","6","6","2","1","1","4","5","2","17","3","10","2","1","C03","7","9","1","10","8","14","","53","53","1","12","4","120.636949","24.151416","3"
"3703","66000","387130000C","(04)23274275","(04)23288582","2026","2","9","21","55","臺中市","西區","0","0","0","7","","","50","","","","","","","","","","","","","","14","","","","","B03","","","1","","1","","","49","49","1","13","4","120.655736","24.145046","3"
"3704","66000","387130000C","(04)23274275","(04)23288582","2026","2","9","22","7","臺中市","外埔區","0","0","0","7","1","6","30","3","1","1","5","4","6","6","4","4","5","4","4","1","15","3","10","3","1","B03","7","6","1","8","1","1","","14","14","1","6","4","120.636614","24.34319","3"
"3705","66000","387130000C","(04)23274275","(04)23288582","2026","2","9","22","9","臺中市","北區","0","0","0","7","","","50","","","","","","","","","","","","","","13","","","","","C03","","","1","","1","","","7","7","1","12","4","120.67111","24.171649","3"
"3706","66000","387130000C","(04)23274275","(04)23288582","2026","2","9","22","11","臺中市","太平區","0","0","0","7","","","40","","","","","","","","","","","","","","2","","","","","B03","","","1","","1","","","8","8","1","12","4","120.709926","24.134873","3"
"3707","66000","387130000C","(04)23274275","(04)23288582","2026","2","9","22","19","臺中市","北區","0","1","0","7","1","6","50","13","9","1","5","4","6","6","4","4","1","4","5","1","14","3","10","5","4","B03","7","2","1","8","2","8","","84","84","1","12","4","120.679201","24.163305","2"
"3708","66000","387130000C","(04)23274275","(04)23288582","2026","2","9","22","27","臺中市","西屯區","0","0","0","7","","","60","","","","","","","","","","","","","","12","","","","","B03","","","1","","1","","","8","8","1","13","4","120.646692","24.155593","3"
"3709","66000","387130000C","(04)23274275","(04)23288582","2026","2","9","22","34","臺中市","北區","0","1","0","7","1","6","50","3","1","1","5","4","6","6","1","1","5","4","5","2","16","2","7","1","1","C03","7","6","1","10","2","14","","48","48","1","13","4","120.689167","24.153564","2"
"3710","66000","387130000C","(04)23274275","(04)23288582","2026","2","9","22","35","臺中市","北屯區","0","2","0","7","1","6","50","3","1","1","5","4","6","6","2","1","10","5","5","2","13","2","3","2","1","C03","7","12","1","10","1","11","","7","7","1","6","4","120.703106","24.169635","2"
"3711","66000","387130000C","(04)23274275","(04)23288582","2026","2","9","22","38","臺中市","北屯區","0","1","0","7","1","6","50","13","9","1","5","4","6","6","4","4","1","4","5","2","18","2","9","1","1","C03","7","9","1","10","2","14","","84","84","1","12","4","120.66583","24.182636","2"
"3712","66000","387130000C","(04)23274275","(04)23288582","2026","2","9","22","39","臺中市","北屯區","0","2","0","7","1","6","50","3","2","1","5","4","6","6","2","1","5","5","5","2","17","2","9","1","1","C03","7","9","1","10","2","11","","59","59","1","8","4","120.703106","24.169635","2"
"3713","66000","387130000C","(04)23274275","(04)23288582","2026","2","9","22","45","臺中市","北區","0","0","0","7","","","50","","","","","","","","","","","","","","14","","","","","B03","","","1","","2","","","49","49","1","12","4","120.692019","24.161424","3"
"3714","66000","387130000C","(04)23274275","(04)23288582","2026","2","9","22","46","臺中市","西區","0","1","0","7","1","6","50","13","9","1","5","4","6","6","4","4","5","5","5","2","28","2","9","2","1","C03","7","9","1","10","2","11","","84","84","1","12","4","120.668915","24.152777","2"
"3715","66000","387130000C","(04)23274275","(04)23288582","2026","2","9","22","47","臺中市","北屯區","0","0","0","7","","","50","","","","","","","","","","","","","","13","","","","","C03","","","1","","1","","","7","7","1","13","4","120.696218","24.164236","3"
"3716","66000","387130000C","(04)23274275","(04)23288582","2026","2","9","22","50","臺中市","太平區","0","1","0","7","1","6","30","13","9","1","5","4","6","6","4","4","10","5","5","2","17","2","9","2","1","C03","7","9","1","10","2","11","","84","84","1","13","4","120.734791","24.143455","2"
"3717","66000","387130000C","(04)23274275","(04)23288582","2026","2","9","22","52","臺中市","西屯區","0","1","0","7","1","6","50","5","1","1","5","4","6","6","2","1","10","5","5","2","17","3","10","5","4","A11","7","5","1","3","9","16","","68","68","1","13","4","120.606621","24.192892","2"
"3718","66000","387130000C","(04)23274275","(04)23288582","2026","2","9","23","8","臺中市","西屯區","0","0","0","7","","","30","","","","","","","","","","","","","","14","","","","","C02","","","1","","1","","","49","49","1","12","4","120.648335","24.175638","3"
"3719","66000","387130000C","(04)23274275","(04)23288582","2026","2","9","23","10","臺中市","太平區","0","0","0","7","","","50","","","","","","","","","","","","","","16","","","","","B03","","","1","","2","","","11","11","1","12","4","120.72467","24.149671","3"
"3720","66000","387130000C","(04)23274275","(04)23288582","2026","2","9","23","10","臺中市","神岡區","0","1","0","7","3","6","40","3","8","1","5","4","6","6","1","1","5","4","4","1","12","2","9","1","1","C03","7","9","1","10","2","11","","7","7","1","13","4","120.668022","24.257396","2"
"3721","66000","387130000C","(04)23274275","(04)23288582","2026","2","9","23","15","臺中市","北屯區","0","0","0","7","","","50","","","","","","","","","","","","","","","","","","","B03","","","1","","1","","","49","49","1","6","4","120.719513","24.180021","3"
"3722","66000","387130000C","(04)23274275","(04)23288582","2026","2","9","23","26","臺中市","南屯區","0","0","0","7","","","50","","","","","","","","","","","","","","13","","","","","C03","","","1","","2","","","59","59","1","12","4","120.630312","24.123195","4"
"3723","66000","387130000C","(04)23274275","(04)23288582","2026","2","9","23","33","臺中市","中區","0","0","0","7","","","50","","","","","","","","","","","","","","15","","","","","B03","","","1","","1","","","15","15","1","13","4","120.67843","24.145827","3"
"3724","66000","387130000C","(04)23274275","(04)23288582","2026","2","9","23","38","臺中市","北區","0","0","0","7","","","50","","","","","","","","","","","","","","17","","","","","B03","","","1","","2","","","84","84","1","12","4","120.68737","24.155629","3"
"3725","66000","387130000C","(04)23274275","(04)23288582","2026","2","9","23","50","臺中市","沙鹿區","0","1","0","7","2","6","50","3","1","1","5","4","6","6","4","4","10","5","5","2","16","3","10","3","1","B12","7","5","1","8","2","6","","47","47","1","6","4","120.566144","24.234819","2"
"3726","66000","387130000C","(04)23274275","(04)23288582","2026","2","10","0","20","臺中市","大雅區","0","0","0","7","","","30","","","","","","","","","","","","","","","","","","","","","","","","","","","86","86","1","","","120.654902","24.222186","3"
"3727","66000","387130000C","(04)23274275","(04)23288582","2026","2","10","0","22","臺中市","大里區","0","0","0","7","","6","50","","","","","","","","","","","","","","17","","","","","B12","","","1","8","1","","","85","85","1","13","4","120.687554","24.086311","3"
"3728","66000","387130000C","(04)23274275","(04)23288582","2026","2","10","0","23","臺中市","大里區","0","1","0","7","1","6","50","3","1","1","5","4","6","6","4","4","5","5","5","2","17","2","9","2","1","C03","7","9","1","10","2","12","","84","84","1","12","2","120.684972","24.113273","2"
"3729","66000","387130000C","(04)23274275","(04)23288582","2026","2","10","3","7","臺中市","西屯區","0","2","0","7","1","6","40","5","4","1","5","4","6","6","2","1","5","4","4","2","13","3","10","5","4","B03","7","9","1","8","8","5","","59","59","1","12","4","120.657075","24.163312","2"
"3730","66000","387130000C","(04)23274275","(04)23288582","2026","2","10","5","50","臺中市","南區","0","1","0","7","3","6","50","3","1","1","5","4","6","6","3","1","10","5","5","2","17","3","10","5","4","B03","7","6","1","8","2","8","","24","24","1","12","4","120.662178","24.11688","2"
"3731","66000","387130000C","(04)23274275","(04)23288582","2026","2","10","5","56","臺中市","南屯區","0","0","0","7","","","50","","","","","","","","","","","","","","13","","","","","B03","","","1","","2","","","59","59","1","13","4","120.62299","24.145237","3"
"3732","66000","387130000C","(04)23274275","(04)23288582","2026","2","10","6","15","臺中市","東勢區","0","0","0","7","","","60","","","","","","","","","","","","","","","","","","","B03","","","1","","2","","","55","55","1","12","4","120.823239","24.26044","3"
"3733","66000","387130000C","(04)23274275","(04)23288582","2026","2","10","6","16","臺中市","烏日區","0","1","0","6","2","6","50","13","9","1","5","4","6","6","4","4","4","3","5","1","13","3","10","1","1","C02","7","9","1","9","2","11","","7","7","1","6","4","120.634007","24.098006","2"
"3734","66000","387130000C","(04)23274275","(04)23288582","2026","2","10","6","20","臺中市","大肚區","0","0","0","7","","","50","","","","","","","","","","","","","","","","","","","B03","","","1","","2","","","48","48","1","6","4","120.549346","24.148538","3"
"3735","66000","387130000C","(04)23274275","(04)23288582","2026","2","10","6","29","臺中市","大里區","0","1","0","7","2","6","50","4","1","1","5","4","6","6","1","1","10","5","5","2","17","3","10","5","4","B01","7","6","1","4","2","8","","11","11","1","13","4","120.713688","24.094286","2"
"3736","66000","387130000C","(04)23274275","(04)23288582","2026","2","10","6","43","臺中市","西屯區","0","0","0","7","","","60","","","","","","","","","","","","","","16","","","","","B03","","","1","","1","","","23","23","2","12","4","120.646483","24.164584","3"
"3737","66000","387130000C","(04)23274275","(04)23288582","2026","2","10","6","52","臺中市","沙鹿區","0","2","0","7","2","6","50","4","1","1","5","4","6","6","4","4","10","5","5","2","17","2","8","1","1","C03","7","6","1","10","2","11","","85","85","1","12","4","120.579933","24.214957","2"
"3738","66000","387130000C","(04)23274275","(04)23288582","2026","2","10","6","55","臺中市","南屯區","0","0","0","7","","","50","","","","","","","","","","","","","","","","","","","B03","","","1","","1","","","40","40","1","12","4","120.612799","24.150261","3"
"3739","66000","387130000C","(04)23274275","(04)23288582","2026","2","10","6","56","臺中市","大里區","0","0","0","7","","","50","","","","","","","","","","","","","","17","","","","","A41","","","1","1","2","","","84","84","1","13","4","120.69247","24.093215","3"
"3740","66000","387130000C","(04)23274275","(04)23288582","2026","2","10","7","0","臺中市","西屯區","0","0","0","7","","","50","","","","","","","","","","","","","","17","","","","","B03","","","1","","2","","","8","8","1","12","4","120.602664","24.18637","3"
"3741","66000","387130000C","(04)23274275","(04)23288582","2026","2","10","7","2","臺中市","北區","0","0","0","7","","","50","","","","","","","","","","","","","","","","","","","B03","","","6","","2","","","50","50","1","13","4","120.678872","24.148892","3"
"3742","66000","387130000C","(04)23274275","(04)23288582","2026","2","10","7","3","臺中市","南區","0","0","0","7","","","50","","","","","","","","","","","","","","13","","","","","B01","","","1","","1","","","59","59","1","6","4","120.653352","24.124709","3"
"3743","66000","387130000C","(04)23274275","(04)23288582","2026","2","10","7","5","臺中市","大里區","0","1","0","7","2","6","50","13","9","1","5","4","6","6","4","4","1","4","5","1","17","2","9","1","1","C03","7","9","1","10","7","11","12","59","59","1","12","4","120.67215","24.104697","2"
"3744","66000","387130000C","(04)23274275","(04)23288582","2026","2","10","7","11","臺中市","西屯區","0","0","0","7","","","50","","","","","","","","","","","","","","14","","","","","B03","","","1","","2","","","49","49","1","12","4","120.590835","24.171783","3"
"3745","66000","387130000C","(04)23274275","(04)23288582","2026","2","10","7","13","臺中市","沙鹿區","0","0","0","7","","","50","","","","","","","","","","","","","","17","","","","","A04","","","1","","2","","","8","8","1","6","4","120.561529","24.240516","3"
"3746","66000","387130000C","(04)23274275","(04)23288582","2026","2","10","7","16","臺中市","豐原區","0","1","0","7","3","6","50","13","9","1","5","4","6","6","4","4","1","2","5","1","12","3","10","5","4","B03","7","7","1","8","2","2","","35","35","1","12","4","120.714299","24.244416","2"
"3747","66000","387130000C","(04)23274275","(04)23288582","2026","2","10","7","20","臺中市","沙鹿區","0","1","0","7","2","6","40","4","1","1","5","4","6","6","1","1","1","4","4","1","16","3","10","3","1","B03","7","6","1","8","2","6","","11","11","1","12","4","120.597765","24.251878","2"
"3748","66000","387130000C","(04)23274275","(04)23288582","2026","2","10","7","22","臺中市","大甲區","0","2","0","7","3","6","50","4","1","1","5","4","6","6","1","1","10","5","5","2","15","2","9","1","1","C03","7","9","1","10","2","11","14","21","21","1","6","4","120.622446","24.349973","2"
"3749","66000","387130000C","(04)23274275","(04)23288582","2026","2","10","7","25","臺中市","豐原區","0","0","0","7","","","30","","","","","","","","","","","","","","17","","","","","E05","","","1","","2","","","49","49","1","6","4","120.756387","24.251716","3"
"3750","66000","387130000C","(04)23274275","(04)23288582","2026","2","10","7","36","臺中市","東區","0","3","0","7","3","6","50","4","1","1","5","4","6","6","1","1","5","2","5","2","15","2","9","2","1","C03","7","9","1","10","2","12","","21","21","1","13","4","120.708993","24.135469","2"