序號,縣市別代碼,機關代碼,市話,傳真,年,月,日,時,分,縣市,區,死亡數量,受傷數量,2-30,天候,道路照明設備,道路類別,道路速限,道路型態,事故位置,路面鋪裝,路面狀態,路面缺陷,障礙物,視距,號誌種類,號誌動作,分向設施,快車道或一般車道間,快慢車道間,路面邊線,事故類型及型態,受傷程度,主要傷處,保護裝備,行動電話或功能裝置,當事者區分(類別),車輛用途,當事者行動狀態,駕照狀態,駕照種類,飲酒情形,車輛撞擊部位最初,車輛撞擊部位其他,肇事因素個別,肇事因素主要,肇事逃逸,職業,共享經濟或外送平台,GPS座標X,GPS座標Y,事故類別
"3751","66000","387130000C","(04)23274275","(04)23288582","2026","2","10","7","36","臺中市","烏日區","0","0","0","7","","","30","","","","","","","","","","","","","","11","","","","","B03","","","1","","9","","","41","41","2","6","4","120.642647","24.029439","3"
"3752","66000","387130000C","(04)23274275","(04)23288582","2026","2","10","7","36","臺中市","大甲區","0","1","0","7","1","6","50","3","1","1","5","4","6","6","1","1","1","4","4","1","16","2","9","1","1","C03","7","6","1","10","2","11","","48","48","1","12","4","120.61873","24.354399","2"
"3753","66000","387130000C","(04)23274275","(04)23288582","2026","2","10","7","38","臺中市","西屯區","0","0","0","7","","","30","","","","","","","","","","","","","","16","","","","","B01","","","1","","1","","","12","12","1","12","4","120.641855","24.169766","3"
"3754","66000","387130000C","(04)23274275","(04)23288582","2026","2","10","7","39","臺中市","西屯區","0","0","0","7","","","50","","","","","","","","","","","","","","12","","","","","B03","","","1","","1","","","40","40","1","13","4","120.643841","24.195302","3"
"3755","66000","387130000C","(04)23274275","(04)23288582","2026","2","10","7","40","臺中市","大雅區","0","2","0","7","3","6","50","4","1","1","5","4","6","6","4","4","4","3","5","2","17","2","8","1","1","C03","7","6","1","10","2","11","","12","12","1","12","4","120.654164","24.233465","2"
"3756","66000","387130000C","(04)23274275","(04)23288582","2026","2","10","7","41","臺中市","豐原區","0","1","0","7","2","6","50","4","4","1","5","4","6","6","1","1","1","2","5","1","13","2","9","5","4","C03","7","9","1","10","2","12","","7","7","1","13","4","120.721755","24.272976","2"
"3757","66000","387130000C","(04)23274275","(04)23288582","2026","2","10","7","42","臺中市","太平區","0","1","0","7","3","6","50","13","9","1","5","4","6","6","4","4","9","4","5","2","16","2","9","2","1","C03","7","1","1","10","2","12","","51","51","1","13","4","120.715156","24.152075","2"
"3758","66000","387130000C","(04)23274275","(04)23288582","2026","2","10","7","44","臺中市","大雅區","0","1","0","7","1","6","30","3","2","1","5","4","6","6","4","4","5","5","5","2","17","3","10","3","1","B12","7","6","1","8","2","4","","84","84","1","13","4","120.637268","24.206341","2"
"3759","66000","387130000C","(04)23274275","(04)23288582","2026","2","10","7","44","臺中市","南屯區","0","1","0","7","3","6","50","13","9","1","5","4","6","6","1","1","5","4","5","2","12","2","9","1","1","C03","7","6","1","10","2","14","","26","26","1","12","4","120.616618","24.153641","2"
"3760","66000","387130000C","(04)23274275","(04)23288582","2026","2","10","7","45","臺中市","北區","0","2","0","7","2","6","50","4","1","1","5","4","6","6","4","4","10","5","5","2","15","2","9","5","4","C03","7","9","1","10","2","12","","15","15","1","13","4","120.678479","24.172175","2"
"3761","66000","387130000C","(04)23274275","(04)23288582","2026","2","10","7","45","臺中市","北屯區","0","0","0","7","","","40","","","","","","","","","","","","","","12","","","","","B03","","","1","","2","","","1","1","1","12","4","120.724237","24.166843","3"
"3762","66000","387130000C","(04)23274275","(04)23288582","2026","2","10","7","45","臺中市","大肚區","0","2","0","7","2","6","50","13","9","1","5","4","6","6","4","4","5","4","5","1","13","2","9","1","1","C03","7","9","1","10","2","11","","7","7","1","6","4","120.546423","24.146699","2"
"3763","66000","387130000C","(04)23274275","(04)23288582","2026","2","10","7","45","臺中市","龍井區","0","2","0","7","2","6","50","3","2","1","5","4","6","6","4","4","4","1","5","1","9","2","9","6","5","H04","8","20","7","21","10","17","","109","109","1","13","5","120.525566","24.213714","2"
"3764","66000","387130000C","(04)23274275","(04)23288582","2026","2","10","7","45","臺中市","神岡區","0","1","0","7","1","6","30","3","1","1","5","4","6","6","4","4","10","5","5","2","16","3","10","5","4","B03","7","6","1","8","2","1","","14","14","1","12","4","120.676363","24.247006","2"
"3765","66000","387130000C","(04)23274275","(04)23288582","2026","2","10","7","46","臺中市","南區","0","1","0","7","2","6","40","13","8","1","5","4","6","6","4","4","1","4","4","2","12","2","9","2","1","C03","7","4","1","10","2","12","","8","8","1","13","4","120.673276","24.1265","2"
"3766","66000","387130000C","(04)23274275","(04)23288582","2026","2","10","7","50","臺中市","豐原區","0","0","0","7","","","50","","","","","","","","","","","","","","17","","","","","B03","","","1","","2","","","76","76","1","12","4","120.704102","24.239239","3"
"3767","66000","387130000C","(04)23274275","(04)23288582","2026","2","10","7","51","臺中市","神岡區","0","1","0","7","2","6","30","3","2","1","5","4","6","6","4","4","10","5","5","1","13","2","9","5","4","C03","7","9","1","10","2","11","","7","7","1","12","4","120.690704","24.254375","2"
"3768","66000","387130000C","(04)23274275","(04)23288582","2026","2","10","7","52","臺中市","神岡區","0","1","0","7","1","6","50","3","1","1","5","4","6","6","1","1","5","4","4","2","16","3","10","1","4","C03","7","6","1","10","2","12","","48","48","1","12","4","120.703374","24.262161","2"
"3769","66000","387130000C","(04)23274275","(04)23288582","2026","2","10","7","53","臺中市","大雅區","0","1","0","7","1","6","50","3","2","1","5","4","6","6","1","1","5","5","4","1","17","3","10","1","1","C03","7","6","1","10","2","11","","48","48","1","13","4","120.644391","24.206011","2"
"3770","66000","387130000C","(04)23274275","(04)23288582","2026","2","10","7","53","臺中市","神岡區","0","1","0","7","1","6","50","4","1","1","5","4","6","6","1","1","10","5","5","2","13","2","9","5","4","C03","7","9","1","10","2","11","","7","7","1","12","4","120.701438","24.251403","2"
"3771","66000","387130000C","(04)23274275","(04)23288582","2026","2","10","7","55","臺中市","大里區","0","1","0","7","2","6","30","13","9","1","5","4","6","6","4","4","10","5","5","2","10","4","11","2","1","C03","7","9","1","10","8","11","","53","53","2","13","4","120.702373","24.09272","2"
"3772","66000","387130000C","(04)23274275","(04)23288582","2026","2","10","7","55","臺中市","大里區","0","0","0","7","","","50","","","","","","","","","","","","","","","","","","","B03","","","1","","1","","","14","14","1","12","4","120.702252","24.09609","3"
"3773","66000","387130000C","(04)23274275","(04)23288582","2026","2","10","7","56","臺中市","南屯區","0","1","0","7","2","6","50","4","1","1","5","4","6","6","4","4","10","5","5","2","15","3","10","1","1","C03","7","9","1","10","2","11","","15","15","1","12","4","120.639662","24.138878","2"
"3774","66000","387130000C","(04)23274275","(04)23288582","2026","2","10","7","56","臺中市","西屯區","0","1","0","7","2","6","40","3","1","1","5","4","6","6","1","1","10","5","5","2","15","2","9","5","1","C03","7","9","1","10","2","14","11","21","21","1","12","4","120.616313","24.182394","2"
"3775","66000","387130000C","(04)23274275","(04)23288582","2026","2","10","7","58","臺中市","西屯區","0","1","0","7","2","6","50","4","1","1","5","4","6","6","1","1","10","5","5","2","16","2","3","1","1","C03","7","6","1","10","2","14","","48","48","1","12","4","120.598064","24.17489","2"
"3776","66000","387130000C","(04)23274275","(04)23288582","2026","2","10","7","58","臺中市","大肚區","0","0","0","7","","","50","","","","","","","","","","","","","","","","","","","B03","","","1","","2","","","49","49","1","6","4","120.54342","24.154752","3"
"3777","66000","387130000C","(04)23274275","(04)23288582","2026","2","10","7","59","臺中市","東區","0","2","0","7","2","6","50","3","1","1","5","4","6","6","4","4","10","5","5","2","16","2","9","1","1","C03","7","6","1","10","2","12","","14","14","1","12","4","120.699915","24.142168","2"
"3778","66000","387130000C","(04)23274275","(04)23288582","2026","2","10","8","0","臺中市","南屯區","0","0","0","7","","","40","","","","","","","","","","","","","","12","","","","","B03","","","1","","1","","","8","8","1","13","4","120.597489","24.15566","3"
"3779","66000","387130000C","(04)23274275","(04)23288582","2026","2","10","8","0","臺中市","北屯區","0","1","0","7","3","6","50","4","1","1","5","4","6","6","1","1","10","5","5","2","16","3","10","3","1","B03","7","5","1","10","2","5","","11","11","1","12","4","120.69574","24.185398","2"
"3780","66000","387130000C","(04)23274275","(04)23288582","2026","2","10","8","1","臺中市","西屯區","0","0","0","7","","","40","","","","","","","","","","","","","","17","","","","","A11","","","1","","1","","","76","76","1","12","4","120.62098","24.172003","3"
"3781","66000","387130000C","(04)23274275","(04)23288582","2026","2","10","8","2","臺中市","北區","0","1","0","7","3","6","50","4","2","1","5","4","6","6","1","1","5","2","5","2","17","3","10","5","4","C03","7","9","1","10","1","12","","84","84","1","13","4","120.670164","24.159453","2"
"3782","66000","387130000C","(04)23274275","(04)23288582","2026","2","10","8","4","臺中市","大雅區","0","0","0","7","","","50","","","","","","","","","","","","","","14","","","","","A11","","","1","","2","","","49","49","1","12","4","120.664763","24.235318","3"
"3783","66000","387130000C","(04)23274275","(04)23288582","2026","2","10","8","5","臺中市","大里區","0","1","0","7","2","6","50","3","2","1","5","4","6","6","4","4","5","5","5","2","17","2","9","2","1","C03","7","5","1","10","8","12","","84","84","1","13","4","120.701405","24.090955","2"
"3784","66000","387130000C","(04)23274275","(04)23288582","2026","2","10","8","5","臺中市","大甲區","0","1","0","7","3","6","50","3","1","1","5","4","6","6","1","1","10","5","5","2","16","3","10","3","1","B03","7","6","1","8","2","8","","11","11","1","6","4","120.597655","24.334164","2"
"3785","66000","387130000C","(04)23274275","(04)23288582","2026","2","10","8","10","臺中市","石岡區","0","0","0","7","","","70","","","","","","","","","","","","","","12","","","","","A41","","","1","","2","","","40","40","1","12","4","120.814122","24.261404","3"
"3786","66000","387130000C","(04)23274275","(04)23288582","2026","2","10","8","11","臺中市","大雅區","0","0","0","7","","","50","","","","","","","","","","","","","","1","","","","","B03","","","1","","1","","","8","8","1","12","4","120.641523","24.208895","3"
"3787","66000","387130000C","(04)23274275","(04)23288582","2026","2","10","8","12","臺中市","大里區","0","0","0","7","","","50","","","","","","","","","","","","","","16","","","","","B03","","","1","","1","","","14","14","1","13","4","120.704498","24.098246","3"
"3788","66000","387130000C","(04)23274275","(04)23288582","2026","2","10","8","12","臺中市","大肚區","0","1","0","7","2","6","50","4","1","1","5","4","6","6","3","1","10","5","5","2","16","3","10","1","1","C03","7","6","1","10","2","11","","14","14","1","6","4","120.545162","24.148958","2"
"3789","66000","387130000C","(04)23274275","(04)23288582","2026","2","10","8","16","臺中市","梧棲區","0","1","0","7","2","6","40","13","8","1","5","4","6","6","4","4","1","4","1","1","16","3","10","3","1","B03","7","5","1","8","2","6","","47","47","1","12","4","120.514968","24.23206","2"
"3790","66000","387130000C","(04)23274275","(04)23288582","2026","2","10","8","16","臺中市","豐原區","0","1","0","7","2","6","50","4","1","1","5","4","6","6","4","4","5","5","4","2","15","3","10","5","4","B03","7","9","1","8","2","5","","12","12","1","13","4","120.703938","24.243466","2"
"3791","66000","387130000C","(04)23274275","(04)23288582","2026","2","10","8","20","臺中市","大雅區","0","0","0","7","","","0","","","","","","","","","","","","","","","","","","","C03","","","1","","2","","","4","4","1","13","4","120.653409","24.225292","3"
"3792","66000","387130000C","(04)23274275","(04)23288582","2026","2","10","8","20","臺中市","南屯區","0","1","0","7","2","6","50","4","1","1","5","4","6","6","1","1","10","5","5","2","16","2","9","2","1","C03","7","6","1","10","2","11","","23","23","1","12","4","120.64394","24.138209","2"
"3793","66000","387130000C","(04)23274275","(04)23288582","2026","2","10","8","21","臺中市","潭子區","0","1","0","7","3","6","30","3","1","1","5","4","6","6","4","4","10","5","5","2","17","2","9","2","1","C03","7","6","1","10","2","12","","14","14","1","13","4","120.708917","24.203758","2"
"3794","66000","387130000C","(04)23274275","(04)23288582","2026","2","10","8","22","臺中市","南屯區","0","0","0","7","","","50","","","","","","","","","","","","","","13","","","","","C03","","","1","","2","","","7","7","1","12","4","120.609591","24.155152","3"
"3795","66000","387130000C","(04)23274275","(04)23288582","2026","2","10","8","23","臺中市","潭子區","0","0","0","7","3","6","50","13","9","1","5","4","6","6","4","4","5","5","5","1","13","3","10","2","1","C03","7","9","1","10","6","11","","53","53","1","13","4","120.673822","24.207604","3"
"3796","66000","387130000C","(04)23274275","(04)23288582","2026","2","10","8","23","臺中市","神岡區","0","0","0","7","","","50","","","","","","","","","","","","","","17","","","","","B12","","","1","","2","","","87","87","1","12","4","120.708674","24.271701","3"
"3797","66000","387130000C","(04)23274275","(04)23288582","2026","2","10","8","25","臺中市","豐原區","0","1","0","7","1","6","50","4","1","1","5","4","6","6","1","1","5","4","4","2","17","3","10","3","1","B03","7","6","1","8","2","1","","11","11","1","6","4","120.714426","24.251066","2"
"3798","66000","387130000C","(04)23274275","(04)23288582","2026","2","10","8","26","臺中市","西屯區","0","0","0","7","","","50","","","","","","","","","","","","","","12","","","","","B03","","","1","","2","","","85","85","1","12","4","120.660933","24.171882","3"
"3799","66000","387130000C","(04)23274275","(04)23288582","2026","2","10","8","27","臺中市","西屯區","0","0","0","7","","","40","","","","","","","","","","","","","","13","","","","","B03","","","1","","2","","","7","7","1","12","4","120.633474","24.173752","3"
"3800","66000","387130000C","(04)23274275","(04)23288582","2026","2","10","8","28","臺中市","西屯區","0","0","0","7","","","50","","","","","","","","","","","","","","13","","","","","B03","","","1","","1","","","7","7","1","12","4","120.615266","24.189196","3"
"3801","66000","387130000C","(04)23274275","(04)23288582","2026","2","10","8","29","臺中市","南區","0","2","0","7","2","6","50","4","1","1","5","4","6","6","1","1","10","5","5","2","17","2","8","1","1","C03","7","1","1","10","2","14","","51","51","1","12","4","120.666593","24.119222","2"
"3802","66000","387130000C","(04)23274275","(04)23288582","2026","2","10","8","29","臺中市","梧棲區","0","1","0","7","2","6","70","4","1","1","5","4","6","6","2","1","1","4","1","1","16","3","10","3","1","B03","7","5","1","8","2","5","","38","38","1","12","4","120.540339","24.248647","2"
"3803","66000","387130000C","(04)23274275","(04)23288582","2026","2","10","8","30","臺中市","西屯區","0","3","0","7","2","6","50","4","1","1","5","4","6","6","1","1","10","5","5","2","13","2","9","1","4","C03","7","9","1","10","2","11","","7","7","1","13","4","120.652035","24.165864","2"
"3804","66000","387130000C","(04)23274275","(04)23288582","2026","2","10","8","32","臺中市","潭子區","0","0","0","7","","","60","","","","","","","","","","","","","","","","","","","B03","","","1","","2","","","84","84","1","13","4","120.686409","24.206732","3"
"3805","66000","387130000C","(04)23274275","(04)23288582","2026","2","10","8","32","臺中市","北區","0","0","0","7","","","50","","","","","","","","","","","","","","","","","","","B12","","","1","","1","","","59","59","1","12","4","120.671841","24.172579","3"
"3806","66000","387130000C","(04)23274275","(04)23288582","2026","2","10","8","34","臺中市","西屯區","0","0","0","7","2","6","40","11","9","1","5","4","6","6","4","4","4","5","5","2","13","3","10","1","1","C03","7","5","5","19","5","11","","7","7","1","12","4","120.590302","24.175086","3"
"3807","66000","387130000C","(04)23274275","(04)23288582","2026","2","10","8","35","臺中市","北區","0","1","0","7","2","6","50","4","1","1","5","4","6","6","1","1","5","4","4","2","12","2","9","1","1","C03","7","6","1","10","2","12","","4","4","1","13","4","120.673189","24.171694","2"
"3808","66000","387130000C","(04)23274275","(04)23288582","2026","2","10","8","37","臺中市","南屯區","0","0","0","7","","","50","","","","","","","","","","","","","","13","","","","","B03","","","1","","1","","","59","59","1","13","4","120.638069","24.147452","3"
"3809","66000","387130000C","(04)23274275","(04)23288582","2026","2","10","8","38","臺中市","南屯區","0","0","0","7","","","60","","","","","","","","","","","","","","13","","","","","B03","","","1","","1","","","78","78","1","12","4","120.613079","24.149486","3"
"3810","66000","387130000C","(04)23274275","(04)23288582","2026","2","10","8","39","臺中市","后里區","0","0","0","7","","","50","","","","","","","","","","","","","","12","","","","","B03","","","1","","2","","","8","8","1","12","4","120.704419","24.316178","3"
"3811","66000","387130000C","(04)23274275","(04)23288582","2026","2","10","8","40","臺中市","大里區","0","0","0","7","","3","40","","","","","","","","","","","","","","","","","","","B03","","","1","","2","","","7","7","1","12","4","120.69293","24.103747","3"
"3812","66000","387130000C","(04)23274275","(04)23288582","2026","2","10","8","40","臺中市","和平區","0","0","0","7","","","30","","","","","","","","","","","","","","9","","","","","B03","","","1","","1","","","49","49","1","12","4","120.924336","24.183337","3"
"3813","66000","387130000C","(04)23274275","(04)23288582","2026","2","10","8","42","臺中市","西屯區","0","1","0","7","2","6","50","13","9","1","5","4","6","6","4","4","5","4","5","2","12","3","10","5","4","C03","7","15","1","10","2","13","","8","8","1","13","4","120.626876","24.200742","2"
"3814","66000","387130000C","(04)23274275","(04)23288582","2026","2","10","8","44","臺中市","大里區","0","1","0","7","2","6","50","13","7","1","5","4","6","6","4","4","9","5","4","2","17","3","10","3","1","B12","7","1","1","8","2","8","","51","51","1","13","4","120.670511","24.106861","2"
"3815","66000","387130000C","(04)23274275","(04)23288582","2026","2","10","8","49","臺中市","東區","0","3","0","7","3","6","50","4","1","1","5","4","6","6","4","4","5","5","5","2","15","2","9","2","1","C03","7","9","1","10","2","14","","12","12","1","13","4","120.691622","24.126365","2"
"3816","66000","387130000C","(04)23274275","(04)23288582","2026","2","10","8","49","臺中市","西屯區","0","1","0","7","2","6","40","3","8","1","5","4","6","6","4","4","1","4","1","2","16","3","10","3","1","B03","7","5","1","8","2","2","","65","65","1","12","4","120.62337","24.179274","2"
"3817","66000","387130000C","(04)23274275","(04)23288582","2026","2","10","8","51","臺中市","南屯區","0","0","0","7","","","50","","","","","","","","","","","","","","17","","","","","B03","","","1","","2","","","58","58","1","12","4","120.611791","24.148497","3"
"3818","66000","387130000C","(04)23274275","(04)23288582","2026","2","10","8","51","臺中市","豐原區","0","0","0","7","","","60","","","","","","","","","","","","","","13","","","","","B03","","","1","","2","","","7","7","1","12","4","120.73727","24.255105","3"
"3819","66000","387130000C","(04)23274275","(04)23288582","2026","2","10","8","52","臺中市","西屯區","0","0","0","7","","","30","","","","","","","","","","","","","","17","","","","","B03","","","1","","1","","","50","50","2","12","4","120.614007","24.176456","3"
"3820","66000","387130000C","(04)23274275","(04)23288582","2026","2","10","8","52","臺中市","后里區","0","0","0","7","3","6","50","13","9","1","5","4","6","6","3","1","9","4","5","1","13","3","10","1","1","C03","7","9","1","10","1","11","","7","7","1","12","4","120.729617","24.30918","3"
"3821","66000","387130000C","(04)23274275","(04)23288582","2026","2","10","8","56","臺中市","南屯區","0","0","0","7","3","6","50","13","9","1","5","4","6","6","1","1","5","4","5","2","14","","","","","B01","","","1","","1","","","49","49","1","12","4","120.646461","24.153602","3"
"3822","66000","387130000C","(04)23274275","(04)23288582","2026","2","10","9","3","臺中市","北屯區","0","1","0","7","3","6","50","4","2","1","5","4","6","6","1","1","1","4","5","2","13","2","8","1","1","C03","7","9","1","10","2","11","","7","7","1","6","4","120.692868","24.162836","2"
"3823","66000","387130000C","(04)23274275","(04)23288582","2026","2","10","9","3","臺中市","大肚區","0","1","0","7","2","6","50","13","8","1","5","4","6","6","4","4","1","4","4","1","13","3","10","3","1","B12","7","9","1","8","2","5","","56","56","1","6","4","120.563852","24.123766","2"
"3824","66000","387130000C","(04)23274275","(04)23288582","2026","2","10","9","6","臺中市","南區","0","1","0","7","3","6","40","3","1","1","5","4","6","6","1","1","10","5","5","2","12","3","10","1","1","C03","7","15","1","10","2","13","","8","8","1","6","4","120.656953","24.113197","2"
"3825","66000","387130000C","(04)23274275","(04)23288582","2026","2","10","9","6","臺中市","大里區","0","1","0","7","2","3","80","13","9","1","5","4","6","6","4","4","1","3","5","1","12","3","10","3","1","B03","7","8","1","8","9","7","","40","40","2","13","4","120.700168","24.116303","2"
"3826","66000","387130000C","(04)23274275","(04)23288582","2026","2","10","9","7","臺中市","沙鹿區","0","0","0","7","","","50","","","","","","","","","","","","","","17","","","","","B11","","","1","","2","","","39","39","1","6","4","120.573526","24.201224","3"
"3827","66000","387130000C","(04)23274275","(04)23288582","2026","2","10","9","8","臺中市","大甲區","0","1","0","7","3","6","50","13","9","1","5","4","6","6","4","4","9","5","5","1","12","3","10","3","1","B03","7","9","1","8","2","5","","8","8","1","6","4","120.623791","24.346385","2"
"3828","66000","387130000C","(04)23274275","(04)23288582","2026","2","10","9","8","臺中市","豐原區","0","0","0","7","","","50","","","","","","","","","","","","","","13","","","","","C03","","","1","","1","","","5","5","1","13","4","120.70189","24.249548","3"
"3829","66000","387130000C","(04)23274275","(04)23288582","2026","2","10","9","10","臺中市","北屯區","0","0","0","7","","","50","","","","","","","","","","","","","","","","","","","B03","","","1","","9","","","49","49","1","13","4","120.682469","24.170819","3"
"3830","66000","387130000C","(04)23274275","(04)23288582","2026","2","10","9","14","臺中市","大雅區","0","1","0","7","1","6","0","4","1","1","5","4","6","6","1","1","1","5","5","1","17","2","9","1","1","C03","7","9","3","19","2","11","","7","7","1","13","4","120.646805","24.222591","2"
"3831","66000","387130000C","(04)23274275","(04)23288582","2026","2","10","9","14","臺中市","南屯區","0","0","0","7","","","60","","","","","","","","","","","","","","13","","","","","B03","","","1","","1","","","59","59","1","12","4","120.611682","24.150718","3"
"3832","66000","387130000C","(04)23274275","(04)23288582","2026","2","10","9","20","臺中市","霧峰區","0","1","0","7","2","6","50","13","7","1","5","4","6","6","4","4","9","4","4","1","17","3","10","3","1","B03","7","2","1","8","2","7","","49","49","1","12","4","120.699634","24.072145","2"
"3833","66000","387130000C","(04)23274275","(04)23288582","2026","2","10","9","20","臺中市","沙鹿區","0","0","0","7","","","50","","","","","","","","","","","","","","14","","","","","B03","","","1","","2","","","49","49","1","12","4","120.566946","24.242621","3"
"3834","66000","387130000C","(04)23274275","(04)23288582","2026","2","10","9","21","臺中市","南屯區","0","0","0","7","3","6","50","13","9","1","5","4","6","6","4","4","5","4","5","2","17","","","","","B03","","","1","","1","","","7","7","1","12","4","120.622888","24.140467","3"
"3835","66000","387130000C","(04)23274275","(04)23288582","2026","2","10","9","27","臺中市","南屯區","0","1","0","7","3","6","50","13","9","1","5","4","6","6","1","1","3","4","5","2","12","3","10","3","1","B12","7","5","1","8","2","2","","20","20","1","12","4","120.648153","24.123378","2"
"3836","66000","387130000C","(04)23274275","(04)23288582","2026","2","10","9","28","臺中市","北屯區","0","1","0","7","1","6","50","4","2","1","5","4","6","6","1","1","3","4","5","2","13","2","9","1","1","C03","7","9","1","10","2","11","","84","84","1","13","4","120.696122","24.167847","2"
"3837","66000","387130000C","(04)23274275","(04)23288582","2026","2","10","9","29","臺中市","南屯區","0","0","0","7","","","30","","","","","","","","","","","","","","18","","","","","C03","","","1","","2","","","59","59","1","12","4","120.627806","24.12662","4"
"3838","66000","387130000C","(04)23274275","(04)23288582","2026","2","10","9","31","臺中市","南屯區","0","0","0","7","","","50","","","","","","","","","","","","","","14","","","","","B12","","","1","","1","","","49","49","1","12","4","120.609493","24.135529","3"
"3839","66000","387130000C","(04)23274275","(04)23288582","2026","2","10","9","32","臺中市","神岡區","0","0","0","7","","","30","","","","","","","","","","","","","","11","","","","","B11","","","1","","2","","","8","8","1","12","4","120.665548","24.266894","3"
"3840","66000","387130000C","(04)23274275","(04)23288582","2026","2","10","9","33","臺中市","太平區","0","1","0","7","2","6","30","3","1","1","5","4","6","6","4","4","10","4","5","2","16","2","9","2","1","C03","7","6","1","10","2","11","","12","12","1","12","4","120.707955","24.128609","2"
"3841","66000","387130000C","(04)23274275","(04)23288582","2026","2","10","9","33","臺中市","梧棲區","0","1","0","7","2","6","50","4","1","1","5","4","6","6","4","4","10","5","5","2","16","3","10","3","1","B03","7","3","1","8","2","5","","50","50","1","12","4","120.535453","24.25281","2"
"3842","66000","387130000C","(04)23274275","(04)23288582","2026","2","10","9","41","臺中市","南屯區","0","0","0","7","3","6","50","13","9","1","5","4","6","6","4","4","9","5","5","2","12","","","","","B03","","","1","","1","","","45","45","1","12","4","120.644041","24.131311","3"
"3843","66000","387130000C","(04)23274275","(04)23288582","2026","2","10","9","43","臺中市","東區","0","0","0","7","","","50","","","","","","","","","","","","","","13","","","","","C03","","","1","","1","","","7","7","1","13","4","120.696131","24.142786","3"
"3844","66000","387130000C","(04)23274275","(04)23288582","2026","2","10","9","44","臺中市","東區","0","1","0","7","2","6","30","4","1","1","5","4","6","6","4","4","10","5","5","2","16","3","10","1","1","C03","7","6","1","10","2","14","","12","12","1","12","4","120.701275","24.128899","2"
"3845","66000","387130000C","(04)23274275","(04)23288582","2026","2","10","9","45","臺中市","霧峰區","0","0","0","7","","","50","","","","","","","","","","","","","","12","","","","","B03","","","1","","2","","","50","50","1","13","4","120.694461","24.050477","3"
"3846","66000","387130000C","(04)23274275","(04)23288582","2026","2","10","9","47","臺中市","豐原區","0","0","0","7","","","50","","","","","","","","","","","","","","13","","","","","B12","","","1","","2","","","59","59","1","12","4","120.699471","24.235404","3"
"3847","66000","387130000C","(04)23274275","(04)23288582","2026","2","10","9","49","臺中市","北屯區","0","0","0","7","","","50","","","","","","","","","","","","","","","","","","","C03","","","1","","1","","","25","25","1","13","4","120.727229","24.166694","4"
"3848","66000","387130000C","(04)23274275","(04)23288582","2026","2","10","9","49","臺中市","大里區","0","1","0","7","2","6","40","13","17","1","5","4","6","6","4","4","10","5","5","1","13","3","10","3","1","B12","7","9","1","8","2","1","","7","7","1","13","4","120.700727","24.119515","2"
"3849","66000","387130000C","(04)23274275","(04)23288582","2026","2","10","9","54","臺中市","西屯區","0","0","0","7","","","50","","","","","","","","","","","","","","14","","","","","B03","","","1","","2","","","49","49","1","12","4","120.621772","24.191424","3"
"3850","66000","387130000C","(04)23274275","(04)23288582","2026","2","10","9","55","臺中市","梧棲區","0","0","0","7","","","30","","","","","","","","","","","","","","12","","","","","B03","","","1","","2","","","8","8","1","12","4","120.557091","24.241745","3"
"3851","66000","387130000C","(04)23274275","(04)23288582","2026","2","10","9","56","臺中市","北屯區","0","2","0","7","2","6","50","13","7","1","5","4","6","6","4","4","1","4","4","2","12","2","9","2","1","C03","7","8","1","10","1","14","","8","8","1","12","4","120.701951","24.182951","2"
"3852","66000","387130000C","(04)23274275","(04)23288582","2026","2","10","9","59","臺中市","西屯區","0","1","0","7","2","6","50","13","9","1","5","4","6","6","4","4","5","4","5","2","13","2","9","5","4","B01","7","9","1","4","1","1","","7","7","1","13","4","120.649859","24.156086","2"
"3853","66000","387130000C","(04)23274275","(04)23288582","2026","2","10","10","0","臺中市","西屯區","0","0","0","7","","","40","","","","","","","","","","","","","","","","","","","B12","","","1","","1","","","49","49","1","12","4","120.634324","24.17981","3"
"3854","66000","387130000C","(04)23274275","(04)23288582","2026","2","10","10","0","臺中市","豐原區","0","0","0","7","","","50","","","","","","","","","","","","","","17","","","","","B03","","","1","","2","","","45","45","1","6","4","120.725389","24.233649","3"
"3855","66000","387130000C","(04)23274275","(04)23288582","2026","2","10","10","4","臺中市","南屯區","0","0","0","7","","","50","","","","","","","","","","","","","","16","","","","","B03","","","1","","1","","","13","13","1","12","4","120.615923","24.151338","3"
"3856","66000","387130000C","(04)23274275","(04)23288582","2026","2","10","10","8","臺中市","沙鹿區","0","0","0","7","","","50","","","","","","","","","","","","","","13","","","","","B03","","","1","","2","","","7","7","1","6","4","120.562433","24.233402","3"
"3857","66000","387130000C","(04)23274275","(04)23288582","2026","2","10","10","10","臺中市","南區","0","2","0","7","2","6","50","4","1","1","5","4","6","6","4","4","10","5","5","2","16","2","9","1","1","C03","7","6","1","10","2","14","","13","13","1","12","4","120.659884","24.116893","2"
"3858","66000","387130000C","(04)23274275","(04)23288582","2026","2","10","10","11","臺中市","南屯區","0","0","0","7","3","6","40","13","9","1","5","4","6","6","4","4","5","5","4","2","12","","","","","B03","","","1","","2","","","76","76","1","12","4","120.642399","24.145495","3"
"3859","66000","387130000C","(04)23274275","(04)23288582","2026","2","10","10","11","臺中市","北屯區","0","0","0","7","","","50","","","","","","","","","","","","","","","","","","","B03","","","1","","1","","","8","8","1","12","4","120.695215","24.171198","3"