序號,縣市別代碼,機關代碼,市話,傳真,年,月,日,時,分,縣市,區,死亡數量,受傷數量,2-30,天候,道路照明設備,道路類別,道路速限,道路型態,事故位置,路面鋪裝,路面狀態,路面缺陷,障礙物,視距,號誌種類,號誌動作,分向設施,快車道或一般車道間,快慢車道間,路面邊線,事故類型及型態,受傷程度,主要傷處,保護裝備,行動電話或功能裝置,當事者區分(類別),車輛用途,當事者行動狀態,駕照狀態,駕照種類,飲酒情形,車輛撞擊部位最初,車輛撞擊部位其他,肇事因素個別,肇事因素主要,肇事逃逸,職業,共享經濟或外送平台,GPS座標X,GPS座標Y,事故類別
"3860","66000","387130000C","(04)23274275","(04)23288582","2026","2","10","10","11","臺中市","豐原區","0","1","0","7","2","6","50","13","9","1","5","4","6","6","4","4","10","5","5","1","9","3","10","5","4","C03","7","9","1","10","2","11","","7","7","1","13","4","120.71712","24.25084","2"
"3861","66000","387130000C","(04)23274275","(04)23288582","2026","2","10","10","14","臺中市","西區","0","1","0","7","2","6","50","4","1","1","5","4","6","6","4","4","10","5","5","2","13","2","9","2","1","C03","7","9","1","10","2","11","","58","58","1","13","4","120.657909","24.146718","2"
"3862","66000","387130000C","(04)23274275","(04)23288582","2026","2","10","10","14","臺中市","大里區","0","1","0","7","2","6","50","13","9","1","5","4","6","6","4","4","5","5","5","2","17","3","10","3","1","B03","7","13","1","8","2","8","","76","76","1","12","4","120.690657","24.109927","2"
"3863","66000","387130000C","(04)23274275","(04)23288582","2026","2","10","10","16","臺中市","南區","0","0","0","7","","","50","","","","","","","","","","","","","","","","","","","B03","","","1","","1","","","82","82","1","6","4","120.655729","24.128666","3"
"3864","66000","387130000C","(04)23274275","(04)23288582","2026","2","10","10","18","臺中市","西屯區","0","0","0","7","","","30","","","","","","","","","","","","","","14","","","","","B12","","","1","","2","","","49","49","1","12","4","120.62058","24.181122","3"
"3865","66000","387130000C","(04)23274275","(04)23288582","2026","2","10","10","20","臺中市","西屯區","0","1","0","7","2","6","30","11","9","1","5","4","6","6","4","4","10","5","5","2","11","3","10","2","1","C03","7","5","1","10","2","11","","41","41","1","12","4","120.667557","24.176173","2"
"3866","66000","387130000C","(04)23274275","(04)23288582","2026","2","10","10","22","臺中市","太平區","0","0","0","7","","","50","","","","","","","","","","","","","","","","","","","B12","","","1","","2","","","84","84","1","13","4","120.718972","24.140144","3"
"3867","66000","387130000C","(04)23274275","(04)23288582","2026","2","10","10","23","臺中市","東區","0","1","0","7","2","6","40","13","8","1","5","4","6","6","1","1","5","2","4","2","12","3","10","2","1","C03","7","4","1","10","2","12","","8","8","1","13","4","120.701965","24.138907","2"
"3868","66000","387130000C","(04)23274275","(04)23288582","2026","2","10","10","25","臺中市","北區","0","1","0","7","2","6","50","3","9","1","5","4","6","6","4","4","5","5","5","2","13","3","10","1","1","C03","7","9","1","10","2","11","","7","7","1","12","4","120.682332","24.163486","2"
"3869","66000","387130000C","(04)23274275","(04)23288582","2026","2","10","10","25","臺中市","北屯區","0","2","0","7","3","6","50","4","1","1","5","4","6","6","4","4","10","5","5","2","16","2","9","1","1","C03","7","6","1","10","2","13","","48","48","1","12","4","120.680825","24.192799","2"
"3870","66000","387130000C","(04)23274275","(04)23288582","2026","2","10","10","25","臺中市","清水區","0","2","0","7","3","6","50","3","1","1","5","4","6","6","4","4","1","4","5","1","16","2","8","6","1","F01","7","6","7","21","2","13","","84","84","1","12","4","120.558297","24.278239","2"
"3871","66000","387130000C","(04)23274275","(04)23288582","2026","2","10","10","27","臺中市","豐原區","0","1","0","7","2","6","30","4","7","1","5","4","6","6","1","1","1","4","4","1","17","3","10","5","4","B03","7","5","1","8","11","8","","20","20","1","12","4","120.703266","24.251752","2"
"3872","66000","387130000C","(04)23274275","(04)23288582","2026","2","10","10","28","臺中市","清水區","0","1","0","7","2","6","50","3","1","1","5","4","6","6","4","4","8","3","5","1","11","3","10","1","1","F03","7","6","7","21","2","11","","14","14","1","12","4","120.575181","24.279853","2"
"3873","66000","387130000C","(04)23274275","(04)23288582","2026","2","10","10","31","臺中市","大里區","0","0","0","7","","","50","","","","","","","","","","","","","","","","","","","B03","","","1","","1","","","7","7","1","12","4","120.690183","24.110018","3"
"3874","66000","387130000C","(04)23274275","(04)23288582","2026","2","10","10","33","臺中市","南屯區","0","1","0","7","2","6","50","3","1","1","5","4","6","6","1","1","3","4","5","2","17","2","9","3","1","B03","7","9","1","8","2","2","","2","2","1","13","4","120.622643","24.150214","2"
"3875","66000","387130000C","(04)23274275","(04)23288582","2026","2","10","10","35","臺中市","南屯區","0","2","0","7","3","6","40","4","1","1","5","4","6","6","1","1","5","5","4","2","15","2","9","1","1","C03","7","9","1","10","2","11","","21","21","1","12","2","120.636676","24.148635","2"
"3876","66000","387130000C","(04)23274275","(04)23288582","2026","2","10","10","35","臺中市","霧峰區","0","0","0","7","","","30","","","","","","","","","","","","","","9","","","","","A12","","","1","","9","","","84","84","1","13","4","120.703741","24.059573","3"
"3877","66000","387130000C","(04)23274275","(04)23288582","2026","2","10","10","37","臺中市","北屯區","0","0","0","7","","3","80","","","","","","","","","","","","","","","","","","","B12","","","1","","1","","","84","84","1","13","4","120.720523","24.165782","3"
"3878","66000","387130000C","(04)23274275","(04)23288582","2026","2","10","10","38","臺中市","大里區","0","0","0","7","","","50","","","","","","","","","","","","","","","","","","","B03","","","1","","2","","","85","85","1","13","4","120.691976","24.091435","3"
"3879","66000","387130000C","(04)23274275","(04)23288582","2026","2","10","10","38","臺中市","烏日區","0","1","0","7","2","6","50","3","2","1","5","4","6","6","2","1","5","4","5","1","12","3","10","3","1","B12","7","7","1","8","2","2","","8","8","1","6","4","120.642669","24.074419","2"
"3880","66000","387130000C","(04)23274275","(04)23288582","2026","2","10","10","39","臺中市","東區","0","0","0","7","","","40","","","","","","","","","","","","","","17","","","","","C03","","","1","","1","","","85","85","1","12","4","120.694567","24.14683","4"
"3881","66000","387130000C","(04)23274275","(04)23288582","2026","2","10","10","39","臺中市","西屯區","0","0","0","7","","","50","","","","","","","","","","","","","","13","","","","","B03","","","1","","1","","","7","7","1","13","4","120.618214","24.183489","3"
"3882","66000","387130000C","(04)23274275","(04)23288582","2026","2","10","10","40","臺中市","大雅區","0","0","0","7","","","50","","","","","","","","","","","","","","12","","","","","A11","","","1","","2","","","8","8","1","12","4","120.65066","24.210133","3"
"3883","66000","387130000C","(04)23274275","(04)23288582","2026","2","10","10","45","臺中市","南屯區","0","0","0","7","","","50","","","","","","","","","","","","","","17","","","","","B03","","","1","","9","","","84","84","2","12","4","120.639599","24.1471","3"
"3884","66000","387130000C","(04)23274275","(04)23288582","2026","2","10","10","45","臺中市","霧峰區","0","2","0","7","2","6","30","13","9","1","5","4","6","6","4","4","10","5","5","1","17","2","9","1","1","C03","7","9","1","10","2","11","","7","7","1","12","4","120.667588","24.038997","2"
"3885","66000","387130000C","(04)23274275","(04)23288582","2026","2","10","10","45","臺中市","清水區","0","1","0","7","3","6","50","4","2","1","5","4","6","6","1","1","5","5","5","2","17","3","10","3","1","B03","7","3","1","8","2","8","","50","50","1","12","4","120.574477","24.269371","2"
"3886","66000","387130000C","(04)23274275","(04)23288582","2026","2","10","10","47","臺中市","外埔區","0","1","0","7","2","6","50","4","2","1","5","4","6","6","1","1","5","5","4","1","17","3","10","2","1","C03","7","5","1","10","2","16","","47","47","1","12","4","120.656562","24.328657","2"
"3887","66000","387130000C","(04)23274275","(04)23288582","2026","2","10","10","48","臺中市","西屯區","0","1","0","7","2","6","40","13","8","1","5","4","6","6","4","4","3","4","3","2","18","2","9","5","4","C03","7","9","1","10","2","12","","7","7","1","12","4","120.651387","24.162","2"
"3888","66000","387130000C","(04)23274275","(04)23288582","2026","2","10","10","49","臺中市","東區","0","1","0","7","2","6","40","13","7","1","5","4","6","6","4","4","5","5","4","2","17","2","8","1","1","C03","7","8","1","10","2","11","14","40","40","1","12","4","120.70139","24.144364","2"
"3889","66000","387130000C","(04)23274275","(04)23288582","2026","2","10","10","50","臺中市","沙鹿區","0","1","0","7","2","6","30","4","1","1","5","4","6","6","3","1","1","4","5","1","15","3","10","3","1","B13","7","9","1","8","2","5","","24","24","1","12","4","120.56428","24.236541","2"
"3890","66000","387130000C","(04)23274275","(04)23288582","2026","2","10","10","51","臺中市","西區","0","0","0","7","","","50","","","","","","","","","","","","","","","","","","","C03","","","1","","1","","","84","84","1","12","4","120.667251","24.153458","3"
"3891","66000","387130000C","(04)23274275","(04)23288582","2026","2","10","10","51","臺中市","西屯區","0","0","0","7","","","50","","","","","","","","","","","","","","13","","","","","C03","","","1","","1","","","7","7","1","12","4","120.669386","24.177174","3"
"3892","66000","387130000C","(04)23274275","(04)23288582","2026","2","10","10","53","臺中市","北屯區","0","1","0","7","2","6","30","11","9","1","5","4","6","6","4","4","10","5","5","1","11","3","10","3","1","B03","7","9","1","8","2","8","","41","41","1","12","4","120.752693","24.166146","2"
"3893","66000","387130000C","(04)23274275","(04)23288582","2026","2","10","10","54","臺中市","西屯區","0","2","0","7","2","6","30","13","9","1","5","4","6","6","4","4","5","5","4","2","11","2","9","1","1","C03","7","11","5","10","2","11","","48","48","1","12","4","120.667133","24.174974","2"
"3894","66000","387130000C","(04)23274275","(04)23288582","2026","2","10","10","58","臺中市","大雅區","0","1","0","7","3","6","30","3","2","1","5","4","6","6","4","4","8","3","5","2","17","3","10","3","4","B03","7","6","1","8","2","4","4","14","14","1","12","4","120.632514","24.225394","2"
"3895","66000","387130000C","(04)23274275","(04)23288582","2026","2","10","10","58","臺中市","西屯區","0","0","0","7","","","50","","","","","","","","","","","","","","17","","","","","C03","","","1","","2","","","59","59","1","5","4","120.648184","24.168479","3"
"3896","66000","387130000C","(04)23274275","(04)23288582","2026","2","10","10","58","臺中市","沙鹿區","0","0","0","7","","","50","","","","","","","","","","","","","","14","","","","","B03","","","1","","1","","","49","49","1","12","4","120.613296","24.245903","3"
"3897","66000","387130000C","(04)23274275","(04)23288582","2026","2","10","10","59","臺中市","大雅區","0","1","0","7","1","6","0","13","9","1","5","4","6","6","4","4","5","5","5","1","17","2","9","1","1","C03","7","9","1","10","2","11","","85","85","1","13","4","120.646021","24.211781","2"
"3898","66000","387130000C","(04)23274275","(04)23288582","2026","2","10","11","0","臺中市","西屯區","0","1","0","7","2","6","50","4","2","1","5","4","6","6","2","1","1","4","4","2","12","3","10","1","1","C03","7","9","1","10","2","12","","8","8","1","12","4","120.656738","24.192409","2"
"3899","66000","387130000C","(04)23274275","(04)23288582","2026","2","10","11","5","臺中市","北屯區","0","3","0","7","3","6","50","13","9","1","5","4","6","6","4","4","9","5","5","2","3","2","8","6","5","H01","8","16","7","21","10","17","","95","95","1","12","5","120.675999","24.174259","2"
"3900","66000","387130000C","(04)23274275","(04)23288582","2026","2","10","11","5","臺中市","大里區","0","1","0","7","2","6","50","3","1","1","5","4","6","6","4","4","10","5","5","2","17","2","9","2","1","C03","7","9","1","10","2","11","","84","84","1","13","4","120.693418","24.083431","2"
"3901","66000","387130000C","(04)23274275","(04)23288582","2026","2","10","11","7","臺中市","東區","0","0","0","7","","","50","","","","","","","","","","","","","","12","","","","","B03","","","1","8","2","","","84","84","1","6","4","120.700257","24.127426","3"
"3902","66000","387130000C","(04)23274275","(04)23288582","2026","2","10","11","8","臺中市","東區","0","1","0","7","3","6","50","13","9","1","5","4","6","6","4","4","9","5","5","2","2","3","10","3","1","B12","7","3","1","8","2","2","","50","50","1","6","4","120.696263","24.151085","2"
"3903","66000","387130000C","(04)23274275","(04)23288582","2026","2","10","11","10","臺中市","烏日區","0","0","0","7","","","50","","","","","","","","","","","","","","13","","","","","B12","","","1","","1","","","7","7","1","6","4","120.589877","24.113487","3"
"3904","66000","387130000C","(04)23274275","(04)23288582","2026","2","10","11","16","臺中市","潭子區","0","3","0","7","3","6","50","4","1","1","5","4","6","6","2","1","5","4","5","1","13","2","8","1","1","C03","7","9","1","10","2","11","","7","7","1","13","4","120.723197","24.21484","2"
"3905","66000","387130000C","(04)23274275","(04)23288582","2026","2","10","11","17","臺中市","潭子區","0","0","0","7","","","60","","","","","","","","","","","","","","","","","","","B03","","","1","","2","","","84","84","1","13","4","120.702232","24.192549","3"
"3906","66000","387130000C","(04)23274275","(04)23288582","2026","2","10","11","17","臺中市","西屯區","0","0","0","7","","","50","","","","","","","","","","","","","","13","","","","","B03","","","1","","1","","","59","59","1","13","4","120.66752","24.174158","3"
"3907","66000","387130000C","(04)23274275","(04)23288582","2026","2","10","11","18","臺中市","西屯區","0","1","0","7","2","6","50","4","1","1","5","4","6","6","1","1","10","5","5","2","16","3","10","5","1","B03","7","5","1","8","2","2","","11","11","1","12","4","120.635249","24.179477","2"
"3908","66000","387130000C","(04)23274275","(04)23288582","2026","2","10","11","19","臺中市","西屯區","0","0","0","7","","","40","","","","","","","","","","","","","","17","","","","","B03","","","1","","1","","","77","77","1","12","4","120.646009","24.164848","3"
"3909","66000","387130000C","(04)23274275","(04)23288582","2026","2","10","11","21","臺中市","北屯區","0","1","0","7","2","6","50","5","4","1","5","4","6","6","2","1","5","5","5","2","13","3","10","3","1","B03","7","1","1","8","2","1","","56","56","1","12","4","120.660125","24.192858","2"
"3910","66000","387130000C","(04)23274275","(04)23288582","2026","2","10","11","21","臺中市","大里區","0","2","0","7","2","6","50","13","9","1","5","4","6","6","4","4","5","4","5","1","17","2","9","1","1","C03","7","1","1","10","2","11","","51","51","1","12","4","120.674758","24.109145","2"
"3911","66000","387130000C","(04)23274275","(04)23288582","2026","2","10","11","25","臺中市","西屯區","0","0","0","7","","","40","","","","","","","","","","","","","","12","","","","","B12","","","1","","1","","","93","93","1","13","4","120.643252","24.170094","3"
"3912","66000","387130000C","(04)23274275","(04)23288582","2026","2","10","11","27","臺中市","南區","0","0","0","7","","","50","","","","","","","","","","","","","","13","","","","","B03","","","1","","2","","","7","7","1","6","4","120.666768","24.11779","3"
"3913","66000","387130000C","(04)23274275","(04)23288582","2026","2","10","11","27","臺中市","霧峰區","0","0","0","7","","","50","","","","","","","","","","","","","","12","","","","","B03","","","1","","1","","","8","8","1","13","4","120.696113","24.065828","3"
"3914","66000","387130000C","(04)23274275","(04)23288582","2026","2","10","11","30","臺中市","大雅區","0","0","0","7","","","50","","","","","","","","","","","","","","","","","","","B12","","","1","","1","","","51","51","1","12","4","120.648998","24.22505","3"
"3915","66000","387130000C","(04)23274275","(04)23288582","2026","2","10","11","31","臺中市","西區","0","0","0","7","","","50","","","","","","","","","","","","","","12","","","","","B12","","","1","","1","","","8","8","1","13","4","120.656555","24.147005","3"
"3916","66000","387130000C","(04)23274275","(04)23288582","2026","2","10","11","34","臺中市","南屯區","0","0","0","7","3","6","50","13","9","1","5","4","6","6","4","4","3","4","5","2","12","","","","","B03","","","1","","2","","","50","50","1","12","4","120.608023","24.148401","3"
"3917","66000","387130000C","(04)23274275","(04)23288582","2026","2","10","11","35","臺中市","太平區","0","0","0","7","","","50","","","","","","","","","","","","","","13","","","","","B03","","","1","","2","","","7","7","1","12","4","120.718221","24.126093","3"
"3918","66000","387130000C","(04)23274275","(04)23288582","2026","2","10","11","36","臺中市","西屯區","0","0","0","7","","","50","","","","","","","","","","","","","","","","","","","","","","","","","","","119","119","1","","","120.640235","24.170893","3"
"3919","66000","387130000C","(04)23274275","(04)23288582","2026","2","10","11","38","臺中市","北屯區","0","1","0","7","3","6","50","13","7","1","5","4","6","6","4","4","9","4","4","2","13","2","7","3","1","B03","7","9","1","8","2","1","","59","59","1","12","4","120.662457","24.186904","2"
"3920","66000","387130000C","(04)23274275","(04)23288582","2026","2","10","11","42","臺中市","北屯區","0","0","0","7","","","50","","","","","","","","","","","","","","17","","","","","C03","","","1","","1","","","49","49","1","12","4","120.692085","24.162568","3"
"3921","66000","387130000C","(04)23274275","(04)23288582","2026","2","10","11","51","臺中市","北區","0","0","0","7","","","50","","","","","","","","","","","","","","","","","","","B03","","","1","","2","","","84","84","1","13","4","120.665483","24.161216","3"
"3922","66000","387130000C","(04)23274275","(04)23288582","2026","2","10","11","53","臺中市","后里區","0","1","0","7","2","6","50","3","1","1","5","4","6","6","4","4","10","5","5","2","16","3","10","3","1","B03","7","6","1","8","2","1","","41","41","1","12","4","120.714099","24.308907","2"
"3923","66000","387130000C","(04)23274275","(04)23288582","2026","2","10","11","54","臺中市","北區","0","2","0","7","2","6","50","3","1","1","5","4","6","6","4","4","10","5","5","2","16","2","8","1","1","C03","7","6","1","10","2","14","","12","12","1","12","4","120.698814","24.159735","2"
"3924","66000","387130000C","(04)23274275","(04)23288582","2026","2","10","11","56","臺中市","大甲區","0","0","0","7","","","50","","","","","","","","","","","","","","16","","","","","C03","","","1","","2","","","34","34","1","6","4","120.615794","24.355185","3"
"3925","66000","387130000C","(04)23274275","(04)23288582","2026","2","10","11","57","臺中市","豐原區","0","0","0","7","","","60","","","","","","","","","","","","","","13","","","","","B03","","","1","","2","","","59","59","1","12","4","120.73561","24.260987","3"
"3926","66000","387130000C","(04)23274275","(04)23288582","2026","2","10","11","58","臺中市","太平區","0","0","0","7","","","50","","","","","","","","","","","","","","16","","","","","B03","","","1","","2","","","11","11","1","12","4","120.712152","24.15579","3"
"3927","66000","387130000C","(04)23274275","(04)23288582","2026","2","10","12","0","臺中市","東區","0","0","0","7","","","50","","","","","","","","","","","","","","17","","","","","B01","","","1","","1","","","85","85","1","12","4","120.695021","24.134829","4"
"3928","66000","387130000C","(04)23274275","(04)23288582","2026","2","10","12","4","臺中市","梧棲區","0","1","0","7","3","6","50","13","8","1","5","4","6","6","4","4","5","4","4","2","17","3","10","3","1","B03","7","13","1","8","2","4","","76","76","1","6","4","120.531942","24.258337","2"
"3929","66000","387130000C","(04)23274275","(04)23288582","2026","2","10","12","5","臺中市","西區","0","2","0","7","2","6","50","3","1","1","5","4","6","6","4","4","5","4","5","2","13","2","9","2","1","C03","7","9","1","10","2","11","","7","7","1","13","4","120.661669","24.153306","2"
"3930","66000","387130000C","(04)23274275","(04)23288582","2026","2","10","12","5","臺中市","西屯區","0","0","0","7","","","30","","","","","","","","","","","","","","11","","","","","B12","","","1","","1","","","8","8","1","12","4","120.634866","24.191558","3"
"3931","66000","387130000C","(04)23274275","(04)23288582","2026","2","10","12","7","臺中市","南屯區","0","2","0","7","3","6","50","13","9","1","5","4","6","6","4","4","9","5","5","2","17","2","9","6","1","F01","7","1","7","21","2","11","","51","51","1","13","4","120.643447","24.138346","2"
"3932","66000","387130000C","(04)23274275","(04)23288582","2026","2","10","12","8","臺中市","南屯區","0","1","0","7","3","6","50","13","9","1","5","4","6","6","1","1","5","2","5","2","17","3","10","1","1","C03","7","6","3","19","1","16","","48","48","1","12","4","120.64979","24.146795","2"
"3933","66000","387130000C","(04)23274275","(04)23288582","2026","2","10","12","8","臺中市","西屯區","0","0","0","7","","","50","","","","","","","","","","","","","","12","","","","","B03","","","1","","2","","","42","42","1","12","4","120.604227","24.185258","3"
"3934","66000","387130000C","(04)23274275","(04)23288582","2026","2","10","12","9","臺中市","潭子區","0","0","0","7","","","60","","","","","","","","","","","","","","","","","","","B12","","","1","","1","","","7","7","1","13","4","120.688973","24.219288","3"
"3935","66000","387130000C","(04)23274275","(04)23288582","2026","2","10","12","10","臺中市","潭子區","0","5","0","7","3","6","50","4","1","1","5","4","6","6","4","4","5","5","5","1","17","2","9","3","1","B03","7","6","1","8","2","2","4","11","11","1","13","4","120.718719","24.204122","2"
"3936","66000","387130000C","(04)23274275","(04)23288582","2026","2","10","12","10","臺中市","大里區","0","0","0","7","","","30","","","","","","","","","","","","","","","","","","","B03","","","1","","2","","","14","14","1","12","4","120.700477","24.09208","3"
"3937","66000","387130000C","(04)23274275","(04)23288582","2026","2","10","12","10","臺中市","清水區","0","2","0","7","2","6","50","3","9","1","5","4","6","6","4","4","8","3","5","1","12","3","10","1","1","C03","7","6","1","10","9","11","","14","14","2","12","4","120.565946","24.268591","2"
"3938","66000","387130000C","(04)23274275","(04)23288582","2026","2","10","12","11","臺中市","西屯區","0","0","0","7","","","50","","","","","","","","","","","","","","12","","","","","B03","","","1","","1","","","40","40","1","13","4","120.640862","24.167591","3"
"3939","66000","387130000C","(04)23274275","(04)23288582","2026","2","10","12","12","臺中市","西屯區","0","0","0","7","","3","80","","","","","","","","","","","","","","17","","","","","B03","","","1","","1","","","84","84","1","13","4","120.626763","24.159094","3"
"3940","66000","387130000C","(04)23274275","(04)23288582","2026","2","10","12","15","臺中市","大雅區","0","1","0","7","3","6","50","3","1","1","5","4","6","6","1","1","1","5","4","2","17","3","10","3","1","B03","7","5","1","8","2","2","","11","11","1","12","4","120.643277","24.228108","2"
"3941","66000","387130000C","(04)23274275","(04)23288582","2026","2","10","12","15","臺中市","西屯區","0","1","0","7","2","6","50","3","1","1","5","4","6","6","4","4","10","5","5","2","16","3","10","5","4","C03","7","6","1","10","2","11","","14","14","1","12","4","120.62262","24.186248","2"
"3942","66000","387130000C","(04)23274275","(04)23288582","2026","2","10","12","15","臺中市","太平區","0","1","0","7","3","6","50","13","9","1","5","4","6","6","4","4","9","4","5","1","13","2","9","2","1","C03","7","9","1","10","2","11","","7","7","1","13","4","120.714045","24.125026","2"
"3943","66000","387130000C","(04)23274275","(04)23288582","2026","2","10","12","19","臺中市","西區","0","1","0","7","1","6","50","4","1","1","5","4","6","6","1","1","10","5","5","2","17","2","9","5","4","C03","7","9","1","10","2","12","","84","84","1","12","4","120.661866","24.150949","2"
"3944","66000","387130000C","(04)23274275","(04)23288582","2026","2","10","12","20","臺中市","東勢區","0","1","0","7","3","6","50","5","9","1","5","4","6","6","1","1","4","3","5","1","11","3","10","5","4","B11","7","6","1","8","2","6","","11","11","1","13","4","120.826073","24.264279","2"
"3945","66000","387130000C","(04)23274275","(04)23288582","2026","2","10","12","23","臺中市","大里區","0","0","0","7","","","50","","","","","","","","","","","","","","","","","","","C03","","","1","","2","","","50","50","1","13","4","120.698346","24.089723","3"
"3946","66000","387130000C","(04)23274275","(04)23288582","2026","2","10","12","24","臺中市","西屯區","0","1","0","7","2","6","50","13","6","1","5","4","6","6","1","1","10","5","5","2","18","2","9","1","1","C03","7","6","5","19","8","12","","59","59","1","12","4","120.633368","24.174566","2"
"3947","66000","387130000C","(04)23274275","(04)23288582","2026","2","10","12","26","臺中市","太平區","0","0","0","7","","","30","","","","","","","","","","","","","","17","","","","","A12","","","1","","2","","","59","59","1","12","4","120.731512","24.111822","3"
"3948","66000","387130000C","(04)23274275","(04)23288582","2026","2","10","12","27","臺中市","烏日區","0","1","0","7","2","6","60","13","9","1","5","4","6","6","4","4","1","4","5","1","12","3","10","5","4","B03","7","13","1","8","2","4","","76","76","1","6","4","120.627825","24.10436","2"
"3949","66000","387130000C","(04)23274275","(04)23288582","2026","2","10","12","29","臺中市","北區","0","0","0","7","","","50","","","","","","","","","","","","","","17","","","","","B03","","","1","","2","","","42","42","1","13","4","120.675875","24.145466","3"
"3950","66000","387130000C","(04)23274275","(04)23288582","2026","2","10","12","29","臺中市","后里區","0","1","0","7","2","6","60","4","9","1","5","4","6","6","1","1","5","4","5","1","13","2","9","2","1","C01","7","9","1","9","2","14","","7","7","1","12","4","120.72365","24.323633","2"
"3951","66000","387130000C","(04)23274275","(04)23288582","2026","2","10","12","30","臺中市","后里區","0","0","0","7","","","50","","","","","","","","","","","","","","12","","","","","B03","","","1","","2","","","84","84","1","12","4","120.721945","24.304294","3"
"3952","66000","387130000C","(04)23274275","(04)23288582","2026","2","10","12","34","臺中市","西屯區","0","1","0","7","2","6","50","3","9","1","5","4","6","6","4","4","5","4","5","2","13","3","10","3","1","B11","7","7","1","2","2","6","","40","40","1","12","4","120.621381","24.18664","2"
"3953","66000","387130000C","(04)23274275","(04)23288582","2026","2","10","12","34","臺中市","西屯區","0","0","0","7","","","50","","","","","","","","","","","","","","13","","","","","B03","","","1","","1","","","7","7","1","12","4","120.651652","24.207337","3"
"3954","66000","387130000C","(04)23274275","(04)23288582","2026","2","10","12","36","臺中市","太平區","0","0","0","7","","","50","","","","","","","","","","","","","","","","","","","B12","","","1","","2","","","84","84","1","13","4","120.712134","24.144999","3"
"3955","66000","387130000C","(04)23274275","(04)23288582","2026","2","10","12","36","臺中市","太平區","0","1","0","7","2","6","50","13","9","1","5","4","6","6","4","4","10","5","5","2","16","2","8","6","1","F01","7","11","7","21","2","14","","45","45","1","13","4","120.713043","24.149756","2"
"3956","66000","387130000C","(04)23274275","(04)23288582","2026","2","10","12","38","臺中市","西區","0","0","0","7","","","50","","","","","","","","","","","","","","15","","","","","C03","","","1","","2","","","15","15","1","13","4","120.658122","24.139273","3"
"3957","66000","387130000C","(04)23274275","(04)23288582","2026","2","10","12","39","臺中市","大里區","0","1","0","7","2","6","50","4","1","1","5","4","6","6","1","1","5","2","5","1","12","2","9","1","1","C03","7","6","1","10","2","14","","8","8","1","13","4","120.67997","24.10938","2"
"3958","66000","387130000C","(04)23274275","(04)23288582","2026","2","10","12","43","臺中市","西屯區","0","1","0","7","2","6","30","4","1","1","5","4","6","6","4","4","10","5","5","2","15","2","8","1","1","C03","7","9","1","10","2","12","","12","12","1","12","4","120.622468","24.184709","2"
"3959","66000","387130000C","(04)23274275","(04)23288582","2026","2","10","12","44","臺中市","北屯區","0","0","0","7","","","50","","","","","","","","","","","","","","","","","","","C03","","","1","","1","","","84","84","1","13","4","120.662027","24.18942","4"
"3960","66000","387130000C","(04)23274275","(04)23288582","2026","2","10","12","48","臺中市","北屯區","0","3","0","7","2","6","30","4","1","1","5","4","6","6","4","4","10","5","5","2","15","2","9","2","1","C03","7","9","1","10","2","11","","15","15","1","12","4","120.701875","24.167553","2"
"3961","66000","387130000C","(04)23274275","(04)23288582","2026","2","10","12","50","臺中市","大里區","0","1","0","7","2","6","50","4","1","1","5","4","6","6","1","1","1","4","4","1","16","3","10","3","1","B03","7","5","1","8","2","6","","85","85","1","13","4","120.697739","24.082486","2"
"3962","66000","387130000C","(04)23274275","(04)23288582","2026","2","10","12","52","臺中市","北屯區","0","1","0","7","2","6","50","4","1","1","5","4","6","6","2","1","10","5","5","2","12","3","10","3","1","B03","7","5","1","8","2","2","","65","65","1","6","4","120.721034","24.172515","2"
"3963","66000","387130000C","(04)23274275","(04)23288582","2026","2","10","12","55","臺中市","東區","0","2","0","7","2","6","50","4","1","1","5","4","6","6","4","4","10","5","5","2","17","3","10","3","1","B03","7","5","1","8","2","2","","14","14","1","12","4","120.691643","24.126354","2"
"3964","66000","387130000C","(04)23274275","(04)23288582","2026","2","10","12","57","臺中市","北屯區","0","1","0","7","3","6","50","3","2","1","5","4","6","6","4","4","1","4","5","2","14","3","10","3","1","B03","7","2","1","8","2","3","","49","49","1","12","4","120.698934","24.175256","2"
"3965","66000","387130000C","(04)23274275","(04)23288582","2026","2","10","12","58","臺中市","南屯區","0","0","0","7","","","50","","","","","","","","","","","","","","25","","","","","B02","","","1","","1","","","58","58","1","12","4","120.652634","24.149904","3"
"3966","66000","387130000C","(04)23274275","(04)23288582","2026","2","10","12","59","臺中市","北區","0","1","0","7","3","6","50","5","9","1","5","4","6","6","1","1","5","5","4","2","12","3","10","5","4","B02","7","5","1","8","2","2","","84","84","1","13","4","120.686497","24.155216","2"
"3967","66000","387130000C","(04)23274275","(04)23288582","2026","2","10","12","59","臺中市","南屯區","0","0","0","7","3","6","50","13","9","1","5","4","6","6","1","1","3","4","5","2","12","","","","","B03","","","1","","1","","","40","40","1","12","4","120.622822","24.149756","3"
"3968","66000","387130000C","(04)23274275","(04)23288582","2026","2","10","13","1","臺中市","西屯區","0","0","0","7","","","40","","","","","","","","","","","","","","17","","","","","B03","","","3","","1","","","59","59","2","13","4","120.659101","24.194417","3"