序號,縣市別代碼,機關代碼,市話,傳真,年,月,日,時,分,縣市,區,死亡數量,受傷數量,2-30,天候,道路照明設備,道路類別,道路速限,道路型態,事故位置,路面鋪裝,路面狀態,路面缺陷,障礙物,視距,號誌種類,號誌動作,分向設施,快車道或一般車道間,快慢車道間,路面邊線,事故類型及型態,受傷程度,主要傷處,保護裝備,行動電話或功能裝置,當事者區分(類別),車輛用途,當事者行動狀態,駕照狀態,駕照種類,飲酒情形,車輛撞擊部位最初,車輛撞擊部位其他,肇事因素個別,肇事因素主要,肇事逃逸,職業,共享經濟或外送平台,GPS座標X,GPS座標Y,事故類別
"3969","66000","387130000C","(04)23274275","(04)23288582","2026","2","10","13","2","臺中市","龍井區","0","0","0","7","","","50","","","","","","","","","","","","","","16","","","","","B02","","","1","","2","","","11","11","1","13","4","120.522123","24.216392","3"
"3970","66000","387130000C","(04)23274275","(04)23288582","2026","2","10","13","10","臺中市","北屯區","0","2","0","7","2","6","0","13","21","1","5","4","6","6","4","4","10","5","5","2","17","2","9","1","1","C03","7","9","1","10","2","11","","39","39","1","12","4","120.68247","24.187905","2"
"3971","66000","387130000C","(04)23274275","(04)23288582","2026","2","10","13","13","臺中市","北區","0","2","0","7","1","6","40","4","1","1","5","4","6","6","1","1","10","5","5","2","17","2","9","5","4","C03","7","9","1","10","2","11","","84","84","1","13","4","120.682169","24.152595","2"
"3972","66000","387130000C","(04)23274275","(04)23288582","2026","2","10","13","14","臺中市","北區","0","0","0","7","","","50","","","","","","","","","","","","","","","","","","","B03","","","1","","11","","","87","87","1","12","4","120.679953","24.15251","3"
"3973","66000","387130000C","(04)23274275","(04)23288582","2026","2","10","13","14","臺中市","北區","0","0","0","7","","","40","","","","","","","","","","","","","","17","","","","","A04","","","1","","9","","","84","84","2","13","4","120.673008","24.16827","3"
"3974","66000","387130000C","(04)23274275","(04)23288582","2026","2","10","13","17","臺中市","南屯區","0","0","0","7","","","50","","","","","","","","","","","","","","17","","","","","B03","","","1","","1","","","43","43","1","13","4","120.626061","24.148516","3"
"3975","66000","387130000C","(04)23274275","(04)23288582","2026","2","10","13","18","臺中市","北區","0","0","0","7","","","50","","","","","","","","","","","","","","","","","","","B03","","","1","","1","","","58","58","1","13","4","120.674082","24.163098","3"
"3976","66000","387130000C","(04)23274275","(04)23288582","2026","2","10","13","21","臺中市","豐原區","0","0","0","7","","","30","","","","","","","","","","","","","","19","","","","","B03","","","1","","2","","","84","84","1","12","4","120.714792","24.273531","3"
"3977","66000","387130000C","(04)23274275","(04)23288582","2026","2","10","13","29","臺中市","大里區","0","0","0","7","","","50","","","","","","","","","","","","","","","","","","","B03","","","1","","2","","","7","7","1","12","4","120.691916","24.101017","3"
"3978","66000","387130000C","(04)23274275","(04)23288582","2026","2","10","13","30","臺中市","豐原區","0","1","0","7","1","6","50","4","1","1","5","4","6","6","1","1","5","4","4","1","17","3","10","3","1","B12","7","6","3","19","2","2","","20","20","1","6","4","120.714426","24.251066","2"
"3979","66000","387130000C","(04)23274275","(04)23288582","2026","2","10","13","30","臺中市","神岡區","0","1","0","7","3","6","50","3","1","1","5","4","6","6","4","4","9","4","4","2","16","2","9","1","1","C03","7","9","1","10","2","11","","6","6","1","12","4","120.699078","24.264202","2"
"3980","66000","387130000C","(04)23274275","(04)23288582","2026","2","10","13","32","臺中市","后里區","0","0","0","7","2","6","30","13","9","1","5","4","6","6","4","4","10","5","5","2","14","3","10","3","1","B11","7","2","1","4","2","3","","49","49","1","12","4","120.70107","24.332445","3"
"3981","66000","387130000C","(04)23274275","(04)23288582","2026","2","10","13","35","臺中市","中區","0","1","0","7","2","6","50","4","1","1","5","4","6","6","1","1","10","5","5","2","16","2","9","1","1","C04","7","9","1","10","2","11","","84","84","1","12","4","120.67912","24.138521","2"
"3982","66000","387130000C","(04)23274275","(04)23288582","2026","2","10","13","36","臺中市","西屯區","0","0","0","7","","","50","","","","","","","","","","","","","","12","","","","","C03","","","1","","1","","","85","85","1","12","4","120.654038","24.167953","3"
"3983","66000","387130000C","(04)23274275","(04)23288582","2026","2","10","13","37","臺中市","沙鹿區","0","0","0","7","","","50","","","","","","","","","","","","","","14","","","","","B03","","","1","","2","","","49","49","1","6","4","120.573333","24.210426","3"
"3984","66000","387130000C","(04)23274275","(04)23288582","2026","2","10","13","39","臺中市","中區","0","1","0","7","2","6","50","4","2","1","5","4","6","6","2","1","1","4","5","2","13","2","9","1","1","C03","7","9","1","10","1","11","","7","7","1","13","4","120.685737","24.14291","2"
"3985","66000","387130000C","(04)23274275","(04)23288582","2026","2","10","13","40","臺中市","中區","0","0","0","7","","","40","","","","","","","","","","","","","","","","","","","C03","","","1","10","1","","","7","7","1","13","4","120.677634","24.146076","3"
"3986","66000","387130000C","(04)23274275","(04)23288582","2026","2","10","13","42","臺中市","西屯區","0","0","0","7","","","50","","","","","","","","","","","","","","2","","","","","B03","","","1","","1","","","8","8","1","12","4","120.636305","24.160586","3"
"3987","66000","387130000C","(04)23274275","(04)23288582","2026","2","10","13","44","臺中市","北屯區","0","1","0","7","3","6","0","13","21","1","5","4","6","6","4","4","10","5","5","2","18","2","9","4","1","C03","7","1","1","10","2","14","","84","84","1","12","4","120.699262","24.170286","2"
"3988","66000","387130000C","(04)23274275","(04)23288582","2026","2","10","13","45","臺中市","清水區","0","1","0","7","3","6","50","4","1","1","5","4","6","6","3","1","5","4","5","2","16","2","8","2","1","C03","7","9","1","10","2","11","","12","12","1","12","4","120.575318","24.271875","2"
"3989","66000","387130000C","(04)23274275","(04)23288582","2026","2","10","13","46","臺中市","北區","0","0","0","7","","","50","","","","","","","","","","","","","","13","","","","","B03","","","3","","1","","","7","7","1","13","4","120.673085","24.166983","3"
"3990","66000","387130000C","(04)23274275","(04)23288582","2026","2","10","13","46","臺中市","西屯區","0","0","0","7","","","50","","","","","","","","","","","","","","13","","","","","B12","","","1","","1","","","7","7","1","12","4","120.650514","24.175723","3"
"3991","66000","387130000C","(04)23274275","(04)23288582","2026","2","10","13","47","臺中市","南屯區","0","1","0","7","2","6","50","11","9","1","5","4","6","6","4","4","5","4","5","2","17","2","9","2","1","C03","7","9","1","10","2","11","","84","84","1","12","4","120.652886","24.154302","2"
"3992","66000","387130000C","(04)23274275","(04)23288582","2026","2","10","13","47","臺中市","西屯區","0","1","0","7","2","6","40","13","8","1","5","4","6","6","4","4","1","4","1","2","13","2","9","1","4","C03","7","9","1","10","1","11","","7","7","1","13","4","120.641053","24.167045","2"
"3993","66000","387130000C","(04)23274275","(04)23288582","2026","2","10","13","49","臺中市","南屯區","0","0","0","7","","","50","","","","","","","","","","","","","","","","","","","B03","","","1","","1","","","59","59","1","13","4","120.611759","24.150816","3"
"3994","66000","387130000C","(04)23274275","(04)23288582","2026","2","10","13","50","臺中市","西屯區","0","0","0","7","","3","40","","","","","","","","","","","","","","13","","","","","B03","","","1","","2","","","7","7","1","12","4","120.628985","24.16322","3"
"3995","66000","387130000C","(04)23274275","(04)23288582","2026","2","10","13","51","臺中市","西區","0","0","0","7","","","50","","","","","","","","","","","","","","","","","","","B03","","","1","","1","","","84","84","1","12","4","120.658962","24.137888","3"
"3996","66000","387130000C","(04)23274275","(04)23288582","2026","2","10","13","54","臺中市","霧峰區","0","0","0","7","","","50","","","","","","","","","","","","","","","","","","","B03","","","1","","2","","","49","49","1","12","4","120.698386","24.062877","3"
"3997","66000","387130000C","(04)23274275","(04)23288582","2026","2","10","13","57","臺中市","北屯區","0","1","0","7","1","6","50","4","1","1","5","4","6","6","4","4","10","5","5","2","15","2","9","1","1","C03","7","9","1","10","2","11","","15","15","1","6","4","120.698259","24.183788","2"
"3998","66000","387130000C","(04)23274275","(04)23288582","2026","2","10","14","0","臺中市","沙鹿區","0","1","0","7","2","6","40","18","24","1","5","4","6","6","2","1","1","4","1","1","13","2","8","1","1","C03","7","9","1","10","2","11","12","6","6","1","12","4","120.577147","24.225474","2"
"3999","66000","387130000C","(04)23274275","(04)23288582","2026","2","10","14","5","臺中市","大里區","0","0","0","7","2","6","30","3","1","1","5","4","6","6","4","4","10","5","5","2","16","","","","","B03","","","1","","2","","","14","14","1","13","4","120.675763","24.087833","3"
"4000","66000","387130000C","(04)23274275","(04)23288582","2026","2","10","14","10","臺中市","南屯區","0","1","0","7","2","6","30","3","2","4","5","4","6","6","4","4","10","5","5","2","13","2","8","1","1","C03","7","9","1","10","2","11","","7","7","1","12","4","120.638806","24.137793","2"
"4001","66000","387130000C","(04)23274275","(04)23288582","2026","2","10","14","10","臺中市","南屯區","0","0","0","7","","","40","","","","","","","","","","","","","","13","","","","","B03","","","1","","1","","","59","59","1","13","4","120.62322","24.140036","3"
"4002","66000","387130000C","(04)23274275","(04)23288582","2026","2","10","14","10","臺中市","太平區","0","2","0","7","2","6","40","13","8","1","5","4","6","6","2","1","5","5","4","1","13","2","9","1","1","C03","7","9","1","10","2","11","","7","7","1","13","4","120.713921","24.158796","2"
"4003","66000","387130000C","(04)23274275","(04)23288582","2026","2","10","14","10","臺中市","太平區","0","0","0","7","","3","80","","","","","","","","","","","","","","","","","","","B03","","","1","","2","","","40","40","1","13","4","120.714097","24.14843","3"
"4004","66000","387130000C","(04)23274275","(04)23288582","2026","2","10","14","11","臺中市","西區","0","0","0","7","","","50","","","","","","","","","","","","","","9","","","","","B03","","","1","","1","","","84","84","1","13","4","120.67498","24.149019","3"
"4005","66000","387130000C","(04)23274275","(04)23288582","2026","2","10","14","17","臺中市","西屯區","0","1","0","7","2","6","30","13","9","1","5","4","6","6","4","4","10","5","5","2","30","2","9","3","1","B03","7","9","1","8","2","8","","59","59","1","12","4","120.607329","24.188595","2"
"4006","66000","387130000C","(04)23274275","(04)23288582","2026","2","10","14","22","臺中市","太平區","0","0","0","7","","","50","","","","","","","","","","","","","","17","","","","","B03","","","1","","2","","","84","84","1","13","4","120.705977","24.149366","3"
"4007","66000","387130000C","(04)23274275","(04)23288582","2026","2","10","14","24","臺中市","烏日區","0","0","0","7","2","6","50","4","2","1","5","4","6","6","1","1","5","5","5","1","12","","","","","C03","","","5","","2","","","84","84","1","6","4","120.626286","24.110261","3"
"4008","66000","387130000C","(04)23274275","(04)23288582","2026","2","10","14","25","臺中市","梧棲區","0","0","0","7","","","40","","","","","","","","","","","","","","13","","","","","B12","","","1","","2","","","82","82","1","12","4","120.551958","24.243769","3"
"4009","66000","387130000C","(04)23274275","(04)23288582","2026","2","10","14","34","臺中市","南區","0","0","0","7","","","40","","","","","","","","","","","","","","11","","","","","C03","","","1","10","1","","","26","26","1","6","4","120.668883","24.114473","4"
"4010","66000","387130000C","(04)23274275","(04)23288582","2026","2","10","14","35","臺中市","太平區","0","0","0","7","","","50","","","","","","","","","","","","","","","","","","","B03","","","1","","1","","","49","49","1","13","4","120.71751","24.142098","3"
"4011","66000","387130000C","(04)23274275","(04)23288582","2026","2","10","14","39","臺中市","潭子區","0","1","0","7","3","6","50","4","1","1","5","4","6","6","2","1","1","4","5","1","12","3","10","3","1","B12","7","5","1","8","2","5","","11","11","1","13","4","120.719707","24.228901","2"
"4012","66000","387130000C","(04)23274275","(04)23288582","2026","2","10","14","39","臺中市","西屯區","0","0","0","7","","","50","","","","","","","","","","","","","","13","","","","","B03","","","1","","1","","","59","59","1","13","4","120.649777","24.16273","3"
"4013","66000","387130000C","(04)23274275","(04)23288582","2026","2","10","14","41","臺中市","北屯區","0","0","0","7","","3","80","","","","","","","","","","","","","","13","","","","","B12","","","1","","2","","","7","7","1","6","4","120.701285","24.201544","3"
"4014","66000","387130000C","(04)23274275","(04)23288582","2026","2","10","14","41","臺中市","西屯區","0","2","0","7","2","6","50","4","1","1","5","4","6","6","2","1","10","5","5","2","16","3","10","3","1","B03","7","5","1","8","2","5","","11","11","1","12","4","120.639451","24.174573","2"
"4015","66000","387130000C","(04)23274275","(04)23288582","2026","2","10","14","43","臺中市","西區","0","1","0","7","2","6","50","4","1","1","5","4","6","6","1","1","10","5","5","2","17","2","9","1","1","C03","7","9","3","19","2","12","","84","84","1","12","4","120.657184","24.146523","2"
"4016","66000","387130000C","(04)23274275","(04)23288582","2026","2","10","14","45","臺中市","潭子區","0","0","0","7","","","50","","","","","","","","","","","","","","27","","","","","B03","","","1","","2","","","49","49","1","12","4","120.691439","24.234298","3"
"4017","66000","387130000C","(04)23274275","(04)23288582","2026","2","10","14","45","臺中市","南屯區","0","1","0","7","3","6","40","13","7","1","5","4","6","6","4","4","3","4","4","2","12","3","10","3","1","B03","7","8","1","8","2","8","","40","40","1","12","4","120.651015","24.150544","2"
"4018","66000","387130000C","(04)23274275","(04)23288582","2026","2","10","14","47","臺中市","西屯區","0","0","0","7","","","50","","","","","","","","","","","","","","13","","","","","B03","","","1","","1","","","59","59","1","12","4","120.636528","24.170784","3"
"4019","66000","387130000C","(04)23274275","(04)23288582","2026","2","10","14","48","臺中市","西屯區","0","0","0","7","","","50","","","","","","","","","","","","","","14","","","","","B11","","","1","","2","","","49","49","1","12","4","120.666954","24.175941","3"
"4020","66000","387130000C","(04)23274275","(04)23288582","2026","2","10","14","50","臺中市","豐原區","0","0","0","7","","","50","","","","","","","","","","","","","","13","","","","","B03","","","1","","2","","","59","59","1","13","4","120.719161","24.257523","3"
"4021","66000","387130000C","(04)23274275","(04)23288582","2026","2","10","14","57","臺中市","石岡區","0","0","0","7","3","6","50","3","2","1","5","4","6","6","3","1","4","3","4","1","13","3","10","5","4","B12","7","9","1","8","2","1","","7","7","1","13","4","120.779613","24.276006","3"
"4022","66000","387130000C","(04)23274275","(04)23288582","2026","2","10","14","58","臺中市","西區","0","0","0","7","","","50","","","","","","","","","","","","","","","","","","","A12","","","1","3","1","","","78","78","1","13","4","120.66692","24.140081","3"
"4023","66000","387130000C","(04)23274275","(04)23288582","2026","2","10","14","58","臺中市","南屯區","0","0","0","7","","","50","","","","","","","","","","","","","","","","","","","B03","","","1","","1","","","84","84","1","12","4","120.634247","24.143884","3"
"4024","66000","387130000C","(04)23274275","(04)23288582","2026","2","10","14","59","臺中市","南屯區","0","1","0","7","2","6","50","5","1","1","5","4","6","6","1","1","3","4","5","2","16","3","10","3","1","B03","7","5","1","8","2","6","","47","47","1","13","4","120.63774","24.142339","2"
"4025","66000","387130000C","(04)23274275","(04)23288582","2026","2","10","15","1","臺中市","南區","0","1","0","7","2","6","50","4","2","1","5","4","6","6","4","4","5","4","4","2","11","2","9","5","4","C03","7","11","1","10","2","11","","39","39","1","13","4","120.684076","24.130519","2"
"4026","66000","387130000C","(04)23274275","(04)23288582","2026","2","10","15","1","臺中市","豐原區","0","0","0","7","","","50","","","","","","","","","","","","","","13","","","","","B12","","","1","","2","","","7","7","1","13","4","120.744535","24.264695","3"
"4027","66000","387130000C","(04)23274275","(04)23288582","2026","2","10","15","2","臺中市","大里區","0","1","0","7","3","6","50","4","1","1","5","4","6","6","1","1","10","5","5","2","12","2","9","1","1","C03","7","1","3","19","2","11","","20","20","1","12","4","120.683772","24.115189","2"
"4028","66000","387130000C","(04)23274275","(04)23288582","2026","2","10","15","4","臺中市","梧棲區","0","1","0","7","3","6","50","13","9","1","5","4","6","6","4","4","1","4","5","2","16","3","10","3","1","B12","7","1","1","5","2","4","","51","51","1","6","4","120.529135","24.250825","2"
"4029","66000","387130000C","(04)23274275","(04)23288582","2026","2","10","15","5","臺中市","西屯區","0","0","0","7","","","60","","","","","","","","","","","","","","13","","","","","B03","","","1","","1","","","7","7","1","12","4","120.643931","24.194217","3"
"4030","66000","387130000C","(04)23274275","(04)23288582","2026","2","10","15","5","臺中市","大甲區","0","0","0","7","","","50","","","","","","","","","","","","","","14","","","","","B12","","","1","","2","","","49","49","1","12","4","120.654589","24.391676","3"
"4031","66000","387130000C","(04)23274275","(04)23288582","2026","2","10","15","6","臺中市","太平區","0","0","0","7","","","50","","","","","","","","","","","","","","17","","","","","B03","","","1","","2","","","84","84","1","12","4","120.701869","24.148166","3"
"4032","66000","387130000C","(04)23274275","(04)23288582","2026","2","10","15","10","臺中市","西區","0","0","0","7","","","50","","","","","","","","","","","","","","17","","","","","","","","","","","","","85","85","1","","","120.667562","24.13094","3"
"4033","66000","387130000C","(04)23274275","(04)23288582","2026","2","10","15","11","臺中市","南區","0","0","0","7","","","40","","","","","","","","","","","","","","13","","","","","C03","","","1","","2","","","59","59","1","13","4","120.659675","24.13315","3"
"4034","66000","387130000C","(04)23274275","(04)23288582","2026","2","10","15","12","臺中市","龍井區","0","1","0","7","2","6","50","11","9","1","5","4","6","6","4","4","10","3","5","1","11","2","9","1","1","C03","7","9","1","10","2","11","","41","41","1","13","4","120.535391","24.188564","2"
"4035","66000","387130000C","(04)23274275","(04)23288582","2026","2","10","15","18","臺中市","后里區","0","0","0","7","","","50","","","","","","","","","","","","","","13","","","","","B03","","","1","","1","","","59","59","1","12","4","120.694159","24.313593","3"
"4036","66000","387130000C","(04)23274275","(04)23288582","2026","2","10","15","20","臺中市","東區","0","1","0","7","2","6","50","13","9","1","5","4","6","6","4","4","9","4","5","2","17","3","10","3","1","B03","7","11","1","8","1","5","","39","39","1","12","4","120.687839","24.141396","2"
"4037","66000","387130000C","(04)23274275","(04)23288582","2026","2","10","15","20","臺中市","太平區","0","0","0","7","","","50","","","","","","","","","","","","","","16","","","","","B03","","","1","","1","","","14","14","1","6","4","120.717776","24.148768","3"
"4038","66000","387130000C","(04)23274275","(04)23288582","2026","2","10","15","21","臺中市","北區","0","0","0","7","","","50","","","","","","","","","","","","","","17","","","","","B03","","","1","","1","","","84","84","1","13","4","120.676987","24.151417","3"
"4039","66000","387130000C","(04)23274275","(04)23288582","2026","2","10","15","21","臺中市","北屯區","0","0","0","7","","","50","","","","","","","","","","","","","","17","","","","","B03","","","1","","2","","","51","51","1","13","4","120.674071","24.173986","3"
"4040","66000","387130000C","(04)23274275","(04)23288582","2026","2","10","15","25","臺中市","西屯區","0","1","0","7","2","6","40","13","8","1","5","4","6","6","4","4","3","4","3","1","16","3","10","3","1","B03","7","5","1","8","2","5","","47","47","1","12","4","120.629945","24.165913","2"
"4041","66000","387130000C","(04)23274275","(04)23288582","2026","2","10","15","30","臺中市","北屯區","0","4","0","7","3","3","80","13","7","1","5","4","6","6","4","4","2","3","5","2","13","3","10","3","1","B03","7","9","1","8","2","1","","7","7","1","6","4","120.706469","24.200808","2"
"4042","66000","387130000C","(04)23274275","(04)23288582","2026","2","10","15","30","臺中市","東勢區","0","0","0","7","3","6","50","13","9","1","5","4","6","6","4","4","4","3","5","1","14","3","10","5","4","B12","7","2","1","8","2","3","","49","49","1","13","4","120.828363","24.259918","3"
"4043","66000","387130000C","(04)23274275","(04)23288582","2026","2","10","15","33","臺中市","西區","0","0","0","7","","","50","","","","","","","","","","","","","","13","","","","","B01","","","1","","2","","","7","7","1","13","4","120.659894","24.158815","3"
"4044","66000","387130000C","(04)23274275","(04)23288582","2026","2","10","15","36","臺中市","豐原區","0","1","0","7","3","6","50","3","1","1","5","4","6","6","4","4","5","5","4","2","16","2","9","1","4","C03","7","6","1","10","2","14","","48","48","1","12","4","120.699139","24.248411","2"
"4045","66000","387130000C","(04)23274275","(04)23288582","2026","2","10","15","38","臺中市","潭子區","0","1","0","7","2","6","40","4","2","1","5","4","6","6","1","1","5","5","4","1","18","2","9","1","1","F03","7","5","7","21","2","12","","84","84","1","12","2","120.707356","24.211074","2"
"4046","66000","387130000C","(04)23274275","(04)23288582","2026","2","10","15","38","臺中市","西區","0","2","0","7","2","6","50","4","2","1","5","4","6","6","1","1","10","5","4","2","17","2","9","1","1","C03","7","4","1","10","2","14","","84","84","1","12","4","120.675905","24.138606","2"
"4047","66000","387130000C","(04)23274275","(04)23288582","2026","2","10","15","38","臺中市","沙鹿區","0","0","0","7","","","50","","","","","","","","","","","","","","13","","","","","B02","","","1","","1","","","59","59","1","12","4","120.560494","24.235817","3"
"4048","66000","387130000C","(04)23274275","(04)23288582","2026","2","10","15","41","臺中市","太平區","0","1","0","7","3","6","50","3","1","1","5","4","6","6","1","1","10","5","5","2","11","3","10","3","1","B03","7","6","1","8","2","5","","25","25","1","13","4","120.726886","24.134201","2"
"4049","66000","387130000C","(04)23274275","(04)23288582","2026","2","10","15","43","臺中市","北屯區","0","0","0","7","","","50","","","","","","","","","","","","","","30","","","","","B03","","","1","","2","","","58","58","1","6","4","120.701949","24.184158","3"
"4050","66000","387130000C","(04)23274275","(04)23288582","2026","2","10","15","44","臺中市","南屯區","0","1","0","7","3","6","40","3","1","1","5","4","6","6","4","4","10","5","5","2","17","3","10","3","1","B03","7","11","1","8","1","7","","45","45","1","13","4","120.639748","24.148802","2"
"4051","66000","387130000C","(04)23274275","(04)23288582","2026","2","10","15","45","臺中市","太平區","0","2","0","7","2","6","50","4","1","1","5","4","6","6","2","1","5","4","5","1","13","2","9","2","1","C03","7","9","1","10","2","14","","6","6","1","6","4","120.714263","24.1492","2"
"4052","66000","387130000C","(04)23274275","(04)23288582","2026","2","10","15","46","臺中市","烏日區","0","2","0","6","2","6","50","13","9","1","5","4","6","6","4","4","5","4","5","1","11","2","9","1","1","C03","7","11","1","10","2","14","","85","85","1","6","4","120.642253","24.068569","2"
"4053","66000","387130000C","(04)23274275","(04)23288582","2026","2","10","15","47","臺中市","烏日區","0","0","0","7","2","6","50","13","9","1","5","4","6","6","4","4","3","4","5","2","12","","","","","B03","","","1","","2","","","40","40","1","6","4","120.614995","24.106235","3"
"4054","66000","387130000C","(04)23274275","(04)23288582","2026","2","10","15","49","臺中市","大里區","0","0","0","7","","","40","","","","","","","","","","","","","","17","","","","","B03","","","1","","2","","","51","51","1","6","4","120.666074","24.095252","3"
"4055","66000","387130000C","(04)23274275","(04)23288582","2026","2","10","15","50","臺中市","北屯區","0","0","0","7","","","50","","","","","","","","","","","","","","17","","","","","B03","","","1","","1","","","51","51","1","6","4","120.690629","24.172802","3"
"4056","66000","387130000C","(04)23274275","(04)23288582","2026","2","10","15","50","臺中市","西屯區","0","0","0","7","","","50","","","","","","","","","","","","","","13","","","","","C03","","","1","","1","","","7","7","1","13","4","120.650041","24.175511","3"
"4057","66000","387130000C","(04)23274275","(04)23288582","2026","2","10","15","52","臺中市","南屯區","0","0","0","7","3","6","30","13","9","1","5","4","6","6","4","4","10","5","5","2","12","","","","","B12","","","1","","1","","","59","59","1","12","4","120.635886","24.14616","3"
"4058","66000","387130000C","(04)23274275","(04)23288582","2026","2","10","15","52","臺中市","北屯區","0","0","0","7","","","50","","","","","","","","","","","","","","14","","","","","B03","","","1","","1","","","50","50","1","12","4","120.709491","24.180224","3"
"4059","66000","387130000C","(04)23274275","(04)23288582","2026","2","10","15","52","臺中市","大里區","0","1","0","7","2","6","50","4","1","1","5","4","6","6","4","4","10","5","5","1","16","3","10","3","1","B03","7","5","1","8","2","6","","84","84","1","12","4","120.672476","24.089154","2"
"4060","66000","387130000C","(04)23274275","(04)23288582","2026","2","10","15","56","臺中市","北區","0","0","0","7","","","50","","","","","","","","","","","","","","17","","","","","C03","","","1","","2","","","84","84","1","13","4","120.689903","24.15434","3"
"4061","66000","387130000C","(04)23274275","(04)23288582","2026","2","10","15","57","臺中市","南區","0","0","0","7","","","50","","","","","","","","","","","","","","","","","","","A11","","","1","","1","","","84","84","1","12","4","120.655095","24.115174","3"
"4062","66000","387130000C","(04)23274275","(04)23288582","2026","2","10","15","58","臺中市","太平區","0","2","0","7","2","6","50","13","8","1","5","4","6","6","4","4","5","5","4","2","13","2","9","2","1","C03","7","9","1","10","2","11","","7","7","1","13","4","120.706181","24.148638","2"
"4063","66000","387130000C","(04)23274275","(04)23288582","2026","2","10","16","0","臺中市","大雅區","0","0","0","7","","","","","","","","","","","","","","","","","28","","","","","","","","","","","","","118","118","1","","","120.623716","24.235161","3"
"4064","66000","387130000C","(04)23274275","(04)23288582","2026","2","10","16","11","臺中市","豐原區","0","0","0","7","","","50","","","","","","","","","","","","","","","","","","","B03","","","1","","2","","","84","84","1","13","4","120.728193","24.251402","3"
"4065","66000","387130000C","(04)23274275","(04)23288582","2026","2","10","16","12","臺中市","烏日區","0","0","0","7","","","50","","","","","","","","","","","","","","17","","","","","B12","","","1","","2","","","51","51","1","6","4","120.623088","24.106203","3"
"4066","66000","387130000C","(04)23274275","(04)23288582","2026","2","10","16","13","臺中市","大里區","0","1","0","7","3","6","30","3","2","1","5","4","3","6","4","4","10","5","5","2","16","2","9","1","1","C03","7","6","1","10","2","12","","48","48","1","12","4","120.68017","24.103763","2"
"4067","66000","387130000C","(04)23274275","(04)23288582","2026","2","10","16","17","臺中市","西屯區","0","0","0","7","","","40","","","","","","","","","","","","","","6","","","","","C03","","","1","","2","","","84","84","1","13","4","120.656807","24.168805","3"
"4068","66000","387130000C","(04)23274275","(04)23288582","2026","2","10","16","19","臺中市","后里區","0","0","0","7","3","6","40","13","14","1","5","4","6","6","4","4","9","5","5","1","17","3","10","3","1","B03","7","3","1","8","2","5","","50","50","2","6","4","120.712766","24.309921","3"
"4069","66000","387130000C","(04)23274275","(04)23288582","2026","2","10","16","21","臺中市","龍井區","0","0","0","7","","","50","","","","","","","","","","","","","","13","","","","","B03","","","1","","1","","","56","56","1","6","4","120.583567","24.180384","3"
"4070","66000","387130000C","(04)23274275","(04)23288582","2026","2","10","16","23","臺中市","西屯區","0","0","0","7","","","30","","","","","","","","","","","","","","","","","","","B03","","","1","","2","","","8","8","1","13","4","120.664521","24.16527","3"
"4071","66000","387130000C","(04)23274275","(04)23288582","2026","2","10","16","29","臺中市","西區","0","0","0","7","","","0","","","","","","","","","","","","","","17","","","","","C03","","","1","","1","","","84","84","2","13","4","120.660985","24.150724","3"
"4072","66000","387130000C","(04)23274275","(04)23288582","2026","2","10","16","35","臺中市","神岡區","0","1","0","7","1","6","50","4","1","1","5","4","6","6","1","1","5","5","5","1","16","3","10","5","4","B03","7","6","1","8","2","1","","11","11","1","12","4","120.699532","24.251002","2"
"4073","66000","387130000C","(04)23274275","(04)23288582","2026","2","10","16","36","臺中市","北區","0","0","0","7","","","50","","","","","","","","","","","","","","13","","","","","C03","","","1","","1","","","59","59","1","12","4","120.685204","24.156385","4"
"4074","66000","387130000C","(04)23274275","(04)23288582","2026","2","10","16","37","臺中市","沙鹿區","0","0","0","7","","","50","","","","","","","","","","","","","","13","","","","","B03","","","1","","1","","","7","7","1","6","4","120.561388","24.208366","3"
"4075","66000","387130000C","(04)23274275","(04)23288582","2026","2","10","16","37","臺中市","梧棲區","0","1","0","7","3","6","40","13","8","1","5","4","6","6","4","4","1","4","1","1","18","2","9","1","1","C03","7","9","1","10","2","16","","59","59","1","6","4","120.549058","24.245604","2"
"4076","66000","387130000C","(04)23274275","(04)23288582","2026","2","10","16","38","臺中市","烏日區","0","1","0","7","2","6","60","5","1","1","5","4","6","6","1","1","1","4","1","1","16","3","10","3","1","B03","7","9","1","8","2","1","","21","21","1","6","4","120.644793","24.092963","2"
"4077","66000","387130000C","(04)23274275","(04)23288582","2026","2","10","16","39","臺中市","北屯區","0","0","0","7","","","50","","","","","","","","","","","","","","","","","","","B03","","","1","","2","","","84","84","1","13","4","120.675273","24.173805","4"
"4078","66000","387130000C","(04)23274275","(04)23288582","2026","2","10","16","44","臺中市","東區","0","1","0","7","2","6","30","5","9","1","5","4","6","6","4","4","10","5","5","2","18","2","9","5","4","C03","7","6","1","10","2","12","","59","59","1","12","4","120.694487","24.143933","2"
"4079","66000","387130000C","(04)23274275","(04)23288582","2026","2","10","16","44","臺中市","龍井區","0","0","0","7","","","50","","","","","","","","","","","","","","30","","","","","B03","","","1","","1","","","87","87","1","13","4","120.52123","24.214027","3"