序號,縣市別代碼,機關代碼,市話,傳真,年,月,日,時,分,縣市,區,死亡數量,受傷數量,2-30,天候,道路照明設備,道路類別,道路速限,道路型態,事故位置,路面鋪裝,路面狀態,路面缺陷,障礙物,視距,號誌種類,號誌動作,分向設施,快車道或一般車道間,快慢車道間,路面邊線,事故類型及型態,受傷程度,主要傷處,保護裝備,行動電話或功能裝置,當事者區分(類別),車輛用途,當事者行動狀態,駕照狀態,駕照種類,飲酒情形,車輛撞擊部位最初,車輛撞擊部位其他,肇事因素個別,肇事因素主要,肇事逃逸,職業,共享經濟或外送平台,GPS座標X,GPS座標Y,事故類別
"4080","66000","387130000C","(04)23274275","(04)23288582","2026","2","10","16","45","臺中市","大雅區","0","0","0","7","","","30","","","","","","","","","","","","","","","","","","","B13","","","1","","1","","","51","51","1","12","4","120.664645","24.234589","3"
"4081","66000","387130000C","(04)23274275","(04)23288582","2026","2","10","16","45","臺中市","大甲區","0","1","0","7","2","6","50","13","13","1","5","4","6","6","4","4","5","4","4","1","18","2","7","1","1","F01","7","9","7","21","1","14","","58","58","1","13","4","120.627293","24.39455","2"
"4082","66000","387130000C","(04)23274275","(04)23288582","2026","2","10","16","47","臺中市","北區","0","0","0","7","","","50","","","","","","","","","","","","","","17","","","","","C03","","","6","","1","","","85","85","1","13","4","120.678451","24.16694","4"
"4083","66000","387130000C","(04)23274275","(04)23288582","2026","2","10","16","49","臺中市","西屯區","0","0","0","7","","","50","","","","","","","","","","","","","","30","","","","","B03","","","1","","2","","","84","84","1","12","4","120.653553","24.166144","3"
"4084","66000","387130000C","(04)23274275","(04)23288582","2026","2","10","16","50","臺中市","大里區","0","0","0","7","","","50","","","","","","","","","","","","","","","","","","","B03","","","1","","2","","","49","49","1","12","4","120.686457","24.108683","3"
"4085","66000","387130000C","(04)23274275","(04)23288582","2026","2","10","16","51","臺中市","霧峰區","0","1","0","7","3","6","50","13","9","1","5","4","6","6","4","4","9","5","5","1","18","2","9","1","1","C03","7","9","1","10","2","16","","84","84","1","12","4","120.705051","24.07347","2"
"4086","66000","387130000C","(04)23274275","(04)23288582","2026","2","10","16","54","臺中市","西屯區","0","2","0","7","2","6","30","3","1","1","5","4","6","6","4","4","10","5","5","2","16","2","8","1","1","C03","7","5","1","10","2","15","","14","14","1","12","4","120.642197","24.174376","2"
"4087","66000","387130000C","(04)23274275","(04)23288582","2026","2","10","16","57","臺中市","大肚區","0","0","0","7","","","50","","","","","","","","","","","","","","12","","","","","A41","","","1","","1","","","40","40","1","12","4","120.561306","24.125291","3"
"4088","66000","387130000C","(04)23274275","(04)23288582","2026","2","10","16","58","臺中市","北區","0","0","0","7","3","6","50","18","24","1","5","4","6","6","4","4","3","4","5","2","17","","","","","C03","","","1","","2","","","84","84","1","13","4","120.664754","24.16273","3"
"4089","66000","387130000C","(04)23274275","(04)23288582","2026","2","10","16","58","臺中市","南屯區","0","0","0","7","","3","80","","","","","","","","","","","","","","","","","","","B03","","","1","","1","","","84","84","1","12","4","120.623092","24.141654","3"
"4090","66000","387130000C","(04)23274275","(04)23288582","2026","2","10","16","58","臺中市","豐原區","0","0","0","7","","","60","","","","","","","","","","","","","","12","","","","","B03","","","1","","2","","","40","40","1","13","4","120.729237","24.243162","3"
"4091","66000","387130000C","(04)23274275","(04)23288582","2026","2","10","17","1","臺中市","大里區","0","0","0","7","","","50","","","","","","","","","","","","","","13","","","","","B03","","","3","","2","","","7","7","1","13","4","120.676444","24.097598","3"
"4092","66000","387130000C","(04)23274275","(04)23288582","2026","2","10","17","7","臺中市","太平區","0","1","0","7","2","6","30","11","9","1","5","4","6","6","4","4","10","5","5","2","10","3","10","3","1","B03","7","9","1","8","2","8","","41","41","1","6","4","120.731254","24.13331","2"
"4093","66000","387130000C","(04)23274275","(04)23288582","2026","2","10","17","8","臺中市","南屯區","0","0","0","7","","","50","","","","","","","","","","","","","","","","","","","B03","","","1","","1","","","20","20","1","13","4","120.631869","24.145054","3"
"4094","66000","387130000C","(04)23274275","(04)23288582","2026","2","10","17","8","臺中市","西屯區","0","2","0","7","2","6","50","13","9","1","5","4","6","6","4","4","4","4","5","2","17","2","9","5","4","C03","7","1","1","10","2","14","","51","51","1","13","4","120.642804","24.164572","2"
"4095","66000","387130000C","(04)23274275","(04)23288582","2026","2","10","17","9","臺中市","大雅區","0","0","0","7","","","50","","","","","","","","","","","","","","17","","","","","B03","","","1","","2","","","7","7","1","12","4","120.652846","24.223939","3"
"4096","66000","387130000C","(04)23274275","(04)23288582","2026","2","10","17","11","臺中市","南屯區","0","1","0","7","3","6","50","4","1","1","5","4","6","6","1","1","10","5","5","2","16","3","10","3","1","B03","7","6","1","8","2","5","","11","11","1","13","4","120.636808","24.148725","2"
"4097","66000","387130000C","(04)23274275","(04)23288582","2026","2","10","17","12","臺中市","北屯區","0","0","0","7","","3","80","","","","","","","","","","","","","","13","","","","","B03","","","1","","2","","","7","7","1","13","4","120.719237","24.163055","3"
"4098","66000","387130000C","(04)23274275","(04)23288582","2026","2","10","17","14","臺中市","南屯區","0","0","0","7","3","6","50","13","8","1","5","4","6","6","1","1","1","2","1","2","13","","","","","B01","","","1","","1","","","7","7","1","12","4","120.622958","24.145532","3"
"4099","66000","387130000C","(04)23274275","(04)23288582","2026","2","10","17","15","臺中市","西區","0","0","0","7","","","50","","","","","","","","","","","","","","12","","","","","B03","","","1","","2","","","34","34","1","13","4","120.671472","24.141834","3"
"4100","66000","387130000C","(04)23274275","(04)23288582","2026","2","10","17","15","臺中市","南屯區","0","1","0","7","3","6","50","13","9","1","5","4","6","6","4","4","10","5","5","2","17","3","10","3","1","B03","7","1","1","8","2","7","","51","51","1","13","4","120.608522","24.138474","2"
"4101","66000","387130000C","(04)23274275","(04)23288582","2026","2","10","17","15","臺中市","神岡區","0","1","0","7","3","6","50","13","9","1","5","4","6","6","4","4","5","4","4","2","12","2","9","1","1","C03","7","9","1","10","2","11","","7","7","1","12","4","120.712173","24.257168","2"
"4102","66000","387130000C","(04)23274275","(04)23288582","2026","2","10","17","16","臺中市","北區","0","0","0","7","","","50","","","","","","","","","","","","","","17","","","","","B03","","","1","","1","","","8","8","1","13","4","120.685799","24.153168","3"
"4103","66000","387130000C","(04)23274275","(04)23288582","2026","2","10","17","18","臺中市","北屯區","0","1","0","7","2","6","50","13","9","1","5","4","6","6","1","1","10","4","4","2","16","2","9","5","4","C03","7","5","1","10","2","14","","20","20","1","12","4","120.694013","24.190522","2"
"4104","66000","387130000C","(04)23274275","(04)23288582","2026","2","10","17","18","臺中市","太平區","0","0","0","7","","","50","","","","","","","","","","","","","","16","","","","","B03","","","1","","2","","","20","20","1","13","4","120.722525","24.142371","3"
"4105","66000","387130000C","(04)23274275","(04)23288582","2026","2","10","17","18","臺中市","石岡區","0","0","0","7","","","50","","","","","","","","","","","","","","","","","","","B03","","","1","","1","","","7","7","1","12","4","120.762539","24.277022","3"
"4106","66000","387130000C","(04)23274275","(04)23288582","2026","2","10","17","19","臺中市","大雅區","0","0","0","7","","","50","","","","","","","","","","","","","","","","","","","B03","","","1","","2","","","82","82","1","12","4","120.654354","24.229388","3"
"4107","66000","387130000C","(04)23274275","(04)23288582","2026","2","10","17","19","臺中市","豐原區","0","1","0","7","2","6","50","3","1","1","5","4","6","6","1","1","4","4","5","1","16","3","10","5","4","B03","7","6","1","8","2","2","","11","11","1","12","4","120.724393","24.225618","2"
"4108","66000","387130000C","(04)23274275","(04)23288582","2026","2","10","17","21","臺中市","豐原區","0","1","0","7","2","6","50","5","1","1","5","4","6","6","1","1","5","5","4","1","16","2","9","1","1","C03","7","6","1","10","2","14","","85","85","1","13","4","120.717808","24.251865","2"
"4109","66000","387130000C","(04)23274275","(04)23288582","2026","2","10","17","22","臺中市","大里區","0","1","0","7","1","6","30","3","9","1","5","4","6","6","4","4","10","5","5","2","17","3","10","6","1","F01","7","1","7","21","2","11","","51","51","1","12","4","120.699824","24.086196","2"
"4110","66000","387130000C","(04)23274275","(04)23288582","2026","2","10","17","24","臺中市","南區","0","1","0","6","3","6","40","4","2","1","5","4","6","6","2","1","10","5","5","2","16","3","10","3","1","B03","7","5","1","8","2","4","","11","11","1","6","4","120.662211","24.121375","2"
"4111","66000","387130000C","(04)23274275","(04)23288582","2026","2","10","17","28","臺中市","潭子區","0","2","0","7","2","3","80","13","9","1","5","4","6","6","4","4","1","4","5","1","17","3","10","3","1","B03","7","7","1","8","2","5","","20","20","1","12","4","120.709997","24.200577","2"
"4112","66000","387130000C","(04)23274275","(04)23288582","2026","2","10","17","29","臺中市","西區","0","2","0","7","1","6","50","4","1","1","5","4","6","6","2","1","8","3","5","2","16","2","9","2","1","C03","7","6","1","10","2","12","","48","48","1","12","4","120.656751","24.146657","2"
"4113","66000","387130000C","(04)23274275","(04)23288582","2026","2","10","17","29","臺中市","太平區","0","0","0","7","","","50","","","","","","","","","","","","","","17","","","","","C03","","","1","","2","","","85","85","1","13","4","120.729063","24.113667","3"
"4114","66000","387130000C","(04)23274275","(04)23288582","2026","2","10","17","30","臺中市","北區","0","1","0","7","3","6","50","4","1","1","5","4","6","6","1","1","10","5","5","2","16","2","9","1","1","C03","7","6","1","10","2","13","","48","48","1","12","4","120.679099","24.169828","2"
"4115","66000","387130000C","(04)23274275","(04)23288582","2026","2","10","17","30","臺中市","東區","0","0","0","7","","","50","","","","","","","","","","","","","","12","","","","","B03","","","1","","1","","","51","51","1","13","4","120.711098","24.144517","3"
"4116","66000","387130000C","(04)23274275","(04)23288582","2026","2","10","17","30","臺中市","外埔區","0","1","0","7","2","6","50","13","9","1","5","4","6","6","4","4","10","5","5","2","17","3","10","3","1","B03","7","9","1","8","2","1","","20","20","1","12","4","120.653815","24.329403","2"
"4117","66000","387130000C","(04)23274275","(04)23288582","2026","2","10","17","30","臺中市","大甲區","0","0","0","7","","","50","","","","","","","","","","","","","","14","","","","","B03","","","1","","2","","","87","87","1","12","4","120.617731","24.351242","3"
"4118","66000","387130000C","(04)23274275","(04)23288582","2026","2","10","17","32","臺中市","大雅區","0","0","0","7","","","50","","","","","","","","","","","","","","17","","","","","B03","","","1","","2","","","84","84","1","12","4","120.635344","24.214896","3"
"4119","66000","387130000C","(04)23274275","(04)23288582","2026","2","10","17","32","臺中市","后里區","0","1","0","7","2","6","50","3","9","1","5","4","6","6","4","4","4","5","5","1","17","3","10","3","1","B03","7","1","1","8","2","7","","51","51","1","12","4","120.703065","24.322709","2"
"4120","66000","387130000C","(04)23274275","(04)23288582","2026","2","10","17","34","臺中市","西區","0","0","0","7","","","50","","","","","","","","","","","","","","11","","","","","B03","","","1","","1","","","84","84","1","13","4","120.66167","24.147867","3"
"4121","66000","387130000C","(04)23274275","(04)23288582","2026","2","10","17","34","臺中市","南區","0","0","0","7","","","50","","","","","","","","","","","","","","17","","","","","C03","","","1","","2","","","7","7","1","12","4","120.666022","24.128259","3"
"4122","66000","387130000C","(04)23274275","(04)23288582","2026","2","10","17","34","臺中市","大里區","0","0","0","6","3","6","50","3","2","1","5","4","6","6","4","4","10","5","5","2","24","","","","","B12","","","1","","2","","","84","84","1","12","4","120.703262","24.108141","3"
"4123","66000","387130000C","(04)23274275","(04)23288582","2026","2","10","17","37","臺中市","神岡區","0","0","0","7","1","6","30","13","14","1","5","4","3","6","4","4","10","5","5","2","14","","","","","","","","","","","","","49","49","1","","","120.682902","24.244332","3"
"4124","66000","387130000C","(04)23274275","(04)23288582","2026","2","10","17","38","臺中市","西屯區","0","1","0","7","1","6","50","13","9","1","5","4","6","6","4","4","4","3","5","2","13","3","10","1","1","C03","7","9","1","10","2","11","","7","7","1","13","4","120.65604","24.192114","2"
"4125","66000","387130000C","(04)23274275","(04)23288582","2026","2","10","17","38","臺中市","大里區","0","1","0","7","2","6","30","4","1","1","5","4","6","6","4","4","5","5","4","2","15","3","10","3","1","B03","7","9","1","8","2","6","","13","13","1","6","4","120.679206","24.099063","2"
"4126","66000","387130000C","(04)23274275","(04)23288582","2026","2","10","17","38","臺中市","神岡區","0","1","0","7","1","6","50","4","1","1","5","4","6","6","1","1","10","4","5","1","16","3","10","3","1","B03","7","9","1","8","2","8","","21","21","1","12","4","120.656641","24.278827","2"
"4127","66000","387130000C","(04)23274275","(04)23288582","2026","2","10","17","41","臺中市","龍井區","0","0","0","7","","","50","","","","","","","","","","","","","","","","","","","B13","","","1","","2","","","50","50","1","13","4","120.530044","24.182251","3"
"4128","66000","387130000C","(04)23274275","(04)23288582","2026","2","10","17","42","臺中市","南區","0","0","0","7","","","50","","","","","","","","","","","","","","11","","","","","B03","","","1","","1","","","20","20","1","13","4","120.669978","24.112754","3"
"4129","66000","387130000C","(04)23274275","(04)23288582","2026","2","10","17","43","臺中市","梧棲區","0","0","0","7","","","30","","","","","","","","","","","","","","15","","","","","C03","","","1","","1","","","20","20","1","6","4","120.550214","24.249138","3"
"4130","66000","387130000C","(04)23274275","(04)23288582","2026","2","10","17","45","臺中市","潭子區","0","0","0","7","","","50","","","","","","","","","","","","","","","","","","","A11","","","1","","2","","","59","59","1","13","4","120.709791","24.205974","3"
"4131","66000","387130000C","(04)23274275","(04)23288582","2026","2","10","17","49","臺中市","西屯區","0","1","0","7","1","6","50","4","1","1","5","4","6","6","2","1","10","5","5","2","16","3","10","5","4","B02","7","5","1","8","2","2","","84","84","1","13","4","120.638029","24.175602","2"
"4132","66000","387130000C","(04)23274275","(04)23288582","2026","2","10","17","51","臺中市","南區","0","0","0","7","","","50","","","","","","","","","","","","","","","","","","","C03","","","1","","9","","","84","84","1","12","4","120.654895","24.115429","3"
"4133","66000","387130000C","(04)23274275","(04)23288582","2026","2","10","17","54","臺中市","西屯區","0","2","0","7","1","6","50","13","7","1","5","4","6","6","4","4","1","4","4","2","13","2","9","1","1","C03","7","9","1","10","2","11","12","7","7","1","12","4","120.636422","24.157237","2"
"4134","66000","387130000C","(04)23274275","(04)23288582","2026","2","10","17","55","臺中市","南屯區","0","1","0","7","1","6","50","13","8","1","5","4","6","6","4","4","4","5","4","2","12","3","10","3","1","B03","7","7","1","8","2","5","","40","40","1","13","4","120.615","24.145926","2"
"4135","66000","387130000C","(04)23274275","(04)23288582","2026","2","10","17","55","臺中市","北屯區","0","0","0","7","","","50","","","","","","","","","","","","","","17","","","","","B03","","","1","","1","","","2","2","1","6","4","120.692794","24.162343","3"
"4136","66000","387130000C","(04)23274275","(04)23288582","2026","2","10","17","55","臺中市","太平區","0","1","0","7","1","6","50","4","1","1","5","4","6","6","4","4","10","5","5","2","15","3","10","3","1","B03","7","9","1","8","2","2","","15","15","1","13","4","120.722328","24.149958","2"
"4137","66000","387130000C","(04)23274275","(04)23288582","2026","2","10","17","56","臺中市","西屯區","0","0","0","7","","","30","","","","","","","","","","","","","","13","","","","","B03","","","1","","1","","","7","7","1","12","4","120.643091","24.17629","3"
"4138","66000","387130000C","(04)23274275","(04)23288582","2026","2","10","17","58","臺中市","大甲區","0","1","0","7","2","6","50","4","1","1","5","4","6","6","1","1","10","5","5","2","16","2","8","2","1","C03","7","6","1","10","2","12","","20","20","1","6","4","120.622844","24.347299","2"
"4139","66000","387130000C","(04)23274275","(04)23288582","2026","2","10","18","1","臺中市","大雅區","0","0","0","7","","","60","","","","","","","","","","","","","","","","","","","B03","","","1","","1","","","40","40","1","12","4","120.650006","24.21223","3"
"4140","66000","387130000C","(04)23274275","(04)23288582","2026","2","10","18","4","臺中市","西屯區","0","0","0","7","","","40","","","","","","","","","","","","","","13","","","","","C03","","","1","","2","","","59","59","1","12","4","120.657024","24.158277","3"
"4141","66000","387130000C","(04)23274275","(04)23288582","2026","2","10","18","10","臺中市","西屯區","0","0","0","7","","","30","","","","","","","","","","","","","","14","","","","","C03","","","1","","1","","","49","49","1","13","4","120.646339","24.18282","3"
"4142","66000","387130000C","(04)23274275","(04)23288582","2026","2","10","18","15","臺中市","南屯區","0","2","0","7","2","6","60","4","2","1","5","4","6","6","2","1","1","4","1","2","16","3","10","3","1","B03","7","5","1","8","2","2","","38","38","1","13","4","120.63283","24.123905","2"
"4143","66000","387130000C","(04)23274275","(04)23288582","2026","2","10","18","18","臺中市","烏日區","0","0","0","7","1","6","50","13","9","1","5","4","6","6","4","4","3","4","5","2","14","","","","","B03","","","1","","1","","","49","49","1","6","4","120.602087","24.106654","3"
"4144","66000","387130000C","(04)23274275","(04)23288582","2026","2","10","18","21","臺中市","北區","0","2","0","7","1","6","50","3","9","1","5","4","6","6","4","4","5","5","5","2","17","3","10","5","4","B03","7","1","1","8","2","5","","51","51","1","13","4","120.670772","24.171547","2"
"4145","66000","387130000C","(04)23274275","(04)23288582","2026","2","10","18","21","臺中市","北屯區","0","0","0","7","","","50","","","","","","","","","","","","","","13","","","","","B03","","","1","","1","","","59","59","1","6","4","120.692588","24.164808","3"
"4146","66000","387130000C","(04)23274275","(04)23288582","2026","2","10","18","21","臺中市","霧峰區","0","0","0","7","","","30","","","","","","","","","","","","","","11","","","","","A11","","","1","","2","","","8","8","1","12","4","120.664502","24.072221","3"
"4147","66000","387130000C","(04)23274275","(04)23288582","2026","2","10","18","21","臺中市","太平區","0","0","0","7","","","50","","","","","","","","","","","","","","13","","","","","B03","","","1","","2","","","7","7","1","12","4","120.709421","24.135304","3"
"4148","66000","387130000C","(04)23274275","(04)23288582","2026","2","10","18","23","臺中市","大雅區","0","0","0","7","","","50","","","","","","","","","","","","","","","","","","","B03","","","1","","1","","","84","84","1","12","4","120.662443","24.219374","3"
"4149","66000","387130000C","(04)23274275","(04)23288582","2026","2","10","18","26","臺中市","外埔區","0","1","0","7","1","6","30","4","2","1","5","4","6","6","1","1","5","5","5","1","13","3","10","3","1","B03","7","9","1","8","2","5","","7","7","1","12","4","120.656469","24.33888","2"
"4150","66000","387130000C","(04)23274275","(04)23288582","2026","2","10","18","27","臺中市","大里區","0","1","0","7","1","6","50","4","1","1","5","4","6","6","1","1","10","5","5","1","16","3","10","3","1","B03","7","5","1","8","2","5","","47","47","1","12","4","120.674786","24.103521","2"
"4151","66000","387130000C","(04)23274275","(04)23288582","2026","2","10","18","29","臺中市","沙鹿區","0","0","0","7","","","60","","","","","","","","","","","","","","","","","","","B03","","","1","","2","","","59","59","1","12","4","120.578239","24.250343","3"
"4152","66000","387130000C","(04)23274275","(04)23288582","2026","2","10","18","30","臺中市","北屯區","0","1","0","7","1","6","50","5","2","1","5","4","6","6","1","1","3","4","5","2","18","2","9","1","1","C03","7","9","1","10","2","12","","84","84","1","13","4","120.686361","24.188142","2"
"4153","66000","387130000C","(04)23274275","(04)23288582","2026","2","10","18","30","臺中市","西屯區","0","0","0","6","","","30","","","","","","","","","","","","","","","","","","","C03","","","1","","9","","","87","87","1","13","4","120.593552","24.180797","4"
"4154","66000","387130000C","(04)23274275","(04)23288582","2026","2","10","18","31","臺中市","西屯區","0","1","0","7","1","6","40","3","1","1","5","4","6","6","2","1","10","5","5","2","16","3","10","5","4","B03","7","5","1","8","2","5","","11","11","1","13","4","120.63485","24.160838","2"
"4155","66000","387130000C","(04)23274275","(04)23288582","2026","2","10","18","31","臺中市","神岡區","0","0","0","7","","","50","","","","","","","","","","","","","","12","","","","","B03","","","1","","2","","","7","7","1","12","4","120.662789","24.27214","3"
"4156","66000","387130000C","(04)23274275","(04)23288582","2026","2","10","18","35","臺中市","大雅區","0","0","0","7","","","60","","","","","","","","","","","","","","","","","","","A11","","","1","","2","","","84","84","1","12","4","120.650529","24.209841","3"
"4157","66000","387130000C","(04)23274275","(04)23288582","2026","2","10","18","40","臺中市","北屯區","0","1","0","7","1","6","50","4","1","1","5","4","6","6","2","1","10","5","5","2","16","2","7","2","1","C03","7","5","1","10","2","12","","84","84","1","12","4","120.676309","24.193341","2"
"4158","66000","387130000C","(04)23274275","(04)23288582","2026","2","10","18","41","臺中市","西屯區","0","1","0","7","1","6","50","13","12","1","5","4","6","6","4","4","9","4","4","2","16","3","10","3","1","B03","7","7","1","8","2","5","","40","40","1","12","4","120.665469","24.167353","2"
"4159","66000","387130000C","(04)23274275","(04)23288582","2026","2","10","18","42","臺中市","龍井區","0","0","0","7","","","60","","","","","","","","","","","","","","8","","","","","C03","","","1","","2","","","84","84","1","13","4","120.516837","24.197934","3"
"4160","66000","387130000C","(04)23274275","(04)23288582","2026","2","10","18","43","臺中市","南區","0","0","0","7","","","50","","","","","","","","","","","","","","12","","","","","B03","","","1","","1","","","8","8","1","13","4","120.668509","24.128353","3"
"4161","66000","387130000C","(04)23274275","(04)23288582","2026","2","10","18","43","臺中市","南屯區","0","0","0","7","","","50","","","","","","","","","","","","","","","","","","","C03","","","1","","2","","","15","15","1","13","4","120.613255","24.14834","3"
"4162","66000","387130000C","(04)23274275","(04)23288582","2026","2","10","18","47","臺中市","南屯區","0","1","0","7","1","6","50","5","1","1","5","4","6","6","1","1","10","5","5","2","18","2","9","2","1","C03","7","9","1","10","2","14","","20","20","1","13","4","120.631093","24.122248","2"
"4163","66000","387130000C","(04)23274275","(04)23288582","2026","2","10","18","48","臺中市","大里區","0","1","0","7","1","6","50","13","9","1","5","4","6","6","1","1","5","5","5","2","13","3","10","3","1","B02","7","1","1","8","2","5","","51","51","1","6","4","120.709725","24.111047","2"
"4164","66000","387130000C","(04)23274275","(04)23288582","2026","2","10","18","49","臺中市","北屯區","0","1","0","7","1","6","50","3","2","1","5","4","6","6","4","4","4","3","5","2","18","2","9","2","1","C03","7","5","1","10","2","14","","59","59","1","13","4","120.66215","24.196336","2"
"4165","66000","387130000C","(04)23274275","(04)23288582","2026","2","10","18","52","臺中市","西屯區","0","0","0","7","","","50","","","","","","","","","","","","","","16","","","","","B03","","","1","","1","","","23","23","1","12","4","120.6669","24.173098","3"
"4166","66000","387130000C","(04)23274275","(04)23288582","2026","2","10","18","54","臺中市","南屯區","0","1","0","7","1","6","50","13","9","1","5","4","6","6","1","1","5","4","5","2","17","3","10","3","1","B03","7","6","1","8","2","4","","59","59","1","12","4","120.630632","24.138909","2"
"4167","66000","387130000C","(04)23274275","(04)23288582","2026","2","10","18","55","臺中市","大雅區","0","1","0","7","1","6","30","4","1","1","5","4","6","6","4","4","10","5","5","2","15","3","10","3","1","B03","7","9","1","8","2","1","","12","12","1","12","4","120.662893","24.221585","2"
"4168","66000","387130000C","(04)23274275","(04)23288582","2026","2","10","18","56","臺中市","沙鹿區","0","0","0","7","","","50","","","","","","","","","","","","","","17","","","","","B03","","","1","","1","","","49","49","1","6","4","120.5613","24.238885","3"
"4169","66000","387130000C","(04)23274275","(04)23288582","2026","2","10","18","58","臺中市","清水區","0","0","0","7","","","50","","","","","","","","","","","","","","","","","","","A41","","","1","","2","","","8","8","1","12","4","120.558634","24.261629","3"
"4170","66000","387130000C","(04)23274275","(04)23288582","2026","2","10","19","2","臺中市","南區","0","0","0","7","","","50","","","","","","","","","","","","","","17","","","","","B03","","","1","","1","","","82","82","1","12","4","120.64929","24.120126","3"
"4171","66000","387130000C","(04)23274275","(04)23288582","2026","2","10","19","2","臺中市","大里區","0","0","0","7","","","50","","","","","","","","","","","","","","11","","","","","B03","","","1","","2","","","11","11","1","12","4","120.691907","24.074159","3"
"4172","66000","387130000C","(04)23274275","(04)23288582","2026","2","10","19","5","臺中市","龍井區","0","0","0","7","","","30","","","","","","","","","","","","","","11","","","","","C03","","","1","","2","","","41","41","1","6","4","120.593395","24.180932","4"
"4173","66000","387130000C","(04)23274275","(04)23288582","2026","2","10","19","7","臺中市","烏日區","0","2","0","7","1","6","50","4","1","1","5","4","6","6","1","1","5","4","5","1","16","2","8","1","1","C03","7","11","1","16","1","14","","11","11","1","6","4","120.64329","24.077028","2"
"4174","66000","387130000C","(04)23274275","(04)23288582","2026","2","10","19","9","臺中市","大雅區","0","0","0","7","","","50","","","","","","","","","","","","","","","","","","","C03","","","1","","2","","","84","84","1","12","4","120.649998","24.221695","3"
"4175","66000","387130000C","(04)23274275","(04)23288582","2026","2","10","19","11","臺中市","西區","0","2","0","7","1","6","50","4","1","1","5","4","6","6","4","4","10","5","5","2","15","2","9","1","1","C03","7","9","1","10","1","12","","15","15","1","13","4","120.659428","24.13833","2"
"4176","66000","387130000C","(04)23274275","(04)23288582","2026","2","10","19","11","臺中市","南屯區","0","1","0","7","1","6","50","4","1","1","5","4","6","6","2","1","5","4","4","2","16","2","9","1","1","C03","7","6","1","10","2","14","","11","11","1","12","4","120.637242","24.130181","2"
"4177","66000","387130000C","(04)23274275","(04)23288582","2026","2","10","19","12","臺中市","南區","0","0","0","7","","","50","","","","","","","","","","","","","","12","","","","","B03","","","1","","1","","","8","8","1","13","4","120.670083","24.114047","3"
"4178","66000","387130000C","(04)23274275","(04)23288582","2026","2","10","19","12","臺中市","北屯區","0","0","0","7","","","50","","","","","","","","","","","","","","13","","","","","C03","","","1","","1","","","7","7","1","6","4","120.684402","24.170418","3"
"4179","66000","387130000C","(04)23274275","(04)23288582","2026","2","10","19","13","臺中市","神岡區","0","0","0","7","1","6","","4","2","1","5","4","6","6","1","1","5","5","5","1","13","","","","","B03","","","","","","","","7","7","2","13","5","120.673731","24.261237","3"
"4180","66000","387130000C","(04)23274275","(04)23288582","2026","2","10","19","15","臺中市","沙鹿區","0","0","0","6","","","50","","","","","","","","","","","","","","","","","","","B03","","","1","","2","","","49","49","1","13","4","120.570312","24.218119","3"
"4181","66000","387130000C","(04)23274275","(04)23288582","2026","2","10","19","21","臺中市","大里區","0","1","0","6","1","6","50","4","1","1","5","4","6","6","1","1","10","4","5","1","16","3","10","3","1","B03","7","6","4","8","2","5","","25","25","1","12","4","120.689748","24.114221","2"
"4182","66000","387130000C","(04)23274275","(04)23288582","2026","2","10","19","24","臺中市","東區","0","2","0","7","1","6","50","3","1","1","5","4","6","6","4","4","10","5","5","2","16","2","4","3","1","B03","7","6","1","8","2","6","","14","14","1","12","4","120.694069","24.140049","2"
"4183","66000","387130000C","(04)23274275","(04)23288582","2026","2","10","19","25","臺中市","西屯區","0","1","0","7","1","6","50","4","2","1","5","4","6","6","1","1","5","5","5","2","17","3","10","1","1","C03","7","14","1","10","2","14","","84","84","1","12","4","120.654558","24.165922","2"
"4184","66000","387130000C","(04)23274275","(04)23288582","2026","2","10","19","25","臺中市","后里區","0","1","0","7","1","6","40","13","9","1","5","4","6","6","4","4","5","5","5","1","17","3","10","3","1","B03","7","13","1","8","2","4","","76","76","1","6","4","120.722035","24.312216","2"
"4185","66000","387130000C","(04)23274275","(04)23288582","2026","2","10","19","32","臺中市","西屯區","0","1","0","7","1","6","50","13","9","1","5","4","6","6","4","4","4","3","5","2","13","2","7","1","1","C03","7","9","1","10","2","11","","7","7","1","13","4","120.650593","24.156874","2"
"4186","66000","387130000C","(04)23274275","(04)23288582","2026","2","10","19","36","臺中市","霧峰區","0","0","0","7","","","60","","","","","","","","","","","","","","12","","","","","B03","","","1","","2","","","42","42","1","6","4","120.663907","24.083493","3"
"4187","66000","387130000C","(04)23274275","(04)23288582","2026","2","10","19","38","臺中市","西屯區","0","0","0","7","","","50","","","","","","","","","","","","","","14","","","","","B03","","","1","","1","","","49","49","1","13","4","120.637529","24.180957","3"
"4188","66000","387130000C","(04)23274275","(04)23288582","2026","2","10","19","45","臺中市","北區","0","1","0","7","3","6","50","4","1","1","5","4","6","6","3","1","10","5","5","2","17","3","10","5","4","B03","7","9","1","8","2","2","","8","8","1","13","4","120.675469","24.166076","2"