序號,縣市別代碼,機關代碼,市話,傳真,年,月,日,時,分,縣市,區,死亡數量,受傷數量,2-30,天候,道路照明設備,道路類別,道路速限,道路型態,事故位置,路面鋪裝,路面狀態,路面缺陷,障礙物,視距,號誌種類,號誌動作,分向設施,快車道或一般車道間,快慢車道間,路面邊線,事故類型及型態,受傷程度,主要傷處,保護裝備,行動電話或功能裝置,當事者區分(類別),車輛用途,當事者行動狀態,駕照狀態,駕照種類,飲酒情形,車輛撞擊部位最初,車輛撞擊部位其他,肇事因素個別,肇事因素主要,肇事逃逸,職業,共享經濟或外送平台,GPS座標X,GPS座標Y,事故類別
"4189","66000","387130000C","(04)23274275","(04)23288582","2026","2","10","19","45","臺中市","北屯區","0","0","0","7","","","50","","","","","","","","","","","","","","17","","","","","B03","","","1","","2","","","51","51","1","6","4","120.674948","24.189858","3"
"4190","66000","387130000C","(04)23274275","(04)23288582","2026","2","10","19","51","臺中市","東區","0","0","0","7","","","50","","","","","","","","","","","","","","13","","","","","B03","","","5","","1","","","82","82","1","12","4","120.696325","24.134978","3"
"4191","66000","387130000C","(04)23274275","(04)23288582","2026","2","10","19","53","臺中市","東區","0","0","0","7","","","50","","","","","","","","","","","","","","14","","","","","B03","","","1","","1","","","49","49","1","13","4","120.688652","24.132368","3"
"4192","66000","387130000C","(04)23274275","(04)23288582","2026","2","10","19","54","臺中市","西屯區","0","1","0","7","1","6","50","4","1","1","5","4","6","6","2","1","10","5","5","2","16","3","10","3","1","B03","7","6","1","8","2","2","","11","11","1","12","4","120.626176","24.184568","2"
"4193","66000","387130000C","(04)23274275","(04)23288582","2026","2","10","19","55","臺中市","潭子區","0","0","0","7","","","60","","","","","","","","","","","","","","","","","","","B03","","","1","","1","","","40","40","1","13","4","120.68651","24.206238","3"
"4194","66000","387130000C","(04)23274275","(04)23288582","2026","2","10","19","56","臺中市","大里區","0","2","0","6","1","6","30","4","1","1","5","4","6","6","4","4","10","5","5","2","15","3","10","3","1","B03","7","9","1","8","2","8","","20","20","1","12","4","120.699657","24.106388","2"
"4195","66000","387130000C","(04)23274275","(04)23288582","2026","2","10","20","2","臺中市","南區","0","2","0","7","1","6","50","4","2","1","5","4","6","6","1","1","3","4","4","2","17","2","7","2","1","C03","7","9","3","19","2","11","","7","7","1","12","4","120.656147","24.113951","2"
"4196","66000","387130000C","(04)23274275","(04)23288582","2026","2","10","20","6","臺中市","東勢區","0","0","0","7","","","50","","","","","","","","","","","","","","12","","","","","B03","","","1","","1","","","8","8","1","13","4","120.830345","24.250444","3"
"4197","66000","387130000C","(04)23274275","(04)23288582","2026","2","10","20","7","臺中市","西區","0","0","0","7","","","50","","","","","","","","","","","","","","12","","","","","B03","","","1","","2","","","8","8","1","12","4","120.661373","24.157937","3"
"4198","66000","387130000C","(04)23274275","(04)23288582","2026","2","10","20","7","臺中市","東區","0","0","0","7","","","50","","","","","","","","","","","","","","17","","","","","C03","","","1","","1","","","84","84","1","13","4","120.687457","24.134882","3"
"4199","66000","387130000C","(04)23274275","(04)23288582","2026","2","10","20","10","臺中市","南屯區","0","1","0","7","1","6","50","4","1","1","5","4","6","6","1","1","10","5","5","2","16","2","9","2","1","C03","7","6","3","19","2","14","","48","48","1","13","4","120.646504","24.146837","2"
"4200","66000","387130000C","(04)23274275","(04)23288582","2026","2","10","20","13","臺中市","潭子區","0","0","0","7","","","50","","","","","","","","","","","","","","","","","","","B03","","","1","","2","","","40","40","1","13","4","120.702079","24.201057","3"
"4201","66000","387130000C","(04)23274275","(04)23288582","2026","2","10","20","16","臺中市","南屯區","0","0","0","7","","","50","","","","","","","","","","","","","","","","","","","C03","","","1","","1","","","36","36","1","12","4","120.649719","24.140036","3"
"4202","66000","387130000C","(04)23274275","(04)23288582","2026","2","10","20","27","臺中市","東區","0","0","0","7","","","50","","","","","","","","","","","","","","","","","","","B01","","","1","","1","","","40","40","1","12","4","120.685895","24.143006","3"
"4203","66000","387130000C","(04)23274275","(04)23288582","2026","2","10","20","28","臺中市","神岡區","0","0","0","7","","","30","","","","","","","","","","","","","","11","","","","","C03","","","1","","2","","","58","58","1","13","4","120.686704","24.253827","3"
"4204","66000","387130000C","(04)23274275","(04)23288582","2026","2","10","20","29","臺中市","太平區","0","1","0","7","1","6","30","4","1","1","5","4","6","6","4","4","10","5","5","2","15","2","7","2","1","C03","7","9","1","10","2","11","","15","15","1","13","4","120.731112","24.154556","2"
"4205","66000","387130000C","(04)23274275","(04)23288582","2026","2","10","20","33","臺中市","西屯區","0","0","0","7","","","30","","","","","","","","","","","","","","14","","","","","B03","","","3","","2","","","49","49","1","12","4","120.617096","24.18478","3"
"4206","66000","387130000C","(04)23274275","(04)23288582","2026","2","10","20","35","臺中市","南屯區","0","1","0","7","1","6","50","3","2","1","5","4","6","5","4","4","10","5","5","2","17","3","10","3","1","B11","7","6","1","8","2","16","","48","48","1","13","4","120.639223","24.137553","2"
"4207","66000","387130000C","(04)23274275","(04)23288582","2026","2","10","20","36","臺中市","太平區","0","0","0","7","","","50","","","","","","","","","","","","","","17","","","","","B03","","","1","","1","","","8","8","1","12","4","120.718346","24.153653","3"
"4208","66000","387130000C","(04)23274275","(04)23288582","2026","2","10","20","45","臺中市","南屯區","0","0","0","7","","","50","","","","","","","","","","","","","","17","","","","","C03","","","1","","2","","","59","59","1","13","4","120.63769","24.147076","3"
"4209","66000","387130000C","(04)23274275","(04)23288582","2026","2","10","20","48","臺中市","新社區","0","1","0","7","1","6","50","13","9","1","5","4","6","6","4","4","9","5","5","1","21","2","9","5","4","C03","7","9","5","19","7","11","","53","53","1","13","4","120.809745","24.237646","2"
"4210","66000","387130000C","(04)23274275","(04)23288582","2026","2","10","20","53","臺中市","南屯區","0","0","0","7","1","6","50","13","9","1","5","4","6","6","1","1","5","5","5","2","13","","","","","C03","","","1","","2","","","21","21","1","12","4","120.641365","24.12948","3"
"4211","66000","387130000C","(04)23274275","(04)23288582","2026","2","10","20","54","臺中市","烏日區","0","1","0","7","1","6","50","13","8","1","5","4","6","5","4","4","5","4","4","2","1","3","10","1","1","C03","7","9","1","10","2","12","","85","85","1","6","4","120.608878","24.115144","2"
"4212","66000","387130000C","(04)23274275","(04)23288582","2026","2","10","20","56","臺中市","北屯區","0","0","0","7","","","50","","","","","","","","","","","","","","","","","","","B03","","","1","","2","","","84","84","1","13","4","120.676844","24.176947","3"
"4213","66000","387130000C","(04)23274275","(04)23288582","2026","2","10","20","57","臺中市","北區","0","0","0","7","","","50","","","","","","","","","","","","","","16","","","","","B03","","","1","","1","","","20","20","1","12","4","120.680853","24.149177","4"
"4214","66000","387130000C","(04)23274275","(04)23288582","2026","2","10","20","58","臺中市","潭子區","0","0","0","7","","","30","","","","","","","","","","","","","","","","","","","B03","","","1","","1","","","49","49","1","13","4","120.709215","24.197101","3"
"4215","66000","387130000C","(04)23274275","(04)23288582","2026","2","10","21","0","臺中市","北屯區","0","0","0","7","","","30","","","","","","","","","","","","","","30","","","","","B12","","","1","","2","","","84","84","1","6","4","120.700454","24.170841","3"
"4216","66000","387130000C","(04)23274275","(04)23288582","2026","2","10","21","2","臺中市","大雅區","0","1","0","7","3","6","30","13","9","1","5","4","6","6","4","4","10","5","5","2","17","3","10","5","4","B03","7","1","1","8","2","8","","51","51","1","12","4","120.632442","24.207815","2"
"4217","66000","387130000C","(04)23274275","(04)23288582","2026","2","10","21","3","臺中市","西屯區","0","0","0","7","","","50","","","","","","","","","","","","","","13","","","","","B02","","","1","","1","","","59","59","1","13","4","120.63733","24.176542","3"
"4218","66000","387130000C","(04)23274275","(04)23288582","2026","2","10","21","5","臺中市","北屯區","0","0","0","7","","","50","","","","","","","","","","","","","","17","","","","","C03","","","1","","2","","","84","84","1","6","4","120.686669","24.18613","3"
"4219","66000","387130000C","(04)23274275","(04)23288582","2026","2","10","21","6","臺中市","南區","0","0","0","7","","","50","","","","","","","","","","","","","","12","","","","","B03","","","1","","2","","","39","39","1","12","4","120.669754","24.126738","3"
"4220","66000","387130000C","(04)23274275","(04)23288582","2026","2","10","21","6","臺中市","太平區","0","2","0","7","1","6","50","3","1","1","5","4","6","6","4","4","10","5","5","2","16","2","9","2","1","C03","7","6","1","10","2","12","","14","14","1","13","4","120.728556","24.114068","2"
"4221","66000","387130000C","(04)23274275","(04)23288582","2026","2","10","21","7","臺中市","北屯區","0","0","0","7","","","50","","","","","","","","","","","","","","13","","","","","C03","","","1","","2","","","7","7","1","13","4","120.688182","24.182749","3"
"4222","66000","387130000C","(04)23274275","(04)23288582","2026","2","10","21","9","臺中市","梧棲區","0","0","0","7","","","60","","","","","","","","","","","","","","13","","","","","B03","","","1","","2","","","84","84","1","6","4","120.531981","24.240441","3"
"4223","66000","387130000C","(04)23274275","(04)23288582","2026","2","10","21","10","臺中市","西屯區","0","0","0","7","","","30","","","","","","","","","","","","","","14","","","","","B03","","","1","","1","","","49","49","1","13","4","120.627834","24.179836","3"
"4224","66000","387130000C","(04)23274275","(04)23288582","2026","2","10","21","10","臺中市","后里區","0","1","0","7","1","6","50","13","9","1","5","4","6","6","1","1","1","4","5","1","13","3","10","3","1","B03","7","9","1","8","2","1","","59","59","1","6","4","120.717232","24.321792","2"
"4225","66000","387130000C","(04)23274275","(04)23288582","2026","2","10","21","21","臺中市","南屯區","0","0","0","7","","","50","","","","","","","","","","","","","","17","","","","","B03","","","1","","9","","","50","50","2","6","4","120.63429","24.146226","3"
"4226","66000","387130000C","(04)23274275","(04)23288582","2026","2","10","21","33","臺中市","西屯區","0","0","0","7","","","50","","","","","","","","","","","","","","13","","","","","B03","","","1","","1","","","7","7","1","12","4","120.635445","24.182343","3"
"4227","66000","387130000C","(04)23274275","(04)23288582","2026","2","10","21","38","臺中市","沙鹿區","0","0","0","7","","","50","","","","","","","","","","","","","","","","","","","B03","","","1","","1","","","7","7","1","12","4","120.56715","24.203411","3"
"4228","66000","387130000C","(04)23274275","(04)23288582","2026","2","10","21","39","臺中市","烏日區","0","0","0","7","","","40","","","","","","","","","","","","","","12","","","","","B01","","","1","","2","","","8","8","1","6","4","120.616412","24.1124","3"
"4229","66000","387130000C","(04)23274275","(04)23288582","2026","2","10","21","49","臺中市","梧棲區","0","0","0","7","","","50","","","","","","","","","","","","","","14","","","","","B03","","","1","","9","","","49","49","1","6","4","120.537703","24.256577","3"
"4230","66000","387130000C","(04)23274275","(04)23288582","2026","2","10","21","51","臺中市","大里區","0","0","0","7","","","50","","","","","","","","","","","","","","17","","","","","C03","","","1","","1","","","84","84","2","6","4","120.690362","24.123278","3"
"4231","66000","387130000C","(04)23274275","(04)23288582","2026","2","10","22","3","臺中市","北屯區","0","0","0","7","","","50","","","","","","","","","","","","","","13","","","","","C03","","","1","","1","","","56","56","1","13","4","120.718861","24.175676","3"
"4232","66000","387130000C","(04)23274275","(04)23288582","2026","2","10","22","12","臺中市","中區","0","0","0","7","","","50","","","","","","","","","","","","","","","","","","","C03","","","1","","1","","","51","51","1","6","4","120.681375","24.139408","3"
"4233","66000","387130000C","(04)23274275","(04)23288582","2026","2","10","22","15","臺中市","大雅區","0","1","0","7","1","6","50","3","2","1","5","4","6","6","4","4","4","3","5","1","17","3","10","5","4","B03","7","11","3","19","2","8","","20","20","1","13","4","120.653832","24.22474","2"
"4234","66000","387130000C","(04)23274275","(04)23288582","2026","2","10","22","20","臺中市","烏日區","0","0","0","7","2","6","50","13","7","1","5","4","6","6","4","4","1","3","4","1","12","3","10","3","1","A11","7","8","1","2","2","7","","8","8","1","6","4","120.583538","24.110809","3"
"4235","66000","387130000C","(04)23274275","(04)23288582","2026","2","10","22","28","臺中市","烏日區","0","0","0","7","1","6","30","3","1","1","5","4","6","6","1","1","10","5","5","2","17","3","10","1","1","C03","7","2","1","10","2","13","","84","84","1","6","4","120.639084","24.10469","3"
"4236","66000","387130000C","(04)23274275","(04)23288582","2026","2","10","22","32","臺中市","清水區","0","1","0","7","1","6","50","13","9","1","5","4","6","6","4","4","5","5","5","2","3","2","7","6","1","F01","7","9","7","21","2","11","","59","59","1","12","4","120.572374","24.268298","2"
"4237","66000","387130000C","(04)23274275","(04)23288582","2026","2","10","22","47","臺中市","太平區","0","0","0","7","","","50","","","","","","","","","","","","","","","","","","","B01","","","1","","1","","","26","26","1","12","4","120.717566","24.11982","3"
"4238","66000","387130000C","(04)23274275","(04)23288582","2026","2","10","22","55","臺中市","中區","0","0","0","7","","","50","","","","","","","","","","","","","","13","","","","","C03","","","1","","1","","","7","7","1","13","4","120.675745","24.144265","3"
"4239","66000","387130000C","(04)23274275","(04)23288582","2026","2","10","23","15","臺中市","北屯區","0","0","0","7","","","50","","","","","","","","","","","","","","17","","","","","B03","","","1","","1","","","85","85","1","6","4","120.691349","24.172172","3"
"4240","66000","387130000C","(04)23274275","(04)23288582","2026","2","10","23","23","臺中市","北屯區","0","0","0","7","","","50","","","","","","","","","","","","","","17","","","","","B03","","","1","","2","","","59","59","2","6","4","120.681204","24.194311","3"
"4241","66000","387130000C","(04)23274275","(04)23288582","2026","2","10","23","31","臺中市","西屯區","0","0","0","7","","","50","","","","","","","","","","","","","","16","","","","","C03","","","1","","1","","","11","11","1","12","4","120.643112","24.178282","3"
"4242","66000","387130000C","(04)23274275","(04)23288582","2026","2","10","23","49","臺中市","大安區","0","0","0","7","","","50","","","","","","","","","","","","","","12","","","","","B03","","","1","","1","","","8","8","2","6","4","120.603925","24.379649","3"
"4243","66000","387130000C","(04)23274275","(04)23288582","2026","2","10","23","54","臺中市","大甲區","0","0","0","7","","","50","","","","","","","","","","","","","","9","","","","","B03","","","3","","2","","","50","50","1","13","4","120.628506","24.345024","3"
"4244","66000","387130000C","(04)23274275","(04)23288582","2026","2","10","23","56","臺中市","大肚區","0","1","0","7","1","6","50","13","9","1","5","4","6","6","4","4","5","5","5","2","18","2","9","1","1","C03","7","9","1","10","2","14","","84","84","1","6","4","120.551084","24.158143","2"
"4245","66000","387130000C","(04)23274275","(04)23288582","2026","2","11","0","15","臺中市","大肚區","0","0","0","7","","","","","","","","","","","","","","","","","","","","","","","","","","","","","","8","8","1","","","120.560623","24.124689","3"
"4246","66000","387130000C","(04)23274275","(04)23288582","2026","2","11","0","20","臺中市","大里區","0","0","0","7","","3","50","","","","","","","","","","","","","","","","","","","B02","","","1","","2","","","40","40","1","12","4","120.685434","24.092045","3"
"4247","66000","387130000C","(04)23274275","(04)23288582","2026","2","11","0","38","臺中市","大甲區","0","0","0","7","","","60","","","","","","","","","","","","","","9","","","","","B03","","","1","","2","","","84","84","1","13","4","120.617389","24.346538","3"
"4248","66000","387130000C","(04)23274275","(04)23288582","2026","2","11","2","0","臺中市","北區","0","0","0","7","","","30","","","","","","","","","","","","","","","","","","","B03","","","1","","1","","","77","77","1","12","4","120.697319","24.153288","3"
"4249","66000","387130000C","(04)23274275","(04)23288582","2026","2","11","2","22","臺中市","西屯區","0","0","0","7","","","30","","","","","","","","","","","","","","17","","","","","A12","","","1","","2","","","8","8","1","12","4","120.663584","24.165206","3"
"4250","66000","387130000C","(04)23274275","(04)23288582","2026","2","11","2","44","臺中市","西屯區","0","0","0","7","","","50","","","","","","","","","","","","","","13","","","","","B12","","","1","","1","","","7","7","1","12","4","120.618732","24.187787","3"
"4251","66000","387130000C","(04)23274275","(04)23288582","2026","2","11","2","45","臺中市","北屯區","0","1","0","7","1","6","50","3","2","1","5","4","6","6","1","1","1","4","5","2","30","2","9","1","1","C03","7","9","1","10","2","14","","82","82","1","6","4","120.695569","24.167021","2"
"4252","66000","387130000C","(04)23274275","(04)23288582","2026","2","11","3","10","臺中市","西屯區","0","1","0","7","1","6","30","13","9","1","5","4","6","6","4","4","10","5","5","2","17","2","8","1","1","C03","7","9","1","10","2","11","","59","59","1","12","4","120.646543","24.182879","2"
"4253","66000","387130000C","(04)23274275","(04)23288582","2026","2","11","3","22","臺中市","北屯區","0","1","0","7","1","6","50","13","9","1","5","4","6","6","4","4","3","4","5","2","13","2","9","1","1","C04","7","9","1","10","2","11","","84","84","1","13","4","120.661295","24.189974","2"
"4254","66000","387130000C","(04)23274275","(04)23288582","2026","2","11","4","20","臺中市","沙鹿區","0","1","0","7","1","6","40","13","8","1","5","4","6","6","4","4","1","4","1","2","17","2","9","1","1","C03","7","9","1","9","2","12","","82","82","1","12","4","120.578039","24.250505","2"
"4255","66000","387130000C","(04)23274275","(04)23288582","2026","2","11","5","8","臺中市","南屯區","0","0","0","6","","3","80","","","","","","","","","","","","","","12","","","","","B03","","","1","","1","","","85","85","1","6","4","120.619826","24.121355","3"
"4256","66000","387130000C","(04)23274275","(04)23288582","2026","2","11","5","39","臺中市","潭子區","0","0","0","6","","","30","","","","","","","","","","","","","","","","","","","","","","","","","","","84","84","1","","","120.706478","24.209085","3"
"4257","66000","387130000C","(04)23274275","(04)23288582","2026","2","11","5","57","臺中市","大肚區","0","2","0","7","1","6","50","3","1","1","5","4","6","6","1","1","5","5","5","2","16","2","8","1","1","C03","7","11","1","10","2","14","","32","32","1","6","4","120.539732","24.159703","2"
"4258","66000","387130000C","(04)23274275","(04)23288582","2026","2","11","6","6","臺中市","東勢區","0","1","0","7","2","6","50","4","2","1","5","4","6","6","1","1","5","5","5","1","11","3","10","5","4","B03","7","6","1","8","2","8","","8","8","1","13","4","120.830948","24.261866","2"
"4259","66000","387130000C","(04)23274275","(04)23288582","2026","2","11","6","21","臺中市","潭子區","0","2","0","7","3","6","50","13","8","1","5","4","6","6","4","4","1","4","4","1","17","2","9","2","1","C03","7","9","1","10","2","12","14","84","84","1","13","4","120.70261","24.188268","2"
"4260","66000","387130000C","(04)23274275","(04)23288582","2026","2","11","6","23","臺中市","南屯區","0","0","0","7","","","30","","","","","","","","","","","","","","15","","","","","C03","","","1","","1","","","11","11","1","13","4","120.611992","24.140266","3"
"4261","66000","387130000C","(04)23274275","(04)23288582","2026","2","11","6","36","臺中市","北屯區","0","0","0","7","","","50","","","","","","","","","","","","","","15","","","","","B12","","","1","","2","","","24","24","1","6","4","120.687636","24.195207","3"
"4262","66000","387130000C","(04)23274275","(04)23288582","2026","2","11","6","55","臺中市","北屯區","0","1","0","7","2","6","50","4","2","1","5","4","6","6","1","1","5","4","5","2","17","3","10","3","1","B03","7","7","5","19","8","5","","53","53","1","12","4","120.722543","24.176029","2"
"4263","66000","387130000C","(04)23274275","(04)23288582","2026","2","11","7","4","臺中市","大里區","0","1","0","7","2","6","50","13","9","1","5","4","6","6","4","4","5","5","5","1","17","3","10","3","1","B12","7","4","1","8","2","2","","84","84","1","12","4","120.686152","24.113534","2"
"4264","66000","387130000C","(04)23274275","(04)23288582","2026","2","11","7","15","臺中市","南屯區","0","1","0","7","2","6","50","4","1","1","5","4","6","6","2","1","10","5","5","2","17","3","10","1","1","C03","7","15","1","10","2","13","","84","84","1","13","4","120.634806","24.153878","2"
"4265","66000","387130000C","(04)23274275","(04)23288582","2026","2","11","7","20","臺中市","南屯區","0","1","0","7","3","6","50","4","9","1","5","4","6","6","2","1","3","4","5","1","12","3","10","3","1","B03","7","7","1","8","2","2","","7","7","1","12","4","120.640409","24.141619","2"
"4266","66000","387130000C","(04)23274275","(04)23288582","2026","2","11","7","20","臺中市","烏日區","0","0","0","7","","","30","","","","","","","","","","","","","","11","","","","","B03","","","1","","1","","","8","8","1","6","4","120.644311","24.073205","3"
"4267","66000","387130000C","(04)23274275","(04)23288582","2026","2","11","7","20","臺中市","清水區","0","0","0","7","","","40","","","","","","","","","","","","","","17","","","","","B03","","","1","","2","","","50","50","1","12","4","120.571679","24.260955","3"
"4268","66000","387130000C","(04)23274275","(04)23288582","2026","2","11","7","22","臺中市","神岡區","0","0","0","7","2","6","50","13","9","1","5","4","6","6","4","4","9","5","5","1","17","3","10","3","1","B03","7","2","1","8","2","3","3","49","49","1","12","4","120.656445","24.253973","3"
"4269","66000","387130000C","(04)23274275","(04)23288582","2026","2","11","7","25","臺中市","西屯區","0","1","0","7","2","6","50","3","1","1","5","4","6","6","4","4","10","5","5","2","16","2","9","1","1","C03","7","6","5","10","2","14","","14","14","1","13","4","120.663671","24.166087","2"
"4270","66000","387130000C","(04)23274275","(04)23288582","2026","2","11","7","26","臺中市","北屯區","0","0","0","7","","","30","","","","","","","","","","","","","","17","","","","","B03","","","1","","2","","","84","84","1","12","4","120.666471","24.182729","3"
"4271","66000","387130000C","(04)23274275","(04)23288582","2026","2","11","7","30","臺中市","西屯區","0","0","0","7","","","50","","","","","","","","","","","","","","13","","","","","C03","","","5","","1","","","7","7","1","12","4","120.63626","24.181943","3"
"4272","66000","387130000C","(04)23274275","(04)23288582","2026","2","11","7","30","臺中市","大肚區","0","0","0","7","","","50","","","","","","","","","","","","","","13","","","","","B03","","","5","","2","","","59","59","1","12","4","120.542481","24.165828","3"
"4273","66000","387130000C","(04)23274275","(04)23288582","2026","2","11","7","33","臺中市","大里區","0","2","0","7","2","6","40","4","1","1","5","4","6","6","1","1","10","5","5","2","17","3","10","3","1","B03","7","6","1","8","2","2","","11","11","1","6","4","120.695387","24.096954","2"
"4274","66000","387130000C","(04)23274275","(04)23288582","2026","2","11","7","35","臺中市","大雅區","0","2","0","7","2","6","50","13","9","1","5","4","6","6","4","4","8","3","5","1","12","3","10","3","4","B03","7","6","1","8","1","16","","84","84","1","12","4","120.629405","24.207946","2"
"4275","66000","387130000C","(04)23274275","(04)23288582","2026","2","11","7","38","臺中市","大雅區","0","0","0","7","","","50","","","","","","","","","","","","","","","","","","","B03","","","1","","2","","","7","7","1","13","4","120.615094","24.220246","3"
"4276","66000","387130000C","(04)23274275","(04)23288582","2026","2","11","7","38","臺中市","北屯區","0","1","0","7","2","6","40","4","4","1","5","4","6","6","2","1","3","4","4","2","13","2","9","1","1","C03","7","9","1","10","1","11","","7","7","1","12","4","120.665311","24.183694","2"
"4277","66000","387130000C","(04)23274275","(04)23288582","2026","2","11","7","38","臺中市","西屯區","0","0","0","7","","","50","","","","","","","","","","","","","","13","","","","","B03","","","1","","1","","","7","7","1","12","4","120.618665","24.181578","3"
"4278","66000","387130000C","(04)23274275","(04)23288582","2026","2","11","7","38","臺中市","沙鹿區","0","0","0","7","","","40","","","","","","","","","","","","","","13","","","","","C03","","","1","","2","","","7","7","1","12","4","120.558911","24.241738","3"
"4279","66000","387130000C","(04)23274275","(04)23288582","2026","2","11","7","39","臺中市","南屯區","0","0","0","7","","3","40","","","","","","","","","","","","","","17","","","","","B03","","","1","","1","","","20","20","1","12","4","120.623276","24.150275","3"
"4280","66000","387130000C","(04)23274275","(04)23288582","2026","2","11","7","39","臺中市","西屯區","0","0","0","7","","","60","","","","","","","","","","","","","","13","","","","","B03","","","1","","1","","","59","59","1","12","4","120.637152","24.185844","3"
"4281","66000","387130000C","(04)23274275","(04)23288582","2026","2","11","7","41","臺中市","大里區","0","0","0","7","","","50","","","","","","","","","","","","","","","","","","","B03","","","1","","2","","","84","84","1","12","4","120.689183","24.116488","3"
"4282","66000","387130000C","(04)23274275","(04)23288582","2026","2","11","7","41","臺中市","沙鹿區","0","1","0","7","2","6","50","3","1","1","5","4","6","6","4","4","10","5","5","2","16","3","10","3","1","B03","7","6","1","8","2","8","","14","14","1","6","4","120.605234","24.244569","2"
"4283","66000","387130000C","(04)23274275","(04)23288582","2026","2","11","7","42","臺中市","大里區","0","1","0","7","2","6","60","13","7","1","5","4","6","6","4","4","1","4","4","2","13","2","9","2","1","C03","7","9","1","10","2","11","","37","37","1","13","4","120.688469","24.081456","2"
"4284","66000","387130000C","(04)23274275","(04)23288582","2026","2","11","7","43","臺中市","太平區","0","1","0","7","2","6","50","4","2","1","5","4","6","6","2","1","5","5","5","1","13","2","9","2","1","C04","7","8","1","10","2","13","","40","40","1","12","4","120.713918","24.145153","2"
"4285","66000","387130000C","(04)23274275","(04)23288582","2026","2","11","7","43","臺中市","神岡區","0","1","0","7","1","6","30","4","2","1","5","4","6","6","4","4","10","5","5","2","17","2","9","1","4","C03","7","9","1","10","2","14","","43","43","1","12","4","120.696702","24.244844","2"
"4286","66000","387130000C","(04)23274275","(04)23288582","2026","2","11","7","44","臺中市","大里區","0","1","0","7","2","6","50","13","7","1","5","4","6","6","4","4","9","5","4","2","17","3","10","3","1","B03","7","11","1","8","2","4","","45","45","1","12","4","120.69236","24.117827","2"
"4287","66000","387130000C","(04)23274275","(04)23288582","2026","2","11","7","45","臺中市","大雅區","0","2","0","7","2","6","50","3","9","1","5","4","6","6","3","1","4","1","5","2","17","2","9","1","4","C03","7","6","1","10","2","14","","48","48","1","12","4","120.65789","24.244465","2"
"4288","66000","387130000C","(04)23274275","(04)23288582","2026","2","11","7","45","臺中市","北區","0","3","0","7","2","6","50","4","1","1","5","4","6","6","2","1","3","4","5","2","17","2","8","1","1","C03","7","5","1","10","2","12","","47","47","1","12","4","120.692242","24.161434","2"
"4289","66000","387130000C","(04)23274275","(04)23288582","2026","2","11","7","45","臺中市","南屯區","0","1","0","7","3","6","60","3","1","1","5","4","6","6","1","1","10","5","5","2","12","3","10","3","1","B03","7","7","1","8","2","2","","40","40","1","13","4","120.587213","24.161356","2"
"4290","66000","387130000C","(04)23274275","(04)23288582","2026","2","11","7","47","臺中市","西屯區","0","2","0","7","2","6","30","3","2","1","5","4","6","6","4","4","10","5","5","1","17","2","9","5","1","C03","7","1","1","10","2","11","","51","51","1","12","4","120.655084","24.160448","2"
"4291","66000","387130000C","(04)23274275","(04)23288582","2026","2","11","7","47","臺中市","龍井區","0","1","0","7","2","6","50","4","1","1","5","4","6","6","2","1","10","5","5","2","16","3","10","1","1","C03","7","5","1","10","2","13","","8","8","1","6","4","120.593065","24.182807","2"
"4292","66000","387130000C","(04)23274275","(04)23288582","2026","2","11","7","47","臺中市","梧棲區","0","1","0","7","2","6","30","4","1","1","5","4","6","6","4","4","10","5","5","2","15","2","9","1","1","C03","7","9","1","10","2","11","","12","12","1","12","4","120.543547","24.229706","2"
"4293","66000","387130000C","(04)23274275","(04)23288582","2026","2","11","7","47","臺中市","后里區","0","0","0","7","","","50","","","","","","","","","","","","","","16","","","","","B03","","","1","","2","","","45","45","1","12","4","120.718056","24.310068","3"
"4294","66000","387130000C","(04)23274275","(04)23288582","2026","2","11","7","47","臺中市","豐原區","0","1","0","7","2","6","50","3","1","1","5","4","6","6","4","4","5","5","4","2","17","2","9","5","4","C03","7","9","1","10","2","16","","84","84","1","12","4","120.716013","24.254133","2"
"4295","66000","387130000C","(04)23274275","(04)23288582","2026","2","11","7","48","臺中市","龍井區","0","0","0","7","","","40","","","","","","","","","","","","","","13","","","","","A42","","","1","","1","","","7","7","1","13","4","120.496467","24.212999","3"
"4296","66000","387130000C","(04)23274275","(04)23288582","2026","2","11","7","48","臺中市","梧棲區","0","1","0","7","2","6","30","3","1","1","5","4","6","6","4","4","10","5","5","2","16","3","10","3","1","B03","7","5","1","8","2","8","","14","14","1","12","4","120.528308","24.258815","2"
"4297","66000","387130000C","(04)23274275","(04)23288582","2026","2","11","7","50","臺中市","南屯區","0","1","0","7","3","6","50","4","1","1","5","4","6","6","4","4","5","5","5","2","12","3","10","3","1","B03","7","11","1","8","2","4","","20","20","1","12","4","120.642609","24.15035","2"
"4298","66000","387130000C","(04)23274275","(04)23288582","2026","2","11","7","51","臺中市","太平區","0","1","0","7","2","6","30","4","1","1","5","4","6","6","3","1","10","5","5","2","15","2","9","2","1","C03","7","9","1","8","2","12","","24","24","1","12","4","120.723159","24.142083","2"
"4299","66000","387130000C","(04)23274275","(04)23288582","2026","2","11","7","52","臺中市","大雅區","0","0","0","7","","","30","","","","","","","","","","","","","","","","","","","C03","","","1","","2","","","84","84","1","13","4","120.673576","24.226344","3"