序號,縣市別代碼,機關代碼,市話,傳真,年,月,日,時,分,縣市,區,死亡數量,受傷數量,2-30,天候,道路照明設備,道路類別,道路速限,道路型態,事故位置,路面鋪裝,路面狀態,路面缺陷,障礙物,視距,號誌種類,號誌動作,分向設施,快車道或一般車道間,快慢車道間,路面邊線,事故類型及型態,受傷程度,主要傷處,保護裝備,行動電話或功能裝置,當事者區分(類別),車輛用途,當事者行動狀態,駕照狀態,駕照種類,飲酒情形,車輛撞擊部位最初,車輛撞擊部位其他,肇事因素個別,肇事因素主要,肇事逃逸,職業,共享經濟或外送平台,GPS座標X,GPS座標Y,事故類別
"4300","66000","387130000C","(04)23274275","(04)23288582","2026","2","11","7","52","臺中市","烏日區","0","2","0","7","2","6","50","13","9","1","5","4","6","6","4","4","10","5","5","1","13","2","7","2","1","C03","7","12","1","10","2","13","11","87","87","1","6","4","120.658131","24.099651","2"
"4301","66000","387130000C","(04)23274275","(04)23288582","2026","2","11","7","53","臺中市","烏日區","0","0","0","7","","","30","","","","","","","","","","","","","","13","","","","","C03","","","1","","1","","","7","7","1","6","4","120.648939","24.069441","3"
"4302","66000","387130000C","(04)23274275","(04)23288582","2026","2","11","7","53","臺中市","豐原區","0","0","0","7","","","50","","","","","","","","","","","","","","13","","","","","C03","","","1","","1","","","7","7","1","12","4","120.699815","24.24629","4"
"4303","66000","387130000C","(04)23274275","(04)23288582","2026","2","11","7","54","臺中市","西屯區","0","2","0","6","2","6","30","4","1","1","5","4","6","6","4","4","10","5","5","2","15","2","9","5","4","C03","7","9","1","10","2","11","","15","15","1","12","4","120.650759","24.173424","2"
"4304","66000","387130000C","(04)23274275","(04)23288582","2026","2","11","7","54","臺中市","神岡區","0","1","0","7","2","6","50","3","1","1","5","4","6","6","1","1","1","2","4","2","17","2","9","1","1","C03","7","9","1","10","2","12","12","21","21","1","12","4","120.683127","24.24671","2"
"4305","66000","387130000C","(04)23274275","(04)23288582","2026","2","11","7","55","臺中市","大肚區","0","0","0","7","","","30","","","","","","","","","","","","","","10","","","","","C03","","","1","","1","","","8","8","1","12","4","120.569681","24.122801","3"
"4306","66000","387130000C","(04)23274275","(04)23288582","2026","2","11","7","56","臺中市","北屯區","0","1","0","7","3","6","50","3","1","1","5","4","6","6","4","4","10","5","5","2","16","3","10","3","1","B03","7","6","1","2","2","1","","14","14","1","12","4","120.716314","24.165859","2"
"4307","66000","387130000C","(04)23274275","(04)23288582","2026","2","11","7","57","臺中市","南屯區","0","2","0","7","2","6","50","3","1","1","5","4","6","6","4","4","9","5","5","2","13","2","9","1","1","C03","7","9","1","10","2","11","","7","7","1","12","4","120.637783","24.138945","2"
"4308","66000","387130000C","(04)23274275","(04)23288582","2026","2","11","8","0","臺中市","西區","0","1","0","7","2","6","50","13","9","1","5","4","6","6","4","4","5","4","5","2","13","3","10","5","4","C03","7","9","1","10","2","11","","7","7","1","13","4","120.659554","24.146825","2"
"4309","66000","387130000C","(04)23274275","(04)23288582","2026","2","11","8","3","臺中市","西屯區","0","1","0","7","2","6","50","4","1","1","5","4","6","6","1","1","10","5","5","2","16","2","9","1","1","C03","7","6","1","10","2","14","","48","48","1","12","4","120.62228","24.174097","2"
"4310","66000","387130000C","(04)23274275","(04)23288582","2026","2","11","8","4","臺中市","潭子區","0","0","0","7","","","60","","","","","","","","","","","","","","","","","","","B03","","","1","","1","","","7","7","1","13","4","120.705242","24.214766","3"
"4311","66000","387130000C","(04)23274275","(04)23288582","2026","2","11","8","6","臺中市","大雅區","0","0","0","7","","","30","","","","","","","","","","","","","","","","","","","B03","","","1","","1","","","85","85","2","12","4","120.654476","24.212618","3"
"4312","66000","387130000C","(04)23274275","(04)23288582","2026","2","11","8","6","臺中市","烏日區","0","2","0","7","2","6","50","4","1","1","5","4","6","6","4","4","10","5","5","2","15","2","9","2","1","C03","7","9","1","10","2","14","","12","12","1","6","4","120.649546","24.070206","2"
"4313","66000","387130000C","(04)23274275","(04)23288582","2026","2","11","8","9","臺中市","大里區","0","1","0","7","2","6","30","3","1","1","5","4","6","6","3","1","10","5","5","1","16","3","10","3","1","B03","7","6","1","8","2","1","","24","24","1","12","4","120.665104","24.096776","2"
"4314","66000","387130000C","(04)23274275","(04)23288582","2026","2","11","8","9","臺中市","大里區","0","2","0","7","3","6","50","3","1","1","5","4","6","6","4","4","10","5","5","2","15","2","9","4","1","F03","7","1","7","21","2","12","","51","51","1","13","4","120.719472","24.094028","2"
"4315","66000","387130000C","(04)23274275","(04)23288582","2026","2","11","8","11","臺中市","南屯區","0","1","0","7","2","6","50","4","2","1","5","4","6","6","4","4","9","4","4","2","11","3","10","3","1","B03","7","6","1","8","2","2","","39","39","1","12","4","120.637929","24.139165","2"
"4316","66000","387130000C","(04)23274275","(04)23288582","2026","2","11","8","14","臺中市","烏日區","0","0","0","7","","","50","","","","","","","","","","","","","","","","","","","B03","","","1","","1","","","84","84","1","13","4","120.609607","24.112492","3"
"4317","66000","387130000C","(04)23274275","(04)23288582","2026","2","11","8","15","臺中市","潭子區","0","1","0","6","2","6","30","4","1","1","5","4","6","6","4","4","10","5","5","2","15","2","9","1","1","C03","7","9","1","10","2","12","","15","15","1","13","4","120.706823","24.21039","2"
"4318","66000","387130000C","(04)23274275","(04)23288582","2026","2","11","8","18","臺中市","后里區","0","1","0","7","2","6","50","13","9","1","5","4","6","6","4","4","10","5","5","2","2","3","10","1","1","C03","7","9","1","10","2","11","","59","59","1","12","4","120.7206","24.307875","2"
"4319","66000","387130000C","(04)23274275","(04)23288582","2026","2","11","8","20","臺中市","北屯區","0","1","0","7","3","6","50","4","2","1","5","4","6","6","1","1","1","4","4","2","13","2","9","1","1","C03","7","9","1","10","2","11","","59","59","1","6","4","120.685492","24.173119","2"
"4320","66000","387130000C","(04)23274275","(04)23288582","2026","2","11","8","21","臺中市","北區","0","0","0","7","","","50","","","","","","","","","","","","","","17","","","","","C03","","","6","","1","","","85","85","1","13","4","120.689127","24.158282","4"
"4321","66000","387130000C","(04)23274275","(04)23288582","2026","2","11","8","22","臺中市","大雅區","0","0","0","7","","","","","","","","","","","","","","","","","","","","","","","","","","","","","","119","119","1","","","120.649827","24.226486","3"
"4322","66000","387130000C","(04)23274275","(04)23288582","2026","2","11","8","22","臺中市","沙鹿區","0","1","0","7","2","6","60","13","7","1","5","4","6","6","4","4","1","4","4","1","13","2","8","3","1","B03","7","9","1","8","2","1","","7","7","1","6","4","120.615895","24.243809","2"
"4323","66000","387130000C","(04)23274275","(04)23288582","2026","2","11","8","25","臺中市","西屯區","0","0","0","7","","","50","","","","","","","","","","","","","","13","","","","","B03","","","1","","1","","","84","84","1","12","4","120.64111","24.173543","3"
"4324","66000","387130000C","(04)23274275","(04)23288582","2026","2","11","8","25","臺中市","西屯區","0","2","0","7","2","6","50","4","1","1","5","4","6","6","4","4","10","5","5","2","13","2","9","1","1","C03","7","9","1","10","2","11","","7","7","1","13","4","120.649613","24.16279","2"
"4325","66000","387130000C","(04)23274275","(04)23288582","2026","2","11","8","26","臺中市","西屯區","0","1","0","7","2","6","35","3","9","1","5","4","6","6","4","4","10","5","5","2","16","3","10","1","1","C03","7","6","1","10","2","16","","14","14","1","12","4","120.628474","24.172823","2"
"4326","66000","387130000C","(04)23274275","(04)23288582","2026","2","11","8","27","臺中市","北屯區","0","1","0","7","1","6","50","4","2","1","5","4","6","6","4","4","10","4","5","2","15","3","10","3","1","B03","7","9","1","8","2","1","","12","12","1","13","4","120.689182","24.163825","2"
"4327","66000","387130000C","(04)23274275","(04)23288582","2026","2","11","8","27","臺中市","西屯區","0","1","0","7","2","6","50","13","9","1","5","4","6","6","1","1","1","4","5","1","18","2","9","5","1","C04","7","9","1","11","2","14","","59","59","1","12","4","120.64279","24.172435","2"
"4328","66000","387130000C","(04)23274275","(04)23288582","2026","2","11","8","27","臺中市","龍井區","0","0","0","7","","","60","","","","","","","","","","","","","","13","","","","","B03","","","1","","1","","","78","78","1","6","4","120.586465","24.186106","3"
"4329","66000","387130000C","(04)23274275","(04)23288582","2026","2","11","8","28","臺中市","西屯區","0","0","0","7","","","50","","","","","","","","","","","","","","12","","","","","B12","","","1","","2","","","40","40","1","12","4","120.644885","24.171035","3"
"4330","66000","387130000C","(04)23274275","(04)23288582","2026","2","11","8","30","臺中市","北屯區","0","0","0","7","","","50","","","","","","","","","","","","","","13","","","","","B03","","","1","","1","","","56","56","1","12","4","120.690352","24.179297","3"
"4331","66000","387130000C","(04)23274275","(04)23288582","2026","2","11","8","30","臺中市","清水區","0","0","0","7","","","40","","","","","","","","","","","","","","17","","","","","C03","","","1","","2","","","50","50","1","12","4","120.574782","24.267728","3"
"4332","66000","387130000C","(04)23274275","(04)23288582","2026","2","11","8","31","臺中市","北屯區","0","1","0","7","2","6","50","4","9","1","5","4","6","6","2","1","1","1","5","2","13","2","7","1","1","C03","7","9","1","10","2","12","","7","7","1","6","4","120.685221","24.169605","2"
"4333","66000","387130000C","(04)23274275","(04)23288582","2026","2","11","8","32","臺中市","西屯區","0","0","0","7","","","30","","","","","","","","","","","","","","16","","","","","B03","","","1","","1","","","51","51","1","12","4","120.652822","24.168253","4"
"4334","66000","387130000C","(04)23274275","(04)23288582","2026","2","11","8","32","臺中市","太平區","0","1","0","7","2","6","50","3","1","1","5","4","6","6","4","4","5","5","5","2","15","3","10","3","1","B03","7","9","1","8","2","2","","15","15","1","12","4","120.711311","24.103756","2"
"4335","66000","387130000C","(04)23274275","(04)23288582","2026","2","11","8","34","臺中市","潭子區","0","2","0","7","2","6","50","4","1","1","5","4","6","6","2","1","1","4","4","1","13","2","8","3","1","B03","7","5","1","8","2","1","","7","7","1","13","4","120.691191","24.216018","2"
"4336","66000","387130000C","(04)23274275","(04)23288582","2026","2","11","8","34","臺中市","太平區","0","0","0","7","","","50","","","","","","","","","","","","","","11","","","","","B03","","","1","","1","","","8","8","1","12","4","120.716813","24.159996","3"
"4337","66000","387130000C","(04)23274275","(04)23288582","2026","2","11","8","36","臺中市","北屯區","0","4","0","7","2","6","50","4","1","1","5","4","6","6","4","4","10","5","5","2","15","3","10","3","1","B03","7","9","1","8","2","5","","15","15","1","12","4","120.684327","24.186277","2"
"4338","66000","387130000C","(04)23274275","(04)23288582","2026","2","11","8","39","臺中市","潭子區","0","1","0","7","3","6","60","13","7","1","5","4","6","6","4","4","1","4","4","1","12","2","3","1","1","C03","7","9","1","10","2","11","","7","7","1","13","4","120.702973","24.198077","2"
"4339","66000","387130000C","(04)23274275","(04)23288582","2026","2","11","8","40","臺中市","太平區","0","1","0","7","2","6","50","3","1","1","5","4","6","6","1","1","5","5","5","2","16","2","9","2","1","C03","7","9","1","10","2","14","","84","84","1","12","4","120.715865","24.13484","2"
"4340","66000","387130000C","(04)23274275","(04)23288582","2026","2","11","8","40","臺中市","太平區","0","0","0","7","","","50","","","","","","","","","","","","","","17","","","","","B12","","","1","","9","","","84","84","2","13","4","120.716755","24.10333","3"
"4341","66000","387130000C","(04)23274275","(04)23288582","2026","2","11","8","40","臺中市","沙鹿區","0","1","0","7","2","6","30","11","9","1","5","4","6","6","4","4","10","5","5","1","11","2","8","1","1","C03","7","5","1","10","2","14","","41","41","1","12","4","120.549346","24.218126","2"
"4342","66000","387130000C","(04)23274275","(04)23288582","2026","2","11","8","43","臺中市","南屯區","0","1","0","7","2","6","50","5","1","1","5","4","6","6","4","4","10","5","5","2","15","3","10","2","1","C03","7","9","1","10","2","12","","15","15","1","13","4","120.643779","24.137756","2"
"4343","66000","387130000C","(04)23274275","(04)23288582","2026","2","11","8","43","臺中市","后里區","0","2","0","7","2","6","50","3","1","1","5","4","6","6","1","1","5","4","5","2","12","2","9","1","1","C03","7","6","1","10","2","14","","84","84","1","6","4","120.719466","24.306832","2"
"4344","66000","387130000C","(04)23274275","(04)23288582","2026","2","11","8","47","臺中市","南屯區","0","0","0","7","","","40","","","","","","","","","","","","","","12","3","10","3","1","B12","7","9","1","8","1","1","","7","7","1","12","4","120.583914","24.168315","3"
"4345","66000","387130000C","(04)23274275","(04)23288582","2026","2","11","8","49","臺中市","西屯區","0","0","0","7","","","60","","","","","","","","","","","","","","13","","","","","B03","","","1","","2","","","56","56","1","12","4","120.644164","24.201417","3"
"4346","66000","387130000C","(04)23274275","(04)23288582","2026","2","11","8","49","臺中市","西屯區","0","0","0","7","","","50","","","","","","","","","","","","","","12","","","","","B03","","","1","","1","","","40","40","1","13","4","120.626178","24.184555","3"
"4347","66000","387130000C","(04)23274275","(04)23288582","2026","2","11","8","51","臺中市","東區","0","0","0","7","","","50","","","","","","","","","","","","","","","","","","","B03","","","1","","1","","","84","84","1","13","4","120.70133","24.144244","3"
"4348","66000","387130000C","(04)23274275","(04)23288582","2026","2","11","8","53","臺中市","北屯區","0","1","0","7","2","6","50","14","9","1","5","4","6","6","4","4","10","5","5","2","13","3","10","3","1","B03","7","9","1","8","2","1","","59","59","1","12","4","120.740095","24.17906","2"
"4349","66000","387130000C","(04)23274275","(04)23288582","2026","2","11","8","56","臺中市","南區","0","1","0","7","1","6","50","4","1","1","5","4","6","6","1","1","10","5","5","2","17","3","10","5","4","C03","7","15","1","10","2","13","","42","42","1","13","4","120.66678","24.118555","2"
"4350","66000","387130000C","(04)23274275","(04)23288582","2026","2","11","8","56","臺中市","北屯區","0","0","0","7","","","50","","","","","","","","","","","","","","","","","","","B03","","","1","","1","","","56","56","1","12","4","120.724854","24.175606","3"
"4351","66000","387130000C","(04)23274275","(04)23288582","2026","2","11","8","57","臺中市","太平區","0","1","0","7","2","6","30","4","1","1","5","4","6","6","4","4","10","5","5","2","15","2","9","2","1","C03","7","9","1","10","2","11","","15","15","1","12","4","120.724055","24.142719","2"
"4352","66000","387130000C","(04)23274275","(04)23288582","2026","2","11","9","0","臺中市","南區","0","0","0","7","","","50","","","","","","","","","","","","","","12","","","","","C03","","","1","","2","","","40","40","1","6","4","120.645792","24.11171","3"
"4353","66000","387130000C","(04)23274275","(04)23288582","2026","2","11","9","5","臺中市","大甲區","0","1","0","7","3","6","50","4","1","1","5","4","6","6","1","1","10","5","5","2","16","3","10","4","1","F01","7","6","7","21","2","12","","11","11","1","6","4","120.630409","24.342736","2"
"4354","66000","387130000C","(04)23274275","(04)23288582","2026","2","11","9","7","臺中市","北屯區","0","0","0","7","","","50","","","","","","","","","","","","","","","","","","","C03","","","1","","1","","","7","7","1","12","4","120.720801","24.159421","3"
"4355","66000","387130000C","(04)23274275","(04)23288582","2026","2","11","9","12","臺中市","西屯區","0","2","0","7","2","6","50","3","2","1","5","4","6","6","4","4","1","4","5","2","13","3","10","1","1","C03","7","9","1","10","1","12","","7","7","1","12","4","120.654985","24.200629","2"
"4356","66000","387130000C","(04)23274275","(04)23288582","2026","2","11","9","13","臺中市","北區","0","0","0","7","","","50","","","","","","","","","","","","","","","","","","","B03","","","1","","1","","","84","84","1","13","4","120.686237","24.155804","3"
"4357","66000","387130000C","(04)23274275","(04)23288582","2026","2","11","9","13","臺中市","梧棲區","0","1","0","7","2","6","50","4","1","1","5","4","6","6","4","4","10","5","5","2","16","3","10","3","1","B03","7","5","1","5","2","5","","22","22","1","12","4","120.534056","24.25333","2"
"4358","66000","387130000C","(04)23274275","(04)23288582","2026","2","11","9","15","臺中市","南屯區","0","0","0","7","","","50","","","","","","","","","","","","","","13","","","","","B12","","","1","","2","","","84","84","1","13","4","120.627886","24.148475","3"
"4359","66000","387130000C","(04)23274275","(04)23288582","2026","2","11","9","17","臺中市","北屯區","0","2","0","7","1","6","50","13","9","1","5","4","6","6","4","4","3","4","5","2","13","2","9","1","1","C03","7","9","1","10","2","11","","7","7","1","13","4","120.700982","24.164729","2"
"4360","66000","387130000C","(04)23274275","(04)23288582","2026","2","11","9","20","臺中市","北屯區","0","1","0","7","3","6","30","4","1","1","5","4","6","6","4","4","10","5","5","2","15","3","10","3","1","B03","7","9","1","8","2","1","","15","15","1","6","4","120.664365","24.186729","2"
"4361","66000","387130000C","(04)23274275","(04)23288582","2026","2","11","9","24","臺中市","南屯區","0","0","0","7","","","50","","","","","","","","","","","","","","9","3","10","3","1","B03","7","11","1","8","1","1","","51","51","1","12","4","120.6117","24.137317","3"
"4362","66000","387130000C","(04)23274275","(04)23288582","2026","2","11","9","28","臺中市","大里區","0","1","0","7","2","6","50","4","1","1","5","4","6","6","1","1","5","2","5","1","17","3","10","1","1","C03","7","6","1","10","2","16","","48","48","1","12","4","120.689138","24.104703","2"
"4363","66000","387130000C","(04)23274275","(04)23288582","2026","2","11","9","35","臺中市","梧棲區","0","1","0","7","2","6","50","4","1","1","5","4","6","6","1","1","10","5","5","2","3","3","10","3","3","B03","7","6","1","8","2","8","","10","10","1","12","4","120.539413","24.261682","2"
"4364","66000","387130000C","(04)23274275","(04)23288582","2026","2","11","9","37","臺中市","西區","0","1","0","7","2","6","50","13","9","1","5","4","6","6","4","4","5","4","5","2","12","3","10","3","1","B03","7","8","5","8","2","7","","87","87","1","13","4","120.661434","24.145148","2"
"4365","66000","387130000C","(04)23274275","(04)23288582","2026","2","11","9","38","臺中市","西屯區","0","0","0","7","","","40","","","","","","","","","","","","","","13","","","","","C02","","","1","","1","","","7","7","1","12","4","120.646454","24.164454","3"
"4366","66000","387130000C","(04)23274275","(04)23288582","2026","2","11","9","40","臺中市","沙鹿區","0","0","0","7","","","50","","","","","","","","","","","","","","15","","","","","B12","","","1","","2","","","15","15","1","6","4","120.572349","24.260014","3"
"4367","66000","387130000C","(04)23274275","(04)23288582","2026","2","11","9","40","臺中市","新社區","0","1","0","7","3","6","50","3","9","1","5","4","6","6","3","1","5","5","5","1","13","2","9","2","4","C03","7","14","1","10","2","13","11","85","85","1","13","4","120.809082","24.240415","2"
"4368","66000","387130000C","(04)23274275","(04)23288582","2026","2","11","9","41","臺中市","大里區","0","1","0","7","2","6","50","13","9","1","5","4","6","6","4","4","9","5","5","2","12","3","10","1","1","C03","7","9","1","10","2","12","","4","4","1","12","4","120.69834","24.084873","2"
"4369","66000","387130000C","(04)23274275","(04)23288582","2026","2","11","9","42","臺中市","北屯區","0","2","0","7","3","6","40","4","1","1","5","4","6","6","4","4","10","5","5","2","15","2","9","2","1","C03","7","9","1","10","2","14","","12","12","1","6","4","120.699206","24.185911","2"
"4370","66000","387130000C","(04)23274275","(04)23288582","2026","2","11","9","46","臺中市","北屯區","0","0","0","7","","","50","","","","","","","","","","","","","","14","","","","","B03","","","1","","1","","","49","49","1","12","4","120.731734","24.159696","3"
"4371","66000","387130000C","(04)23274275","(04)23288582","2026","2","11","9","47","臺中市","西屯區","0","1","0","7","2","6","50","3","1","1","5","4","6","6","1","1","10","5","5","2","15","3","10","5","1","C03","7","9","1","10","3","11","","21","21","1","12","4","120.633404","24.169968","2"
"4372","66000","387130000C","(04)23274275","(04)23288582","2026","2","11","9","47","臺中市","太平區","0","1","0","7","2","6","30","4","1","1","5","4","6","6","4","4","10","5","5","2","15","3","10","3","1","B03","7","9","1","8","1","5","","12","12","1","12","4","120.720916","24.117956","2"
"4373","66000","387130000C","(04)23274275","(04)23288582","2026","2","11","9","48","臺中市","西區","0","1","0","7","1","6","50","5","1","1","5","4","6","6","1","1","10","5","5","2","17","3","10","5","4","B03","7","9","1","8","2","2","","84","84","1","12","4","120.666919","24.12954","2"
"4374","66000","387130000C","(04)23274275","(04)23288582","2026","2","11","9","52","臺中市","北屯區","0","1","0","7","2","6","50","11","7","1","5","4","6","6","4","4","4","5","4","2","18","2","9","1","1","C03","7","9","1","10","1","12","","6","6","1","6","4","120.709067","24.173881","2"
"4375","66000","387130000C","(04)23274275","(04)23288582","2026","2","11","9","53","臺中市","北屯區","0","0","0","7","","","30","","","","","","","","","","","","","","11","","","","","C03","","","1","","1","","","41","41","1","12","4","120.683396","24.174169","3"
"4376","66000","387130000C","(04)23274275","(04)23288582","2026","2","11","9","53","臺中市","后里區","0","0","0","7","","","40","","","","","","","","","","","","","","19","","","","","B03","","","1","","2","","","84","84","1","12","4","120.690761","24.308101","4"
"4377","66000","387130000C","(04)23274275","(04)23288582","2026","2","11","9","54","臺中市","北屯區","0","0","0","7","","","50","","","","","","","","","","","","","","17","","","","","B12","","","1","","1","","","78","78","1","12","4","120.724595","24.172183","3"
"4378","66000","387130000C","(04)23274275","(04)23288582","2026","2","11","10","9","臺中市","北屯區","0","1","0","7","1","6","50","13","9","1","5","4","6","6","4","4","9","4","5","2","18","2","8","1","1","C03","7","9","1","8","2","12","","84","84","1","13","4","120.698178","24.184148","2"
"4379","66000","387130000C","(04)23274275","(04)23288582","2026","2","11","10","10","臺中市","豐原區","0","2","0","7","1","6","50","4","1","1","5","4","6","6","1","1","1","4","4","2","17","2","9","1","1","C03","7","9","1","10","2","11","","85","85","1","6","4","120.718948","24.243416","2"
"4380","66000","387130000C","(04)23274275","(04)23288582","2026","2","11","10","11","臺中市","龍井區","0","1","0","7","2","6","50","5","1","1","5","4","6","6","2","1","1","1","4","1","11","2","9","2","1","C03","7","6","1","10","2","11","","36","36","1","12","4","120.542187","24.218326","2"
"4381","66000","387130000C","(04)23274275","(04)23288582","2026","2","11","10","12","臺中市","西區","0","2","0","7","2","6","50","4","2","1","5","4","6","6","2","1","5","4","5","1","17","2","9","2","1","C03","7","12","1","10","2","11","","7","7","1","13","4","120.661645","24.1467","2"
"4382","66000","387130000C","(04)23274275","(04)23288582","2026","2","11","10","13","臺中市","沙鹿區","0","1","0","7","2","6","50","13","7","1","5","4","6","6","4","4","1","4","4","2","17","3","10","3","1","B03","7","14","1","8","2","4","","76","76","1","6","4","120.559099","24.234556","2"
"4383","66000","387130000C","(04)23274275","(04)23288582","2026","2","11","10","14","臺中市","大里區","0","1","0","7","2","6","50","5","1","1","5","4","6","6","1","1","10","5","5","2","17","2","9","2","1","C03","7","9","1","10","2","12","","37","37","1","6","4","120.697096","24.084297","2"
"4384","66000","387130000C","(04)23274275","(04)23288582","2026","2","11","10","17","臺中市","霧峰區","0","0","0","7","","","50","","","","","","","","","","","","","","","","","","","B03","","","1","","11","","","85","85","2","12","4","120.703022","24.071919","3"
"4385","66000","387130000C","(04)23274275","(04)23288582","2026","2","11","10","18","臺中市","西屯區","0","1","0","7","2","6","50","13","9","1","5","4","6","6","4","4","5","5","4","2","17","2","9","5","4","C03","7","1","1","10","2","11","","51","51","1","12","4","120.656602","24.171885","2"
"4386","66000","387130000C","(04)23274275","(04)23288582","2026","2","11","10","19","臺中市","烏日區","0","1","0","7","2","6","50","4","1","1","5","4","6","6","1","1","10","5","5","2","16","3","10","3","1","B03","7","6","1","8","2","16","","20","20","1","6","4","120.649023","24.0935","2"
"4387","66000","387130000C","(04)23274275","(04)23288582","2026","2","11","10","23","臺中市","清水區","0","1","0","7","2","6","60","13","14","1","5","4","6","6","4","4","8","3","4","1","19","2","9","3","1","B03","7","9","1","8","3","1","","53","53","1","12","4","120.58459","24.285273","2"
"4388","66000","387130000C","(04)23274275","(04)23288582","2026","2","11","10","26","臺中市","大里區","0","1","0","7","2","6","50","13","9","1","5","4","6","6","4","4","5","5","4","2","17","3","10","1","1","C03","7","11","1","10","2","14","","84","84","1","12","4","120.677879","24.097459","2"
"4389","66000","387130000C","(04)23274275","(04)23288582","2026","2","11","10","26","臺中市","烏日區","0","0","0","7","2","6","30","13","9","1","5","4","6","6","4","4","10","5","5","2","14","","","","","B03","","","1","","1","","","49","49","1","6","4","120.62498","24.107261","3"
"4390","66000","387130000C","(04)23274275","(04)23288582","2026","2","11","10","32","臺中市","南屯區","0","0","0","7","","","50","","","","","","","","","","","","","","17","","","","","C03","","","1","","2","","","4","4","1","12","4","120.652062","24.141814","4"
"4391","66000","387130000C","(04)23274275","(04)23288582","2026","2","11","10","32","臺中市","梧棲區","0","1","0","7","2","6","50","4","1","1","5","4","6","6","4","4","10","5","5","2","12","3","10","3","1","B03","7","9","1","8","1","2","","8","8","2","12","4","120.532117","24.256372","2"
"4392","66000","387130000C","(04)23274275","(04)23288582","2026","2","11","10","41","臺中市","北屯區","0","0","0","7","","","50","","","","","","","","","","","","","","13","","","","","B03","","","1","","1","","","59","59","1","6","4","120.694653","24.165769","3"
"4393","66000","387130000C","(04)23274275","(04)23288582","2026","2","11","10","43","臺中市","西屯區","0","0","0","7","","","50","","","","","","","","","","","","","","13","","","","","B03","","","1","","1","","","7","7","1","12","4","120.634126","24.176471","3"
"4394","66000","387130000C","(04)23274275","(04)23288582","2026","2","11","10","50","臺中市","清水區","0","1","0","7","3","6","30","11","9","1","5","4","6","6","4","4","10","5","5","1","18","2","9","1","1","C03","7","9","1","10","2","11","","84","84","1","12","4","120.597232","24.294671","2"
"4395","66000","387130000C","(04)23274275","(04)23288582","2026","2","11","10","54","臺中市","西屯區","0","0","0","7","","","50","","","","","","","","","","","","","","13","","","","","C03","","","1","","1","","","7","7","1","13","4","120.649929","24.163366","3"
"4396","66000","387130000C","(04)23274275","(04)23288582","2026","2","11","10","55","臺中市","大里區","0","0","0","7","","","50","","","","","","","","","","","","","","","","","","","B03","","","1","","2","","","7","7","1","12","4","120.687585","24.094646","3"
"4397","66000","387130000C","(04)23274275","(04)23288582","2026","2","11","10","58","臺中市","西區","0","0","0","7","","","50","","","","","","","","","","","","","","24","","","","","B03","","","1","","2","","","84","84","1","13","4","120.68034","24.142836","3"
"4398","66000","387130000C","(04)23274275","(04)23288582","2026","2","11","10","58","臺中市","北區","0","0","0","7","","","50","","","","","","","","","","","","","","17","","","","","B03","","","1","","2","","","84","84","1","12","4","120.669448","24.163866","3"
"4399","66000","387130000C","(04)23274275","(04)23288582","2026","2","11","11","0","臺中市","北區","0","0","0","7","","","50","","","","","","","","","","","","","","17","","","","","B03","","","1","","1","","","87","87","1","13","4","120.66834","24.164688","3"
"4400","66000","387130000C","(04)23274275","(04)23288582","2026","2","11","11","0","臺中市","沙鹿區","0","0","0","6","","","50","","","","","","","","","","","","","","17","","","","","B03","","","5","","2","","","51","51","1","12","4","120.562171","24.236751","3"
"4401","66000","387130000C","(04)23274275","(04)23288582","2026","2","11","11","2","臺中市","南屯區","0","0","0","7","","","50","","","","","","","","","","","","","","13","","","","","B03","","","1","","1","","","84","84","1","12","4","120.633944","24.146211","3"
"4402","66000","387130000C","(04)23274275","(04)23288582","2026","2","11","11","3","臺中市","南區","0","1","0","7","1","6","50","4","1","1","5","4","6","6","2","1","10","5","5","2","17","2","9","5","4","C03","7","15","1","10","2","12","","84","84","1","13","4","120.658372","24.117751","2"
"4403","66000","387130000C","(04)23274275","(04)23288582","2026","2","11","11","3","臺中市","東區","0","0","0","7","","","50","","","","","","","","","","","","","","","","","","","C03","","","1","","2","","","40","40","1","6","4","120.682971","24.134479","3"
"4404","66000","387130000C","(04)23274275","(04)23288582","2026","2","11","11","4","臺中市","大里區","0","1","0","7","2","6","30","13","9","1","5","4","6","6","4","4","10","5","5","2","17","2","9","1","1","C03","7","1","3","19","2","11","","51","51","1","13","4","120.684577","24.082862","2"
"4405","66000","387130000C","(04)23274275","(04)23288582","2026","2","11","11","7","臺中市","西區","0","2","0","7","2","6","50","4","1","1","5","4","6","6","1","1","10","5","5","2","16","2","9","2","1","C03","7","9","1","9","2","11","","39","39","1","13","4","120.671931","24.151486","2"
"4406","66000","387130000C","(04)23274275","(04)23288582","2026","2","11","11","9","臺中市","中區","0","1","0","7","1","6","50","13","9","1","5","4","6","6","1","1","5","4","5","2","17","3","10","5","4","C03","7","9","1","10","1","11","","84","84","1","12","4","120.680138","24.137813","2"
"4407","66000","387130000C","(04)23274275","(04)23288582","2026","2","11","11","9","臺中市","西區","0","1","0","7","1","6","50","4","1","1","5","4","6","6","4","4","9","5","5","2","30","2","9","5","4","C03","7","6","1","10","2","14","","84","84","1","12","4","120.655843","24.145142","2"
"4408","66000","387130000C","(04)23274275","(04)23288582","2026","2","11","11","9","臺中市","北區","0","2","0","7","1","6","30","13","9","1","5","4","6","6","4","4","10","5","5","2","16","2","7","1","1","C03","7","6","1","10","2","14","","20","20","1","12","4","120.689846","24.150456","2"