序號,縣市別代碼,機關代碼,市話,傳真,年,月,日,時,分,縣市,區,死亡數量,受傷數量,2-30,天候,道路照明設備,道路類別,道路速限,道路型態,事故位置,路面鋪裝,路面狀態,路面缺陷,障礙物,視距,號誌種類,號誌動作,分向設施,快車道或一般車道間,快慢車道間,路面邊線,事故類型及型態,受傷程度,主要傷處,保護裝備,行動電話或功能裝置,當事者區分(類別),車輛用途,當事者行動狀態,駕照狀態,駕照種類,飲酒情形,車輛撞擊部位最初,車輛撞擊部位其他,肇事因素個別,肇事因素主要,肇事逃逸,職業,共享經濟或外送平台,GPS座標X,GPS座標Y,事故類別
"4409","66000","387130000C","(04)23274275","(04)23288582","2026","2","11","11","11","臺中市","南區","0","0","0","7","","","50","","","","","","","","","","","","","","14","","","","","B02","","","1","","2","","","49","49","1","6","4","120.682289","24.130945","3"
"4410","66000","387130000C","(04)23274275","(04)23288582","2026","2","11","11","11","臺中市","北屯區","0","0","0","7","","","50","","","","","","","","","","","","","","14","","","","","B03","","","1","","1","","","49","49","1","12","4","120.689946","24.16381","3"
"4411","66000","387130000C","(04)23274275","(04)23288582","2026","2","11","11","14","臺中市","大甲區","0","0","0","7","","","50","","","","","","","","","","","","","","13","","","","","C03","","","1","","2","","","58","58","1","6","4","120.6353","24.346059","3"
"4412","66000","387130000C","(04)23274275","(04)23288582","2026","2","11","11","16","臺中市","北屯區","0","0","0","7","","","50","","","","","","","","","","","","","","13","","","","","B03","","","1","","1","","","82","82","1","12","4","120.706949","24.181986","3"
"4413","66000","387130000C","(04)23274275","(04)23288582","2026","2","11","11","18","臺中市","南區","0","1","0","7","2","6","40","3","8","1","5","4","6","6","4","4","5","2","4","2","17","3","10","2","1","C03","7","11","1","10","2","12","","26","26","1","13","4","120.68263","24.134292","2"
"4414","66000","387130000C","(04)23274275","(04)23288582","2026","2","11","11","22","臺中市","西屯區","0","2","0","7","2","6","30","4","1","1","5","4","6","6","4","4","10","5","5","2","15","2","8","1","1","C03","7","9","1","10","2","14","","12","12","1","12","4","120.642175","24.179956","2"
"4415","66000","387130000C","(04)23274275","(04)23288582","2026","2","11","11","24","臺中市","潭子區","0","1","0","7","2","6","50","4","1","1","5","4","6","6","1","1","10","5","5","2","16","3","10","3","1","B03","7","5","1","8","2","2","","20","20","1","12","4","120.706778","24.207085","2"
"4416","66000","387130000C","(04)23274275","(04)23288582","2026","2","11","11","27","臺中市","南屯區","0","0","0","7","","","50","","","","","","","","","","","","","","","","","","","B11","","","1","","9","","","51","51","2","13","4","120.637366","24.135268","3"
"4417","66000","387130000C","(04)23274275","(04)23288582","2026","2","11","11","29","臺中市","東區","0","0","0","7","","","50","","","","","","","","","","","","","","13","","","","","C03","","","1","10","1","","","7","7","1","6","4","120.694076","24.133592","3"
"4418","66000","387130000C","(04)23274275","(04)23288582","2026","2","11","11","29","臺中市","北屯區","0","2","0","7","3","6","40","13","8","1","5","4","6","6","4","4","5","4","4","2","17","3","10","2","1","C03","7","1","1","10","2","11","","51","51","1","12","4","120.67236","24.180747","2"
"4419","66000","387130000C","(04)23274275","(04)23288582","2026","2","11","11","29","臺中市","神岡區","0","2","0","7","1","6","50","5","1","1","5","4","6","6","1","1","1","4","5","2","16","2","9","1","4","C03","7","6","1","10","2","14","","23","23","1","12","4","120.694518","24.232672","2"
"4420","66000","387130000C","(04)23274275","(04)23288582","2026","2","11","11","30","臺中市","東區","0","1","0","7","3","6","50","3","1","1","5","4","6","6","4","4","10","5","5","2","12","2","8","2","1","C03","7","1","3","19","2","14","","84","84","1","6","4","120.691662","24.131034","2"
"4421","66000","387130000C","(04)23274275","(04)23288582","2026","2","11","11","30","臺中市","烏日區","0","0","0","7","","","30","","","","","","","","","","","","","","","","","","","B03","","","1","","1","","","49","49","1","13","4","120.642411","24.069552","3"
"4422","66000","387130000C","(04)23274275","(04)23288582","2026","2","11","11","32","臺中市","烏日區","0","0","0","7","","","30","","","","","","","","","","","","","","10","","","","","C01","","","1","","1","","","58","58","1","6","5","120.635314","24.049388","3"
"4423","66000","387130000C","(04)23274275","(04)23288582","2026","2","11","11","32","臺中市","神岡區","0","0","0","7","2","6","50","13","7","1","5","4","6","6","4","4","5","5","4","2","17","3","10","3","1","B03","7","9","1","8","1","8","8","39","39","1","12","4","120.693542","24.253689","3"
"4424","66000","387130000C","(04)23274275","(04)23288582","2026","2","11","11","35","臺中市","南屯區","0","0","0","7","","","50","","","","","","","","","","","","","","14","3","10","3","1","B03","7","2","1","8","1","3","","49","49","1","12","4","120.61265","24.153614","3"
"4425","66000","387130000C","(04)23274275","(04)23288582","2026","2","11","11","40","臺中市","西區","0","1","0","7","2","6","50","4","2","1","5","4","6","6","4","4","5","5","5","1","15","2","9","2","1","C03","7","9","1","10","2","12","","15","15","1","13","4","120.660153","24.155285","2"
"4426","66000","387130000C","(04)23274275","(04)23288582","2026","2","11","11","40","臺中市","西區","0","0","0","7","","","50","","","","","","","","","","","","","","13","","","","","B03","","","1","","2","","","59","59","1","13","4","120.661743","24.16016","3"
"4427","66000","387130000C","(04)23274275","(04)23288582","2026","2","11","11","44","臺中市","中區","0","1","0","7","2","6","50","4","1","1","5","4","6","6","1","1","10","5","5","2","13","2","9","5","4","C03","7","9","3","19","2","11","","7","7","1","13","4","120.678296","24.146743","2"
"4428","66000","387130000C","(04)23274275","(04)23288582","2026","2","11","11","46","臺中市","豐原區","0","0","0","7","","","50","","","","","","","","","","","","","","17","","","","","B03","","","1","","2","","","39","39","1","12","4","120.734237","24.259809","3"
"4429","66000","387130000C","(04)23274275","(04)23288582","2026","2","11","11","48","臺中市","西區","0","1","0","7","2","6","50","5","1","1","5","4","6","6","3","1","10","5","5","2","16","3","10","3","1","B03","7","9","1","8","2","1","","24","24","1","13","4","120.662291","24.161805","2"
"4430","66000","387130000C","(04)23274275","(04)23288582","2026","2","11","11","50","臺中市","北屯區","0","0","0","7","","","50","","","","","","","","","","","","","","12","","","","","C03","","","1","","2","","","8","8","1","12","4","120.693729","24.164278","3"
"4431","66000","387130000C","(04)23274275","(04)23288582","2026","2","11","11","50","臺中市","大甲區","0","0","0","7","","","30","","","","","","","","","","","","","","","","","","","B01","","","1","","1","","","59","59","1","6","4","120.620775","24.343808","3"
"4432","66000","387130000C","(04)23274275","(04)23288582","2026","2","11","11","52","臺中市","潭子區","0","1","0","7","3","6","30","13","9","1","5","4","6","6","4","4","10","5","5","2","17","3","10","1","1","C03","7","1","3","19","2","11","","51","51","1","13","4","120.706353","24.212108","2"
"4433","66000","387130000C","(04)23274275","(04)23288582","2026","2","11","11","55","臺中市","大里區","0","0","0","7","","","50","","","","","","","","","","","","","","","","","","","B03","","","1","","1","","","59","59","1","12","4","120.679397","24.112253","3"
"4434","66000","387130000C","(04)23274275","(04)23288582","2026","2","11","11","59","臺中市","東區","0","1","0","7","1","6","30","13","9","1","5","4","6","6","4","4","5","5","5","2","17","2","9","5","4","C03","7","1","1","10","2","14","","51","51","1","13","4","120.694403","24.134812","2"
"4435","66000","387130000C","(04)23274275","(04)23288582","2026","2","11","11","59","臺中市","大肚區","0","0","0","7","","","50","","","","","","","","","","","","","","12","","","","","B03","","","1","","2","","","50","50","1","12","4","120.54498","24.158174","3"
"4436","66000","387130000C","(04)23274275","(04)23288582","2026","2","11","12","0","臺中市","潭子區","0","0","0","7","","","30","","","","","","","","","","","","","","","","","","","C03","","","1","","2","","","87","87","1","13","4","120.696373","24.191972","3"
"4437","66000","387130000C","(04)23274275","(04)23288582","2026","2","11","12","3","臺中市","太平區","0","0","0","7","","","50","","","","","","","","","","","","","","12","","","","","C03","","","1","","2","","","42","42","1","12","4","120.716719","24.14876","3"
"4438","66000","387130000C","(04)23274275","(04)23288582","2026","2","11","12","4","臺中市","烏日區","0","0","0","7","2","6","50","3","1","1","5","4","6","6","4","4","5","5","5","2","15","","","","","C03","","","1","","2","","","85","85","1","6","2","120.60021","24.109629","3"
"4439","66000","387130000C","(04)23274275","(04)23288582","2026","2","11","12","6","臺中市","太平區","0","0","0","7","","","30","","","","","","","","","","","","","","14","","","","","B12","","","1","","2","","","49","49","1","13","4","120.731529","24.108434","3"
"4440","66000","387130000C","(04)23274275","(04)23288582","2026","2","11","12","8","臺中市","大甲區","0","0","0","7","","","50","","","","","","","","","","","","","","13","","","","","B03","","","1","","1","","","7","7","1","6","4","120.616314","24.349849","3"
"4441","66000","387130000C","(04)23274275","(04)23288582","2026","2","11","12","9","臺中市","神岡區","0","0","0","7","","","30","","","","","","","","","","","","","","11","","","","","B12","","","1","","2","","","41","41","1","12","4","120.661521","24.277249","3"
"4442","66000","387130000C","(04)23274275","(04)23288582","2026","2","11","12","11","臺中市","烏日區","0","0","0","7","","","30","","","","","","","","","","","","","","15","","","","","B03","","","1","","1","","","15","15","1","6","4","120.644349","24.080965","3"
"4443","66000","387130000C","(04)23274275","(04)23288582","2026","2","11","12","13","臺中市","豐原區","0","1","0","7","2","6","50","3","1","1","5","4","3","3","4","4","5","5","4","2","16","2","9","1","1","C03","7","6","1","10","2","12","12","14","14","1","13","4","120.713815","24.250935","2"
"4444","66000","387130000C","(04)23274275","(04)23288582","2026","2","11","12","14","臺中市","霧峰區","0","0","0","7","","","40","","","","","","","","","","","","","","17","","","","","C03","","","1","","2","","","1","1","1","6","4","120.663528","24.076094","3"
"4445","66000","387130000C","(04)23274275","(04)23288582","2026","2","11","12","14","臺中市","沙鹿區","0","1","0","7","2","6","40","3","1","1","5","4","6","6","1","1","10","5","5","2","17","2","8","2","1","C03","7","15","1","10","2","14","","40","40","1","6","4","120.603681","24.248511","2"
"4446","66000","387130000C","(04)23274275","(04)23288582","2026","2","11","12","15","臺中市","豐原區","0","0","0","7","","","50","","","","","","","","","","","","","","17","","","","","B12","","","1","","1","","","78","78","1","6","4","120.703009","24.251386","3"
"4447","66000","387130000C","(04)23274275","(04)23288582","2026","2","11","12","17","臺中市","東區","0","0","0","7","","","50","","","","","","","","","","","","","","","","","","","C03","","","1","","2","","","7","7","1","13","4","120.689058","24.13403","3"
"4448","66000","387130000C","(04)23274275","(04)23288582","2026","2","11","12","20","臺中市","潭子區","0","1","0","7","3","6","60","13","8","1","5","4","6","6","4","4","1","4","4","1","17","3","10","3","1","B13","7","7","1","8","2","16","","40","40","1","13","4","120.689869","24.222503","2"
"4449","66000","387130000C","(04)23274275","(04)23288582","2026","2","11","12","20","臺中市","南屯區","0","0","0","7","","","50","","","","","","","","","","","","","","13","","","","","C03","","","1","","2","","","43","43","2","12","4","120.65295","24.136867","3"
"4450","66000","387130000C","(04)23274275","(04)23288582","2026","2","11","12","22","臺中市","大里區","0","0","0","7","","","50","","","","","","","","","","","","","","17","","","","","B03","","","1","","1","","","8","8","1","12","4","120.689429","24.113219","3"
"4451","66000","387130000C","(04)23274275","(04)23288582","2026","2","11","12","27","臺中市","太平區","0","1","0","7","2","6","30","4","1","1","5","4","6","6","3","1","10","5","5","2","15","2","9","2","1","C03","7","9","1","10","2","11","","24","24","1","12","4","120.723954","24.142127","2"
"4452","66000","387130000C","(04)23274275","(04)23288582","2026","2","11","12","29","臺中市","豐原區","0","1","0","7","2","6","50","13","8","1","1","4","6","6","4","4","1","4","4","1","17","2","9","5","4","F02","7","1","7","21","2","13","","51","51","1","12","4","120.747271","24.266259","2"
"4453","66000","387130000C","(04)23274275","(04)23288582","2026","2","11","12","30","臺中市","中區","0","1","0","7","2","6","50","4","1","1","5","4","6","6","1","1","10","5","5","2","13","2","9","5","4","C03","7","9","1","10","2","11","","84","84","1","13","4","120.682156","24.140099","2"
"4454","66000","387130000C","(04)23274275","(04)23288582","2026","2","11","12","30","臺中市","北區","0","1","0","7","3","6","50","13","9","1","5","4","6","6","4","4","5","4","5","2","13","2","9","5","4","C03","7","9","1","10","2","11","","7","7","1","13","4","120.691738","24.160486","2"
"4455","66000","387130000C","(04)23274275","(04)23288582","2026","2","11","12","32","臺中市","北屯區","0","0","0","7","","","50","","","","","","","","","","","","","","16","","","","","B03","","","1","","2","","","11","11","1","12","4","120.720739","24.172599","3"
"4456","66000","387130000C","(04)23274275","(04)23288582","2026","2","11","12","32","臺中市","豐原區","0","2","0","7","3","6","50","13","9","1","5","4","6","6","4","4","1","4","5","1","13","2","9","1","1","C03","7","9","1","10","2","12","","84","84","1","12","4","120.710632","24.238332","2"
"4457","66000","387130000C","(04)23274275","(04)23288582","2026","2","11","12","35","臺中市","北區","0","0","0","7","","","40","","","","","","","","","","","","","","17","","","","","C03","","","1","","1","","","84","84","1","13","4","120.672846","24.168845","3"
"4458","66000","387130000C","(04)23274275","(04)23288582","2026","2","11","12","35","臺中市","神岡區","0","0","0","7","2","6","50","13","9","1","5","4","6","6","4","4","9","5","5","1","17","3","10","3","1","B12","7","13","1","8","1","1","1","78","78","1","12","4","120.705295","24.278096","3"
"4459","66000","387130000C","(04)23274275","(04)23288582","2026","2","11","12","39","臺中市","北屯區","0","0","0","7","","","50","","","","","","","","","","","","","","","","","","","B03","","","1","","1","","","50","50","1","12","4","120.687242","24.18819","3"
"4460","66000","387130000C","(04)23274275","(04)23288582","2026","2","11","12","41","臺中市","西屯區","0","0","0","7","","","60","","","","","","","","","","","","","","","","","","","B03","","","1","","1","","","7","7","1","12","4","120.649557","24.162672","3"
"4461","66000","387130000C","(04)23274275","(04)23288582","2026","2","11","12","44","臺中市","大雅區","0","0","0","7","","","30","","","","","","","","","","","","","","15","","","","","B03","","","1","","1","","","24","24","1","12","4","120.662626","24.245779","3"
"4462","66000","387130000C","(04)23274275","(04)23288582","2026","2","11","12","44","臺中市","南屯區","0","0","0","7","","","50","","","","","","","","","","","","","","13","","","","","C03","","","1","","1","","","7","7","1","13","4","120.62267","24.140394","3"
"4463","66000","387130000C","(04)23274275","(04)23288582","2026","2","11","12","54","臺中市","南區","0","1","0","7","3","6","50","4","1","1","5","4","6","6","4","4","10","5","5","2","15","2","9","1","1","C03","7","9","1","10","2","12","","15","15","1","6","4","120.676033","24.125648","2"
"4464","66000","387130000C","(04)23274275","(04)23288582","2026","2","11","12","55","臺中市","西屯區","0","1","0","7","2","6","50","3","1","1","5","4","6","6","1","1","1","4","4","2","15","3","10","3","1","B11","7","9","1","8","2","1","","85","85","1","12","4","120.645354","24.1627","2"
"4465","66000","387130000C","(04)23274275","(04)23288582","2026","2","11","13","0","臺中市","太平區","0","1","0","7","2","6","50","3","1","1","5","4","6","6","4","4","10","5","5","2","18","2","9","1","1","C03","7","9","1","10","2","14","","84","84","1","13","4","120.728472","24.150109","2"
"4466","66000","387130000C","(04)23274275","(04)23288582","2026","2","11","13","2","臺中市","南屯區","0","0","0","7","","","30","","","","","","","","","","","","","","17","","","","","B03","","","1","","1","","","51","51","1","12","4","120.636022","24.14994","3"
"4467","66000","387130000C","(04)23274275","(04)23288582","2026","2","11","13","2","臺中市","太平區","0","0","0","7","","","50","","","","","","","","","","","","","","17","","","","","B03","","","1","","2","","","84","84","1","12","4","120.704236","24.153158","3"
"4468","66000","387130000C","(04)23274275","(04)23288582","2026","2","11","13","4","臺中市","西屯區","0","0","0","7","","","50","","","","","","","","","","","","","","13","","","","","B03","","","5","","1","","","7","7","1","12","4","120.63511","24.182072","3"
"4469","66000","387130000C","(04)23274275","(04)23288582","2026","2","11","13","5","臺中市","北區","0","1","0","7","2","6","50","13","9","1","5","4","6","6","4","4","1","4","5","2","18","2","9","1","1","C03","7","9","1","10","2","12","","84","84","1","12","4","120.684955","24.168093","2"
"4470","66000","387130000C","(04)23274275","(04)23288582","2026","2","11","13","6","臺中市","豐原區","0","0","0","7","","","50","","","","","","","","","","","","","","17","","","","","B03","","","1","","2","","","51","51","1","13","4","120.748489","24.267207","3"
"4471","66000","387130000C","(04)23274275","(04)23288582","2026","2","11","13","7","臺中市","南區","0","1","0","7","2","6","50","4","2","1","5","4","6","6","2","1","5","2","5","2","13","2","9","2","1","C03","7","12","1","10","2","11","","7","7","1","13","4","120.662642","24.126984","2"
"4472","66000","387130000C","(04)23274275","(04)23288582","2026","2","11","13","8","臺中市","西屯區","0","0","0","7","","","50","","","","","","","","","","","","","","16","","","","","C03","","","1","","1","","","39","39","1","12","4","120.661386","24.1726","3"
"4473","66000","387130000C","(04)23274275","(04)23288582","2026","2","11","13","9","臺中市","烏日區","1","1","0","7","2","6","50","10","9","1","5","4","6","6","4","4","3","4","5","1","16","3","10","3","1","A12","7","5","1","2","2","1","","38","38","1","6","4","120.643066","24.09288","1"
"4474","66000","387130000C","(04)23274275","(04)23288582","2026","2","11","13","12","臺中市","南區","0","0","0","7","","","50","","","","","","","","","","","","","","12","","","","","B03","","","1","8","1","","","51","51","1","6","4","120.658041","24.117042","3"
"4475","66000","387130000C","(04)23274275","(04)23288582","2026","2","11","13","12","臺中市","沙鹿區","0","1","0","7","2","6","50","13","8","1","5","4","6","6","4","4","3","3","3","1","17","3","10","5","4","B03","7","5","1","8","2","2","","47","47","1","13","4","120.570122","24.257305","2"
"4476","66000","387130000C","(04)23274275","(04)23288582","2026","2","11","13","17","臺中市","北區","0","1","0","7","2","6","50","13","7","1","5","4","6","6","4","4","5","4","4","2","13","3","10","1","1","C03","7","9","1","10","2","11","","84","84","1","12","4","120.699182","24.152213","2"
"4477","66000","387130000C","(04)23274275","(04)23288582","2026","2","11","13","17","臺中市","西屯區","0","1","0","7","2","6","50","4","1","1","5","4","6","6","2","1","10","5","5","2","16","3","10","3","1","B03","7","5","1","8","2","2","","11","11","1","12","4","120.663943","24.176172","2"
"4478","66000","387130000C","(04)23274275","(04)23288582","2026","2","11","13","17","臺中市","后里區","0","0","0","7","2","6","50","4","1","1","5","4","6","6","1","1","5","5","4","1","17","3","10","3","1","B03","7","3","1","8","2","6","","50","50","1","12","4","120.694296","24.313401","3"
"4479","66000","387130000C","(04)23274275","(04)23288582","2026","2","11","13","22","臺中市","南區","0","0","0","7","","","","","","","","","","","","","","","","","","","","","","F01","","","","","","","","84","84","1","","","120.661627","24.131761","3"
"4480","66000","387130000C","(04)23274275","(04)23288582","2026","2","11","13","23","臺中市","南屯區","0","0","0","7","","","50","","","","","","","","","","","","","","","","","","","B03","","","1","","1","","","8","8","1","13","4","120.651968","24.153444","3"
"4481","66000","387130000C","(04)23274275","(04)23288582","2026","2","11","13","24","臺中市","大甲區","0","0","0","7","","","50","","","","","","","","","","","","","","","","","","","C03","","","1","","1","","","51","51","1","6","4","120.625413","24.348323","3"
"4482","66000","387130000C","(04)23274275","(04)23288582","2026","2","11","13","35","臺中市","西屯區","0","0","0","7","","","40","","","","","","","","","","","","","","13","","","","","C03","","","1","","1","","","7","7","1","13","4","120.655146","24.159284","4"
"4483","66000","387130000C","(04)23274275","(04)23288582","2026","2","11","13","36","臺中市","南屯區","0","0","0","7","","","50","","","","","","","","","","","","","","","","","","","B03","","","1","","1","","","8","8","1","12","4","120.65249","24.128412","3"
"4484","66000","387130000C","(04)23274275","(04)23288582","2026","2","11","13","37","臺中市","西屯區","0","1","0","7","2","6","40","3","4","1","5","4","6","6","2","1","1","2","1","2","13","3","10","1","1","C03","7","9","1","10","1","11","","7","7","1","12","4","120.611726","24.184345","2"
"4485","66000","387130000C","(04)23274275","(04)23288582","2026","2","11","13","38","臺中市","新社區","0","1","0","7","2","6","50","18","24","1","5","4","6","6","4","4","5","5","5","1","16","3","10","3","1","B03","7","6","1","8","2","1","","39","39","1","12","4","120.816599","24.18074","2"
"4486","66000","387130000C","(04)23274275","(04)23288582","2026","2","11","13","40","臺中市","西區","0","0","0","7","","","50","","","","","","","","","","","","","","13","","","","","C03","","","1","","1","","","7","7","1","13","4","120.660775","24.14661","3"
"4487","66000","387130000C","(04)23274275","(04)23288582","2026","2","11","13","40","臺中市","豐原區","0","0","0","7","","","50","","","","","","","","","","","","","","17","","","","","B03","","","1","","2","","","40","40","1","6","4","120.721826","24.275578","3"
"4488","66000","387130000C","(04)23274275","(04)23288582","2026","2","11","13","44","臺中市","太平區","0","0","0","7","","3","80","","","","","","","","","","","","","","13","","","","","B02","","","1","","2","","","7","7","1","13","4","120.717049","24.155188","3"
"4489","66000","387130000C","(04)23274275","(04)23288582","2026","2","11","13","45","臺中市","大里區","0","1","0","7","2","6","50","4","1","1","5","4","6","6","4","4","10","5","5","2","17","2","9","1","1","C03","7","9","1","10","2","11","","13","13","1","12","4","120.69929","24.103717","2"
"4490","66000","387130000C","(04)23274275","(04)23288582","2026","2","11","13","45","臺中市","太平區","0","0","0","7","","3","50","","","","","","","","","","","","","","17","","","","","B12","","","1","","2","","","40","40","1","12","4","120.714276","24.149001","3"
"4491","66000","387130000C","(04)23274275","(04)23288582","2026","2","11","13","47","臺中市","北屯區","0","1","0","7","2","6","50","4","1","1","5","4","6","6","1","1","10","5","5","2","16","3","10","3","1","B01","7","6","1","4","2","8","","11","11","1","12","4","120.709974","24.180186","2"
"4492","66000","387130000C","(04)23274275","(04)23288582","2026","2","11","13","48","臺中市","西屯區","0","0","0","7","","","50","","","","","","","","","","","","","","13","","","","","C03","","","1","","1","","","7","7","1","12","4","120.652819","24.166428","3"
"4493","66000","387130000C","(04)23274275","(04)23288582","2026","2","11","13","49","臺中市","北區","0","0","0","7","","","50","","","","","","","","","","","","","","","","","","","B03","","","1","","2","","","8","8","1","13","4","120.66938","24.171647","3"
"4494","66000","387130000C","(04)23274275","(04)23288582","2026","2","11","13","56","臺中市","東區","0","0","0","7","","","50","","","","","","","","","","","","","","17","","","","","B12","","","1","","11","","","50","50","2","12","4","120.705579","24.135086","3"
"4495","66000","387130000C","(04)23274275","(04)23288582","2026","2","11","13","57","臺中市","中區","0","0","0","7","","","50","","","","","","","","","","","","","","17","","","","","B03","","","1","","1","","","84","84","1","12","4","120.681348","24.140816","3"
"4496","66000","387130000C","(04)23274275","(04)23288582","2026","2","11","13","57","臺中市","大里區","0","1","0","7","2","6","40","13","9","1","5","4","6","6","4","4","10","5","5","2","13","2","9","1","1","C03","7","9","1","10","2","11","","7","7","1","6","4","120.701461","24.08709","2"
"4497","66000","387130000C","(04)23274275","(04)23288582","2026","2","11","14","0","臺中市","北區","0","0","0","7","","","50","","","","","","","","","","","","","","17","","","","","B03","","","1","","1","","","56","56","1","13","4","120.684781","24.163004","3"
"4498","66000","387130000C","(04)23274275","(04)23288582","2026","2","11","14","0","臺中市","大里區","0","0","0","7","","","50","","","","","","","","","","","","","","9","","","","","B03","","","1","","2","","","84","84","1","13","4","120.703076","24.088947","3"
"4499","66000","387130000C","(04)23274275","(04)23288582","2026","2","11","14","0","臺中市","沙鹿區","0","1","0","7","2","6","40","13","8","1","5","4","6","6","4","4","5","5","4","2","17","2","8","1","1","C03","7","9","1","10","2","11","12","84","84","1","6","4","120.589735","24.246441","2"
"4500","66000","387130000C","(04)23274275","(04)23288582","2026","2","11","14","4","臺中市","北屯區","0","0","0","7","","","50","","","","","","","","","","","","","","12","","","","","B03","","","1","","1","","","40","40","1","12","4","120.700939","24.170086","3"
"4501","66000","387130000C","(04)23274275","(04)23288582","2026","2","11","14","5","臺中市","北區","0","0","0","7","","","50","","","","","","","","","","","","","","17","","","","","C03","","","1","","1","","","39","39","1","13","4","120.684912","24.153568","3"
"4502","66000","387130000C","(04)23274275","(04)23288582","2026","2","11","14","5","臺中市","沙鹿區","0","1","0","7","2","6","50","3","2","1","5","4","6","6","1","1","3","3","4","1","17","3","10","5","4","B12","7","5","1","8","2","2","","11","11","1","13","4","120.568048","24.226452","2"
"4503","66000","387130000C","(04)23274275","(04)23288582","2026","2","11","14","7","臺中市","潭子區","0","0","0","7","","","50","","","","","","","","","","","","","","13","","","","","B03","","","1","","2","","","59","59","1","12","4","120.69315","24.216024","3"
"4504","66000","387130000C","(04)23274275","(04)23288582","2026","2","11","14","8","臺中市","潭子區","0","1","0","7","2","6","30","11","9","1","5","4","6","6","4","4","10","5","5","1","17","2","9","2","1","C03","7","9","1","10","2","11","","84","84","1","13","4","120.701283","24.223415","2"
"4505","66000","387130000C","(04)23274275","(04)23288582","2026","2","11","14","8","臺中市","后里區","0","0","0","7","","","50","","","","","","","","","","","","","","14","","","","","B12","","","1","","2","","","49","49","1","12","4","120.724958","24.308831","3"
"4506","66000","387130000C","(04)23274275","(04)23288582","2026","2","11","14","13","臺中市","西區","0","3","0","7","2","6","50","4","1","1","5","4","6","6","4","4","10","5","5","2","16","2","8","2","1","C03","7","11","1","10","2","14","","45","45","1","13","4","120.65514","24.144219","2"
"4507","66000","387130000C","(04)23274275","(04)23288582","2026","2","11","14","15","臺中市","大里區","0","0","0","7","","","50","","","","","","","","","","","","","","17","","","","","B03","","","1","","2","","","51","51","1","12","4","120.688773","24.115363","3"
"4508","66000","387130000C","(04)23274275","(04)23288582","2026","2","11","14","16","臺中市","南屯區","0","2","0","7","2","6","50","3","1","1","5","4","6","6","4","4","5","5","5","2","3","3","10","3","1","B03","7","5","5","19","5","1","","10","10","1","13","4","120.63736","24.150263","2"
"4509","66000","387130000C","(04)23274275","(04)23288582","2026","2","11","14","17","臺中市","西區","0","1","0","7","2","6","50","3","2","1","5","4","6","6","1","1","3","4","4","2","13","2","9","5","4","C03","7","9","1","10","2","15","","84","84","1","13","4","120.664103","24.140049","2"
"4510","66000","387130000C","(04)23274275","(04)23288582","2026","2","11","14","17","臺中市","北區","0","1","0","7","3","6","50","18","24","1","5","4","6","6","4","4","3","4","4","2","17","3","10","5","4","C03","7","15","1","10","2","13","","85","85","1","13","4","120.685149","24.163929","2"
"4511","66000","387130000C","(04)23274275","(04)23288582","2026","2","11","14","17","臺中市","南區","0","0","0","7","","","50","","","","","","","","","","","","","","","","","","","B03","","","1","","1","","","84","84","1","13","4","120.669628","24.118946","3"
"4512","66000","387130000C","(04)23274275","(04)23288582","2026","2","11","14","17","臺中市","太平區","0","1","0","7","2","6","50","4","1","1","5","4","6","6","4","4","10","5","5","2","15","2","9","1","1","C03","7","9","1","10","2","12","","15","15","1","13","4","120.719284","24.125931","2"
"4513","66000","387130000C","(04)23274275","(04)23288582","2026","2","11","14","18","臺中市","北屯區","0","1","0","7","2","6","50","4","1","1","5","4","6","6","4","4","10","5","5","2","18","2","9","1","1","F03","7","9","7","21","2","12","","82","82","1","12","4","120.679407","24.18177","2"
"4514","66000","387130000C","(04)23274275","(04)23288582","2026","2","11","14","19","臺中市","大甲區","0","0","0","7","","","50","","","","","","","","","","","","","","12","","","","","B03","","","1","","1","","","84","84","1","6","4","120.621539","24.346445","3"
"4515","66000","387130000C","(04)23274275","(04)23288582","2026","2","11","14","22","臺中市","西屯區","0","2","0","7","2","6","30","3","1","1","5","4","6","6","4","4","10","5","5","2","16","2","9","1","1","C03","7","6","3","19","2","14","","14","14","1","12","4","120.623872","24.170739","2"
"4516","66000","387130000C","(04)23274275","(04)23288582","2026","2","11","14","23","臺中市","太平區","0","3","0","7","2","6","50","13","9","1","5","4","6","6","4","4","5","5","5","2","16","2","8","2","1","C03","7","1","1","10","2","14","","51","51","1","12","4","120.714879","24.12425","2"
"4517","66000","387130000C","(04)23274275","(04)23288582","2026","2","11","14","23","臺中市","大肚區","0","0","0","7","","","50","","","","","","","","","","","","","","13","","","","","B12","","","1","","2","","","7","7","1","6","4","120.573438","24.152056","3"
"4518","66000","387130000C","(04)23274275","(04)23288582","2026","2","11","14","24","臺中市","北屯區","0","1","0","7","3","6","50","4","2","1","5","4","6","6","1","1","4","5","5","2","16","3","10","3","1","B03","7","6","1","8","2","8","","48","48","1","6","4","120.696128","24.161059","2"