序號,縣市別代碼,機關代碼,市話,傳真,年,月,日,時,分,縣市,區,死亡數量,受傷數量,2-30,天候,道路照明設備,道路類別,道路速限,道路型態,事故位置,路面鋪裝,路面狀態,路面缺陷,障礙物,視距,號誌種類,號誌動作,分向設施,快車道或一般車道間,快慢車道間,路面邊線,事故類型及型態,受傷程度,主要傷處,保護裝備,行動電話或功能裝置,當事者區分(類別),車輛用途,當事者行動狀態,駕照狀態,駕照種類,飲酒情形,車輛撞擊部位最初,車輛撞擊部位其他,肇事因素個別,肇事因素主要,肇事逃逸,職業,共享經濟或外送平台,GPS座標X,GPS座標Y,事故類別
"4519","66000","387130000C","(04)23274275","(04)23288582","2026","2","11","14","24","臺中市","北屯區","0","1","0","7","3","6","50","4","1","1","5","4","6","6","2","1","10","5","5","2","16","2","8","2","1","C03","7","6","1","10","2","14","","48","48","1","12","4","120.679591","24.188294","2"
"4520","66000","387130000C","(04)23274275","(04)23288582","2026","2","11","14","25","臺中市","外埔區","0","0","0","7","2","6","50","13","14","1","5","4","6","6","4","4","5","5","4","1","17","3","10","3","1","B02","7","3","1","8","2","2","","50","50","1","12","4","120.6548","24.330379","3"
"4521","66000","387130000C","(04)23274275","(04)23288582","2026","2","11","14","30","臺中市","西區","0","0","0","7","","","50","","","","","","","","","","","","","","12","","","","","B03","","","1","","1","","","8","8","1","13","4","120.657194","24.140026","3"
"4522","66000","387130000C","(04)23274275","(04)23288582","2026","2","11","14","30","臺中市","西區","0","1","0","7","2","6","50","4","2","1","5","4","6","6","1","1","1","4","4","2","13","2","8","1","1","C03","7","12","1","10","2","11","","7","7","1","12","4","120.67122","24.14549","2"
"4523","66000","387130000C","(04)23274275","(04)23288582","2026","2","11","14","32","臺中市","西屯區","0","2","0","7","2","6","50","3","9","1","5","4","6","6","2","1","5","5","5","1","17","2","9","6","1","F01","7","5","7","21","2","13","","22","22","1","12","4","120.650041","24.172192","2"
"4524","66000","387130000C","(04)23274275","(04)23288582","2026","2","11","14","33","臺中市","西區","0","1","0","7","2","6","50","3","1","1","5","4","6","6","4","4","10","5","5","2","17","2","9","1","1","C03","7","9","1","10","2","11","","84","84","1","12","4","120.658838","24.151978","2"
"4525","66000","387130000C","(04)23274275","(04)23288582","2026","2","11","14","36","臺中市","烏日區","0","1","0","7","2","6","50","4","1","1","5","4","6","6","1","1","10","5","5","2","17","3","10","5","4","B12","7","9","1","8","2","8","","21","21","1","6","4","120.643285","24.077025","2"
"4526","66000","387130000C","(04)23274275","(04)23288582","2026","2","11","14","37","臺中市","清水區","0","3","0","7","3","6","50","13","9","1","5","4","6","6","4","4","5","5","5","2","12","2","7","2","1","C03","7","15","1","10","2","12","","42","42","1","12","4","120.572589","24.264633","2"
"4527","66000","387130000C","(04)23274275","(04)23288582","2026","2","11","14","40","臺中市","大里區","0","0","0","7","","","50","","","","","","","","","","","","","","","","","","","B03","","","1","","2","","","40","40","1","12","4","120.698586","24.113047","3"
"4528","66000","387130000C","(04)23274275","(04)23288582","2026","2","11","14","45","臺中市","烏日區","0","0","0","7","","","50","","","","","","","","","","","","","","17","","","","","B03","","","1","","2","","","85","85","1","6","4","120.642783","24.108019","3"
"4529","66000","387130000C","(04)23274275","(04)23288582","2026","2","11","14","48","臺中市","梧棲區","0","1","0","7","3","6","50","3","1","1","5","4","6","6","4","4","10","5","5","2","16","2","9","1","1","C03","7","6","1","10","2","13","","14","14","1","6","4","120.539963","24.25358","2"
"4530","66000","387130000C","(04)23274275","(04)23288582","2026","2","11","14","49","臺中市","東區","0","2","0","7","3","6","50","4","1","1","5","4","6","6","3","1","10","5","5","2","15","2","9","2","1","C03","7","9","1","10","2","11","","24","24","1","6","4","120.692432","24.149499","2"
"4531","66000","387130000C","(04)23274275","(04)23288582","2026","2","11","14","51","臺中市","東區","0","1","0","7","3","6","30","4","1","1","5","4","6","6","4","4","10","5","5","2","15","2","9","1","1","C03","7","9","1","10","2","12","","12","12","1","6","4","120.69616","24.147046","2"
"4532","66000","387130000C","(04)23274275","(04)23288582","2026","2","11","14","51","臺中市","豐原區","0","0","0","7","","","50","","","","","","","","","","","","","","","","","","","B03","","","1","","2","","","8","8","1","13","4","120.718726","24.248682","3"
"4533","66000","387130000C","(04)23274275","(04)23288582","2026","2","11","14","53","臺中市","大里區","0","1","0","7","2","6","50","13","9","1","5","4","6","6","4","4","5","5","5","1","17","3","10","3","1","B03","7","1","1","8","2","8","","51","51","1","6","4","120.69798","24.096699","2"
"4534","66000","387130000C","(04)23274275","(04)23288582","2026","2","11","14","53","臺中市","后里區","0","0","0","7","","","50","","","","","","","","","","","","","","14","","","","","B03","","","1","","1","","","49","49","1","12","4","120.709247","24.30531","3"
"4535","66000","387130000C","(04)23274275","(04)23288582","2026","2","11","14","59","臺中市","豐原區","0","0","0","7","","","50","","","","","","","","","","","","","","13","","","","","B03","","","1","","2","","","58","58","1","12","4","120.721203","24.243162","3"
"4536","66000","387130000C","(04)23274275","(04)23288582","2026","2","11","15","0","臺中市","西區","0","0","0","7","","","30","","","","","","","","","","","","","","14","","","","","B03","","","1","","1","","","84","84","1","12","4","120.656378","24.147368","3"
"4537","66000","387130000C","(04)23274275","(04)23288582","2026","2","11","15","0","臺中市","大里區","0","1","0","7","2","6","50","4","1","1","5","4","6","6","2","1","5","4","4","2","16","2","9","1","1","C03","7","6","1","10","2","14","12","48","48","1","6","4","120.692542","24.111995","2"
"4538","66000","387130000C","(04)23274275","(04)23288582","2026","2","11","15","2","臺中市","北屯區","0","0","0","7","","","50","","","","","","","","","","","","","","13","","","","","B03","","","1","","1","","","84","84","1","12","4","120.708982","24.192572","3"
"4539","66000","387130000C","(04)23274275","(04)23288582","2026","2","11","15","3","臺中市","太平區","0","2","0","7","2","6","50","4","1","1","5","4","6","6","4","4","10","5","5","2","16","2","8","2","1","C03","7","6","1","10","2","12","","14","14","1","13","4","120.718218","24.148103","2"
"4540","66000","387130000C","(04)23274275","(04)23288582","2026","2","11","15","5","臺中市","清水區","0","0","0","7","2","6","60","13","14","1","5","4","6","6","4","4","8","3","4","1","12","","","","","B12","","","1","","1","","","8","8","1","12","4","120.59186","24.297314","3"
"4541","66000","387130000C","(04)23274275","(04)23288582","2026","2","11","15","6","臺中市","西區","0","0","0","7","","","50","","","","","","","","","","","","","","","","","","","B03","","","1","8","1","","","40","40","1","13","4","120.657363","24.145542","3"
"4542","66000","387130000C","(04)23274275","(04)23288582","2026","2","11","15","8","臺中市","烏日區","0","0","0","7","","","50","","","","","","","","","","","","","","14","","","","","B12","","","1","","1","","","49","49","1","6","4","120.642769","24.072762","3"
"4543","66000","387130000C","(04)23274275","(04)23288582","2026","2","11","15","10","臺中市","豐原區","0","4","0","7","1","6","50","3","1","1","5","4","6","6","4","4","5","4","4","2","17","2","9","1","1","F02","7","11","7","21","2","13","","20","20","1","4","4","120.720244","24.251731","2"
"4544","66000","387130000C","(04)23274275","(04)23288582","2026","2","11","15","13","臺中市","烏日區","0","1","0","7","2","6","30","4","1","1","5","4","6","6","4","4","10","5","5","2","17","2","9","5","4","C03","7","9","1","10","2","11","","15","15","1","6","4","120.648669","24.064985","2"
"4545","66000","387130000C","(04)23274275","(04)23288582","2026","2","11","15","13","臺中市","神岡區","0","0","0","7","","","50","","","","","","","","","","","","","","12","","","","","C03","","","1","","2","","","8","8","1","12","4","120.699131","24.249276","3"
"4546","66000","387130000C","(04)23274275","(04)23288582","2026","2","11","15","15","臺中市","西區","0","0","0","7","","","50","","","","","","","","","","","","","","15","","","","","B11","","","1","","1","","","84","84","1","13","4","120.655579","24.154791","3"
"4547","66000","387130000C","(04)23274275","(04)23288582","2026","2","11","15","16","臺中市","豐原區","0","1","0","7","2","6","50","13","14","1","5","4","6","6","4","4","5","5","5","1","17","2","9","1","1","C03","7","9","5","19","9","12","14","42","42","2","13","4","120.743287","24.252254","2"
"4548","66000","387130000C","(04)23274275","(04)23288582","2026","2","11","15","19","臺中市","西屯區","0","0","0","7","","","60","","","","","","","","","","","","","","13","","","","","B03","","","1","","1","","","7","7","1","12","4","120.638892","24.169252","3"
"4549","66000","387130000C","(04)23274275","(04)23288582","2026","2","11","15","24","臺中市","西屯區","0","0","0","7","","","40","","","","","","","","","","","","","","17","","","","","B12","","","1","","9","","","49","49","1","13","4","120.633169","24.164811","3"
"4550","66000","387130000C","(04)23274275","(04)23288582","2026","2","11","15","25","臺中市","大里區","0","1","0","7","2","6","50","4","1","1","5","4","6","6","4","4","10","5","5","2","15","2","9","2","1","C03","7","9","1","10","2","11","","15","15","1","12","4","120.699522","24.083944","2"
"4551","66000","387130000C","(04)23274275","(04)23288582","2026","2","11","15","25","臺中市","神岡區","0","0","0","7","","","30","","","","","","","","","","","","","","12","","","","","B03","","","1","","1","","","51","51","1","13","4","120.708288","24.257693","3"
"4552","66000","387130000C","(04)23274275","(04)23288582","2026","2","11","15","26","臺中市","太平區","0","0","0","7","","","50","","","","","","","","","","","","","","13","","","","","C03","","","1","","2","","","85","85","1","12","4","120.715518","24.136225","3"
"4553","66000","387130000C","(04)23274275","(04)23288582","2026","2","11","15","28","臺中市","西區","0","1","0","7","2","6","50","4","1","1","5","4","6","6","1","1","10","5","5","2","17","2","9","1","1","C03","7","5","1","10","2","11","","84","84","1","13","4","120.662583","24.155647","2"
"4554","66000","387130000C","(04)23274275","(04)23288582","2026","2","11","15","28","臺中市","西區","0","0","0","7","","","50","","","","","","","","","","","","","","13","","","","","C03","","","1","","2","","","84","84","1","12","4","120.667485","24.140527","4"
"4555","66000","387130000C","(04)23274275","(04)23288582","2026","2","11","15","28","臺中市","西屯區","0","0","0","7","","","50","","","","","","","","","","","","","","12","","","","","B03","","","1","","2","","","40","40","1","13","4","120.665356","24.166801","3"
"4556","66000","387130000C","(04)23274275","(04)23288582","2026","2","11","15","29","臺中市","西屯區","0","0","0","7","","","50","","","","","","","","","","","","","","13","","","","","B03","","","1","","2","","","59","59","1","12","4","120.657085","24.162348","3"
"4557","66000","387130000C","(04)23274275","(04)23288582","2026","2","11","15","33","臺中市","北區","0","0","0","7","","","50","","","","","","","","","","","","","","17","","","","","B03","","","1","","1","","","40","40","1","13","4","120.686147","24.15454","3"
"4558","66000","387130000C","(04)23274275","(04)23288582","2026","2","11","15","36","臺中市","潭子區","0","2","0","7","2","6","50","13","9","1","5","4","6","6","4","4","9","5","5","2","17","3","10","1","1","C03","7","6","1","10","2","12","","20","20","1","13","4","120.701728","24.187786","2"
"4559","66000","387130000C","(04)23274275","(04)23288582","2026","2","11","15","40","臺中市","中區","0","1","0","7","2","6","50","4","1","1","5","4","6","6","1","1","9","4","5","2","12","3","10","3","1","B03","7","6","1","8","2","4","","39","39","1","12","4","120.676888","24.141923","2"
"4560","66000","387130000C","(04)23274275","(04)23288582","2026","2","11","15","41","臺中市","潭子區","0","0","0","7","","","30","","","","","","","","","","","","","","9","","","","","A41","","","1","","2","","","85","85","1","12","4","120.695992","24.223999","3"
"4561","66000","387130000C","(04)23274275","(04)23288582","2026","2","11","15","42","臺中市","后里區","0","1","0","7","2","6","60","3","2","1","5","4","6","6","4","4","5","4","5","1","17","3","10","3","1","B03","7","11","1","8","2","7","","39","39","1","12","4","120.730319","24.334003","2"
"4562","66000","387130000C","(04)23274275","(04)23288582","2026","2","11","15","43","臺中市","大里區","0","0","0","7","3","6","30","13","9","1","5","4","6","6","4","4","10","5","5","2","12","","","","","B03","","","1","","2","","","59","59","1","12","4","120.702089","24.108772","3"
"4563","66000","387130000C","(04)23274275","(04)23288582","2026","2","11","15","43","臺中市","大里區","0","0","0","7","","3","80","","","","","","","","","","","","","","17","","","","","B03","","","1","","2","","","94","94","1","12","4","120.690704","24.098029","3"
"4564","66000","387130000C","(04)23274275","(04)23288582","2026","2","11","15","45","臺中市","沙鹿區","0","1","0","7","2","6","50","13","8","1","5","4","6","6","4","4","10","5","5","2","13","2","8","1","1","C03","7","9","1","10","2","11","12","84","84","1","6","4","120.569191","24.221472","2"
"4565","66000","387130000C","(04)23274275","(04)23288582","2026","2","11","15","46","臺中市","西區","0","0","0","7","","","50","","","","","","","","","","","","","","17","","","","","B12","","","1","","1","","","59","59","1","13","4","120.661408","24.148687","3"
"4566","66000","387130000C","(04)23274275","(04)23288582","2026","2","11","15","46","臺中市","北區","0","0","0","7","3","6","50","18","24","1","5","4","6","6","4","4","10","5","5","2","17","","","","","B03","","","1","","1","","","49","49","1","13","4","120.683555","24.162621","3"
"4567","66000","387130000C","(04)23274275","(04)23288582","2026","2","11","15","46","臺中市","北區","0","0","0","7","","","30","","","","","","","","","","","","","","17","","","","","B03","","","1","","2","","","8","8","1","13","4","120.670586","24.166639","3"
"4568","66000","387130000C","(04)23274275","(04)23288582","2026","2","11","15","47","臺中市","北屯區","0","0","0","7","","","30","","","","","","","","","","","","","","11","","","","","B03","","","1","","1","","","17","17","1","6","4","120.743773","24.16975","3"
"4569","66000","387130000C","(04)23274275","(04)23288582","2026","2","11","15","50","臺中市","清水區","0","2","0","7","3","6","30","3","1","1","5","4","6","6","4","4","10","5","5","1","17","2","9","3","1","B03","7","6","1","8","2","5","","12","12","1","12","4","120.557765","24.295321","2"
"4570","66000","387130000C","(04)23274275","(04)23288582","2026","2","11","15","51","臺中市","北屯區","0","1","0","7","2","6","50","3","2","1","5","4","6","6","1","1","5","2","5","2","16","3","10","3","1","B03","7","11","1","8","2","8","","45","45","1","6","4","120.716463","24.175258","2"
"4571","66000","387130000C","(04)23274275","(04)23288582","2026","2","11","15","52","臺中市","烏日區","0","1","0","7","3","6","50","4","2","1","5","4","6","6","1","1","1","4","5","1","13","3","10","2","1","C03","7","9","1","10","2","11","","7","7","1","6","4","120.641904","24.109074","2"
"4572","66000","387130000C","(04)23274275","(04)23288582","2026","2","11","15","55","臺中市","南屯區","0","1","0","7","2","6","50","4","1","1","5","4","6","6","4","4","9","4","5","2","12","3","10","3","1","B03","7","6","1","8","2","3","","48","48","1","12","4","120.644871","24.138025","2"
"4573","66000","387130000C","(04)23274275","(04)23288582","2026","2","11","15","56","臺中市","西屯區","0","1","0","7","2","6","50","4","1","1","5","4","6","6","2","1","10","5","5","2","16","2","9","5","4","C03","7","6","1","10","2","12","","11","11","1","13","4","120.661378","24.166626","2"
"4574","66000","387130000C","(04)23274275","(04)23288582","2026","2","11","15","57","臺中市","南屯區","0","1","0","7","2","6","50","4","1","1","5","4","6","6","1","1","5","4","5","2","15","3","10","3","1","B03","7","9","1","8","2","2","","21","21","1","13","4","120.646508","24.130785","2"
"4575","66000","387130000C","(04)23274275","(04)23288582","2026","2","11","16","0","臺中市","西屯區","0","0","0","7","","","50","","","","","","","","","","","","","","13","","","","","B03","","","1","","1","","","56","56","1","12","4","120.638078","24.169637","3"
"4576","66000","387130000C","(04)23274275","(04)23288582","2026","2","11","16","1","臺中市","大里區","0","1","0","7","2","6","50","13","9","1","5","4","6","6","4","4","9","4","4","2","14","3","10","3","1","B03","7","2","1","8","2","3","","49","49","1","6","4","120.6776","24.104493","2"
"4577","66000","387130000C","(04)23274275","(04)23288582","2026","2","11","16","2","臺中市","大肚區","0","0","0","7","","","50","","","","","","","","","","","","","","14","","","","","B03","","","1","","1","","","49","49","1","12","4","120.545723","24.14946","3"
"4578","66000","387130000C","(04)23274275","(04)23288582","2026","2","11","16","3","臺中市","烏日區","0","0","0","7","","","30","","","","","","","","","","","","","","12","","","","","B12","","","1","","1","","","40","40","1","6","4","120.616296","24.110073","3"
"4579","66000","387130000C","(04)23274275","(04)23288582","2026","2","11","16","5","臺中市","西屯區","0","1","0","7","2","6","50","13","9","1","5","4","6","6","4","4","5","4","5","2","16","3","10","3","1","B03","7","5","1","8","2","5","","20","20","1","12","4","120.656818","24.196423","2"
"4580","66000","387130000C","(04)23274275","(04)23288582","2026","2","11","16","12","臺中市","太平區","0","0","0","7","","","50","","","","","","","","","","","","","","12","","","","","B03","","","1","","2","","","8","8","1","13","4","120.708546","24.128269","3"
"4581","66000","387130000C","(04)23274275","(04)23288582","2026","2","11","16","12","臺中市","豐原區","0","0","0","7","","","50","","","","","","","","","","","","","","13","","","","","B03","","","1","","2","","","87","87","1","6","4","120.720788","24.251753","3"
"4582","66000","387130000C","(04)23274275","(04)23288582","2026","2","11","16","20","臺中市","中區","0","0","0","7","","","50","","","","","","","","","","","","","","13","","","","","B03","","","1","","1","","","83","83","1","12","4","120.67545","24.142244","3"
"4583","66000","387130000C","(04)23274275","(04)23288582","2026","2","11","16","22","臺中市","北屯區","0","0","0","7","","","50","","","","","","","","","","","","","","","","","","","B03","","","1","","2","","","48","48","1","12","4","120.693047","24.170367","3"
"4584","66000","387130000C","(04)23274275","(04)23288582","2026","2","11","16","22","臺中市","北屯區","0","2","0","7","1","6","50","3","2","1","5","4","6","6","1","1","5","4","5","2","12","3","10","3","1","B03","7","5","1","8","2","2","","11","11","1","13","4","120.699355","24.170226","2"
"4585","66000","387130000C","(04)23274275","(04)23288582","2026","2","11","16","23","臺中市","南屯區","0","0","0","7","","","50","","","","","","","","","","","","","","","","","","","B03","","","1","","1","","","49","49","1","12","4","120.650863","24.152423","3"
"4586","66000","387130000C","(04)23274275","(04)23288582","2026","2","11","16","26","臺中市","梧棲區","0","1","0","7","3","6","50","3","1","1","5","4","6","6","4","4","10","5","5","2","16","3","10","3","1","B03","7","6","1","8","2","8","","14","14","1","6","4","120.551569","24.239151","2"
"4587","66000","387130000C","(04)23274275","(04)23288582","2026","2","11","16","30","臺中市","豐原區","0","0","0","7","","","50","","","","","","","","","","","","","","17","","","","","C03","","","1","","11","","","7","7","1","12","4","120.720945","24.251528","3"
"4588","66000","387130000C","(04)23274275","(04)23288582","2026","2","11","16","31","臺中市","西屯區","0","0","0","7","","","70","","","","","","","","","","","","","","14","","","","","B12","","","1","","1","","","84","84","1","12","4","120.62475","24.17841","3"
"4589","66000","387130000C","(04)23274275","(04)23288582","2026","2","11","16","37","臺中市","沙鹿區","0","1","0","7","2","6","50","13","8","1","5","4","6","6","4","4","3","3","3","1","17","3","10","5","4","B03","7","14","1","8","2","4","","76","76","1","13","4","120.559999","24.234478","2"
"4590","66000","387130000C","(04)23274275","(04)23288582","2026","2","11","16","37","臺中市","后里區","0","1","0","7","3","6","30","13","9","1","5","4","6","6","4","4","10","5","5","2","8","3","10","3","1","B03","7","2","1","8","2","3","","49","49","1","6","4","120.709421","24.305765","2"
"4591","66000","387130000C","(04)23274275","(04)23288582","2026","2","11","16","40","臺中市","沙鹿區","0","1","0","7","2","6","50","13","7","1","5","4","6","6","4","4","5","5","4","1","13","2","8","1","1","C03","7","9","1","10","2","11","","59","59","1","6","4","120.555397","24.231896","2"
"4592","66000","387130000C","(04)23274275","(04)23288582","2026","2","11","16","41","臺中市","豐原區","0","0","0","7","2","6","60","13","7","1","5","4","6","6","4","4","1","4","4","1","13","3","10","5","4","B03","7","9","4","8","2","1","","53","53","1","13","4","120.721256","24.236556","3"
"4593","66000","387130000C","(04)23274275","(04)23288582","2026","2","11","16","44","臺中市","烏日區","0","2","0","7","2","6","50","13","7","1","5","4","6","6","4","4","5","5","4","2","17","3","10","5","4","B03","7","1","1","8","2","8","","51","51","1","12","4","120.63946","24.104924","2"
"4594","66000","387130000C","(04)23274275","(04)23288582","2026","2","11","16","45","臺中市","大肚區","0","0","0","7","","","50","","","","","","","","","","","","","","16","","","","","B03","","","1","","2","","","8","8","1","6","4","120.574725","24.170017","3"
"4595","66000","387130000C","(04)23274275","(04)23288582","2026","2","11","16","46","臺中市","大里區","0","0","0","7","","","50","","","","","","","","","","","","","","16","","","","","C03","","","1","","2","","","42","42","1","6","4","120.692613","24.12172","3"
"4596","66000","387130000C","(04)23274275","(04)23288582","2026","2","11","16","47","臺中市","大雅區","0","0","0","7","","","50","","","","","","","","","","","","","","","","","","","C03","","","1","","1","","","7","7","1","12","4","120.649031","24.224117","3"
"4597","66000","387130000C","(04)23274275","(04)23288582","2026","2","11","16","47","臺中市","南區","0","1","0","7","2","6","50","13","9","1","5","4","6","6","4","4","9","5","5","2","13","2","9","2","1","C03","7","9","1","10","2","14","","7","7","1","13","4","120.652913","24.114009","2"
"4598","66000","387130000C","(04)23274275","(04)23288582","2026","2","11","16","49","臺中市","東區","0","0","0","7","","","50","","","","","","","","","","","","","","17","","","","","B03","","","1","","1","","","7","7","1","12","4","120.707505","24.144642","3"
"4599","66000","387130000C","(04)23274275","(04)23288582","2026","2","11","16","50","臺中市","大里區","0","1","0","7","3","6","50","4","1","1","5","4","6","6","1","1","10","5","5","2","16","3","10","3","1","B03","7","6","1","8","2","5","","11","11","1","12","4","120.683772","24.113235","2"
"4600","66000","387130000C","(04)23274275","(04)23288582","2026","2","11","16","50","臺中市","大里區","0","1","0","7","3","6","50","4","1","1","5","4","6","6","1","1","10","5","5","2","15","3","10","1","1","C03","7","9","1","10","2","12","","21","21","1","12","4","120.674315","24.115711","2"
"4601","66000","387130000C","(04)23274275","(04)23288582","2026","2","11","16","50","臺中市","烏日區","0","0","0","7","","","50","","","","","","","","","","","","","","17","","","","","A11","","","1","","2","","","40","40","1","6","4","120.624944","24.10891","3"
"4602","66000","387130000C","(04)23274275","(04)23288582","2026","2","11","16","53","臺中市","大雅區","0","2","0","7","2","6","50","4","1","1","5","4","6","6","2","1","10","5","5","2","17","2","9","2","1","C03","7","9","1","10","2","12","","21","21","1","12","4","120.629044","24.206074","2"
"4603","66000","387130000C","(04)23274275","(04)23288582","2026","2","11","16","55","臺中市","中區","0","0","0","7","","","","","","","","","","","","","","","","","","","","","","","","","","","","","","85","85","1","","","120.679593","24.138466","3"
"4604","66000","387130000C","(04)23274275","(04)23288582","2026","2","11","16","55","臺中市","南屯區","0","0","0","7","","","50","","","","","","","","","","","","","","","","","","","B03","","","1","","1","","","7","7","1","13","4","120.624322","24.149347","3"
"4605","66000","387130000C","(04)23274275","(04)23288582","2026","2","11","16","56","臺中市","霧峰區","0","1","0","7","2","6","40","3","1","1","5","4","6","6","4","4","10","5","5","1","17","3","10","3","1","B03","7","5","1","8","2","2","","84","84","1","13","4","120.70355","24.070994","2"
"4606","66000","387130000C","(04)23274275","(04)23288582","2026","2","11","16","58","臺中市","神岡區","0","1","0","7","3","6","60","4","1","1","5","4","6","6","2","1","3","4","4","1","16","3","10","3","1","B03","7","6","1","8","2","2","","11","11","1","13","4","120.676808","24.242373","2"
"4607","66000","387130000C","(04)23274275","(04)23288582","2026","2","11","17","0","臺中市","南屯區","0","0","0","7","","","50","","","","","","","","","","","","","","","","","","","C03","","","1","","1","","","43","43","1","13","4","120.616286","24.146186","3"
"4608","66000","387130000C","(04)23274275","(04)23288582","2026","2","11","17","0","臺中市","南屯區","0","0","0","7","","","50","","","","","","","","","","","","","","12","","","","","C03","","","1","","9","","","8","8","1","12","4","120.64658","24.1448","3"
"4609","66000","387130000C","(04)23274275","(04)23288582","2026","2","11","17","0","臺中市","梧棲區","0","0","0","7","","","30","","","","","","","","","","","","","","17","","","","","B03","","","1","","1","","","8","8","1","6","4","120.527481","24.254726","3"
"4610","66000","387130000C","(04)23274275","(04)23288582","2026","2","11","17","1","臺中市","龍井區","0","2","0","7","2","6","70","5","1","1","5","4","6","6","2","1","1","1","1","1","15","2","7","1","1","C03","7","9","1","10","2","11","","84","84","1","12","4","120.505971","24.209967","2"
"4611","66000","387130000C","(04)23274275","(04)23288582","2026","2","11","17","6","臺中市","太平區","0","0","0","7","","","50","","","","","","","","","","","","","","12","","","","","C03","","","1","","1","","","40","40","1","13","4","120.710998","24.135293","3"
"4612","66000","387130000C","(04)23274275","(04)23288582","2026","2","11","17","8","臺中市","太平區","0","0","0","7","","","50","","","","","","","","","","","","","","13","","","","","B12","","","1","","2","","","7","7","1","6","4","120.703617","24.112379","3"
"4613","66000","387130000C","(04)23274275","(04)23288582","2026","2","11","17","9","臺中市","大雅區","0","2","0","7","3","6","50","4","1","1","5","4","6","6","1","1","10","5","5","2","16","2","9","1","1","C03","7","6","4","19","2","12","","11","11","1","12","4","120.653119","24.247815","2"
"4614","66000","387130000C","(04)23274275","(04)23288582","2026","2","11","17","9","臺中市","太平區","0","0","0","7","","3","80","","","","","","","","","","","","","","13","","","","","B03","","","5","","2","","","7","7","1","13","4","120.716021","24.153294","3"
"4615","66000","387130000C","(04)23274275","(04)23288582","2026","2","11","17","11","臺中市","南區","0","1","0","7","1","6","50","4","1","1","5","4","6","6","1","1","9","4","5","2","12","2","8","1","1","C03","7","9","1","10","2","11","14","7","7","1","12","4","120.666763","24.124247","2"
"4616","66000","387130000C","(04)23274275","(04)23288582","2026","2","11","17","11","臺中市","西屯區","0","0","0","7","","","50","","","","","","","","","","","","","","16","","","","","C03","","","1","","1","","","84","84","1","13","4","120.616358","24.171258","3"
"4617","66000","387130000C","(04)23274275","(04)23288582","2026","2","11","17","12","臺中市","梧棲區","0","0","0","7","","","50","","","","","","","","","","","","","","16","","","","","B12","","","1","","1","","","40","40","1","6","4","120.543734","24.256034","3"
"4618","66000","387130000C","(04)23274275","(04)23288582","2026","2","11","17","13","臺中市","北區","0","0","0","7","","","50","","","","","","","","","","","","","","17","","","","","B03","","","1","","1","","","40","40","1","13","4","120.687904","24.152463","3"
"4619","66000","387130000C","(04)23274275","(04)23288582","2026","2","11","17","13","臺中市","太平區","0","0","0","7","","","50","","","","","","","","","","","","","","16","","","","","C03","","","1","","1","","","84","84","1","6","4","120.717609","24.159752","3"
"4620","66000","387130000C","(04)23274275","(04)23288582","2026","2","11","17","14","臺中市","北區","0","0","0","7","","","50","","","","","","","","","","","","","","35","","","","","B03","","","1","","1","","","59","59","1","13","4","120.675575","24.159511","3"
"4621","66000","387130000C","(04)23274275","(04)23288582","2026","2","11","17","16","臺中市","北屯區","0","0","0","7","","","50","","","","","","","","","","","","","","13","","","","","B03","","","1","","2","","","7","7","1","8","4","120.710386","24.181728","3"
"4622","66000","387130000C","(04)23274275","(04)23288582","2026","2","11","17","18","臺中市","北區","0","0","0","7","","","50","","","","","","","","","","","","","","17","","","","","B03","","","1","","9","","","85","85","1","13","4","120.675304","24.166809","3"
"4623","66000","387130000C","(04)23274275","(04)23288582","2026","2","11","17","19","臺中市","西屯區","0","2","0","7","2","6","50","13","9","1","5","4","6","6","4","4","5","5","5","2","13","2","9","1","1","C03","7","9","1","10","2","11","","85","85","1","12","4","120.610224","24.168618","2"
"4624","66000","387130000C","(04)23274275","(04)23288582","2026","2","11","17","22","臺中市","梧棲區","0","1","0","7","3","6","60","13","7","1","5","4","6","6","1","1","1","2","4","1","16","2","9","1","1","C03","7","6","3","19","2","13","","48","48","1","6","4","120.536211","24.250199","2"
"4625","66000","387130000C","(04)23274275","(04)23288582","2026","2","11","17","24","臺中市","大甲區","0","2","0","7","1","6","50","13","9","1","5","4","6","6","4","4","9","5","5","1","16","3","10","3","1","B03","7","11","1","8","7","1","","45","45","1","6","4","120.653894","24.382619","2"
"4626","66000","387130000C","(04)23274275","(04)23288582","2026","2","11","17","25","臺中市","南屯區","0","1","0","7","2","6","30","3","2","1","5","4","6","6","4","4","1","4","1","2","16","3","10","3","1","B03","7","5","1","8","2","6","","12","12","1","13","4","120.630714","24.125975","2"
"4627","66000","387130000C","(04)23274275","(04)23288582","2026","2","11","17","29","臺中市","西屯區","0","1","0","7","2","6","50","13","7","1","5","4","6","6","4","4","2","4","4","2","13","2","8","1","1","C03","7","9","1","10","2","11","","84","84","1","12","4","120.640262","24.17415","2"
"4628","66000","387130000C","(04)23274275","(04)23288582","2026","2","11","17","30","臺中市","太平區","0","1","0","7","2","6","40","4","1","1","5","4","6","6","2","1","1","4","1","2","16","2","9","2","1","C03","7","9","1","10","2","14","","7","7","1","12","4","120.718226","24.159672","2"