序號,縣市別代碼,機關代碼,市話,傳真,年,月,日,時,分,縣市,區,死亡數量,受傷數量,2-30,天候,道路照明設備,道路類別,道路速限,道路型態,事故位置,路面鋪裝,路面狀態,路面缺陷,障礙物,視距,號誌種類,號誌動作,分向設施,快車道或一般車道間,快慢車道間,路面邊線,事故類型及型態,受傷程度,主要傷處,保護裝備,行動電話或功能裝置,當事者區分(類別),車輛用途,當事者行動狀態,駕照狀態,駕照種類,飲酒情形,車輛撞擊部位最初,車輛撞擊部位其他,肇事因素個別,肇事因素主要,肇事逃逸,職業,共享經濟或外送平台,GPS座標X,GPS座標Y,事故類別
"4629","66000","387130000C","(04)23274275","(04)23288582","2026","2","11","17","30","臺中市","大甲區","0","0","0","7","","","50","","","","","","","","","","","","","","30","","","","","B03","","","1","","2","","","76","76","1","12","4","120.655928","24.382371","3"
"4630","66000","387130000C","(04)23274275","(04)23288582","2026","2","11","17","31","臺中市","南屯區","0","0","0","7","","","50","","","","","","","","","","","","","","","","","","","B03","","","1","","1","","","7","7","1","13","4","120.620608","24.145325","3"
"4631","66000","387130000C","(04)23274275","(04)23288582","2026","2","11","17","31","臺中市","大里區","0","2","0","7","2","6","50","5","1","1","5","4","6","6","1","1","5","2","5","2","16","2","9","2","1","C03","7","6","1","10","2","12","","11","11","1","12","4","120.700923","24.102483","2"
"4632","66000","387130000C","(04)23274275","(04)23288582","2026","2","11","17","35","臺中市","龍井區","0","1","0","7","1","6","50","13","9","1","5","4","6","6","4","4","4","3","5","1","16","3","10","1","1","C03","7","11","1","10","2","11","","39","39","1","13","4","120.524099","24.20984","2"
"4633","66000","387130000C","(04)23274275","(04)23288582","2026","2","11","17","37","臺中市","大肚區","0","0","0","7","","","60","","","","","","","","","","","","","","13","","","","","B03","","","1","","2","","","84","84","1","6","4","120.58294","24.172745","3"
"4634","66000","387130000C","(04)23274275","(04)23288582","2026","2","11","17","39","臺中市","新社區","0","1","0","7","1","6","40","13","9","1","5","4","6","6","4","4","9","5","5","1","18","2","8","5","4","B12","7","9","1","8","2","5","8","55","55","1","13","4","120.797853","24.202192","2"
"4635","66000","387130000C","(04)23274275","(04)23288582","2026","2","11","17","40","臺中市","大雅區","0","1","0","7","3","6","30","3","1","1","5","4","6","6","4","4","10","5","5","1","17","3","10","5","4","B03","7","6","1","8","2","4","","84","84","1","13","4","120.644149","24.229833","2"
"4636","66000","387130000C","(04)23274275","(04)23288582","2026","2","11","17","49","臺中市","潭子區","0","0","0","7","","","60","","","","","","","","","","","","","","","","","","","B03","","","1","","2","","","7","7","1","13","4","120.711714","24.210752","3"
"4637","66000","387130000C","(04)23274275","(04)23288582","2026","2","11","17","49","臺中市","北區","0","0","0","7","","","50","","","","","","","","","","","","","","17","","","","","B03","","","1","","2","","","51","51","1","12","4","120.683859","24.148057","3"
"4638","66000","387130000C","(04)23274275","(04)23288582","2026","2","11","17","49","臺中市","烏日區","0","0","0","7","","","50","","","","","","","","","","","","","","13","","","","","B03","","","1","","1","","","84","84","1","6","4","120.618376","24.102757","3"
"4639","66000","387130000C","(04)23274275","(04)23288582","2026","2","11","17","50","臺中市","中區","0","0","0","6","","","50","","","","","","","","","","","","","","","","","","","C03","","","1","","1","","","7","7","1","12","4","120.681779","24.144574","4"
"4640","66000","387130000C","(04)23274275","(04)23288582","2026","2","11","17","50","臺中市","西屯區","0","1","0","7","1","6","50","4","1","1","5","4","6","6","2","1","5","5","5","2","18","2","9","1","1","C03","7","12","1","10","2","12","","6","6","1","12","4","120.626238","24.184539","2"
"4641","66000","387130000C","(04)23274275","(04)23288582","2026","2","11","17","50","臺中市","霧峰區","0","1","0","7","1","6","40","13","9","1","5","4","6","6","1","1","9","4","5","1","13","2","9","2","1","C03","7","9","1","10","2","11","","7","7","1","12","4","120.66979","24.061574","2"
"4642","66000","387130000C","(04)23274275","(04)23288582","2026","2","11","17","55","臺中市","大雅區","0","2","0","7","1","6","50","13","9","1","5","4","6","6","4","4","4","5","5","1","17","2","9","2","1","C03","7","11","1","10","2","11","","39","39","1","12","4","120.648326","24.225681","2"
"4643","66000","387130000C","(04)23274275","(04)23288582","2026","2","11","17","55","臺中市","南區","0","1","0","7","1","6","50","4","1","1","5","4","6","6","1","1","10","5","5","2","18","2","9","2","1","C03","7","9","1","10","2","12","","84","84","1","12","4","120.660313","24.126019","2"
"4644","66000","387130000C","(04)23274275","(04)23288582","2026","2","11","17","58","臺中市","北屯區","0","1","0","7","1","6","50","13","7","1","5","4","6","6","4","4","3","4","4","2","12","3","10","1","1","C03","7","9","1","10","9","14","12","42","42","1","13","4","120.689465","24.163138","2"
"4645","66000","387130000C","(04)23274275","(04)23288582","2026","2","11","17","58","臺中市","清水區","0","0","0","7","","","30","","","","","","","","","","","","","","","","","","","B03","","","1","","2","","","20","20","1","12","4","120.576369","24.279494","3"
"4646","66000","387130000C","(04)23274275","(04)23288582","2026","2","11","17","59","臺中市","南區","0","0","0","7","","","50","","","","","","","","","","","","","","12","","","","","B03","","","1","","1","","","2","2","1","13","4","120.670075","24.114254","4"
"4647","66000","387130000C","(04)23274275","(04)23288582","2026","2","11","18","0","臺中市","西屯區","0","0","0","7","","","50","","","","","","","","","","","","","","13","","","","","C03","","","1","","1","","","7","7","1","13","4","120.626595","24.184556","3"
"4648","66000","387130000C","(04)23274275","(04)23288582","2026","2","11","18","3","臺中市","烏日區","0","1","0","7","1","6","30","3","2","1","5","4","6","6","4","4","10","5","5","2","17","2","9","5","4","C03","7","9","1","10","2","12","","43","43","1","6","4","120.60617","24.119262","2"
"4649","66000","387130000C","(04)23274275","(04)23288582","2026","2","11","18","4","臺中市","西區","0","1","0","7","1","6","50","5","2","1","5","4","6","6","1","2","1","4","5","2","13","2","8","1","1","C03","7","12","1","10","2","11","","7","7","1","12","4","120.671995","24.131439","2"
"4650","66000","387130000C","(04)23274275","(04)23288582","2026","2","11","18","10","臺中市","南屯區","0","0","0","7","","","50","","","","","","","","","","","","","","","","","","","B03","","","1","","2","","","50","50","1","12","4","120.632815","24.145523","3"
"4651","66000","387130000C","(04)23274275","(04)23288582","2026","2","11","18","10","臺中市","大里區","0","0","0","7","","","50","","","","","","","","","","","","","","11","","","","","B03","","","1","","2","","","8","8","1","13","4","120.680297","24.100271","3"
"4652","66000","387130000C","(04)23274275","(04)23288582","2026","2","11","18","10","臺中市","龍井區","0","3","0","7","1","6","30","4","1","1","5","4","6","6","4","4","10","3","5","1","15","2","9","1","1","C03","7","9","1","10","2","11","","15","15","1","13","4","120.532438","24.220998","2"
"4653","66000","387130000C","(04)23274275","(04)23288582","2026","2","11","18","15","臺中市","南屯區","0","0","0","7","","","50","","","","","","","","","","","","","","","","","","","B03","","","1","","2","","","8","8","2","13","4","120.634055","24.144821","3"
"4654","66000","387130000C","(04)23274275","(04)23288582","2026","2","11","18","15","臺中市","北屯區","0","0","0","7","","","50","","","","","","","","","","","","","","13","","","","","B02","","","1","","1","","","59","59","1","6","4","120.695199","24.183681","3"
"4655","66000","387130000C","(04)23274275","(04)23288582","2026","2","11","18","15","臺中市","清水區","0","1","0","7","1","6","50","4","2","1","5","4","6","6","1","1","8","3","5","2","13","2","9","1","1","C03","7","9","1","10","2","11","","7","7","1","12","4","120.563834","24.289942","2"
"4656","66000","387130000C","(04)23274275","(04)23288582","2026","2","11","18","20","臺中市","北屯區","0","0","0","7","","","50","","","","","","","","","","","","","","17","","","","","B03","","","1","","1","","","59","59","1","6","4","120.7192","24.177789","3"
"4657","66000","387130000C","(04)23274275","(04)23288582","2026","2","11","18","24","臺中市","清水區","0","1","0","7","1","6","50","3","1","1","5","4","6","6","2","1","5","5","5","1","3","3","10","3","1","B03","7","6","1","8","2","8","","10","10","1","12","4","120.591268","24.29625","2"
"4658","66000","387130000C","(04)23274275","(04)23288582","2026","2","11","18","25","臺中市","西區","0","0","0","7","","","40","","","","","","","","","","","","","","9","","","","","B03","","","1","","1","","","84","84","1","13","4","120.664246","24.149023","3"
"4659","66000","387130000C","(04)23274275","(04)23288582","2026","2","11","18","26","臺中市","北屯區","0","0","0","7","","","50","","","","","","","","","","","","","","13","","","","","B03","","","1","","2","","","7","7","1","13","4","120.662469","24.188557","3"
"4660","66000","387130000C","(04)23274275","(04)23288582","2026","2","11","18","29","臺中市","南屯區","0","2","0","7","2","6","50","13","7","1","5","4","6","6","4","4","9","4","4","2","13","2","9","1","1","C03","7","9","1","10","2","11","","7","7","1","12","4","120.610784","24.144984","2"
"4661","66000","387130000C","(04)23274275","(04)23288582","2026","2","11","18","29","臺中市","北屯區","0","0","0","7","","","50","","","","","","","","","","","","","","13","","","","","C03","","","1","","1","","","7","7","1","6","4","120.705639","24.169497","3"
"4662","66000","387130000C","(04)23274275","(04)23288582","2026","2","11","18","30","臺中市","北區","0","1","0","7","2","6","50","13","9","1","5","4","6","6","4","4","5","4","5","2","17","2","9","5","1","C03","7","9","1","10","2","14","","84","84","1","13","4","120.686037","24.146672","2"
"4663","66000","387130000C","(04)23274275","(04)23288582","2026","2","11","18","33","臺中市","西區","0","1","0","7","1","6","50","4","1","1","5","4","6","6","1","1","10","5","5","2","16","3","10","3","1","B03","7","6","1","8","2","8","","23","23","1","12","4","120.66307","24.145546","2"
"4664","66000","387130000C","(04)23274275","(04)23288582","2026","2","11","18","33","臺中市","西屯區","0","1","0","7","1","6","50","4","1","1","5","4","6","6","2","1","3","3","5","2","16","3","10","3","1","B03","7","5","1","8","2","2","","11","11","1","13","4","120.614415","24.186598","2"
"4665","66000","387130000C","(04)23274275","(04)23288582","2026","2","11","18","34","臺中市","北屯區","0","0","0","7","","","50","","","","","","","","","","","","","","","","","","","B03","","","1","","1","","","84","84","1","13","4","120.66444","24.185247","3"
"4666","66000","387130000C","(04)23274275","(04)23288582","2026","2","11","18","34","臺中市","西屯區","0","1","0","7","1","6","40","3","1","1","5","4","6","6","4","4","10","5","5","2","16","3","10","1","1","C03","7","1","1","10","2","12","","51","51","1","12","4","120.644338","24.201987","2"
"4667","66000","387130000C","(04)23274275","(04)23288582","2026","2","11","18","35","臺中市","大雅區","0","0","0","7","","","0","","","","","","","","","","","","","","","","","","","B03","","","1","","1","","","51","51","1","12","4","120.64127","24.2303","3"
"4668","66000","387130000C","(04)23274275","(04)23288582","2026","2","11","18","38","臺中市","西區","0","0","0","6","","","30","","","","","","","","","","","","","","","","","","","C03","","","1","","1","","","14","14","1","12","4","120.659889","24.137158","3"
"4669","66000","387130000C","(04)23274275","(04)23288582","2026","2","11","18","39","臺中市","北屯區","0","1","0","7","1","6","25","3","1","1","5","4","6","6","4","4","1","4","5","2","23","2","9","3","1","B03","7","9","1","8","2","1","","59","59","1","6","4","120.782483","24.202228","2"
"4670","66000","387130000C","(04)23274275","(04)23288582","2026","2","11","18","39","臺中市","西屯區","0","0","0","7","","","50","","","","","","","","","","","","","","13","","","","","B03","","","1","","1","","","7","7","1","13","4","120.618624","24.187947","3"
"4671","66000","387130000C","(04)23274275","(04)23288582","2026","2","11","18","39","臺中市","大甲區","0","0","0","7","","","50","","","","","","","","","","","","","","14","","","","","B03","","","1","","2","","","49","49","1","6","4","120.633585","24.344842","3"
"4672","66000","387130000C","(04)23274275","(04)23288582","2026","2","11","18","43","臺中市","北屯區","0","0","0","7","","","50","","","","","","","","","","","","","","","","","","","B03","","","1","","1","","","59","59","1","12","4","120.686436","24.202645","3"
"4673","66000","387130000C","(04)23274275","(04)23288582","2026","2","11","18","43","臺中市","豐原區","0","2","0","7","2","6","50","13","8","1","5","4","6","6","4","4","5","4","4","2","17","2","9","2","1","C03","7","7","1","10","2","12","","40","40","1","13","4","120.710195","24.250538","2"
"4674","66000","387130000C","(04)23274275","(04)23288582","2026","2","11","18","45","臺中市","大雅區","0","3","0","7","1","6","40","3","1","1","5","4","6","6","4","4","1","3","4","2","17","2","8","5","4","C03","7","9","1","10","2","11","","6","6","1","13","4","120.661024","24.219428","2"
"4675","66000","387130000C","(04)23274275","(04)23288582","2026","2","11","18","47","臺中市","潭子區","0","0","0","6","","3","80","","","","","","","","","","","","","","","","","","","B02","","","1","","2","","","84","84","1","13","4","120.709739","24.200514","3"
"4676","66000","387130000C","(04)23274275","(04)23288582","2026","2","11","18","50","臺中市","西屯區","0","1","0","7","1","6","0","13","9","1","5","4","6","6","4","4","1","4","5","2","16","3","10","3","1","B03","7","1","1","8","2","5","","51","51","1","12","4","120.619878","24.186769","2"
"4677","66000","387130000C","(04)23274275","(04)23288582","2026","2","11","18","50","臺中市","豐原區","0","0","0","7","","","50","","","","","","","","","","","","","","13","","","","","B03","","","1","","1","","","59","59","1","13","4","120.754714","24.274023","3"
"4678","66000","387130000C","(04)23274275","(04)23288582","2026","2","11","18","53","臺中市","西區","0","1","0","7","1","6","50","4","2","1","5","4","6","6","1","1","9","4","5","2","12","3","10","3","1","B03","7","7","1","8","2","5","","35","35","1","12","4","120.652936","24.145064","2"
"4679","66000","387130000C","(04)23274275","(04)23288582","2026","2","11","18","57","臺中市","東區","0","2","0","7","1","6","50","4","1","1","5","4","6","6","1","1","10","5","5","2","17","2","9","1","1","C03","7","6","1","10","2","14","","48","48","1","12","4","120.690982","24.140689","2"
"4680","66000","387130000C","(04)23274275","(04)23288582","2026","2","11","18","59","臺中市","西區","0","1","0","7","1","6","50","13","8","1","5","4","6","6","4","4","5","4","4","2","17","2","9","1","1","C03","7","1","1","10","2","14","","51","51","1","13","4","120.655291","24.151167","2"
"4681","66000","387130000C","(04)23274275","(04)23288582","2026","2","11","18","59","臺中市","大肚區","0","0","0","7","","","50","","","","","","","","","","","","","","","","","","","B12","","","1","","2","","","7","7","1","6","4","120.561548","24.12514","3"
"4682","66000","387130000C","(04)23274275","(04)23288582","2026","2","11","19","0","臺中市","大里區","0","0","0","7","","","30","","","","","","","","","","","","","","17","","","","","B03","","","1","","9","","","84","84","1","6","4","120.692997","24.093029","3"
"4683","66000","387130000C","(04)23274275","(04)23288582","2026","2","11","19","4","臺中市","北區","0","0","0","7","","","50","","","","","","","","","","","","","","13","","","","","B03","","","1","","1","","","7","7","1","13","4","120.685275","24.161398","3"
"4684","66000","387130000C","(04)23274275","(04)23288582","2026","2","11","19","7","臺中市","石岡區","0","2","0","7","2","6","70","13","9","1","5","4","6","6","1","1","8","4","4","2","2","2","9","1","1","C03","7","9","1","10","2","11","","85","85","1","12","4","120.790123","24.273371","2"
"4685","66000","387130000C","(04)23274275","(04)23288582","2026","2","11","19","8","臺中市","東區","0","0","0","7","","","0","","","","","","","","","","","","","","14","","","","","B03","","","1","","2","","","49","49","1","13","4","120.684547","24.134081","3"
"4686","66000","387130000C","(04)23274275","(04)23288582","2026","2","11","19","11","臺中市","北屯區","0","1","0","7","2","6","30","4","1","1","5","4","6","6","4","4","10","5","5","2","18","2","7","5","4","C03","7","9","1","10","9","11","","20","20","1","12","4","120.670188","24.18262","2"
"4687","66000","387130000C","(04)23274275","(04)23288582","2026","2","11","19","11","臺中市","大里區","0","2","0","6","3","6","50","4","1","1","5","4","6","6","4","4","10","5","5","2","15","2","9","1","1","C03","7","9","1","10","2","11","","12","12","1","12","4","120.680531","24.103829","2"
"4688","66000","387130000C","(04)23274275","(04)23288582","2026","2","11","19","13","臺中市","西區","0","1","0","7","1","6","50","4","1","1","5","4","6","6","1","1","10","5","5","2","16","3","10","3","1","B03","7","5","1","8","2","5","","47","47","1","12","4","120.667848","24.130927","2"
"4689","66000","387130000C","(04)23274275","(04)23288582","2026","2","11","19","14","臺中市","北區","0","0","0","7","1","6","50","5","2","1","5","4","6","6","2","1","3","4","5","2","17","","","","","B12","","","1","","1","","","84","84","1","13","4","120.68609","24.154641","3"
"4690","66000","387130000C","(04)23274275","(04)23288582","2026","2","11","19","14","臺中市","北屯區","0","0","0","7","","","50","","","","","","","","","","","","","","11","","","","","B03","","","1","","2","","","8","8","1","13","4","120.703146","24.180611","3"
"4691","66000","387130000C","(04)23274275","(04)23288582","2026","2","11","19","16","臺中市","南屯區","0","1","0","7","2","6","50","4","1","1","5","4","6","6","2","1","5","4","4","2","17","3","10","2","1","C03","7","9","1","10","2","16","","21","21","1","13","4","120.633516","24.141395","2"
"4692","66000","387130000C","(04)23274275","(04)23288582","2026","2","11","19","21","臺中市","后里區","0","1","0","7","1","6","30","4","9","1","5","4","6","6","4","4","10","5","5","2","11","2","9","2","1","C03","7","5","1","10","2","11","","84","84","1","12","4","120.727489","24.314062","2"
"4693","66000","387130000C","(04)23274275","(04)23288582","2026","2","11","19","22","臺中市","西區","0","0","0","6","","","50","","","","","","","","","","","","","","","","","","","B03","","","1","","1","","","7","7","1","12","4","120.657242","24.150853","3"
"4694","66000","387130000C","(04)23274275","(04)23288582","2026","2","11","19","26","臺中市","沙鹿區","0","1","0","7","1","6","50","4","1","1","5","4","6","6","1","1","10","5","5","2","16","3","10","3","1","B03","7","6","1","8","2","6","","11","11","1","12","4","120.566781","24.23694","2"
"4695","66000","387130000C","(04)23274275","(04)23288582","2026","2","11","19","33","臺中市","北屯區","0","0","0","7","","","50","","","","","","","","","","","","","","14","","","","","B03","","","1","","2","","","49","49","1","6","4","120.719585","24.178584","3"
"4696","66000","387130000C","(04)23274275","(04)23288582","2026","2","11","19","34","臺中市","潭子區","0","1","0","6","1","6","50","5","1","1","5","4","6","6","1","1","1","4","5","1","17","3","10","3","1","B11","7","5","1","8","2","3","","11","11","1","13","4","120.6863","24.216039","2"
"4697","66000","387130000C","(04)23274275","(04)23288582","2026","2","11","19","41","臺中市","北屯區","0","1","0","7","1","6","50","3","2","1","5","4","6","6","4","4","3","4","5","2","12","3","10","3","1","B11","7","5","1","8","1","2","","20","20","1","13","4","120.723095","24.182681","2"
"4698","66000","387130000C","(04)23274275","(04)23288582","2026","2","11","19","43","臺中市","北屯區","0","0","0","7","","","50","","","","","","","","","","","","","","","","","","","B03","","","1","","1","","","7","7","1","12","4","120.665849","24.184375","3"
"4699","66000","387130000C","(04)23274275","(04)23288582","2026","2","11","19","45","臺中市","中區","0","0","0","7","","","50","","","","","","","","","","","","","","13","","","","","F03","","","1","","2","","","7","7","1","12","4","120.682212","24.135899","3"
"4700","66000","387130000C","(04)23274275","(04)23288582","2026","2","11","19","46","臺中市","豐原區","0","2","0","6","1","6","40","3","2","1","5","4","6","6","3","1","5","5","4","2","13","2","9","2","1","C03","7","9","1","10","2","11","12","7","7","1","12","4","120.739143","24.255786","2"
"4701","66000","387130000C","(04)23274275","(04)23288582","2026","2","11","19","53","臺中市","北區","0","0","0","7","","","50","","","","","","","","","","","","","","17","","","","","B03","","","1","","1","","","59","59","1","13","4","120.678928","24.168446","3"
"4702","66000","387130000C","(04)23274275","(04)23288582","2026","2","11","19","54","臺中市","潭子區","0","0","0","7","","3","80","","","","","","","","","","","","","","","","","","","B03","","","1","","2","","","84","84","1","13","4","120.718441","24.19728","3"
"4703","66000","387130000C","(04)23274275","(04)23288582","2026","2","11","19","58","臺中市","西區","0","0","0","7","","","40","","","","","","","","","","","","","","15","","","","","C03","","","1","","1","","","84","84","1","13","4","120.66101","24.147964","3"
"4704","66000","387130000C","(04)23274275","(04)23288582","2026","2","11","20","3","臺中市","太平區","0","2","0","7","1","6","50","4","1","1","5","4","6","6","4","4","10","5","5","2","13","2","8","6","1","F01","7","11","7","21","2","14","","42","42","1","13","4","120.71651","24.14559","2"
"4705","66000","387130000C","(04)23274275","(04)23288582","2026","2","11","20","9","臺中市","烏日區","0","0","0","7","","","50","","","","","","","","","","","","","","13","","","","","B03","","","1","","1","","","84","84","1","6","4","120.640414","24.095083","3"
"4706","66000","387130000C","(04)23274275","(04)23288582","2026","2","11","20","15","臺中市","西區","0","0","0","7","","","50","","","","","","","","","","","","","","17","","","","","F03","","","1","","2","","","51","51","1","12","4","120.662312","24.15836","3"
"4707","66000","387130000C","(04)23274275","(04)23288582","2026","2","11","20","15","臺中市","西區","0","0","0","6","","","","","","","","","","","","","","","","","","","","","","","","","","","","","","119","119","1","","","120.663269","24.156962","3"
"4708","66000","387130000C","(04)23274275","(04)23288582","2026","2","11","20","18","臺中市","南區","0","1","0","7","1","6","30","4","9","1","5","4","6","6","4","4","10","5","5","2","17","3","10","5","4","B03","7","1","1","8","2","7","","51","51","1","13","4","120.682478","24.127266","2"
"4709","66000","387130000C","(04)23274275","(04)23288582","2026","2","11","20","18","臺中市","北屯區","0","0","0","7","","","30","","","","","","","","","","","","","","15","","","","","C03","","","1","","2","","","15","15","1","6","4","120.714181","24.174368","3"
"4710","66000","387130000C","(04)23274275","(04)23288582","2026","2","11","20","18","臺中市","龍井區","0","1","0","7","1","6","40","4","1","1","5","4","6","6","2","1","10","5","5","2","16","3","10","3","1","B03","7","5","1","8","2","5","","8","8","1","6","4","120.577692","24.177406","2"
"4711","66000","387130000C","(04)23274275","(04)23288582","2026","2","11","20","21","臺中市","豐原區","0","0","0","7","","","30","","","","","","","","","","","","","","11","","","","","B03","","","1","","2","","","8","8","1","13","4","120.720263","24.251285","3"
"4712","66000","387130000C","(04)23274275","(04)23288582","2026","2","11","20","22","臺中市","東區","0","0","0","7","","","50","","","","","","","","","","","","","","17","","","","","C03","","","5","","1","","","8","8","1","12","4","120.694203","24.148672","3"
"4713","66000","387130000C","(04)23274275","(04)23288582","2026","2","11","20","22","臺中市","東區","0","3","0","7","1","6","50","4","1","1","5","4","6","6","4","4","10","5","5","2","16","2","9","3","1","B03","7","6","1","7","2","2","","14","14","1","13","4","120.70855","24.142191","2"
"4714","66000","387130000C","(04)23274275","(04)23288582","2026","2","11","20","30","臺中市","北區","0","0","0","7","","","50","","","","","","","","","","","","","","17","","","","","C03","","","1","","1","","","87","87","1","13","4","120.675144","24.17028","3"
"4715","66000","387130000C","(04)23274275","(04)23288582","2026","2","11","20","34","臺中市","太平區","0","0","0","7","","","30","","","","","","","","","","","","","","16","","","","","B03","","","1","","2","","","14","14","1","12","4","120.714051","24.106053","3"
"4716","66000","387130000C","(04)23274275","(04)23288582","2026","2","11","20","35","臺中市","潭子區","0","0","0","6","","","50","","","","","","","","","","","","","","","","","","","B03","","","1","","2","","","49","49","1","13","4","120.711677","24.212843","3"
"4717","66000","387130000C","(04)23274275","(04)23288582","2026","2","11","20","35","臺中市","西區","0","0","0","6","","","50","","","","","","","","","","","","","","","","","","","C03","","","1","","1","","","15","15","1","12","4","120.66879","24.142052","3"
"4718","66000","387130000C","(04)23274275","(04)23288582","2026","2","11","20","40","臺中市","北區","0","2","0","7","1","6","30","4","1","1","5","4","6","6","4","4","10","5","5","2","17","3","10","5","4","B03","7","9","1","8","1","16","","12","12","1","13","4","120.671995","24.167464","2"
"4719","66000","387130000C","(04)23274275","(04)23288582","2026","2","11","20","43","臺中市","太平區","0","0","0","7","","","50","","","","","","","","","","","","","","17","","","","","B03","","","1","","9","","","77","77","1","13","4","120.708575","24.111504","3"
"4720","66000","387130000C","(04)23274275","(04)23288582","2026","2","11","20","48","臺中市","北區","0","0","0","7","3","6","50","13","24","1","5","4","6","6","4","4","5","5","5","2","17","","","","","B03","","","1","","2","","","8","8","1","13","4","120.687655","24.155537","3"
"4721","66000","387130000C","(04)23274275","(04)23288582","2026","2","11","20","48","臺中市","大肚區","0","0","0","7","","","50","","","","","","","","","","","","","","","","","","","B03","","","1","","2","","","49","49","1","12","4","120.540787","24.153819","3"
"4722","66000","387130000C","(04)23274275","(04)23288582","2026","2","11","20","54","臺中市","北屯區","0","1","0","7","1","6","40","13","8","1","5","4","6","6","1","1","1","4","4","2","12","3","10","1","1","C03","7","12","1","10","2","11","","7","7","1","6","4","120.686283","24.191118","2"
"4723","66000","387130000C","(04)23274275","(04)23288582","2026","2","11","20","56","臺中市","北區","0","0","0","7","","","50","","","","","","","","","","","","","","13","","","","","C03","","","1","","2","","","59","59","1","12","4","120.687358","24.146286","3"
"4724","66000","387130000C","(04)23274275","(04)23288582","2026","2","11","20","59","臺中市","北區","0","0","0","7","","","30","","","","","","","","","","","","","","17","","","","","B03","","","1","","1","","","84","84","1","13","4","120.668442","24.165745","3"
"4725","66000","387130000C","(04)23274275","(04)23288582","2026","2","11","21","1","臺中市","西區","0","0","0","7","","","50","","","","","","","","","","","","","","11","","","","","C03","","","1","","1","","","84","84","1","12","4","120.654196","24.153587","3"
"4726","66000","387130000C","(04)23274275","(04)23288582","2026","2","11","21","8","臺中市","西屯區","0","0","0","7","","","60","","","","","","","","","","","","","","12","","","","","B03","","","1","","1","","","8","8","1","12","4","120.652726","24.160883","3"
"4727","66000","387130000C","(04)23274275","(04)23288582","2026","2","11","21","12","臺中市","南屯區","0","0","0","7","1","6","50","13","9","1","5","4","6","6","4","4","9","5","5","2","17","","","","","C03","","","1","","2","","","85","85","1","12","4","120.64897","24.155543","3"
"4728","66000","387130000C","(04)23274275","(04)23288582","2026","2","11","21","14","臺中市","北屯區","0","0","0","7","","","50","","","","","","","","","","","","","","12","","","","","B03","","","1","","1","","","51","51","1","13","4","120.679951","24.17551","3"
"4729","66000","387130000C","(04)23274275","(04)23288582","2026","2","11","21","16","臺中市","西區","0","2","0","7","1","6","50","3","2","1","5","4","6","6","4","4","8","4","4","2","2","2","9","2","1","C03","7","9","1","10","2","14","","7","7","1","12","4","120.653701","24.153609","2"
"4730","66000","387130000C","(04)23274275","(04)23288582","2026","2","11","21","18","臺中市","北區","0","0","0","7","2","6","50","18","24","1","5","4","6","6","4","4","1","4","4","2","17","","","","","B03","","","1","","1","","","8","8","1","13","4","120.669286","24.173292","3"
"4731","66000","387130000C","(04)23274275","(04)23288582","2026","2","11","21","26","臺中市","西屯區","0","1","0","7","1","6","50","4","2","1","5","4","6","6","2","1","10","5","5","2","12","3","10","1","1","C03","7","9","1","10","2","14","","84","84","1","12","4","120.644431","24.194256","2"
"4732","66000","387130000C","(04)23274275","(04)23288582","2026","2","11","21","36","臺中市","西屯區","0","1","0","7","1","6","30","4","1","1","5","4","6","6","4","4","10","5","5","2","15","3","10","3","1","B03","7","9","1","8","2","5","","15","15","1","12","4","120.616608","24.184995","2"
"4733","66000","387130000C","(04)23274275","(04)23288582","2026","2","11","21","36","臺中市","西屯區","0","1","0","7","1","6","50","3","7","1","5","4","6","6","4","4","5","5","4","2","17","3","10","3","1","B03","7","9","3","19","2","5","","8","8","1","13","4","120.65198","24.166687","2"
"4734","66000","387130000C","(04)23274275","(04)23288582","2026","2","11","21","36","臺中市","大里區","0","1","0","7","1","6","50","13","9","1","5","4","6","6","4","4","8","5","5","2","30","","","","","","","","","","","","","116","116","1","","","120.690438","24.120325","2"
"4735","66000","387130000C","(04)23274275","(04)23288582","2026","2","11","21","38","臺中市","北屯區","0","0","0","7","","","40","","","","","","","","","","","","","","13","","","","","C03","","","1","","1","","","84","84","1","12","4","120.72104","24.178603","3"
"4736","66000","387130000C","(04)23274275","(04)23288582","2026","2","11","21","40","臺中市","太平區","0","1","0","7","1","6","50","11","9","1","5","4","6","6","4","4","5","5","5","1","18","2","9","1","1","C03","7","6","1","10","2","14","","84","84","1","12","4","120.710284","24.115501","2"
"4737","66000","387130000C","(04)23274275","(04)23288582","2026","2","11","21","42","臺中市","清水區","0","0","0","7","","","60","","","","","","","","","","","","","","","","","","","B03","","","1","","1","","","59","59","1","12","4","120.55186","24.276068","3"
"4738","66000","387130000C","(04)23274275","(04)23288582","2026","2","11","21","49","臺中市","外埔區","0","2","0","7","1","6","50","4","9","1","5","4","6","6","4","4","4","4","4","1","12","2","9","1","1","C03","7","7","1","10","2","12","","84","84","1","6","4","120.638225","24.342054","2"