序號,縣市別代碼,機關代碼,市話,傳真,年,月,日,時,分,縣市,區,死亡數量,受傷數量,2-30,天候,道路照明設備,道路類別,道路速限,道路型態,事故位置,路面鋪裝,路面狀態,路面缺陷,障礙物,視距,號誌種類,號誌動作,分向設施,快車道或一般車道間,快慢車道間,路面邊線,事故類型及型態,受傷程度,主要傷處,保護裝備,行動電話或功能裝置,當事者區分(類別),車輛用途,當事者行動狀態,駕照狀態,駕照種類,飲酒情形,車輛撞擊部位最初,車輛撞擊部位其他,肇事因素個別,肇事因素主要,肇事逃逸,職業,共享經濟或外送平台,GPS座標X,GPS座標Y,事故類別
"4739","66000","387130000C","(04)23274275","(04)23288582","2026","2","11","21","52","臺中市","西屯區","0","0","0","7","","","50","","","","","","","","","","","","","","12","","","","","B03","","","1","","1","","","8","8","1","12","4","120.648595","24.1683","3"
"4740","66000","387130000C","(04)23274275","(04)23288582","2026","2","11","21","54","臺中市","北屯區","0","0","0","7","","","50","","","","","","","","","","","","","","17","","","","","A04","","","1","","9","","","8","8","1","6","4","120.670512","24.178394","3"
"4741","66000","387130000C","(04)23274275","(04)23288582","2026","2","11","22","3","臺中市","西屯區","0","1","0","7","1","6","50","4","1","1","5","4","6","6","2","1","10","5","5","2","16","3","10","1","1","C03","7","6","1","10","2","12","","11","11","1","13","4","120.636007","24.169224","2"
"4742","66000","387130000C","(04)23274275","(04)23288582","2026","2","11","22","9","臺中市","西屯區","0","0","0","7","","","50","","","","","","","","","","","","","","12","","","","","B12","","","5","","2","","","8","8","1","12","4","120.655344","24.200291","3"
"4743","66000","387130000C","(04)23274275","(04)23288582","2026","2","11","23","0","臺中市","大雅區","0","2","0","7","1","6","50","13","9","1","5","4","6","6","4","4","4","3","5","1","17","2","9","5","4","C03","7","8","1","10","2","13","","20","20","1","13","4","120.648519","24.226774","2"
"4744","66000","387130000C","(04)23274275","(04)23288582","2026","2","11","23","6","臺中市","西屯區","0","1","0","7","1","6","40","11","9","1","5","4","6","6","4","4","1","5","5","2","12","2","8","2","4","C03","7","5","1","10","1","11","","8","8","1","13","4","120.633714","24.172375","2"
"4745","66000","387130000C","(04)23274275","(04)23288582","2026","2","11","23","20","臺中市","沙鹿區","0","1","0","7","1","6","50","4","8","1","5","4","6","6","1","1","4","3","4","2","15","3","10","3","1","B03","7","9","1","8","2","5","","21","21","1","12","4","120.56631","24.250639","2"
"4746","66000","387130000C","(04)23274275","(04)23288582","2026","2","11","23","31","臺中市","南屯區","0","1","0","7","1","6","30","3","1","1","5","4","6","6","4","4","5","5","5","1","16","3","10","3","1","B03","7","6","1","8","2","7","","48","48","1","13","4","120.648277","24.148893","2"
"4747","66000","387130000C","(04)23274275","(04)23288582","2026","2","11","23","32","臺中市","太平區","0","0","0","7","","","0","","","","","","","","","","","","","","","","","","","B03","","","1","","1","","","51","51","1","12","4","120.716414","24.15059","3"
"4748","66000","387130000C","(04)23274275","(04)23288582","2026","2","11","23","34","臺中市","西屯區","0","0","0","7","","","40","","","","","","","","","","","","","","14","","","","","B03","","","1","","1","","","49","49","1","12","4","120.661486","24.164988","3"
"4749","66000","387130000C","(04)23274275","(04)23288582","2026","2","11","23","47","臺中市","太平區","0","0","0","7","","","30","","","","","","","","","","","","","","","","","","","C03","","","1","","1","","","48","48","1","12","4","120.730646","24.14303","3"
"4750","66000","387130000C","(04)23274275","(04)23288582","2026","2","12","1","0","臺中市","大雅區","0","0","0","7","","","50","","","","","","","","","","","","","","","","","","","C03","","","1","","2","","","84","84","1","13","4","120.654502","24.222502","4"
"4751","66000","387130000C","(04)23274275","(04)23288582","2026","2","12","1","32","臺中市","南區","0","0","0","7","","","40","","","","","","","","","","","","","","14","","","","","B03","","","1","","2","","","49","49","1","12","4","120.657645","24.117221","3"
"4752","66000","387130000C","(04)23274275","(04)23288582","2026","2","12","1","46","臺中市","北屯區","0","1","0","7","1","6","30","4","1","1","5","4","6","6","4","4","10","5","5","2","17","2","9","1","1","C03","7","5","1","10","2","11","","15","15","1","12","4","120.669428","24.174807","2"
"4753","66000","387130000C","(04)23274275","(04)23288582","2026","2","12","1","51","臺中市","北區","0","0","0","7","","","30","","","","","","","","","","","","","","17","","","","","C03","","","1","","1","","","49","49","2","12","2","120.67625","24.168016","3"
"4754","66000","387130000C","(04)23274275","(04)23288582","2026","2","12","1","59","臺中市","后里區","0","1","0","7","1","6","50","13","14","1","5","4","6","6","4","4","9","4","4","1","25","2","3","3","1","B03","7","9","1","8","2","1","","54","54","2","6","4","120.719927","24.3092","2"
"4755","66000","387130000C","(04)23274275","(04)23288582","2026","2","12","2","14","臺中市","烏日區","0","1","0","7","1","6","30","4","1","1","5","4","5","6","4","4","10","5","5","2","24","2","9","5","4","C03","7","9","1","10","2","11","","59","59","1","13","4","120.635045","24.110385","2"
"4756","66000","387130000C","(04)23274275","(04)23288582","2026","2","12","2","29","臺中市","大雅區","0","2","0","7","1","6","70","18","24","1","5","4","6","6","3","1","10","5","5","2","17","2","9","2","1","C03","7","9","1","10","2","11","","6","6","1","12","4","120.631168","24.239777","2"
"4757","66000","387130000C","(04)23274275","(04)23288582","2026","2","12","3","13","臺中市","北區","0","1","0","7","1","6","50","3","1","1","5","4","6","6","1","1","10","5","5","2","13","3","10","3","1","B03","7","9","1","8","1","1","","59","59","2","12","4","120.683438","24.153692","2"
"4758","66000","387130000C","(04)23274275","(04)23288582","2026","2","12","5","0","臺中市","太平區","0","0","0","7","","","30","","","","","","","","","","","","","","","","","","","B03","","","1","","9","","","51","51","2","12","4","120.718231","24.152271","3"
"4759","66000","387130000C","(04)23274275","(04)23288582","2026","2","12","5","5","臺中市","西屯區","0","1","0","7","1","6","50","13","9","1","5","4","6","6","2","1","5","4","5","2","12","","","","","","","21","","","","","","86","86","2","","","120.6552","24.175888","2"
"4760","66000","387130000C","(04)23274275","(04)23288582","2026","2","12","5","15","臺中市","大里區","0","2","0","7","1","6","50","4","1","1","5","4","6","6","3","1","3","4","5","1","15","2","9","5","4","C03","7","9","1","10","2","12","","24","24","1","13","4","120.679485","24.116591","2"
"4761","66000","387130000C","(04)23274275","(04)23288582","2026","2","12","5","52","臺中市","后里區","0","1","0","7","1","6","30","3","1","1","5","4","6","1","4","4","10","5","5","2","16","3","10","1","1","C03","7","6","1","10","2","11","","14","14","1","6","4","120.732315","24.310082","2"
"4762","66000","387130000C","(04)23274275","(04)23288582","2026","2","12","5","56","臺中市","西區","0","0","0","7","","","50","","","","","","","","","","","","","","","","","","","B03","","","1","","2","","","25","25","1","6","4","120.678345","24.136525","3"
"4763","66000","387130000C","(04)23274275","(04)23288582","2026","2","12","6","38","臺中市","西區","0","1","0","7","2","6","50","4","1","1","5","4","6","6","4","4","9","5","5","2","15","2","9","2","1","C03","7","9","1","10","2","12","14","15","15","1","12","4","120.66879","24.142052","2"
"4764","66000","387130000C","(04)23274275","(04)23288582","2026","2","12","6","40","臺中市","北屯區","0","0","0","7","","","50","","","","","","","","","","","","","","","","","","","B03","","","1","","2","","","8","8","1","12","4","120.719491","24.163032","3"
"4765","66000","387130000C","(04)23274275","(04)23288582","2026","2","12","6","41","臺中市","西屯區","0","0","0","7","","","50","","","","","","","","","","","","","","17","","","","","B03","","","1","","1","","","59","59","1","12","4","120.624834","24.195663","3"
"4766","66000","387130000C","(04)23274275","(04)23288582","2026","2","12","6","53","臺中市","太平區","0","1","0","7","2","6","50","3","2","1","5","4","6","6","1","1","1","5","5","2","16","3","10","3","1","B03","7","15","1","8","2","5","","42","42","1","12","4","120.71131","24.142892","2"
"4767","66000","387130000C","(04)23274275","(04)23288582","2026","2","12","6","59","臺中市","霧峰區","0","0","0","7","","","30","","","","","","","","","","","","","","17","","","","","C03","","","6","","11","","","7","7","2","13","4","120.686904","24.054043","3"
"4768","66000","387130000C","(04)23274275","(04)23288582","2026","2","12","7","1","臺中市","南區","0","1","0","7","3","6","50","3","1","1","5","4","6","6","2","1","10","5","5","2","17","2","8","2","1","C03","7","9","1","10","2","11","","85","85","1","13","4","120.6617","24.109195","2"
"4769","66000","387130000C","(04)23274275","(04)23288582","2026","2","12","7","5","臺中市","南屯區","0","1","0","7","2","6","50","4","1","1","5","4","6","6","2","1","10","5","5","2","16","2","8","2","1","C03","7","9","1","10","2","11","","21","21","1","13","4","120.654525","24.135283","2"
"4770","66000","387130000C","(04)23274275","(04)23288582","2026","2","12","7","11","臺中市","西屯區","0","0","0","7","","","","","","","","","","","","","","","","","17","","","","","","","","","","","","","119","119","1","","","120.652646","24.176464","3"
"4771","66000","387130000C","(04)23274275","(04)23288582","2026","2","12","7","15","臺中市","西屯區","0","0","0","7","","","50","","","","","","","","","","","","","","13","","","","","A42","","","1","","2","","","59","59","1","13","4","120.656177","24.2001","3"
"4772","66000","387130000C","(04)23274275","(04)23288582","2026","2","12","7","16","臺中市","大里區","0","2","0","7","2","6","50","3","1","1","5","4","6","6","1","1","10","5","5","2","16","2","9","2","1","C03","7","6","1","10","2","12","","11","11","1","6","4","120.728109","24.091415","2"
"4773","66000","387130000C","(04)23274275","(04)23288582","2026","2","12","7","18","臺中市","北屯區","0","2","0","7","2","6","50","4","1","1","5","4","6","6","2","1","10","5","5","2","17","2","9","1","1","F01","7","9","7","21","2","13","","85","85","1","12","4","120.730378","24.173857","2"
"4774","66000","387130000C","(04)23274275","(04)23288582","2026","2","12","7","22","臺中市","大雅區","0","1","0","7","2","6","50","13","9","1","5","4","6","6","4","4","9","5","5","1","13","2","9","2","1","C03","7","9","1","10","2","11","","7","7","1","12","4","120.653587","24.231491","2"
"4775","66000","387130000C","(04)23274275","(04)23288582","2026","2","12","7","24","臺中市","豐原區","0","0","0","7","","","50","","","","","","","","","","","","","","13","","","","","C03","","","1","","2","","","7","7","1","12","4","120.752202","24.271859","3"
"4776","66000","387130000C","(04)23274275","(04)23288582","2026","2","12","7","25","臺中市","西屯區","0","0","0","7","","","50","","","","","","","","","","","","","","13","","","","","B03","","","1","","2","","","59","59","1","12","4","120.658906","24.176347","3"
"4777","66000","387130000C","(04)23274275","(04)23288582","2026","2","12","7","25","臺中市","沙鹿區","0","1","0","7","3","6","30","13","9","1","5","4","6","6","4","4","10","5","5","1","11","3","10","1","1","C03","7","4","5","19","2","14","","1","1","1","6","4","120.55564","24.247833","2"
"4778","66000","387130000C","(04)23274275","(04)23288582","2026","2","12","7","26","臺中市","北屯區","0","1","0","7","2","6","50","13","9","1","5","4","6","6","4","4","9","4","5","2","12","2","8","3","1","B03","7","9","1","8","2","5","9","84","84","1","12","4","120.7319","24.169792","2"
"4779","66000","387130000C","(04)23274275","(04)23288582","2026","2","12","7","26","臺中市","清水區","0","1","0","7","2","6","50","3","1","1","5","4","6","6","4","4","9","3","4","1","17","2","9","1","1","C03","7","6","1","10","2","12","","20","20","1","12","4","120.560121","24.277029","2"
"4780","66000","387130000C","(04)23274275","(04)23288582","2026","2","12","7","28","臺中市","南區","0","0","0","7","","","50","","","","","","","","","","","","","","","","","","","B03","","","1","","1","","","48","48","1","13","4","120.656647","24.113868","3"
"4781","66000","387130000C","(04)23274275","(04)23288582","2026","2","12","7","30","臺中市","大里區","0","0","0","7","","","50","","","","","","","","","","","","","","","","","","","B03","","","1","","10","","","85","85","1","12","4","120.696047","24.087658","3"
"4782","66000","387130000C","(04)23274275","(04)23288582","2026","2","12","7","34","臺中市","南區","0","1","0","7","3","6","50","3","1","1","5","4","6","6","4","4","10","5","5","2","18","2","7","2","1","C03","7","14","1","10","2","16","","84","84","1","13","4","120.684348","24.131335","2"
"4783","66000","387130000C","(04)23274275","(04)23288582","2026","2","12","7","35","臺中市","北區","0","2","0","7","2","6","50","3","1","1","5","4","6","6","2","1","2","4","5","2","19","2","9","3","1","B12","7","9","5","19","6","1","","53","53","1","12","4","120.684051","24.149867","2"
"4784","66000","387130000C","(04)23274275","(04)23288582","2026","2","12","7","35","臺中市","西屯區","0","1","0","7","2","6","30","11","13","1","5","4","6","6","4","4","10","4","5","1","11","3","10","5","1","B03","7","9","1","8","2","8","","39","39","1","12","4","120.645379","24.158767","2"
"4785","66000","387130000C","(04)23274275","(04)23288582","2026","2","12","7","36","臺中市","西屯區","0","1","0","7","2","6","50","3","2","1","5","4","6","6","1","1","9","2","4","2","16","3","10","3","1","B03","7","6","1","8","2","2","","11","11","1","12","4","120.590673","24.170739","2"
"4786","66000","387130000C","(04)23274275","(04)23288582","2026","2","12","7","36","臺中市","大里區","0","1","0","7","3","6","50","4","2","1","5","4","6","6","1","1","1","4","5","1","13","3","10","3","1","B03","7","9","1","8","2","1","","7","7","1","6","4","120.699245","24.110119","2"
"4787","66000","387130000C","(04)23274275","(04)23288582","2026","2","12","7","37","臺中市","豐原區","0","1","0","7","2","6","50","3","7","1","5","4","6","6","4","4","5","5","4","1","16","4","11","5","4","C03","7","6","1","10","2","14","","84","84","1","12","4","120.724288","24.252237","2"
"4788","66000","387130000C","(04)23274275","(04)23288582","2026","2","12","7","38","臺中市","西屯區","0","1","0","7","1","6","50","13","9","1","5","4","6","6","4","4","1","4","5","1","13","2","9","1","1","C03","7","9","1","10","1","11","","7","7","1","12","4","120.65843","24.200891","2"
"4789","66000","387130000C","(04)23274275","(04)23288582","2026","2","12","7","38","臺中市","龍井區","0","1","0","7","2","6","50","4","2","1","5","4","6","6","4","4","10","5","5","2","16","3","10","3","1","B03","7","6","1","8","2","8","","48","48","1","6","4","120.595717","24.189137","2"
"4790","66000","387130000C","(04)23274275","(04)23288582","2026","2","12","7","39","臺中市","沙鹿區","0","0","0","7","","","60","","","","","","","","","","","","","","13","","","","","A11","","","1","","1","","","59","59","1","6","4","120.590216","24.250037","3"
"4791","66000","387130000C","(04)23274275","(04)23288582","2026","2","12","7","40","臺中市","大肚區","0","1","0","7","1","6","50","4","2","1","5","4","6","6","1","1","8","3","4","1","15","3","10","3","1","B03","7","9","1","8","2","5","","21","21","1","12","4","120.530972","24.169887","2"
"4792","66000","387130000C","(04)23274275","(04)23288582","2026","2","12","7","42","臺中市","中區","0","2","0","7","3","6","50","4","1","1","5","4","6","6","1","1","10","5","5","2","13","2","7","1","1","C03","7","9","1","10","2","11","","7","7","1","6","4","120.676528","24.145006","2"
"4793","66000","387130000C","(04)23274275","(04)23288582","2026","2","12","7","43","臺中市","大甲區","0","1","0","7","3","6","50","13","9","1","5","4","6","6","4","4","9","5","4","1","17","3","10","3","1","B03","7","2","1","8","2","6","","49","49","1","6","4","120.636539","24.359186","2"
"4794","66000","387130000C","(04)23274275","(04)23288582","2026","2","12","7","45","臺中市","北屯區","0","0","0","7","","","50","","","","","","","","","","","","","","12","","","","","C03","","","1","","1","","","40","40","1","6","4","120.69777","24.170715","3"
"4795","66000","387130000C","(04)23274275","(04)23288582","2026","2","12","7","47","臺中市","西屯區","0","0","0","7","","","30","","","","","","","","","","","","","","13","","","","","B03","","","1","","1","","","7","7","1","13","4","120.633859","24.17324","3"
"4796","66000","387130000C","(04)23274275","(04)23288582","2026","2","12","7","47","臺中市","大里區","0","2","0","7","3","6","30","4","1","1","5","4","6","6","4","4","10","5","5","2","16","2","9","1","1","C03","7","6","1","10","2","14","","12","12","1","12","4","120.699668","24.106399","2"
"4797","66000","387130000C","(04)23274275","(04)23288582","2026","2","12","7","48","臺中市","西屯區","0","1","0","6","2","6","50","4","1","1","5","4","6","6","2","1","10","5","5","2","13","2","8","1","1","C03","7","9","1","10","2","11","","7","7","1","13","4","120.651201","24.166899","2"
"4798","66000","387130000C","(04)23274275","(04)23288582","2026","2","12","7","48","臺中市","西屯區","0","2","0","7","1","6","40","13","9","1","5","4","6","6","4","4","1","4","5","1","13","2","9","1","1","C03","7","9","1","10","2","11","","7","7","1","12","4","120.660523","24.200664","2"
"4799","66000","387130000C","(04)23274275","(04)23288582","2026","2","12","7","49","臺中市","太平區","0","2","0","7","2","6","30","4","1","1","5","4","6","6","4","4","10","5","5","2","16","2","9","2","1","C03","7","6","1","10","2","14","","12","12","1","12","4","120.714718","24.140994","2"
"4800","66000","387130000C","(04)23274275","(04)23288582","2026","2","12","7","50","臺中市","南屯區","0","1","0","7","3","6","50","13","8","1","5","4","6","6","4","4","3","4","4","1","12","3","10","3","1","B03","7","9","5","8","2","4","","7","7","1","12","4","120.652344","24.14022","2"
"4801","66000","387130000C","(04)23274275","(04)23288582","2026","2","12","7","50","臺中市","霧峰區","0","1","0","7","2","6","50","13","9","1","5","4","6","6","4","4","9","5","5","1","18","2","9","1","1","C03","7","9","1","10","2","14","","84","84","1","6","4","120.677763","24.019702","2"
"4802","66000","387130000C","(04)23274275","(04)23288582","2026","2","12","7","50","臺中市","烏日區","0","1","0","7","2","6","60","5","1","1","5","4","6","6","1","1","10","5","5","2","17","3","10","5","4","B03","7","9","1","8","2","4","","21","21","1","6","4","120.644825","24.09307","2"
"4803","66000","387130000C","(04)23274275","(04)23288582","2026","2","12","7","51","臺中市","南屯區","0","1","0","7","2","6","50","3","1","1","5","4","6","6","4","4","9","4","5","2","11","3","10","3","1","B03","7","6","1","8","9","6","","14","14","1","12","4","120.613713","24.142658","2"
"4804","66000","387130000C","(04)23274275","(04)23288582","2026","2","12","7","51","臺中市","西屯區","0","0","0","7","","","50","","","","","","","","","","","","","","13","","","","","B03","","","1","","1","","","56","56","1","12","4","120.621357","24.186913","3"
"4805","66000","387130000C","(04)23274275","(04)23288582","2026","2","12","7","51","臺中市","豐原區","0","1","0","7","3","6","50","4","1","1","5","4","6","6","4","4","5","5","4","2","15","2","9","1","4","C03","7","9","1","10","2","12","","20","20","1","12","4","120.732351","24.251768","2"
"4806","66000","387130000C","(04)23274275","(04)23288582","2026","2","12","7","54","臺中市","西屯區","0","1","0","7","2","6","50","4","2","1","5","4","6","6","1","1","9","2","5","2","16","3","10","3","1","B03","7","9","1","8","2","8","","83","83","1","12","4","120.634747","24.169517","2"
"4807","66000","387130000C","(04)23274275","(04)23288582","2026","2","12","7","56","臺中市","西屯區","0","0","0","7","","","50","","","","","","","","","","","","","","15","","","","","C03","","","1","","2","","","14","14","1","12","4","120.5879","24.174374","3"
"4808","66000","387130000C","(04)23274275","(04)23288582","2026","2","12","7","57","臺中市","東區","0","0","0","7","","","40","","","","","","","","","","","","","","14","","","","","B03","","","1","","9","","","49","49","1","6","4","120.689994","24.132496","3"
"4809","66000","387130000C","(04)23274275","(04)23288582","2026","2","12","7","58","臺中市","大里區","0","1","0","7","3","6","40","4","1","1","5","4","6","6","1","1","10","5","5","2","15","3","10","5","4","B03","7","9","1","8","2","2","","21","21","1","13","4","120.690393","24.092775","2"
"4810","66000","387130000C","(04)23274275","(04)23288582","2026","2","12","7","58","臺中市","龍井區","0","0","0","7","","","70","","","","","","","","","","","","","","","","","","","B03","","","1","","1","","","84","84","1","12","4","120.515171","24.200334","3"
"4811","66000","387130000C","(04)23274275","(04)23288582","2026","2","12","7","58","臺中市","龍井區","0","2","0","7","2","6","30","13","9","1","5","4","6","6","4","4","10","5","5","1","13","2","9","2","1","C03","7","9","1","10","2","11","","7","7","1","12","4","120.57792","24.179321","2"
"4812","66000","387130000C","(04)23274275","(04)23288582","2026","2","12","8","0","臺中市","大里區","0","0","0","7","","","50","","","","","","","","","","","","","","13","","","","","B03","","","1","","2","","","84","84","1","6","4","120.687485","24.094385","3"
"4813","66000","387130000C","(04)23274275","(04)23288582","2026","2","12","8","1","臺中市","北屯區","0","2","0","7","3","6","40","4","2","1","5","4","6","6","4","4","5","5","4","2","13","2","7","1","1","C03","7","9","1","10","2","11","","7","7","1","12","4","120.69362","24.164935","2"
"4814","66000","387130000C","(04)23274275","(04)23288582","2026","2","12","8","3","臺中市","大肚區","0","0","0","7","","","30","","","","","","","","","","","","","","16","","","","","C04","","","3","","1","","","20","20","1","12","4","120.563515","24.124439","3"
"4815","66000","387130000C","(04)23274275","(04)23288582","2026","2","12","8","4","臺中市","大雅區","0","1","0","7","2","6","50","13","9","1","5","4","6","6","4","4","5","4","5","1","18","2","3","1","1","C03","7","9","1","10","2","12","","87","87","1","12","4","120.646237","24.2259","2"
"4816","66000","387130000C","(04)23274275","(04)23288582","2026","2","12","8","4","臺中市","西屯區","0","1","0","7","3","6","50","4","1","1","5","4","6","6","2","1","10","5","5","2","16","2","9","5","4","C03","7","9","1","10","2","11","","84","84","1","13","4","120.637884","24.163126","2"
"4817","66000","387130000C","(04)23274275","(04)23288582","2026","2","12","8","5","臺中市","潭子區","0","0","0","7","","","50","","","","","","","","","","","","","","","","","","","B03","","","1","","1","","","84","84","1","13","4","120.685018","24.216221","3"
"4818","66000","387130000C","(04)23274275","(04)23288582","2026","2","12","8","6","臺中市","龍井區","0","0","0","7","","","50","","","","","","","","","","","","","","2","","","","","B03","","","1","","1","","","84","84","1","6","4","120.582317","24.177332","3"
"4819","66000","387130000C","(04)23274275","(04)23288582","2026","2","12","8","7","臺中市","北屯區","0","2","0","7","3","6","50","13","8","1","5","4","6","6","4","4","5","5","4","2","12","2","9","2","1","C03","7","7","1","10","2","12","","40","40","1","6","4","120.662201","24.187265","2"
"4820","66000","387130000C","(04)23274275","(04)23288582","2026","2","12","8","8","臺中市","西屯區","0","0","0","7","","","50","","","","","","","","","","","","","","13","","","","","C03","","","1","","2","","","7","7","1","13","4","120.593833","24.177404","3"
"4821","66000","387130000C","(04)23274275","(04)23288582","2026","2","12","8","10","臺中市","潭子區","0","0","0","7","","","50","","","","","","","","","","","","","","","","","","","B01","","","1","","2","","","84","84","1","13","4","120.702716","24.200994","3"
"4822","66000","387130000C","(04)23274275","(04)23288582","2026","2","12","8","10","臺中市","太平區","0","3","0","7","2","6","30","4","1","1","5","4","6","6","4","4","10","5","5","2","15","2","9","4","1","C03","7","9","1","10","2","11","12","15","15","1","12","4","120.718344","24.117618","2"
"4823","66000","387130000C","(04)23274275","(04)23288582","2026","2","12","8","10","臺中市","清水區","0","0","0","7","","","50","","","","","","","","","","","","","","","","","","","B03","","","1","","1","","","49","49","1","12","4","120.540318","24.289084","3"
"4824","66000","387130000C","(04)23274275","(04)23288582","2026","2","12","8","11","臺中市","太平區","0","1","0","7","2","6","50","13","9","1","5","4","6","6","4","4","8","5","5","1","16","3","10","3","1","B03","7","2","1","8","2","3","","49","49","1","12","4","120.717316","24.123892","2"
"4825","66000","387130000C","(04)23274275","(04)23288582","2026","2","12","8","12","臺中市","霧峰區","0","2","0","7","2","6","50","3","2","1","5","4","6","6","3","1","3","4","4","2","12","2","8","2","1","C03","7","9","1","10","2","12","","85","85","1","6","4","120.695634","24.052849","2"
"4826","66000","387130000C","(04)23274275","(04)23288582","2026","2","12","8","13","臺中市","梧棲區","0","0","0","7","","","50","","","","","","","","","","","","","","8","","","","","B03","","","1","","2","","","58","58","1","12","4","120.525376","24.225022","3"
"4827","66000","387130000C","(04)23274275","(04)23288582","2026","2","12","8","17","臺中市","南區","0","0","0","7","","","50","","","","","","","","","","","","","","","","","","","B03","","","1","","9","","","8","8","2","13","4","120.648413","24.111138","3"
"4828","66000","387130000C","(04)23274275","(04)23288582","2026","2","12","8","18","臺中市","東區","0","1","0","7","3","6","50","4","1","1","5","4","6","6","1","1","10","5","5","2","17","3","10","3","1","B03","7","11","3","19","2","4","","45","45","1","13","4","120.700796","24.135143","2"
"4829","66000","387130000C","(04)23274275","(04)23288582","2026","2","12","8","18","臺中市","南屯區","0","0","0","7","","","30","","","","","","","","","","","","","","13","","","","","C03","","","1","","1","","","7","7","1","12","4","120.619766","24.15841","3"
"4830","66000","387130000C","(04)23274275","(04)23288582","2026","2","12","8","18","臺中市","北屯區","0","2","0","7","2","6","50","13","9","1","5","4","6","6","4","4","1","3","5","2","13","2","9","1","1","C03","7","9","1","9","2","11","","7","7","1","12","4","120.695009","24.166345","2"
"4831","66000","387130000C","(04)23274275","(04)23288582","2026","2","12","8","19","臺中市","中區","0","1","0","7","2","6","50","4","1","1","5","4","6","6","1","1","10","5","5","2","15","3","10","5","4","C03","7","9","1","10","2","15","","21","21","1","13","4","120.67725","24.145704","2"
"4832","66000","387130000C","(04)23274275","(04)23288582","2026","2","12","8","19","臺中市","北屯區","0","0","0","7","","","50","","","","","","","","","","","","","","17","","","","","C03","","","1","","1","","","51","51","1","12","4","120.684878","24.168419","3"
"4833","66000","387130000C","(04)23274275","(04)23288582","2026","2","12","8","19","臺中市","東勢區","0","1","0","7","2","6","50","3","1","1","5","4","6","6","4","4","10","5","5","2","17","2","9","2","1","C03","7","9","1","10","2","11","","59","59","1","12","4","120.826107","24.257944","2"
"4834","66000","387130000C","(04)23274275","(04)23288582","2026","2","12","8","21","臺中市","西屯區","0","2","0","7","2","6","30","13","9","1","5","4","6","6","4","4","10","5","5","2","16","2","9","1","1","C03","7","6","3","19","2","14","","48","48","1","13","4","120.643734","24.199465","2"
"4835","66000","387130000C","(04)23274275","(04)23288582","2026","2","12","8","21","臺中市","大肚區","0","0","0","7","","","50","","","","","","","","","","","","","","12","","","","","C03","","","1","","2","","","39","39","1","12","4","120.544882","24.152583","3"
"4836","66000","387130000C","(04)23274275","(04)23288582","2026","2","12","8","23","臺中市","潭子區","0","2","0","7","3","6","30","13","9","1","5","4","6","6","4","4","10","5","5","2","10","2","9","2","1","C03","7","9","1","10","2","11","","41","41","1","13","4","120.696563","24.221948","2"
"4837","66000","387130000C","(04)23274275","(04)23288582","2026","2","12","8","23","臺中市","南屯區","0","0","0","7","","","50","","","","","","","","","","","","","","13","","","","","C03","","","1","","2","","","84","84","1","13","4","120.654525","24.135283","3"
"4838","66000","387130000C","(04)23274275","(04)23288582","2026","2","12","8","23","臺中市","西屯區","0","2","0","7","2","6","30","3","2","1","5","4","6","6","4","4","10","5","5","2","16","2","9","1","1","C03","7","5","1","10","2","14","","8","8","1","12","4","120.640185","24.188779","2"
"4839","66000","387130000C","(04)23274275","(04)23288582","2026","2","12","8","24","臺中市","東區","0","1","0","7","3","6","50","3","1","1","5","4","6","5","4","4","5","4","4","2","11","3","10","3","1","B12","7","6","1","8","2","1","","14","14","1","6","4","120.707015","24.136384","2"
"4840","66000","387130000C","(04)23274275","(04)23288582","2026","2","12","8","24","臺中市","南區","0","0","0","7","","","30","","","","","","","","","","","","","","14","","","","","B12","","","1","","11","","","49","49","2","12","4","120.683175","24.12779","3"
"4841","66000","387130000C","(04)23274275","(04)23288582","2026","2","12","8","25","臺中市","大里區","0","2","0","7","3","6","40","4","4","1","5","4","6","6","2","1","1","4","4","1","13","2","9","1","1","C03","7","9","1","10","2","11","","7","7","1","12","4","120.674321","24.102414","2"
"4842","66000","387130000C","(04)23274275","(04)23288582","2026","2","12","8","26","臺中市","大里區","0","1","0","7","3","6","30","4","1","1","5","4","6","6","4","4","10","5","5","2","16","2","9","1","1","C03","7","6","1","10","2","14","","12","12","1","6","4","120.680595","24.103877","2"
"4843","66000","387130000C","(04)23274275","(04)23288582","2026","2","12","8","27","臺中市","西屯區","0","2","0","7","2","6","50","13","9","1","5","4","6","6","4","4","9","2","5","2","13","2","7","1","1","C03","7","9","1","9","2","11","","7","7","1","12","4","120.638283","24.180552","2"
"4844","66000","387130000C","(04)23274275","(04)23288582","2026","2","12","8","28","臺中市","中區","0","3","0","7","1","6","50","13","9","1","5","4","6","6","4","4","5","4","5","2","17","2","9","5","3","C03","7","9","1","10","2","11","","84","84","1","12","4","120.680285","24.141842","2"
"4845","66000","387130000C","(04)23274275","(04)23288582","2026","2","12","8","28","臺中市","神岡區","0","2","0","7","2","6","50","3","1","1","5","4","6","6","4","4","5","2","4","2","17","2","8","1","1","C03","7","1","1","10","2","12","12","51","51","1","12","4","120.682465","24.246903","2"
"4846","66000","387130000C","(04)23274275","(04)23288582","2026","2","12","8","30","臺中市","北區","0","0","0","7","","","1","","","","","","","","","","","","","","17","","","","","C03","","","1","","1","","","50","50","1","13","4","120.693922","24.161053","3"
"4847","66000","387130000C","(04)23274275","(04)23288582","2026","2","12","8","30","臺中市","龍井區","0","0","0","7","","","30","","","","","","","","","","","","","","","","","","","C03","","","1","","2","","","45","45","1","12","4","120.548713","24.187095","3"