序號,縣市別代碼,機關代碼,市話,傳真,年,月,日,時,分,縣市,區,死亡數量,受傷數量,2-30,天候,道路照明設備,道路類別,道路速限,道路型態,事故位置,路面鋪裝,路面狀態,路面缺陷,障礙物,視距,號誌種類,號誌動作,分向設施,快車道或一般車道間,快慢車道間,路面邊線,事故類型及型態,受傷程度,主要傷處,保護裝備,行動電話或功能裝置,當事者區分(類別),車輛用途,當事者行動狀態,駕照狀態,駕照種類,飲酒情形,車輛撞擊部位最初,車輛撞擊部位其他,肇事因素個別,肇事因素主要,肇事逃逸,職業,共享經濟或外送平台,GPS座標X,GPS座標Y,事故類別
"4848","66000","387130000C","(04)23274275","(04)23288582","2026","2","12","8","31","臺中市","東區","0","1","0","7","3","6","40","4","1","1","5","4","6","6","1","1","10","5","5","2","16","2","9","1","1","C03","7","9","1","10","2","14","","21","21","1","6","4","120.699902","24.142778","2"
"4849","66000","387130000C","(04)23274275","(04)23288582","2026","2","12","8","31","臺中市","大里區","0","1","0","7","3","6","50","4","1","1","5","4","6","6","1","1","10","5","5","2","17","2","9","1","1","C03","7","9","3","19","2","11","","21","21","1","13","4","120.689521","24.1079","2"
"4850","66000","387130000C","(04)23274275","(04)23288582","2026","2","12","8","32","臺中市","南屯區","0","0","0","7","","","50","","","","","","","","","","","","","","","","","","","C03","","","1","","2","","","84","84","1","13","4","120.646807","24.149946","3"
"4851","66000","387130000C","(04)23274275","(04)23288582","2026","2","12","8","32","臺中市","南屯區","0","1","0","7","3","6","50","13","9","1","5","4","6","6","4","4","5","5","5","1","12","2","9","1","1","C03","7","11","1","10","2","14","","32","32","1","12","4","120.639502","24.14893","2"
"4852","66000","387130000C","(04)23274275","(04)23288582","2026","2","12","8","34","臺中市","烏日區","0","0","0","7","","","30","","","","","","","","","","","","","","14","","","","","B03","","","1","","1","","","49","49","1","6","4","120.609681","24.117925","3"
"4853","66000","387130000C","(04)23274275","(04)23288582","2026","2","12","8","37","臺中市","北屯區","0","1","0","7","2","6","60","3","4","1","5","4","6","6","2","1","3","4","4","2","13","2","9","1","1","C03","7","9","1","10","2","11","","7","7","1","12","4","120.712185","24.16468","2"
"4854","66000","387130000C","(04)23274275","(04)23288582","2026","2","12","8","38","臺中市","大里區","0","1","0","7","3","6","60","4","2","1","5","4","6","6","2","1","1","4","4","2","18","2","9","1","1","C03","7","9","1","10","2","14","","84","84","1","12","4","120.674774","24.102878","2"
"4855","66000","387130000C","(04)23274275","(04)23288582","2026","2","12","8","40","臺中市","東區","0","1","0","7","3","6","50","4","1","1","5","4","6","6","1","1","10","5","5","2","16","3","10","3","1","B03","7","6","1","4","2","5","","23","23","1","13","4","120.701447","24.138891","2"
"4856","66000","387130000C","(04)23274275","(04)23288582","2026","2","12","8","43","臺中市","南屯區","0","0","0","7","","","50","","","","","","","","","","","","","","12","","","","","C03","","","3","","9","","","8","8","2","12","4","120.646704","24.138449","3"
"4857","66000","387130000C","(04)23274275","(04)23288582","2026","2","12","8","43","臺中市","神岡區","0","0","0","7","","","30","","","","","","","","","","","","","","17","","","","","A41","","","1","","2","","","49","49","1","12","4","120.679553","24.242343","3"
"4858","66000","387130000C","(04)23274275","(04)23288582","2026","2","12","8","49","臺中市","北區","0","1","0","7","2","6","50","13","7","1","5","4","6","6","4","4","1","4","4","2","13","2","9","1","1","C03","7","9","1","10","2","11","","7","7","1","12","4","120.674836","24.161789","2"
"4859","66000","387130000C","(04)23274275","(04)23288582","2026","2","12","8","50","臺中市","北區","0","0","0","7","","","50","","","","","","","","","","","","","","17","","","","","C03","","","1","","2","","","85","85","1","13","4","120.675521","24.163302","3"
"4860","66000","387130000C","(04)23274275","(04)23288582","2026","2","12","8","50","臺中市","北屯區","0","0","0","7","","","50","","","","","","","","","","","","","","13","","","","","B03","","","1","","1","","","7","7","1","12","4","120.733244","24.164362","3"
"4861","66000","387130000C","(04)23274275","(04)23288582","2026","2","12","8","52","臺中市","西區","0","1","0","7","3","6","30","4","1","1","5","4","6","6","4","4","10","5","5","2","15","2","9","1","1","C03","7","9","1","10","2","11","","12","12","1","6","4","120.659389","24.145832","2"
"4862","66000","387130000C","(04)23274275","(04)23288582","2026","2","12","8","53","臺中市","豐原區","0","0","0","7","","","50","","","","","","","","","","","","","","17","","","","","B03","","","1","","2","","","50","50","1","12","4","120.709196","24.248148","3"
"4863","66000","387130000C","(04)23274275","(04)23288582","2026","2","12","8","57","臺中市","西區","0","1","0","7","2","6","50","4","2","1","5","4","6","6","1","1","10","5","5","2","13","2","9","5","4","C03","7","9","1","10","2","11","","7","7","1","13","4","120.657242","24.150853","2"
"4864","66000","387130000C","(04)23274275","(04)23288582","2026","2","12","8","57","臺中市","北屯區","0","2","0","7","3","6","40","13","8","1","5","4","6","6","4","4","1","4","4","2","13","2","9","1","1","C03","7","1","1","10","2","11","","84","84","1","6","4","120.667667","24.179497","2"
"4865","66000","387130000C","(04)23274275","(04)23288582","2026","2","12","8","58","臺中市","大里區","0","0","0","7","","","50","","","","","","","","","","","","","","","","","","","C03","","","1","","1","","","7","7","1","6","4","120.699584","24.094113","3"
"4866","66000","387130000C","(04)23274275","(04)23288582","2026","2","12","8","58","臺中市","太平區","0","0","0","7","2","6","50","","","","","","","","","","","","","","","","","","","C03","","","1","","2","11","12","59","59","1","12","4","120.725649","24.141747","3"
"4867","66000","387130000C","(04)23274275","(04)23288582","2026","2","12","9","0","臺中市","西屯區","0","0","0","7","","","50","","","","","","","","","","","","","","14","","","","","B13","","","1","","2","","","49","49","1","12","4","120.596283","24.165636","3"
"4868","66000","387130000C","(04)23274275","(04)23288582","2026","2","12","9","2","臺中市","南區","0","1","0","7","1","6","40","4","1","1","5","4","6","6","1","1","10","5","5","2","18","2","9","5","4","C03","7","9","1","10","2","12","","5","5","1","13","1","120.66267","24.126923","2"
"4869","66000","387130000C","(04)23274275","(04)23288582","2026","2","12","9","4","臺中市","北屯區","0","0","0","7","","","50","","","","","","","","","","","","","","12","","","","","B03","","","1","","1","","","51","51","1","12","4","120.683675","24.186366","3"
"4870","66000","387130000C","(04)23274275","(04)23288582","2026","2","12","9","4","臺中市","西屯區","0","1","0","7","1","6","50","13","8","1","5","4","6","6","4","4","1","4","4","2","13","3","10","3","1","B03","7","5","1","8","2","6","","84","84","1","12","4","120.655504","24.200063","2"
"4871","66000","387130000C","(04)23274275","(04)23288582","2026","2","12","9","11","臺中市","北屯區","0","1","0","7","3","6","40","3","2","1","5","4","6","6","4","4","1","4","4","2","17","3","10","3","1","B03","7","13","1","8","2","4","","85","85","1","12","4","120.715464","24.182291","2"
"4872","66000","387130000C","(04)23274275","(04)23288582","2026","2","12","9","12","臺中市","大里區","0","1","0","7","3","6","50","13","9","1","5","4","6","6","4","4","10","4","4","1","16","2","9","1","1","C03","7","1","1","10","2","11","","51","51","1","13","4","120.695175","24.088989","2"
"4873","66000","387130000C","(04)23274275","(04)23288582","2026","2","12","9","13","臺中市","西屯區","0","1","0","7","3","6","50","4","1","1","5","4","6","6","4","4","10","5","5","2","15","3","10","5","4","B03","7","9","1","8","2","1","","15","15","1","13","4","120.642368","24.175274","2"
"4874","66000","387130000C","(04)23274275","(04)23288582","2026","2","12","9","16","臺中市","南區","0","0","0","7","","","50","","","","","","","","","","","","","","","","","","","B03","","","1","","1","","","84","84","1","13","4","120.660581","24.132674","3"
"4875","66000","387130000C","(04)23274275","(04)23288582","2026","2","12","9","19","臺中市","南屯區","0","1","0","7","2","6","50","13","9","1","5","4","6","6","4","4","5","4","5","2","18","2","9","1","1","C03","7","15","1","10","2","16","","84","84","1","13","4","120.637823","24.147262","2"
"4876","66000","387130000C","(04)23274275","(04)23288582","2026","2","12","9","20","臺中市","龍井區","0","0","0","7","","","20","","","","","","","","","","","","","","12","","","","","B03","","","1","","1","","","8","8","1","6","4","120.587104","24.18785","3"
"4877","66000","387130000C","(04)23274275","(04)23288582","2026","2","12","9","20","臺中市","豐原區","0","1","0","7","2","6","50","13","8","1","5","4","6","6","4","4","5","4","4","2","9","3","10","3","1","A04","7","1","1","1","2","15","","84","84","1","12","4","120.718523","24.251962","2"
"4878","66000","387130000C","(04)23274275","(04)23288582","2026","2","12","9","25","臺中市","西區","0","1","0","7","1","6","50","13","9","1","5","4","6","6","1","1","5","4","5","2","17","2","9","5","4","C03","7","9","1","10","2","11","","84","84","1","12","4","120.672741","24.135881","2"
"4879","66000","387130000C","(04)23274275","(04)23288582","2026","2","12","9","25","臺中市","清水區","0","1","0","7","2","6","50","4","1","1","5","4","6","6","4","4","9","4","5","2","15","3","10","3","1","B03","7","9","1","8","2","5","","15","15","1","12","4","120.556766","24.275655","2"
"4880","66000","387130000C","(04)23274275","(04)23288582","2026","2","12","9","30","臺中市","北屯區","0","1","0","7","2","6","50","13","9","1","5","4","6","6","4","4","5","4","5","2","13","2","9","1","1","C03","7","9","1","10","2","11","","84","84","1","12","4","120.733642","24.160436","2"
"4881","66000","387130000C","(04)23274275","(04)23288582","2026","2","12","9","37","臺中市","大里區","0","1","0","7","2","6","50","3","1","1","5","4","6","6","1","1","5","4","5","1","16","3","10","1","1","C03","7","5","1","10","2","12","","47","47","1","6","4","120.701754","24.099386","2"
"4882","66000","387130000C","(04)23274275","(04)23288582","2026","2","12","9","40","臺中市","北區","0","1","0","7","2","6","30","4","2","1","5","4","6","6","4","4","10","5","5","2","12","2","9","2","1","C03","7","9","1","10","2","12","","7","7","1","13","4","120.680465","24.154654","2"
"4883","66000","387130000C","(04)23274275","(04)23288582","2026","2","12","9","42","臺中市","豐原區","0","1","0","7","3","6","50","3","2","1","5","4","6","6","2","1","5","5","4","2","3","3","10","1","4","C03","7","9","1","10","2","11","","10","10","1","12","4","120.71683","24.251782","2"
"4884","66000","387130000C","(04)23274275","(04)23288582","2026","2","12","9","45","臺中市","烏日區","0","0","0","7","","","50","","","","","","","","","","","","","","14","","","","","B12","","","1","","9","","","49","49","1","6","4","120.648507","24.110966","3"
"4885","66000","387130000C","(04)23274275","(04)23288582","2026","2","12","9","46","臺中市","西屯區","0","0","0","7","","3","80","","","","","","","","","","","","","","13","","","","","B12","","","1","","1","","","7","7","1","13","4","120.634948","24.179291","3"
"4886","66000","387130000C","(04)23274275","(04)23288582","2026","2","12","9","47","臺中市","豐原區","0","0","0","7","","","50","","","","","","","","","","","","","","14","","","","","B03","","","1","","2","","","49","49","1","12","4","120.698676","24.245532","3"
"4887","66000","387130000C","(04)23274275","(04)23288582","2026","2","12","9","52","臺中市","北屯區","0","0","0","7","","","50","","","","","","","","","","","","","","13","","","","","B12","","","1","","1","","","7","7","1","12","4","120.668893","24.192766","3"
"4888","66000","387130000C","(04)23274275","(04)23288582","2026","2","12","9","52","臺中市","太平區","0","0","0","7","","","40","","","","","","","","","","","","","","17","","","","","B03","","","1","","2","","","49","49","1","12","4","120.715948","24.152991","3"
"4889","66000","387130000C","(04)23274275","(04)23288582","2026","2","12","9","52","臺中市","烏日區","0","1","0","7","2","6","50","4","1","1","5","4","6","6","1","1","10","5","5","2","17","2","9","5","4","C03","7","9","1","10","2","12","","87","87","1","12","4","120.625747","24.106165","2"
"4890","66000","387130000C","(04)23274275","(04)23288582","2026","2","12","9","55","臺中市","太平區","0","0","0","7","2","6","50","","","","","","","","","","","","","","","","","","","B03","","","1","","2","4","","84","84","1","12","4","120.716092","24.124278","3"
"4891","66000","387130000C","(04)23274275","(04)23288582","2026","2","12","9","57","臺中市","西屯區","0","0","0","7","","","60","","","","","","","","","","","","","","12","","","","","B03","","","1","","1","","","7","7","1","13","4","120.649518","24.16276","3"
"4892","66000","387130000C","(04)23274275","(04)23288582","2026","2","12","10","2","臺中市","太平區","0","0","0","7","","","50","","","","","","","","","","","","","","13","","","","","B03","","","1","","1","","","7","7","1","12","4","120.718376","24.11663","3"
"4893","66000","387130000C","(04)23274275","(04)23288582","2026","2","12","10","2","臺中市","清水區","0","0","0","7","2","6","60","13","7","1","5","4","6","6","1","1","8","3","4","1","13","","","","","B03","","","1","","1","","","7","7","1","12","4","120.562942","24.26334","3"
"4894","66000","387130000C","(04)23274275","(04)23288582","2026","2","12","10","6","臺中市","西屯區","0","0","0","7","","","30","","","","","","","","","","","","","","16","","","","","C03","","","1","","1","","","84","84","1","12","4","120.616113","24.183626","3"
"4895","66000","387130000C","(04)23274275","(04)23288582","2026","2","12","10","6","臺中市","豐原區","0","1","0","7","2","6","50","5","1","1","5","4","6","6","1","1","5","5","5","1","16","3","10","5","4","B03","7","5","1","8","2","2","","84","84","1","12","4","120.716427","24.252958","2"
"4896","66000","387130000C","(04)23274275","(04)23288582","2026","2","12","10","9","臺中市","北屯區","0","1","0","7","2","6","50","4","1","1","5","4","6","6","2","1","10","5","5","2","16","3","10","3","1","B03","7","5","1","8","2","5","","47","47","1","12","4","120.70179","24.182195","2"
"4897","66000","387130000C","(04)23274275","(04)23288582","2026","2","12","10","16","臺中市","南屯區","0","1","0","7","3","6","50","4","9","1","5","4","6","6","2","1","5","5","5","1","12","2","9","1","1","C03","7","9","3","19","2","12","","4","4","1","12","4","120.612455","24.138287","2"
"4898","66000","387130000C","(04)23274275","(04)23288582","2026","2","12","10","19","臺中市","北屯區","0","0","0","7","","","50","","","","","","","","","","","","","","17","","","","","B03","","","1","","1","","","51","51","1","6","4","120.697047","24.169516","3"
"4899","66000","387130000C","(04)23274275","(04)23288582","2026","2","12","10","22","臺中市","太平區","0","0","0","7","2","6","50","","","","","","","","","","","","","","","","","","","B03","","","1","","2","7","","8","8","1","12","4","120.714358","24.149288","3"
"4900","66000","387130000C","(04)23274275","(04)23288582","2026","2","12","10","25","臺中市","中區","0","1","0","7","3","6","50","4","1","1","5","4","6","6","1","1","10","5","5","2","12","3","10","3","1","B03","7","9","1","8","2","5","","84","84","1","6","4","120.682049","24.142895","2"
"4901","66000","387130000C","(04)23274275","(04)23288582","2026","2","12","10","25","臺中市","北屯區","0","2","0","7","3","6","50","4","2","1","5","4","6","6","2","1","1","2","5","2","12","2","3","3","1","B03","7","7","4","8","2","6","","35","35","1","12","4","120.694644","24.165772","2"
"4902","66000","387130000C","(04)23274275","(04)23288582","2026","2","12","10","35","臺中市","西屯區","0","0","0","7","","","40","","","","","","","","","","","","","","12","","","","","B12","","","1","","1","","","84","84","1","12","4","120.645143","24.162759","3"
"4903","66000","387130000C","(04)23274275","(04)23288582","2026","2","12","10","36","臺中市","太平區","0","0","0","7","2","6","40","","","","","","","","","","","","","","","","","","","B03","","","1","","2","1","","84","84","1","12","4","120.714229","24.149956","3"
"4904","66000","387130000C","(04)23274275","(04)23288582","2026","2","12","10","38","臺中市","西區","0","1","0","7","2","6","30","4","1","1","5","4","6","6","4","4","10","5","5","2","15","3","10","5","4","C03","7","9","1","10","2","12","","15","15","1","13","4","120.665668","24.129421","2"
"4905","66000","387130000C","(04)23274275","(04)23288582","2026","2","12","10","42","臺中市","大里區","0","1","0","7","3","6","50","3","2","1","5","4","6","6","3","1","5","4","5","1","9","3","10","3","1","A04","7","15","1","2","2","16","","84","84","1","12","4","120.687577","24.099852","2"
"4906","66000","387130000C","(04)23274275","(04)23288582","2026","2","12","10","44","臺中市","南區","0","0","0","7","","","50","","","","","","","","","","","","","","13","","","","","C03","","","1","","1","","","7","7","1","6","4","120.679344","24.124062","3"
"4907","66000","387130000C","(04)23274275","(04)23288582","2026","2","12","10","45","臺中市","西區","0","0","0","7","","","50","","","","","","","","","","","","","","","","","","","C03","","","1","","1","","","84","84","1","12","4","120.663768","24.154644","3"
"4908","66000","387130000C","(04)23274275","(04)23288582","2026","2","12","10","45","臺中市","南屯區","0","0","0","7","","","50","","","","","","","","","","","","","","13","","","","","B03","","","1","","1","","","59","59","1","12","4","120.637438","24.143207","3"
"4909","66000","387130000C","(04)23274275","(04)23288582","2026","2","12","10","46","臺中市","西區","0","2","0","7","3","6","40","4","1","1","5","4","6","6","1","1","10","5","5","2","16","2","5","3","1","B03","7","5","1","8","2","2","","11","11","1","6","4","120.66692","24.153195","2"
"4910","66000","387130000C","(04)23274275","(04)23288582","2026","2","12","10","47","臺中市","霧峰區","0","2","0","7","3","6","40","3","1","1","5","4","6","6","4","4","10","5","5","2","17","2","9","1","1","C03","7","1","1","10","2","12","","51","51","1","13","4","120.680637","24.064963","2"
"4911","66000","387130000C","(04)23274275","(04)23288582","2026","2","12","10","52","臺中市","北屯區","0","0","0","7","","","30","","","","","","","","","","","","","","17","","","","","B03","","","1","","1","","","59","59","1","12","4","120.69032","24.17635","3"
"4912","66000","387130000C","(04)23274275","(04)23288582","2026","2","12","10","53","臺中市","西屯區","0","0","0","7","","","30","","","","","","","","","","","","","","13","","","","","C03","","","1","","1","","","7","7","1","12","4","120.616211","24.185588","3"
"4913","66000","387130000C","(04)23274275","(04)23288582","2026","2","12","11","0","臺中市","東區","0","1","0","7","1","6","50","4","1","1","5","4","6","6","2","1","10","5","5","2","17","3","10","5","4","B03","7","5","1","8","2","5","","85","85","1","13","4","120.708636","24.142802","2"
"4914","66000","387130000C","(04)23274275","(04)23288582","2026","2","12","11","0","臺中市","北屯區","0","0","0","7","","","30","","","","","","","","","","","","","","9","","","","","","","","","","","","","87","87","1","","","120.669674","24.177625","3"
"4915","66000","387130000C","(04)23274275","(04)23288582","2026","2","12","11","4","臺中市","清水區","0","1","0","7","2","6","50","13","9","1","5","4","6","6","4","4","8","3","4","1","17","2","9","1","1","C03","7","7","1","10","2","14","","40","40","1","12","4","120.571914","24.260874","2"
"4916","66000","387130000C","(04)23274275","(04)23288582","2026","2","12","11","7","臺中市","西屯區","0","0","0","7","","","50","","","","","","","","","","","","","","17","","","","","B03","","","1","","1","","","1","1","1","13","4","120.637474","24.185829","3"
"4917","66000","387130000C","(04)23274275","(04)23288582","2026","2","12","11","9","臺中市","東區","0","1","0","7","3","6","50","4","1","1","5","4","6","6","1","1","5","4","4","2","12","3","10","3","1","B03","7","9","1","8","2","2","","84","84","1","13","4","120.696251","24.142787","2"
"4918","66000","387130000C","(04)23274275","(04)23288582","2026","2","12","11","15","臺中市","南屯區","0","0","0","7","","","","","","","","","","","","","","","","","16","","","","","","","","","","","","","48","48","1","","","120.647754","24.148846","4"
"4919","66000","387130000C","(04)23274275","(04)23288582","2026","2","12","11","17","臺中市","北區","0","0","0","7","","","50","","","","","","","","","","","","","","17","","","","","B03","","","1","","1","","","8","8","1","13","4","120.681918","24.153835","3"
"4920","66000","387130000C","(04)23274275","(04)23288582","2026","2","12","11","24","臺中市","北區","0","1","0","7","2","6","50","4","1","1","5","4","6","6","2","1","5","5","5","2","17","2","8","1","1","C03","7","9","1","10","2","14","","42","42","1","12","4","120.682313","24.163196","2"
"4921","66000","387130000C","(04)23274275","(04)23288582","2026","2","12","11","24","臺中市","大里區","0","0","0","7","","","30","","","","","","","","","","","","","","","","","","","C03","","","1","","1","","","82","82","1","12","4","120.687499","24.114173","3"
"4922","66000","387130000C","(04)23274275","(04)23288582","2026","2","12","11","26","臺中市","北區","0","0","0","7","","","50","","","","","","","","","","","","","","13","","","","","C03","","","1","","1","","","7","7","1","13","4","120.67657","24.171521","3"
"4923","66000","387130000C","(04)23274275","(04)23288582","2026","2","12","11","28","臺中市","西區","0","0","0","7","","","50","","","","","","","","","","","","","","","","","","","C03","","","1","","1","","","84","84","1","12","4","120.659066","24.157666","3"
"4924","66000","387130000C","(04)23274275","(04)23288582","2026","2","12","11","29","臺中市","北區","0","0","0","7","","","50","","","","","","","","","","","","","","17","","","","","C03","","","1","","1","","","84","84","1","13","4","120.682298","24.162267","3"
"4925","66000","387130000C","(04)23274275","(04)23288582","2026","2","12","11","31","臺中市","南屯區","0","1","0","7","2","6","50","4","1","1","5","4","6","6","1","1","3","4","5","2","17","3","10","3","1","B03","7","5","1","8","2","16","","47","47","1","13","4","120.64655","24.13335","2"
"4926","66000","387130000C","(04)23274275","(04)23288582","2026","2","12","11","32","臺中市","東區","0","0","0","7","","","50","","","","","","","","","","","","","","17","","","","","C03","","","1","","2","","","84","84","1","6","4","120.693677","24.145318","3"
"4927","66000","387130000C","(04)23274275","(04)23288582","2026","2","12","11","32","臺中市","西屯區","0","0","0","7","","","50","","","","","","","","","","","","","","12","","","","","B03","","","1","","1","","","8","8","1","12","4","120.614812","24.181148","3"
"4928","66000","387130000C","(04)23274275","(04)23288582","2026","2","12","11","33","臺中市","后里區","0","0","0","7","2","6","50","4","14","1","5","4","6","6","1","1","5","4","4","1","25","3","10","6","1","B12","7","15","1","8","2","1","","78","78","1","12","4","120.717716","24.309476","3"
"4929","66000","387130000C","(04)23274275","(04)23288582","2026","2","12","11","35","臺中市","太平區","0","1","0","7","2","6","50","4","1","1","5","4","6","6","2","1","10","5","5","2","16","3","10","3","1","B03","7","6","1","6","2","1","","11","11","1","12","4","120.724051","24.130591","2"
"4930","66000","387130000C","(04)23274275","(04)23288582","2026","2","12","11","36","臺中市","神岡區","0","0","0","7","2","6","50","4","9","1","5","4","6","6","1","1","5","5","5","1","17","3","10","3","1","A12","7","9","1","8","2","5","5","7","7","1","12","4","120.697055","24.256982","3"
"4931","66000","387130000C","(04)23274275","(04)23288582","2026","2","12","11","37","臺中市","后里區","0","1","0","7","3","6","30","13","9","1","5","4","6","6","4","4","10","5","5","1","17","3","10","3","1","B03","7","1","1","4","2","5","","51","51","1","6","4","120.70149","24.302096","2"
"4932","66000","387130000C","(04)23274275","(04)23288582","2026","2","12","11","39","臺中市","東區","0","1","0","7","3","6","30","4","1","1","5","4","6","6","4","4","10","5","5","2","15","2","9","2","1","C03","7","9","1","10","2","11","","15","15","1","13","4","120.688146","24.14101","2"
"4933","66000","387130000C","(04)23274275","(04)23288582","2026","2","12","11","40","臺中市","北區","0","1","0","7","2","6","50","3","1","1","5","4","6","6","4","4","5","5","5","2","17","2","8","1","1","C03","7","6","1","10","2","14","","85","85","1","12","4","120.683767","24.15524","2"
"4934","66000","387130000C","(04)23274275","(04)23288582","2026","2","12","11","42","臺中市","中區","0","2","0","7","2","6","50","13","9","1","5","4","6","6","4","4","5","5","5","2","12","2","7","5","4","C03","7","7","1","10","2","15","","39","39","1","13","4","120.678265","24.14584","2"
"4935","66000","387130000C","(04)23274275","(04)23288582","2026","2","12","11","43","臺中市","龍井區","0","0","0","7","","","50","","","","","","","","","","","","","","","","","","","C03","","","1","","2","","","7","7","1","12","4","120.525779","24.214431","3"
"4936","66000","387130000C","(04)23274275","(04)23288582","2026","2","12","11","47","臺中市","東區","0","0","0","7","","","50","","","","","","","","","","","","","","","","","","","F01","","","7","","1","","","84","84","1","13","4","120.695017","24.133267","3"
"4937","66000","387130000C","(04)23274275","(04)23288582","2026","2","12","11","47","臺中市","南屯區","0","0","0","7","","","50","","","","","","","","","","","","","","12","3","10","1","1","C03","7","9","1","10","1","13","","2","2","1","12","4","120.638486","24.14725","3"
"4938","66000","387130000C","(04)23274275","(04)23288582","2026","2","12","11","48","臺中市","霧峰區","0","0","0","7","","","50","","","","","","","","","","","","","","13","","","","","B12","","","1","","1","","","84","84","1","6","4","120.699177","24.068348","3"
"4939","66000","387130000C","(04)23274275","(04)23288582","2026","2","12","11","50","臺中市","潭子區","0","0","0","7","","","50","","","","","","","","","","","","","","","","","","","C03","","","1","","2","","","14","14","1","13","4","120.690867","24.2149","3"
"4940","66000","387130000C","(04)23274275","(04)23288582","2026","2","12","11","51","臺中市","南屯區","0","0","0","7","","","50","","","","","","","","","","","","","","","","","","","C03","","","1","","2","","","7","7","1","13","4","120.646802","24.146809","3"
"4941","66000","387130000C","(04)23274275","(04)23288582","2026","2","12","11","51","臺中市","后里區","0","0","0","7","","","50","","","","","","","","","","","","","","","","","","","B12","","","1","","1","","","50","50","1","13","4","120.722504","24.309641","3"
"4942","66000","387130000C","(04)23274275","(04)23288582","2026","2","12","11","52","臺中市","南區","0","0","0","7","","","50","","","","","","","","","","","","","","","","","","","B03","","","1","","9","","","8","8","1","13","4","120.652575","24.114547","3"
"4943","66000","387130000C","(04)23274275","(04)23288582","2026","2","12","11","57","臺中市","北屯區","0","0","0","7","","","50","","","","","","","","","","","","","","10","","","","","B03","","","1","","1","","","34","34","1","12","4","120.770881","24.21383","3"
"4944","66000","387130000C","(04)23274275","(04)23288582","2026","2","12","11","58","臺中市","北區","0","0","0","7","","","50","","","","","","","","","","","","","","17","","","","","B03","","","1","","1","","","50","50","1","13","4","120.672256","24.173865","3"
"4945","66000","387130000C","(04)23274275","(04)23288582","2026","2","12","12","2","臺中市","大肚區","0","0","0","7","","","","","","","","","","","","","","","","","1","","","","","","","","","","","","","86","86","1","","","120.583033","24.172594","3"
"4946","66000","387130000C","(04)23274275","(04)23288582","2026","2","12","12","5","臺中市","北區","0","2","0","7","2","6","50","4","1","1","5","4","6","6","2","1","10","5","5","2","17","2","9","1","1","C03","7","15","1","10","1","12","","40","40","1","13","4","120.686161","24.146242","2"
"4947","66000","387130000C","(04)23274275","(04)23288582","2026","2","12","12","6","臺中市","太平區","0","2","0","7","2","6","30","4","1","1","5","4","6","6","4","4","10","5","5","2","16","2","9","2","1","C03","7","9","1","10","2","12","","20","20","1","12","4","120.719633","24.151633","2"
"4948","66000","387130000C","(04)23274275","(04)23288582","2026","2","12","12","9","臺中市","太平區","0","0","0","7","","","50","","","","","","","","","","","","","","","","","","","C03","","","1","","2","","","23","23","1","13","4","120.73335","24.118468","3"
"4949","66000","387130000C","(04)23274275","(04)23288582","2026","2","12","12","10","臺中市","大里區","0","0","0","7","","","50","","","","","","","","","","","","","","","","","","","B03","","","1","","1","","","8","8","1","6","4","120.712216","24.093867","3"
"4950","66000","387130000C","(04)23274275","(04)23288582","2026","2","12","12","14","臺中市","大里區","0","0","0","7","","","60","","","","","","","","","","","","","","12","","","","","B03","","","1","","2","","","40","40","1","12","4","120.661864","24.108924","3"
"4951","66000","387130000C","(04)23274275","(04)23288582","2026","2","12","12","17","臺中市","西區","0","0","0","7","","","50","","","","","","","","","","","","","","13","","","","","C03","","","1","","1","","","7","7","1","13","4","120.677215","24.14021","3"
"4952","66000","387130000C","(04)23274275","(04)23288582","2026","2","12","12","20","臺中市","西區","0","0","0","7","","","50","","","","","","","","","","","","","","","","","","","B03","","","1","","1","","","84","84","1","12","4","120.657079","24.134428","3"
"4953","66000","387130000C","(04)23274275","(04)23288582","2026","2","12","12","26","臺中市","南區","0","0","0","7","","","50","","","","","","","","","","","","","","13","","","","","B03","","","1","","1","","","7","7","1","6","4","120.673058","24.12663","3"
"4954","66000","387130000C","(04)23274275","(04)23288582","2026","2","12","12","27","臺中市","豐原區","0","0","0","7","","","60","","","","","","","","","","","","","","","","","","","B03","","","5","","2","","","45","45","1","13","4","120.703171","24.244458","3"
"4955","66000","387130000C","(04)23274275","(04)23288582","2026","2","12","12","28","臺中市","龍井區","0","0","0","7","","","50","","","","","","","","","","","","","","12","","","","","C03","","","1","","2","","","20","20","1","6","4","120.575547","24.181241","3"
"4956","66000","387130000C","(04)23274275","(04)23288582","2026","2","12","12","29","臺中市","西區","0","0","0","7","","","50","","","","","","","","","","","","","","","","","","","B01","","","1","","1","","","84","84","1","6","4","120.676742","24.1406","3"
"4957","66000","387130000C","(04)23274275","(04)23288582","2026","2","12","12","29","臺中市","西屯區","0","2","0","7","2","6","50","13","9","1","5","4","6","6","4","4","9","5","5","2","3","2","9","6","5","H01","8","18","7","21","10","17","","95","95","1","12","5","120.652199","24.15839","2"