序號,縣市別代碼,機關代碼,市話,傳真,年,月,日,時,分,縣市,區,死亡數量,受傷數量,2-30,天候,道路照明設備,道路類別,道路速限,道路型態,事故位置,路面鋪裝,路面狀態,路面缺陷,障礙物,視距,號誌種類,號誌動作,分向設施,快車道或一般車道間,快慢車道間,路面邊線,事故類型及型態,受傷程度,主要傷處,保護裝備,行動電話或功能裝置,當事者區分(類別),車輛用途,當事者行動狀態,駕照狀態,駕照種類,飲酒情形,車輛撞擊部位最初,車輛撞擊部位其他,肇事因素個別,肇事因素主要,肇事逃逸,職業,共享經濟或外送平台,GPS座標X,GPS座標Y,事故類別
"4958","66000","387130000C","(04)23274275","(04)23288582","2026","2","12","12","30","臺中市","西屯區","0","0","0","7","","","50","","","","","","","","","","","","","","17","","","","","B11","","","1","","2","","","78","78","1","12","4","120.626672","24.200143","3"
"4959","66000","387130000C","(04)23274275","(04)23288582","2026","2","12","12","36","臺中市","沙鹿區","0","1","0","7","2","6","50","13","7","1","5","4","6","6","4","4","5","5","4","2","14","3","10","2","1","C03","7","2","5","19","2","13","","49","49","1","6","4","120.559167","24.236491","2"
"4960","66000","387130000C","(04)23274275","(04)23288582","2026","2","12","12","39","臺中市","豐原區","0","2","0","7","2","6","50","13","8","1","5","4","6","6","4","4","1","4","4","2","9","2","8","1","1","C04","7","9","1","11","2","11","","59","59","1","12","4","120.71629","24.24422","2"
"4961","66000","387130000C","(04)23274275","(04)23288582","2026","2","12","12","40","臺中市","中區","0","0","0","7","","","50","","","","","","","","","","","","","","17","","","","","B03","","","1","","11","","","87","87","1","13","4","120.682013","24.13776","3"
"4962","66000","387130000C","(04)23274275","(04)23288582","2026","2","12","12","40","臺中市","北區","0","2","0","7","2","6","50","3","2","1","5","4","6","6","4","4","2","4","4","2","16","2","6","3","1","B01","7","5","1","4","2","2","","20","20","1","12","4","120.686478","24.155078","2"
"4963","66000","387130000C","(04)23274275","(04)23288582","2026","2","12","12","45","臺中市","北屯區","0","2","0","7","2","6","50","4","1","1","5","4","6","6","1","1","10","5","5","2","16","2","9","1","1","C03","7","9","1","10","2","14","","1","1","1","5","4","120.66314","24.178094","2"
"4964","66000","387130000C","(04)23274275","(04)23288582","2026","2","12","12","46","臺中市","東區","0","0","0","7","","","30","","","","","","","","","","","","","","17","","","","","B03","","","1","","1","","","84","84","2","12","4","120.697363","24.126439","3"
"4965","66000","387130000C","(04)23274275","(04)23288582","2026","2","12","12","48","臺中市","豐原區","0","1","0","7","2","6","50","5","2","1","5","4","6","6","2","1","1","4","5","2","13","3","10","3","1","B03","7","1","1","8","2","7","","84","84","1","12","4","120.69951","24.248791","2"
"4966","66000","387130000C","(04)23274275","(04)23288582","2026","2","12","12","49","臺中市","南屯區","0","0","0","7","","3","40","","","","","","","","","","","","","","","","","","","B03","","","1","","1","","","59","59","1","13","4","120.621618","24.134699","3"
"4967","66000","387130000C","(04)23274275","(04)23288582","2026","2","12","12","51","臺中市","大里區","0","0","0","7","","","50","","","","","","","","","","","","","","13","","","","","B03","","","1","","1","","","7","7","1","6","4","120.695062","24.096507","3"
"4968","66000","387130000C","(04)23274275","(04)23288582","2026","2","12","12","55","臺中市","太平區","0","2","0","7","2","6","30","4","1","1","5","4","6","6","4","4","10","5","5","2","15","2","9","2","1","C03","7","9","1","10","2","12","","15","15","1","12","4","120.719913","24.147324","2"
"4969","66000","387130000C","(04)23274275","(04)23288582","2026","2","12","13","5","臺中市","北區","0","0","0","7","","","50","","","","","","","","","","","","","","17","","","","","C03","","","1","","2","","","85","85","1","13","4","120.676228","24.149847","3"
"4970","66000","387130000C","(04)23274275","(04)23288582","2026","2","12","13","5","臺中市","大肚區","0","1","0","7","1","6","50","13","9","1","5","4","6","6","4","4","8","1","5","1","19","2","9","1","1","C03","7","9","1","10","2","12","","59","59","1","12","4","120.56014","24.15804","2"
"4971","66000","387130000C","(04)23274275","(04)23288582","2026","2","12","13","5","臺中市","梧棲區","0","1","0","7","2","6","40","13","9","1","5","4","6","6","4","4","10","2","4","2","13","3","10","3","1","B03","7","9","5","19","2","1","","7","7","1","12","4","120.52566","24.224573","2"
"4972","66000","387130000C","(04)23274275","(04)23288582","2026","2","12","13","10","臺中市","東區","0","0","1","7","3","6","50","4","2","1","5","4","6","6","2","1","10","5","5","2","13","5","1","2","1","C03","7","9","1","10","2","11","","7","7","1","6","4","120.694412","24.148003","2"
"4973","66000","387130000C","(04)23274275","(04)23288582","2026","2","12","13","10","臺中市","北屯區","0","0","0","7","","","30","","","","","","","","","","","","","","30","","","","","A11","","","1","","9","","","84","84","1","12","4","120.669566","24.181742","3"
"4974","66000","387130000C","(04)23274275","(04)23288582","2026","2","12","13","13","臺中市","南屯區","0","2","0","6","2","6","50","13","9","1","5","4","6","6","4","4","5","4","5","2","13","2","8","1","1","C03","7","9","1","10","2","11","","7","7","1","6","4","120.637515","24.147023","2"
"4975","66000","387130000C","(04)23274275","(04)23288582","2026","2","12","13","15","臺中市","大甲區","0","0","0","7","","","70","","","","","","","","","","","","","","","","","","","B03","","","1","","1","","","7","7","1","12","4","120.641583","24.404479","3"
"4976","66000","387130000C","(04)23274275","(04)23288582","2026","2","12","13","20","臺中市","北區","0","1","0","7","2","6","50","3","2","1","5","4","6","6","4","4","10","5","5","2","17","3","10","3","1","B02","7","6","1","8","2","1","","14","14","1","13","4","120.68758","24.157669","2"
"4977","66000","387130000C","(04)23274275","(04)23288582","2026","2","12","13","25","臺中市","清水區","0","0","0","7","","","40","","","","","","","","","","","","","","","","","","","C03","","","1","","2","","","84","84","1","12","2","120.551808","24.266214","3"
"4978","66000","387130000C","(04)23274275","(04)23288582","2026","2","12","13","28","臺中市","豐原區","0","0","0","7","","","50","","","","","","","","","","","","","","13","","","","","B03","","","1","","2","","","7","7","1","12","4","120.710929","24.250967","3"
"4979","66000","387130000C","(04)23274275","(04)23288582","2026","2","12","13","30","臺中市","北區","0","0","0","7","2","6","50","13","9","1","5","4","6","6","4","4","5","5","5","2","13","3","10","3","1","B03","7","9","1","8","1","1","","7","7","1","12","4","120.67824","24.151456","3"
"4980","66000","387130000C","(04)23274275","(04)23288582","2026","2","12","13","30","臺中市","南屯區","0","0","0","7","","","50","","","","","","","","","","","","","","12","","","","","A41","","","1","","1","","","40","40","1","12","4","120.642445","24.146816","3"
"4981","66000","387130000C","(04)23274275","(04)23288582","2026","2","12","13","30","臺中市","北屯區","0","0","0","7","","","50","","","","","","","","","","","","","","","","","","","B03","","","1","","2","","","20","20","1","12","4","120.694259","24.16491","3"
"4982","66000","387130000C","(04)23274275","(04)23288582","2026","2","12","13","32","臺中市","南屯區","0","0","0","7","","3","40","","","","","","","","","","","","","","","","","","","A11","","","1","","1","","","8","8","1","13","4","120.621618","24.134699","3"
"4983","66000","387130000C","(04)23274275","(04)23288582","2026","2","12","13","32","臺中市","太平區","0","1","0","7","3","6","50","3","1","1","5","4","6","6","1","1","10","5","5","2","11","3","10","3","1","B12","7","6","1","15","2","2","","11","11","1","13","4","120.712342","24.133789","2"
"4984","66000","387130000C","(04)23274275","(04)23288582","2026","2","12","13","33","臺中市","大里區","0","1","0","7","3","6","50","13","9","1","5","4","6","6","4","4","5","5","5","2","16","3","10","3","1","B03","7","6","1","8","2","1","","20","20","1","8","4","120.696868","24.10425","2"
"4985","66000","387130000C","(04)23274275","(04)23288582","2026","2","12","13","34","臺中市","潭子區","0","1","0","7","3","6","0","13","14","1","5","4","6","6","4","4","3","4","5","1","17","2","9","6","1","F01","7","9","7","21","2","11","14","84","84","1","13","4","120.712322","24.214754","2"
"4986","66000","387130000C","(04)23274275","(04)23288582","2026","2","12","13","42","臺中市","北屯區","0","0","0","7","","","50","","","","","","","","","","","","","","14","","","","","B03","","","1","","1","","","49","49","1","12","4","120.69121","24.185443","3"
"4987","66000","387130000C","(04)23274275","(04)23288582","2026","2","12","13","47","臺中市","后里區","0","0","0","7","2","6","50","3","2","1","5","4","6","6","4","4","10","5","5","1","14","3","10","3","1","B03","7","2","1","8","2","3","","49","49","1","12","4","120.709608","24.286376","3"
"4988","66000","387130000C","(04)23274275","(04)23288582","2026","2","12","13","49","臺中市","東勢區","0","1","0","7","3","6","50","4","1","1","5","4","6","6","4","4","5","5","5","1","15","3","10","5","4","B03","7","9","1","8","2","2","6","12","12","1","13","4","120.799691","24.30688","2"
"4989","66000","387130000C","(04)23274275","(04)23288582","2026","2","12","13","54","臺中市","大雅區","0","1","0","7","3","6","30","4","1","1","5","4","6","6","4","4","10","5","5","2","15","2","9","5","4","C03","7","9","1","10","2","12","","12","12","1","12","4","120.669004","24.214706","2"
"4990","66000","387130000C","(04)23274275","(04)23288582","2026","2","12","13","56","臺中市","南屯區","0","1","0","7","2","6","50","5","1","1","5","4","6","6","2","1","5","4","5","2","17","3","10","3","1","B01","7","11","1","4","2","16","","23","23","1","12","4","120.62853","24.140173","2"
"4991","66000","387130000C","(04)23274275","(04)23288582","2026","2","12","14","0","臺中市","大里區","0","0","0","7","","","50","","","","","","","","","","","","","","17","","","","","B12","","","1","","9","","","73","73","1","6","4","120.681352","24.103636","3"
"4992","66000","387130000C","(04)23274275","(04)23288582","2026","2","12","14","3","臺中市","太平區","0","1","0","7","2","6","40","3","2","1","5","4","6","6","4","4","9","5","4","1","17","2","9","2","1","C03","7","9","1","10","2","11","","59","59","1","12","4","120.732398","24.114369","2"
"4993","66000","387130000C","(04)23274275","(04)23288582","2026","2","12","14","4","臺中市","梧棲區","0","1","0","7","2","6","50","4","1","1","5","4","6","6","1","1","10","5","5","2","16","2","9","1","1","C03","7","9","3","19","2","11","","7","7","1","12","4","120.536632","24.238554","2"
"4994","66000","387130000C","(04)23274275","(04)23288582","2026","2","12","14","5","臺中市","西屯區","0","0","0","7","","","30","","","","","","","","","","","","","","12","","","","","B03","","","1","","1","","","8","8","1","12","4","120.661288","24.19986","3"
"4995","66000","387130000C","(04)23274275","(04)23288582","2026","2","12","14","7","臺中市","西屯區","0","1","0","7","2","6","40","13","8","1","5","4","6","6","4","4","1","4","1","1","13","2","9","5","1","C03","7","9","1","10","2","11","","7","7","1","12","4","120.648287","24.163523","2"
"4996","66000","387130000C","(04)23274275","(04)23288582","2026","2","12","14","7","臺中市","西屯區","0","0","0","7","","","50","","","","","","","","","","","","","","13","","","","","C03","","","1","","1","","","7","7","1","13","4","120.606831","24.193032","3"
"4997","66000","387130000C","(04)23274275","(04)23288582","2026","2","12","14","9","臺中市","北屯區","0","1","0","7","2","6","50","13","9","1","5","4","6","6","4","4","3","4","5","2","12","2","8","1","1","C03","7","9","1","10","2","12","","85","85","1","12","4","120.671078","24.174458","2"
"4998","66000","387130000C","(04)23274275","(04)23288582","2026","2","12","14","10","臺中市","大里區","0","1","0","7","3","6","50","4","4","1","5","4","6","6","1","1","5","5","5","2","17","3","10","3","1","B03","7","1","1","8","2","5","","83","83","1","12","4","120.694191","24.098658","2"
"4999","66000","387130000C","(04)23274275","(04)23288582","2026","2","12","14","13","臺中市","太平區","0","0","0","7","2","6","50","","","","","","","","","","","","","","","","","","","A11","","","1","","2","3","","82","82","1","12","4","120.707327","24.158191","3"
"5000","66000","387130000C","(04)23274275","(04)23288582","2026","2","12","14","14","臺中市","西屯區","0","2","0","7","2","6","40","13","8","1","5","4","6","6","4","4","10","5","5","2","13","2","9","1","1","C03","7","9","1","10","2","11","","7","7","1","12","4","120.63353","24.174067","2"
"5001","66000","387130000C","(04)23274275","(04)23288582","2026","2","12","14","15","臺中市","西區","0","0","0","7","","","50","","","","","","","","","","","","","","","","","","","A12","","","1","","2","","","78","78","1","13","4","120.674059","24.147161","3"
"5002","66000","387130000C","(04)23274275","(04)23288582","2026","2","12","14","17","臺中市","西屯區","0","0","0","7","","","50","","","","","","","","","","","","","","13","","","","","B03","","","1","","1","","","59","59","1","12","4","120.610865","24.191598","3"
"5003","66000","387130000C","(04)23274275","(04)23288582","2026","2","12","14","17","臺中市","大肚區","0","2","0","7","2","6","50","4","2","1","5","4","6","6","1","1","6","1","4","1","15","2","9","1","1","C03","7","9","1","10","2","14","","21","21","1","12","4","120.543704","24.15302","2"
"5004","66000","387130000C","(04)23274275","(04)23288582","2026","2","12","14","17","臺中市","外埔區","0","3","0","7","3","6","30","3","1","1","5","4","6","6","4","4","10","5","5","2","16","2","8","1","1","C03","7","6","1","10","2","14","","20","20","1","12","4","120.630133","24.333924","2"
"5005","66000","387130000C","(04)23274275","(04)23288582","2026","2","12","14","21","臺中市","西區","0","0","0","7","","","50","","","","","","","","","","","","","","13","","","","","B03","","","1","","1","","","59","59","1","12","4","120.658315","24.133684","3"
"5006","66000","387130000C","(04)23274275","(04)23288582","2026","2","12","14","24","臺中市","東區","0","0","0","7","","","50","","","","","","","","","","","","","","13","","","","","B12","","","3","","2","","","7","7","1","6","4","120.710563","24.149407","3"
"5007","66000","387130000C","(04)23274275","(04)23288582","2026","2","12","14","24","臺中市","太平區","0","0","0","7","","","50","","","","","","","","","","","","","","","","","","","B12","","","1","","2","","","93","93","1","13","4","120.716016","24.147156","3"
"5008","66000","387130000C","(04)23274275","(04)23288582","2026","2","12","14","25","臺中市","南區","0","0","0","7","","","50","","","","","","","","","","","","","","","","","","","B03","","","1","","2","","","11","11","1","13","4","120.671976","24.126488","3"
"5009","66000","387130000C","(04)23274275","(04)23288582","2026","2","12","14","25","臺中市","南區","0","0","0","7","","","50","","","","","","","","","","","","","","","","","","","C03","","","3","","9","","","59","59","2","6","4","120.654623","24.122773","4"
"5010","66000","387130000C","(04)23274275","(04)23288582","2026","2","12","14","25","臺中市","北屯區","0","1","0","7","2","6","30","11","9","1","5","4","6","6","4","4","10","5","5","2","11","3","10","3","1","B03","7","6","1","8","2","4","","41","41","1","12","4","120.784523","24.188611","2"
"5011","66000","387130000C","(04)23274275","(04)23288582","2026","2","12","14","25","臺中市","大里區","0","0","0","7","","","","","","","","","","","","","","","","","30","","","","","","","","","","","","","119","119","1","","","120.694646","24.082189","3"
"5012","66000","387130000C","(04)23274275","(04)23288582","2026","2","12","14","28","臺中市","西屯區","0","2","0","7","2","6","50","4","2","1","5","4","6","6","2","1","9","2","5","2","16","2","9","1","1","C03","7","6","1","10","2","12","","11","11","1","12","4","120.623892","24.177397","2"
"5013","66000","387130000C","(04)23274275","(04)23288582","2026","2","12","14","28","臺中市","豐原區","0","1","0","7","3","6","50","4","1","1","5","4","6","6","4","4","5","5","4","2","14","3","10","5","4","B03","7","2","1","8","2","7","","49","49","1","12","4","120.730995","24.255195","2"
"5014","66000","387130000C","(04)23274275","(04)23288582","2026","2","12","14","31","臺中市","南屯區","0","0","0","7","","","50","","","","","","","","","","","","","","2","","","","","A11","","","1","","1","","","8","8","1","13","4","120.623734","24.149514","3"
"5015","66000","387130000C","(04)23274275","(04)23288582","2026","2","12","14","34","臺中市","北屯區","0","2","0","7","3","6","30","3","1","1","5","4","6","6","4","4","10","5","5","2","16","3","10","3","1","B03","7","6","1","8","2","4","","14","14","1","12","4","120.667745","24.191724","2"
"5016","66000","387130000C","(04)23274275","(04)23288582","2026","2","12","14","37","臺中市","潭子區","0","0","0","7","","3","80","","","","","","","","","","","","","","","","","","","B03","","","1","","2","","","84","84","1","13","4","120.722306","24.19222","3"
"5017","66000","387130000C","(04)23274275","(04)23288582","2026","2","12","14","38","臺中市","北區","0","1","0","7","2","6","50","3","1","1","5","4","6","6","1","1","5","4","5","2","12","3","10","3","1","B03","7","8","1","8","1","8","","40","40","1","12","4","120.689181","24.153732","2"
"5018","66000","387130000C","(04)23274275","(04)23288582","2026","2","12","14","38","臺中市","沙鹿區","0","0","0","7","","","60","","","","","","","","","","","","","","","","","","","B12","","","1","","2","","","59","59","1","12","4","120.584801","24.250107","3"
"5019","66000","387130000C","(04)23274275","(04)23288582","2026","2","12","14","38","臺中市","梧棲區","0","0","0","7","","","50","","","","","","","","","","","","","","16","","","","","B03","","","1","","1","","","48","48","1","12","4","120.531267","24.264654","3"
"5020","66000","387130000C","(04)23274275","(04)23288582","2026","2","12","14","40","臺中市","大雅區","0","0","0","7","","","0","","","","","","","","","","","","","","","","","","","C03","","","1","","9","","","84","84","1","13","4","120.653463","24.221901","4"
"5021","66000","387130000C","(04)23274275","(04)23288582","2026","2","12","14","41","臺中市","外埔區","0","1","0","7","2","6","50","4","1","1","5","4","6","6","4","4","5","4","4","1","16","3","10","3","1","B12","7","6","1","8","2","5","","12","12","1","12","4","120.653913","24.331158","2"
"5022","66000","387130000C","(04)23274275","(04)23288582","2026","2","12","14","43","臺中市","大雅區","0","0","0","7","","","50","","","","","","","","","","","","","","","","","","","B03","","","1","","2","","","84","84","1","12","4","120.656353","24.220501","3"
"5023","66000","387130000C","(04)23274275","(04)23288582","2026","2","12","14","43","臺中市","東區","0","0","0","7","","","40","","","","","","","","","","","","","","","","","","","B03","","","1","","2","","","84","84","1","13","4","120.689831","24.131618","3"
"5024","66000","387130000C","(04)23274275","(04)23288582","2026","2","12","14","44","臺中市","東區","0","1","0","7","3","6","50","4","1","1","5","4","6","6","1","1","5","5","5","2","12","3","10","3","1","B03","7","5","1","8","2","2","","47","47","1","13","4","120.709613","24.146094","2"
"5025","66000","387130000C","(04)23274275","(04)23288582","2026","2","12","14","46","臺中市","西區","0","1","0","7","3","6","50","3","2","1","5","4","6","6","4","4","7","5","5","2","17","2","9","1","1","C03","7","5","1","10","2","12","","84","84","1","13","4","120.671135","24.149876","2"
"5026","66000","387130000C","(04)23274275","(04)23288582","2026","2","12","14","46","臺中市","西屯區","0","2","0","7","1","6","40","13","8","1","5","4","6","6","4","4","5","4","4","2","13","3","10","1","1","C03","7","9","1","10","2","16","","68","68","1","12","4","120.649641","24.175256","2"
"5027","66000","387130000C","(04)23274275","(04)23288582","2026","2","12","14","49","臺中市","大里區","0","1","0","7","3","6","50","13","9","1","5","4","6","6","4","4","1","4","5","1","17","3","10","3","1","B02","7","1","1","8","2","1","","51","51","1","12","4","120.67914","24.113132","2"
"5028","66000","387130000C","(04)23274275","(04)23288582","2026","2","12","14","51","臺中市","大甲區","0","1","0","7","2","6","40","4","9","1","5","4","3","6","4","4","7","3","5","1","11","3","10","1","1","C03","7","9","1","10","2","11","","15","15","1","12","4","120.621808","24.345272","2"
"5029","66000","387130000C","(04)23274275","(04)23288582","2026","2","12","14","52","臺中市","東區","0","0","0","7","","","50","","","","","","","","","","","","","","","","","","","F01","","","7","","1","","","7","7","1","3","4","120.690761","24.126402","4"
"5030","66000","387130000C","(04)23274275","(04)23288582","2026","2","12","14","53","臺中市","南屯區","0","1","0","7","3","6","50","13","9","1","5","4","6","6","4","4","9","5","5","2","17","3","10","3","1","B03","7","6","1","8","2","4","","20","20","1","12","4","120.64871","24.149566","2"
"5031","66000","387130000C","(04)23274275","(04)23288582","2026","2","12","14","54","臺中市","東區","0","0","0","7","","","50","","","","","","","","","","","","","","14","","","","","B12","","","1","8","2","","","49","49","1","6","4","120.704899","24.130397","3"
"5032","66000","387130000C","(04)23274275","(04)23288582","2026","2","12","14","55","臺中市","北屯區","0","1","0","7","2","6","50","4","1","1","5","4","6","6","4","4","10","5","5","2","15","3","10","3","1","B03","7","9","1","8","2","4","","12","12","1","12","4","120.692267","24.183508","2"
"5033","66000","387130000C","(04)23274275","(04)23288582","2026","2","12","14","57","臺中市","西屯區","0","2","0","7","2","6","50","4","9","1","5","4","6","6","1","1","5","4","5","2","16","2","9","1","4","F03","7","6","7","21","2","12","14","39","39","1","12","4","120.618801","24.178852","2"
"5034","66000","387130000C","(04)23274275","(04)23288582","2026","2","12","14","58","臺中市","中區","0","0","0","7","","","50","","","","","","","","","","","","","","","","","","","B03","","","1","","1","","","50","50","1","12","4","120.680896","24.140447","3"
"5035","66000","387130000C","(04)23274275","(04)23288582","2026","2","12","15","3","臺中市","北區","0","2","0","7","2","6","40","13","8","1","5","4","6","6","4","4","5","4","4","2","17","2","9","5","1","C03","7","9","3","19","2","11","14","59","59","1","13","4","120.683467","24.145892","2"
"5036","66000","387130000C","(04)23274275","(04)23288582","2026","2","12","15","3","臺中市","龍井區","0","0","0","7","","","30","","","","","","","","","","","","","","12","","","","","B03","","","1","","2","","","85","85","1","6","4","120.585293","24.18478","4"
"5037","66000","387130000C","(04)23274275","(04)23288582","2026","2","12","15","8","臺中市","南屯區","0","0","0","7","","","50","","","","","","","","","","","","","","13","","","","","B03","","","1","","1","","","7","7","1","6","4","120.630694","24.14669","3"
"5038","66000","387130000C","(04)23274275","(04)23288582","2026","2","12","15","8","臺中市","西屯區","0","0","0","7","","","30","","","","","","","","","","","","","","11","","","","","B12","","","1","","1","","","59","59","1","12","4","120.642788","24.196556","3"
"5039","66000","387130000C","(04)23274275","(04)23288582","2026","2","12","15","10","臺中市","南屯區","0","0","0","7","","","50","","","","","","","","","","","","","","12","","","","","B03","","","1","","2","","","40","40","1","12","4","120.648813","24.139811","3"
"5040","66000","387130000C","(04)23274275","(04)23288582","2026","2","12","15","13","臺中市","北區","0","0","0","7","","","50","","","","","","","","","","","","","","13","","","","","C03","","","1","","1","","","7","7","1","13","4","120.684994","24.152713","3"
"5041","66000","387130000C","(04)23274275","(04)23288582","2026","2","12","15","13","臺中市","北屯區","0","0","0","7","","","50","","","","","","","","","","","","","","17","","","","","B03","","","1","","1","","","58","58","1","12","4","120.678762","24.173249","3"
"5042","66000","387130000C","(04)23274275","(04)23288582","2026","2","12","15","13","臺中市","太平區","0","0","0","7","","","50","","","","","","","","","","","","","","","","","","","B03","","","1","","2","","","34","34","1","13","4","120.712507","24.158053","3"
"5043","66000","387130000C","(04)23274275","(04)23288582","2026","2","12","15","14","臺中市","西屯區","0","0","0","7","","","50","","","","","","","","","","","","","","12","","","","","B12","","","1","","1","","","40","40","1","12","4","120.643541","24.200162","3"
"5044","66000","387130000C","(04)23274275","(04)23288582","2026","2","12","15","15","臺中市","大里區","0","0","0","7","3","6","50","13","7","1","5","4","6","6","1","1","3","4","4","2","12","","","","","B03","","","1","","2","","","40","40","1","12","4","120.69891","24.11034","3"
"5045","66000","387130000C","(04)23274275","(04)23288582","2026","2","12","15","17","臺中市","西屯區","0","0","0","7","","","40","","","","","","","","","","","","","","12","","","","","B03","","","1","","1","","","40","40","1","12","4","120.649705","24.162519","3"
"5046","66000","387130000C","(04)23274275","(04)23288582","2026","2","12","15","18","臺中市","西屯區","0","1","0","7","2","6","50","3","1","1","5","4","6","6","4","4","10","5","5","2","12","3","10","3","1","B03","7","5","1","8","2","2","","14","14","1","12","4","120.66458","24.177527","2"
"5047","66000","387130000C","(04)23274275","(04)23288582","2026","2","12","15","19","臺中市","西屯區","0","1","0","7","2","6","30","3","1","1","5","4","6","6","4","4","10","5","5","2","16","2","7","1","1","C03","7","6","1","10","2","15","","12","12","1","13","4","120.645276","24.186391","2"
"5048","66000","387130000C","(04)23274275","(04)23288582","2026","2","12","15","20","臺中市","大雅區","0","0","0","7","","","30","","","","","","","","","","","","","","","","","","","A12","","","1","","2","","","84","84","1","13","4","120.669117","24.203599","4"
"5049","66000","387130000C","(04)23274275","(04)23288582","2026","2","12","15","20","臺中市","北屯區","0","0","0","7","","","50","","","","","","","","","","","","","","13","","","","","B12","","","1","","1","","","59","59","1","6","4","120.661819","24.189421","3"
"5050","66000","387130000C","(04)23274275","(04)23288582","2026","2","12","15","21","臺中市","潭子區","0","0","0","7","","3","80","","","","","","","","","","","","","","","","","","","B13","","","1","","2","","","7","7","1","13","4","120.709739","24.200514","3"
"5051","66000","387130000C","(04)23274275","(04)23288582","2026","2","12","15","24","臺中市","南區","0","1","0","7","1","6","50","13","9","1","5","4","5","6","4","4","9","5","5","2","17","3","10","5","4","C03","7","9","1","10","11","14","","8","8","2","12","4","120.654039","24.123212","2"
"5052","66000","387130000C","(04)23274275","(04)23288582","2026","2","12","15","24","臺中市","北屯區","0","1","0","7","3","6","50","4","1","1","5","4","6","6","1","1","10","5","5","2","16","3","10","3","1","B03","7","6","1","8","2","5","","11","11","1","6","4","120.682064","24.194064","2"
"5053","66000","387130000C","(04)23274275","(04)23288582","2026","2","12","15","24","臺中市","西屯區","0","1","0","7","2","6","40","13","8","1","5","4","6","6","4","4","5","4","4","2","17","2","7","2","4","C03","7","9","1","10","1","11","14","43","43","1","12","4","120.649043","24.158642","2"
"5054","66000","387130000C","(04)23274275","(04)23288582","2026","2","12","15","28","臺中市","北屯區","0","1","0","7","2","6","50","4","1","1","5","4","6","6","2","1","4","3","4","2","16","3","10","3","1","B03","7","5","1","8","2","2","","11","11","1","13","4","120.704559","24.164913","2"
"5055","66000","387130000C","(04)23274275","(04)23288582","2026","2","12","15","28","臺中市","北屯區","0","1","0","7","2","6","50","4","1","1","5","4","6","6","1","1","10","5","5","2","13","2","8","1","1","C03","7","9","1","10","2","11","","7","7","1","6","4","120.685468","24.173361","2"
"5056","66000","387130000C","(04)23274275","(04)23288582","2026","2","12","15","30","臺中市","太平區","0","0","0","7","2","6","50","","","","","","","","","","","","","","","","","","","F01","","","1","","2","11","","85","85","1","12","4","120.716933","24.126227","3"
"5057","66000","387130000C","(04)23274275","(04)23288582","2026","2","12","15","31","臺中市","太平區","0","0","0","7","","","50","","","","","","","","","","","","","","","","","","","B03","","","1","","2","","","87","87","1","13","4","120.710159","24.134885","3"
"5058","66000","387130000C","(04)23274275","(04)23288582","2026","2","12","15","31","臺中市","東勢區","0","1","0","7","3","6","50","4","2","1","5","4","3","3","4","4","10","5","5","2","12","2","8","1","4","C03","7","9","1","10","2","16","","2","2","1","13","4","120.827539","24.258649","2"
"5059","66000","387130000C","(04)23274275","(04)23288582","2026","2","12","15","32","臺中市","北區","0","0","0","7","","","40","","","","","","","","","","","","","","13","","","","","C03","","","1","","1","","","7","7","1","12","4","120.67297","24.16837","3"
"5060","66000","387130000C","(04)23274275","(04)23288582","2026","2","12","15","35","臺中市","西屯區","0","0","0","7","","","70","","","","","","","","","","","","","","17","","","","","B03","","","1","","1","","","45","45","1","12","4","120.624404","24.178512","3"
"5061","66000","387130000C","(04)23274275","(04)23288582","2026","2","12","15","35","臺中市","梧棲區","0","1","0","7","2","6","50","4","1","1","5","4","6","6","1","1","10","5","5","2","16","3","10","3","1","B03","7","5","1","8","2","2","","11","11","1","12","4","120.550554","24.253046","2"
"5062","66000","387130000C","(04)23274275","(04)23288582","2026","2","12","15","36","臺中市","西區","0","1","0","7","2","6","40","13","8","1","5","4","6","6","4","4","1","4","4","2","13","2","9","1","1","C03","7","12","1","10","2","11","","7","7","1","12","4","120.658184","24.155085","2"
"5063","66000","387130000C","(04)23274275","(04)23288582","2026","2","12","15","39","臺中市","北屯區","0","0","0","7","","","50","","","","","","","","","","","","","","17","","","","","C03","","","1","","1","","","50","50","1","12","4","120.693589","24.171436","3"
"5064","66000","387130000C","(04)23274275","(04)23288582","2026","2","12","15","41","臺中市","烏日區","0","0","0","6","2","6","60","4","1","1","5","","6","6","1","1","1","4","5","1","16","3","10","3","1","B03","7","5","1","8","2","2","","11","11","1","6","4","120.62734","24.10404","4"
"5065","66000","387130000C","(04)23274275","(04)23288582","2026","2","12","15","42","臺中市","北屯區","0","0","0","7","","","50","","","","","","","","","","","","","","","","","","","B03","","","1","","1","","","59","59","1","12","4","120.721597","24.182378","3"
"5066","66000","387130000C","(04)23274275","(04)23288582","2026","2","12","15","44","臺中市","大雅區","0","0","0","7","","","30","","","","","","","","","","","","","","","","","","","B03","","","1","","1","","","87","87","1","12","4","120.619215","24.222906","3"
"5067","66000","387130000C","(04)23274275","(04)23288582","2026","2","12","15","44","臺中市","南屯區","0","0","0","7","","","50","","","","","","","","","","","","","","","","","","","B03","","","1","","1","","","84","84","1","12","4","120.622367","24.145128","3"