序號,縣市別代碼,機關代碼,市話,傳真,年,月,日,時,分,縣市,區,死亡數量,受傷數量,2-30,天候,道路照明設備,道路類別,道路速限,道路型態,事故位置,路面鋪裝,路面狀態,路面缺陷,障礙物,視距,號誌種類,號誌動作,分向設施,快車道或一般車道間,快慢車道間,路面邊線,事故類型及型態,受傷程度,主要傷處,保護裝備,行動電話或功能裝置,當事者區分(類別),車輛用途,當事者行動狀態,駕照狀態,駕照種類,飲酒情形,車輛撞擊部位最初,車輛撞擊部位其他,肇事因素個別,肇事因素主要,肇事逃逸,職業,共享經濟或外送平台,GPS座標X,GPS座標Y,事故類別
"5068","66000","387130000C","(04)23274275","(04)23288582","2026","2","12","15","45","臺中市","西區","0","0","0","7","","","50","","","","","","","","","","","","","","13","","","","","B12","","","1","","1","","","59","59","1","13","4","120.652945","24.146725","3"
"5069","66000","387130000C","(04)23274275","(04)23288582","2026","2","12","15","45","臺中市","南屯區","0","1","0","7","3","6","50","3","2","1","5","4","6","6","4","4","5","5","4","2","16","2","9","1","1","C03","7","9","1","10","2","14","","13","13","1","12","4","120.610746","24.144738","2"
"5070","66000","387130000C","(04)23274275","(04)23288582","2026","2","12","15","56","臺中市","西屯區","0","0","0","7","","","50","","","","","","","","","","","","","","12","","","","","B03","","","1","","1","","","40","40","1","12","4","120.641545","24.156962","3"
"5071","66000","387130000C","(04)23274275","(04)23288582","2026","2","12","16","2","臺中市","西區","0","1","0","7","1","6","50","4","1","5","5","4","6","6","1","1","10","5","5","2","16","3","10","3","1","B03","7","9","1","8","2","1","","84","84","1","12","4","120.655077","24.146781","2"
"5072","66000","387130000C","(04)23274275","(04)23288582","2026","2","12","16","5","臺中市","大雅區","0","1","0","7","3","6","50","4","2","1","5","4","6","6","1","1","4","5","5","1","17","3","10","5","4","B03","7","6","1","8","2","5","","7","7","1","13","4","120.645429","24.221915","2"
"5073","66000","387130000C","(04)23274275","(04)23288582","2026","2","12","16","5","臺中市","大里區","0","2","0","7","2","6","50","13","7","1","5","4","6","6","4","4","1","4","4","1","13","2","9","2","1","C03","7","9","1","10","2","11","","84","84","1","12","4","120.697076","24.084493","2"
"5074","66000","387130000C","(04)23274275","(04)23288582","2026","2","12","16","6","臺中市","北屯區","0","0","0","7","","","50","","","","","","","","","","","","","","13","","","","","B03","","","1","","1","","","7","7","1","13","4","120.704723","24.169369","3"
"5075","66000","387130000C","(04)23274275","(04)23288582","2026","2","12","16","7","臺中市","太平區","0","1","0","7","2","6","50","13","9","1","5","4","6","6","4","4","5","5","5","1","30","2","9","2","4","C03","7","9","1","10","2","11","14","84","84","1","12","4","120.706132","24.153496","2"
"5076","66000","387130000C","(04)23274275","(04)23288582","2026","2","12","16","9","臺中市","南區","0","0","0","7","","","50","","","","","","","","","","","","","","12","","","","","A04","","","1","","1","","","40","40","1","13","4","120.682886","24.119081","3"
"5077","66000","387130000C","(04)23274275","(04)23288582","2026","2","12","16","10","臺中市","西區","0","0","0","7","","","50","","","","","","","","","","","","","","","","","","","C03","","","1","","1","","","7","7","1","12","4","120.661491","24.147766","3"
"5078","66000","387130000C","(04)23274275","(04)23288582","2026","2","12","16","10","臺中市","北屯區","0","1","0","7","2","6","50","4","1","1","5","4","6","6","2","1","4","3","5","2","15","3","10","5","1","G01","7","9","6","20","2","17","","21","21","1","13","4","120.692407","24.173777","2"
"5079","66000","387130000C","(04)23274275","(04)23288582","2026","2","12","16","12","臺中市","南屯區","0","0","0","7","","","50","","","","","","","","","","","","","","","","","","","B03","","","1","","2","","","7","7","1","13","4","120.595097","24.140418","3"
"5080","66000","387130000C","(04)23274275","(04)23288582","2026","2","12","16","13","臺中市","潭子區","0","1","0","7","3","6","40","13","8","1","5","4","6","6","4","4","1","4","4","1","17","3","10","3","1","B03","7","2","1","3","2","3","","49","49","1","13","4","120.703057","24.198108","2"
"5081","66000","387130000C","(04)23274275","(04)23288582","2026","2","12","16","15","臺中市","東區","0","0","0","7","","","50","","","","","","","","","","","","","","17","","","","","B03","","","1","","2","","","50","50","1","12","4","120.708552","24.149366","3"
"5082","66000","387130000C","(04)23274275","(04)23288582","2026","2","12","16","15","臺中市","大里區","0","0","0","7","","3","80","","","","","","","","","","","","","","13","","","","","B12","","","1","","1","","","7","7","1","6","4","120.682601","24.078234","3"
"5083","66000","387130000C","(04)23274275","(04)23288582","2026","2","12","16","16","臺中市","太平區","0","2","0","7","3","6","50","3","7","1","5","4","6","6","4","4","9","4","4","1","11","2","9","2","1","C03","7","6","1","10","2","12","","20","20","1","13","4","120.729058","24.105186","2"
"5084","66000","387130000C","(04)23274275","(04)23288582","2026","2","12","16","17","臺中市","霧峰區","0","1","0","7","2","6","50","3","1","1","5","4","6","6","4","4","5","5","5","1","13","2","9","2","1","C03","7","9","1","10","2","11","","7","7","1","13","4","120.664061","24.028995","2"
"5085","66000","387130000C","(04)23274275","(04)23288582","2026","2","12","16","18","臺中市","烏日區","0","0","0","7","","","40","","","","","","","","","","","","","","","","","","","B02","","","1","","1","","","25","25","1","13","4","120.612696","24.1028","3"
"5086","66000","387130000C","(04)23274275","(04)23288582","2026","2","12","16","19","臺中市","南區","0","0","0","7","","","50","","","","","","","","","","","","","","","","","","","B03","","","1","","1","","","1","1","1","6","4","120.669115","24.114635","3"
"5087","66000","387130000C","(04)23274275","(04)23288582","2026","2","12","16","23","臺中市","東區","0","0","0","7","","","50","","","","","","","","","","","","","","13","","","","","C03","","","1","10","1","","","7","7","1","6","4","120.698611","24.132797","3"
"5088","66000","387130000C","(04)23274275","(04)23288582","2026","2","12","16","24","臺中市","北區","0","0","0","7","","","50","","","","","","","","","","","","","","17","","","","","C03","","","1","","1","","","59","59","1","13","4","120.682282","24.152295","3"
"5089","66000","387130000C","(04)23274275","(04)23288582","2026","2","12","16","24","臺中市","烏日區","0","0","0","7","","","50","","","","","","","","","","","","","","16","","","","","B12","","","1","","1","","","14","14","1","6","4","120.628083","24.102926","3"
"5090","66000","387130000C","(04)23274275","(04)23288582","2026","2","12","16","29","臺中市","沙鹿區","0","0","0","7","","","50","","","","","","","","","","","","","","","","","","","C03","","","1","","2","","","7","7","1","6","4","120.560393","24.239654","3"
"5091","66000","387130000C","(04)23274275","(04)23288582","2026","2","12","16","30","臺中市","南屯區","0","3","0","7","2","6","50","4","1","1","5","4","6","6","4","4","9","4","4","2","11","2","9","1","1","C03","7","6","1","10","2","11","","14","14","1","12","4","120.638724","24.148804","2"
"5092","66000","387130000C","(04)23274275","(04)23288582","2026","2","12","16","30","臺中市","南屯區","0","0","0","7","3","6","50","4","1","1","5","4","6","6","1","1","1","4","5","2","15","","","","","C03","","","1","","1","","","84","84","1","12","4","120.646818","24.143759","3"
"5093","66000","387130000C","(04)23274275","(04)23288582","2026","2","12","16","33","臺中市","西區","0","0","0","7","","","50","","","","","","","","","","","","","","","","","","","C03","","","1","","1","","","84","84","1","12","4","120.675919","24.133435","3"
"5094","66000","387130000C","(04)23274275","(04)23288582","2026","2","12","16","36","臺中市","沙鹿區","0","0","0","7","","","50","","","","","","","","","","","","","","","","","","","B03","","","1","","2","","","59","59","1","6","4","120.558135","24.233369","3"
"5095","66000","387130000C","(04)23274275","(04)23288582","2026","2","12","16","36","臺中市","神岡區","0","0","0","7","2","6","50","13","9","1","5","4","6","6","4","4","10","5","5","1","17","3","10","3","1","B12","7","9","1","8","1","1","1","7","7","1","12","4","120.670634","24.245312","3"
"5096","66000","387130000C","(04)23274275","(04)23288582","2026","2","12","16","37","臺中市","西區","0","0","0","7","","","50","","","","","","","","","","","","","","17","","","","","B03","","","1","","2","","","84","84","1","12","4","120.668327","24.132273","3"
"5097","66000","387130000C","(04)23274275","(04)23288582","2026","2","12","16","42","臺中市","北區","0","0","0","7","","","50","","","","","","","","","","","","","","13","","","","","B03","","","1","","1","","","84","84","1","13","4","120.673798","24.164722","3"
"5098","66000","387130000C","(04)23274275","(04)23288582","2026","2","12","16","44","臺中市","大肚區","0","0","0","7","","","30","","","","","","","","","","","","","","35","","","","","B12","","","1","","1","","","68","68","1","12","4","120.542625","24.139243","3"
"5099","66000","387130000C","(04)23274275","(04)23288582","2026","2","12","16","44","臺中市","沙鹿區","0","1","0","7","2","6","40","3","1","1","5","4","6","6","1","1","10","5","5","2","16","3","10","3","1","B03","7","5","1","8","2","2","","85","85","1","12","4","120.580399","24.21605","2"
"5100","66000","387130000C","(04)23274275","(04)23288582","2026","2","12","16","45","臺中市","南區","0","0","0","7","","","50","","","","","","","","","","","","","","14","","","","","B03","","","1","","2","","","49","49","1","12","4","120.660038","24.123223","3"
"5101","66000","387130000C","(04)23274275","(04)23288582","2026","2","12","16","45","臺中市","南屯區","0","1","0","7","2","6","50","4","1","1","5","4","6","6","4","4","9","4","4","2","17","3","10","3","1","B03","7","11","1","8","2","2","","45","45","1","12","4","120.63875","24.148715","2"
"5102","66000","387130000C","(04)23274275","(04)23288582","2026","2","12","16","45","臺中市","沙鹿區","0","1","0","7","2","6","50","3","1","1","5","4","6","6","4","4","10","5","5","2","17","2","9","1","1","C03","7","11","1","10","2","12","","46","46","1","12","4","120.560062","24.238344","2"
"5103","66000","387130000C","(04)23274275","(04)23288582","2026","2","12","16","46","臺中市","南區","0","1","0","7","1","6","50","3","1","1","5","4","6","6","4","4","10","5","5","2","17","2","9","5","4","C03","7","9","1","10","2","11","","84","84","1","12","4","120.667156","24.113561","2"
"5104","66000","387130000C","(04)23274275","(04)23288582","2026","2","12","16","46","臺中市","西屯區","0","1","0","7","2","6","50","13","9","1","5","4","6","6","4","4","5","4","5","2","13","2","9","1","1","C03","7","9","1","10","2","11","","7","7","1","12","4","120.644672","24.169321","2"
"5105","66000","387130000C","(04)23274275","(04)23288582","2026","2","12","16","47","臺中市","南區","0","1","0","7","2","6","20","13","13","1","5","4","6","6","4","4","10","4","5","2","18","2","9","5","4","F01","7","9","7","21","2","12","","84","84","1","13","1","120.651856","24.117063","2"
"5106","66000","387130000C","(04)23274275","(04)23288582","2026","2","12","16","50","臺中市","西屯區","0","0","0","7","","","50","","","","","","","","","","","","","","12","","","","","B03","","","1","","2","","","8","8","1","12","4","120.649688","24.159535","3"
"5107","66000","387130000C","(04)23274275","(04)23288582","2026","2","12","16","53","臺中市","烏日區","0","0","0","7","2","6","40","13","9","1","5","4","6","6","4","4","10","5","5","2","13","3","10","3","1","B03","7","2","1","4","2","7","","49","49","1","6","4","120.626322","24.102612","3"
"5108","66000","387130000C","(04)23274275","(04)23288582","2026","2","12","16","54","臺中市","太平區","0","0","0","7","","3","80","","","","","","","","","","","","","","","","","","","B03","","","1","","2","","","84","84","1","13","4","120.713649","24.147438","3"
"5109","66000","387130000C","(04)23274275","(04)23288582","2026","2","12","16","54","臺中市","太平區","0","2","0","7","2","3","80","10","7","1","5","4","6","6","4","4","2","4","5","1","13","3","10","3","1","B12","7","9","1","7","2","1","","84","84","1","6","4","120.717349","24.156299","2"
"5110","66000","387130000C","(04)23274275","(04)23288582","2026","2","12","16","57","臺中市","烏日區","0","1","0","7","2","6","50","13","9","1","5","4","6","6","4","4","1","4","5","2","17","2","9","5","4","C03","7","9","1","10","2","12","","84","84","1","5","4","120.611027","24.11343","2"
"5111","66000","387130000C","(04)23274275","(04)23288582","2026","2","12","16","59","臺中市","梧棲區","0","1","0","7","3","6","50","3","9","1","5","4","6","6","4","4","5","5","5","1","17","2","9","2","1","C03","7","6","1","10","2","12","","14","14","1","12","4","120.5509","24.247612","2"
"5112","66000","387130000C","(04)23274275","(04)23288582","2026","2","12","17","1","臺中市","北屯區","0","1","0","7","2","6","50","13","7","1","5","4","6","6","4","4","5","5","4","2","12","2","9","2","1","C03","7","9","1","10","2","12","","8","8","1","12","4","120.694427","24.172199","2"
"5113","66000","387130000C","(04)23274275","(04)23288582","2026","2","12","17","2","臺中市","南屯區","0","0","0","7","","","50","","","","","","","","","","","","","","","","","","","B03","","","1","","2","","","40","40","1","13","4","120.617446","24.153381","3"
"5114","66000","387130000C","(04)23274275","(04)23288582","2026","2","12","17","3","臺中市","北屯區","0","0","0","7","","3","80","","","","","","","","","","","","","","13","","","","","B03","","","1","","1","","","7","7","1","13","4","120.718908","24.162389","3"
"5115","66000","387130000C","(04)23274275","(04)23288582","2026","2","12","17","3","臺中市","大里區","0","0","0","7","","","30","","","","","","","","","","","","","","17","","","","","C03","","","1","","1","","","84","84","2","6","4","120.694899","24.119895","3"
"5116","66000","387130000C","(04)23274275","(04)23288582","2026","2","12","17","3","臺中市","太平區","0","1","0","7","3","6","40","13","7","1","5","4","6","6","1","1","9","4","4","1","12","2","8","2","1","C03","7","8","1","10","2","14","","40","40","1","13","4","120.713676","24.144537","2"
"5117","66000","387130000C","(04)23274275","(04)23288582","2026","2","12","17","5","臺中市","北區","0","0","0","7","","","50","","","","","","","","","","","","","","17","","","","","B12","","","1","","2","","","84","84","1","13","4","120.676144","24.150298","3"
"5118","66000","387130000C","(04)23274275","(04)23288582","2026","2","12","17","5","臺中市","東區","0","1","0","7","2","6","50","4","1","1","5","4","6","6","1","1","9","4","5","2","17","3","10","3","1","B03","7","9","1","8","2","1","","7","7","1","12","4","120.689242","24.134357","2"
"5119","66000","387130000C","(04)23274275","(04)23288582","2026","2","12","17","7","臺中市","西區","0","2","0","7","3","6","50","13","9","1","5","4","6","6","4","4","7","5","5","2","16","2","7","1","1","C03","7","6","1","10","2","14","","84","84","1","13","4","120.676202","24.138059","2"
"5120","66000","387130000C","(04)23274275","(04)23288582","2026","2","12","17","8","臺中市","北區","0","0","0","7","","","50","","","","","","","","","","","","","","16","","","","","B03","","","1","","1","","","11","11","1","12","4","120.675901","24.159141","3"
"5121","66000","387130000C","(04)23274275","(04)23288582","2026","2","12","17","8","臺中市","北屯區","0","0","0","7","","","50","","","","","","","","","","","","","","13","","","","","C03","","","1","","2","","","7","7","1","6","4","120.703888","24.16419","3"
"5122","66000","387130000C","(04)23274275","(04)23288582","2026","2","12","17","19","臺中市","太平區","0","0","0","7","","","50","","","","","","","","","","","","","","16","","","","","C03","","","1","","2","","","14","14","1","6","4","120.725023","24.138216","3"
"5123","66000","387130000C","(04)23274275","(04)23288582","2026","2","12","17","19","臺中市","豐原區","0","1","0","7","2","6","50","5","1","1","5","4","6","6","2","1","1","3","4","1","12","3","10","1","1","C03","7","9","2","19","2","13","11","8","8","1","12","4","120.709105","24.252838","2"
"5124","66000","387130000C","(04)23274275","(04)23288582","2026","2","12","17","22","臺中市","西屯區","0","2","0","7","2","6","40","4","4","1","5","4","6","6","2","1","4","5","5","2","13","2","8","1","1","C03","7","9","1","10","2","11","","7","7","1","12","4","120.632808","24.17015","2"
"5125","66000","387130000C","(04)23274275","(04)23288582","2026","2","12","17","22","臺中市","龍井區","0","1","0","7","2","6","30","4","2","1","5","4","6","6","4","4","10","5","5","2","16","3","10","3","1","B03","7","6","1","8","2","5","","14","14","1","12","4","120.548359","24.193578","2"
"5126","66000","387130000C","(04)23274275","(04)23288582","2026","2","12","17","25","臺中市","西屯區","0","2","0","7","1","6","40","3","1","1","5","4","6","6","4","4","10","5","5","2","12","2","9","2","1","C03","7","6","1","10","2","14","","48","48","1","12","4","120.593637","24.179999","2"
"5127","66000","387130000C","(04)23274275","(04)23288582","2026","2","12","17","28","臺中市","大里區","0","1","0","7","2","6","60","4","1","1","5","4","6","6","1","1","1","4","4","2","13","3","10","3","1","B03","7","9","1","8","2","1","","7","7","1","13","4","120.689229","24.07782","2"
"5128","66000","387130000C","(04)23274275","(04)23288582","2026","2","12","17","30","臺中市","北屯區","0","0","0","7","","","1","","","","","","","","","","","","","","17","","","","","B03","","","1","","2","","","51","51","1","6","4","120.69515","24.166788","3"
"5129","66000","387130000C","(04)23274275","(04)23288582","2026","2","12","17","31","臺中市","西屯區","0","1","0","7","1","6","50","4","1","1","5","4","6","6","4","4","10","5","5","2","17","3","10","3","1","B03","7","1","1","7","2","1","","51","51","1","13","4","120.616746","24.183363","2"
"5130","66000","387130000C","(04)23274275","(04)23288582","2026","2","12","17","32","臺中市","大里區","0","0","0","7","","","50","","","","","","","","","","","","","","","","","","","B03","","","1","","2","","","27","27","1","12","4","120.692598","24.111979","3"
"5131","66000","387130000C","(04)23274275","(04)23288582","2026","2","12","17","35","臺中市","北屯區","0","0","0","7","","","50","","","","","","","","","","","","","","13","","","","","B03","","","1","","1","","","58","58","1","6","4","120.695381","24.165385","3"
"5132","66000","387130000C","(04)23274275","(04)23288582","2026","2","12","17","44","臺中市","神岡區","0","0","0","7","","","50","","","","","","","","","","","","","","13","","","","","C03","","","1","","1","","","7","7","1","12","4","120.661125","24.25917","3"
"5133","66000","387130000C","(04)23274275","(04)23288582","2026","2","12","17","47","臺中市","南屯區","0","0","0","7","","","50","","","","","","","","","","","","","","","","","","","B03","","","1","","2","","","40","40","1","13","4","120.622643","24.150214","3"
"5134","66000","387130000C","(04)23274275","(04)23288582","2026","2","12","17","47","臺中市","北屯區","0","0","0","7","","","50","","","","","","","","","","","","","","13","","","","","B03","","","1","","1","","","7","7","1","12","4","120.717779","24.182371","3"
"5135","66000","387130000C","(04)23274275","(04)23288582","2026","2","12","17","50","臺中市","西屯區","0","0","0","7","","","50","","","","","","","","","","","","","","13","","","","","B03","","","1","","1","","","61","61","1","12","4","120.65968","24.169713","3"
"5136","66000","387130000C","(04)23274275","(04)23288582","2026","2","12","17","52","臺中市","潭子區","0","2","0","6","1","6","50","4","1","1","5","4","6","6","1","1","5","5","5","1","17","3","10","3","1","B03","7","15","1","8","2","1","","42","42","1","13","4","120.715354","24.20476","2"
"5137","66000","387130000C","(04)23274275","(04)23288582","2026","2","12","17","55","臺中市","南區","0","1","0","7","2","6","50","13","7","1","5","4","6","6","4","4","1","4","4","2","3","2","9","6","5","H01","8","16","7","21","10","17","","95","95","1","12","5","120.684031","24.123278","2"
"5138","66000","387130000C","(04)23274275","(04)23288582","2026","2","12","17","58","臺中市","大里區","0","0","0","7","1","6","30","4","1","1","5","4","6","6","1","1","10","5","5","2","12","","","","","F01","","","7","","2","","","51","51","1","12","4","120.687617","24.11016","3"
"5139","66000","387130000C","(04)23274275","(04)23288582","2026","2","12","18","0","臺中市","北區","0","0","0","7","","","30","","","","","","","","","","","","","","17","","","","","C03","","","1","","1","","","87","87","1","13","4","120.66827","24.164175","3"
"5140","66000","387130000C","(04)23274275","(04)23288582","2026","2","12","18","4","臺中市","南區","0","0","0","7","","","50","","","","","","","","","","","","","","12","","","","","C03","","","1","","2","","","8","8","1","13","4","120.662841","24.126502","4"
"5141","66000","387130000C","(04)23274275","(04)23288582","2026","2","12","18","6","臺中市","豐原區","0","1","0","7","1","6","50","13","14","1","5","4","6","6","4","4","1","4","5","1","17","2","9","2","1","C03","7","9","1","10","2","12","","58","58","1","13","4","120.730149","24.254226","2"
"5142","66000","387130000C","(04)23274275","(04)23288582","2026","2","12","18","7","臺中市","西屯區","0","1","0","7","1","6","40","13","8","1","5","4","6","6","4","4","1","4","1","2","13","3","10","1","1","C03","7","9","1","10","2","11","","7","7","1","12","4","120.618109","24.181529","2"
"5143","66000","387130000C","(04)23274275","(04)23288582","2026","2","12","18","10","臺中市","南屯區","0","0","0","7","","","50","","","","","","","","","","","","","","13","","","","","B03","","","1","","1","","","7","7","1","13","4","120.615684","24.146873","3"
"5144","66000","387130000C","(04)23274275","(04)23288582","2026","2","12","18","10","臺中市","太平區","0","3","0","7","3","6","50","4","1","1","5","4","6","6","4","4","10","5","5","2","13","2","8","2","1","C03","7","9","1","10","2","11","","84","84","1","13","4","120.716571","24.132322","2"
"5145","66000","387130000C","(04)23274275","(04)23288582","2026","2","12","18","11","臺中市","大甲區","0","0","0","7","","","50","","","","","","","","","","","","","","","","","","","C03","","","1","","2","","","7","7","1","12","4","120.632304","24.341249","3"
"5146","66000","387130000C","(04)23274275","(04)23288582","2026","2","12","18","11","臺中市","豐原區","0","0","0","7","1","6","50","13","9","1","5","4","6","6","4","4","1","4","4","1","14","3","10","3","1","B03","7","2","1","8","9","3","","49","49","2","12","4","120.721182","24.236481","3"
"5147","66000","387130000C","(04)23274275","(04)23288582","2026","2","12","18","12","臺中市","北區","0","1","0","7","1","6","50","4","9","1","5","4","6","6","1","1","10","5","5","2","13","2","9","5","4","C03","7","12","1","10","2","14","","7","7","1","13","4","120.675265","24.163243","2"
"5148","66000","387130000C","(04)23274275","(04)23288582","2026","2","12","18","13","臺中市","潭子區","0","1","0","7","2","6","50","4","2","1","5","4","6","6","2","1","5","2","5","2","13","3","10","3","1","B02","7","9","1","8","2","1","","7","7","1","13","4","120.705502","24.215544","2"
"5149","66000","387130000C","(04)23274275","(04)23288582","2026","2","12","18","13","臺中市","南屯區","0","0","0","7","","","50","","","","","","","","","","","","","","13","","","","","B03","","","1","","1","","","82","82","1","13","4","120.646851","24.134781","3"
"5150","66000","387130000C","(04)23274275","(04)23288582","2026","2","12","18","13","臺中市","西屯區","0","1","0","7","1","6","40","4","1","1","5","4","6","6","1","1","10","5","5","2","18","2","8","1","1","C03","7","12","1","10","2","12","","6","6","1","12","4","120.664553","24.179018","2"
"5151","66000","387130000C","(04)23274275","(04)23288582","2026","2","12","18","15","臺中市","大雅區","0","0","0","7","","","70","","","","","","","","","","","","","","","","","","","B03","","","1","","1","","","8","8","1","13","4","120.631539","24.239456","4"
"5152","66000","387130000C","(04)23274275","(04)23288582","2026","2","12","18","16","臺中市","東區","0","1","0","7","1","6","50","13","9","1","5","4","6","6","4","4","5","5","5","2","13","2","9","5","4","C03","7","9","1","10","2","11","","7","7","1","12","4","120.700796","24.135143","2"
"5153","66000","387130000C","(04)23274275","(04)23288582","2026","2","12","18","17","臺中市","北屯區","0","2","0","7","1","6","50","3","1","1","5","4","6","6","4","4","10","5","5","2","16","3","10","3","1","B03","7","6","1","8","2","8","","48","48","1","6","4","120.690549","24.173375","2"
"5154","66000","387130000C","(04)23274275","(04)23288582","2026","2","12","18","18","臺中市","北屯區","0","0","0","7","","","50","","","","","","","","","","","","","","13","","","","","C03","","","1","","1","","","7","7","1","13","4","120.687934","24.174347","3"
"5155","66000","387130000C","(04)23274275","(04)23288582","2026","2","12","18","18","臺中市","梧棲區","0","1","0","7","1","6","40","4","1","1","5","4","6","6","1","1","10","5","5","2","13","2","8","1","1","C03","7","9","1","10","2","11","","7","7","1","12","4","120.552462","24.244193","2"
"5156","66000","387130000C","(04)23274275","(04)23288582","2026","2","12","18","19","臺中市","大雅區","0","1","0","7","1","6","50","13","9","1","5","4","6","6","4","4","9","5","5","2","17","3","10","2","1","C02","7","6","1","9","2","11","","20","20","1","12","4","120.647314","24.21366","2"
"5157","66000","387130000C","(04)23274275","(04)23288582","2026","2","12","18","19","臺中市","太平區","0","0","0","7","","","50","","","","","","","","","","","","","","13","","","","","B03","","","1","","2","","","84","84","1","12","4","120.7164","24.132579","3"
"5158","66000","387130000C","(04)23274275","(04)23288582","2026","2","12","18","23","臺中市","北區","0","2","0","7","1","6","50","4","1","1","5","4","6","6","1","1","1","4","5","2","17","2","9","5","1","C03","7","9","1","10","2","13","","42","42","1","13","4","120.67542","24.165126","2"
"5159","66000","387130000C","(04)23274275","(04)23288582","2026","2","12","18","23","臺中市","大里區","0","0","0","7","","","50","","","","","","","","","","","","","","13","","","","","B03","","","1","","2","","","7","7","1","6","4","120.696437","24.111365","3"
"5160","66000","387130000C","(04)23274275","(04)23288582","2026","2","12","18","25","臺中市","沙鹿區","0","0","0","7","1","6","50","4","8","1","5","4","6","6","1","1","4","3","4","1","13","","","","","B03","","","1","","2","","","7","7","1","12","4","120.571469","24.242468","3"
"5161","66000","387130000C","(04)23274275","(04)23288582","2026","2","12","18","29","臺中市","豐原區","0","0","0","7","","","50","","","","","","","","","","","","","","17","","","","","C03","","","1","","2","","","59","59","1","12","4","120.71263","24.241883","3"
"5162","66000","387130000C","(04)23274275","(04)23288582","2026","2","12","18","31","臺中市","南屯區","0","2","0","7","1","6","50","13","8","1","5","4","6","6","4","4","1","5","3","2","13","2","9","1","1","C03","7","9","1","10","2","12","","84","84","1","6","4","120.595079","24.156902","2"
"5163","66000","387130000C","(04)23274275","(04)23288582","2026","2","12","18","31","臺中市","西屯區","0","1","0","7","1","6","50","4","1","1","5","4","6","6","1","1","10","5","5","2","15","3","10","3","1","B03","7","9","1","8","2","2","","21","21","1","12","4","120.636358","24.16063","2"
"5164","66000","387130000C","(04)23274275","(04)23288582","2026","2","12","18","33","臺中市","西區","0","2","0","7","1","6","40","4","1","1","5","4","6","6","4","4","5","5","5","2","15","2","9","1","1","C03","7","9","1","10","2","11","","15","15","1","13","4","120.66879","24.142052","2"
"5165","66000","387130000C","(04)23274275","(04)23288582","2026","2","12","18","33","臺中市","北區","0","0","0","7","","","50","","","","","","","","","","","","","","17","","","","","C03","","","1","","2","","","84","84","1","13","4","120.670506","24.155745","3"
"5166","66000","387130000C","(04)23274275","(04)23288582","2026","2","12","18","34","臺中市","東勢區","0","0","0","7","","","60","","","","","","","","","","","","","","","","","","","B03","","","1","","2","","","54","54","1","12","4","120.820233","24.273863","3"
"5167","66000","387130000C","(04)23274275","(04)23288582","2026","2","12","18","36","臺中市","大里區","0","1","0","7","1","6","30","13","9","1","5","4","6","6","4","4","10","5","5","2","18","2","9","2","1","C03","7","9","1","10","2","14","","59","59","1","12","4","120.703983","24.105459","2"
"5168","66000","387130000C","(04)23274275","(04)23288582","2026","2","12","18","38","臺中市","南屯區","0","0","0","7","","","60","","","","","","","","","","","","","","13","","","","","B03","","","1","","1","","","7","7","1","12","4","120.623383","24.135377","3"
"5169","66000","387130000C","(04)23274275","(04)23288582","2026","2","12","18","39","臺中市","北屯區","0","1","0","7","1","6","50","13","7","1","5","4","6","6","4","4","1","5","4","2","13","3","10","3","1","B03","7","9","1","8","2","1","","7","7","1","6","4","120.706047","24.169351","2"
"5170","66000","387130000C","(04)23274275","(04)23288582","2026","2","12","18","40","臺中市","神岡區","0","1","0","7","1","6","30","11","9","1","2","4","6","6","4","4","10","5","5","1","17","3","10","5","4","A12","7","9","1","7","11","16","","93","93","1","12","4","120.686604","24.261555","2"
"5171","66000","387130000C","(04)23274275","(04)23288582","2026","2","12","18","44","臺中市","東區","0","0","0","7","","","50","","","","","","","","","","","","","","","","","","","","","","","","","","","87","87","1","","","120.703929","24.143777","3"
"5172","66000","387130000C","(04)23274275","(04)23288582","2026","2","12","18","45","臺中市","西屯區","0","0","0","7","","","50","","","","","","","","","","","","","","17","","","","","B03","","","1","","2","","","50","50","1","13","4","120.634401","24.169628","3"
"5173","66000","387130000C","(04)23274275","(04)23288582","2026","2","12","18","45","臺中市","豐原區","0","0","0","7","1","6","50","5","2","1","5","4","6","6","1","1","5","4","4","2","13","","","","","B03","","","1","","3","","","7","7","1","12","4","120.680437","24.248005","3"
"5174","66000","387130000C","(04)23274275","(04)23288582","2026","2","12","18","49","臺中市","北屯區","0","1","0","7","1","6","50","4","1","1","5","4","6","6","2","1","5","5","5","2","12","3","10","2","1","C03","7","9","1","10","2","12","","58","58","1","12","4","120.690629","24.172802","2"
"5175","66000","387130000C","(04)23274275","(04)23288582","2026","2","12","18","49","臺中市","西屯區","0","0","0","7","","","50","","","","","","","","","","","","","","13","","","","","B03","","","1","","1","","","7","7","1","12","4","120.609816","24.191731","3"
"5176","66000","387130000C","(04)23274275","(04)23288582","2026","2","12","18","50","臺中市","南屯區","0","0","0","7","1","6","40","13","9","1","5","4","6","6","4","4","10","5","5","2","13","","","","","A11","","","1","","1","","","59","59","1","12","4","120.623729","24.148992","3"