序號,縣市別代碼,機關代碼,市話,傳真,年,月,日,時,分,縣市,區,死亡數量,受傷數量,2-30,天候,道路照明設備,道路類別,道路速限,道路型態,事故位置,路面鋪裝,路面狀態,路面缺陷,障礙物,視距,號誌種類,號誌動作,分向設施,快車道或一般車道間,快慢車道間,路面邊線,事故類型及型態,受傷程度,主要傷處,保護裝備,行動電話或功能裝置,當事者區分(類別),車輛用途,當事者行動狀態,駕照狀態,駕照種類,飲酒情形,車輛撞擊部位最初,車輛撞擊部位其他,肇事因素個別,肇事因素主要,肇事逃逸,職業,共享經濟或外送平台,GPS座標X,GPS座標Y,事故類別
"5177","66000","387130000C","(04)23274275","(04)23288582","2026","2","12","18","51","臺中市","南屯區","0","0","0","7","","","50","","","","","","","","","","","","","","","","","","","C03","","","1","","2","","","80","80","1","6","4","120.595866","24.156458","3"
"5178","66000","387130000C","(04)23274275","(04)23288582","2026","2","12","18","51","臺中市","大里區","0","1","0","6","3","6","50","13","8","1","5","4","6","6","4","4","7","4","4","1","17","3","10","3","1","B03","7","11","1","8","2","1","","45","45","1","12","4","120.66319","24.096786","2"
"5179","66000","387130000C","(04)23274275","(04)23288582","2026","2","12","18","52","臺中市","南區","0","1","0","7","2","6","50","5","1","1","5","4","6","6","1","1","9","4","4","2","17","3","10","1","1","C03","7","5","1","10","1","11","","7","7","1","12","4","120.669969","24.12467","2"
"5180","66000","387130000C","(04)23274275","(04)23288582","2026","2","12","18","56","臺中市","北屯區","0","0","0","7","","","50","","","","","","","","","","","","","","16","","","","","B12","","","1","","1","","","12","12","1","6","4","120.720319","24.178201","3"
"5181","66000","387130000C","(04)23274275","(04)23288582","2026","2","12","18","57","臺中市","梧棲區","0","1","0","7","1","6","30","4","1","1","5","4","6","6","4","4","10","5","5","2","15","2","7","3","1","B03","7","9","1","8","2","1","","15","15","1","12","4","120.554335","24.254182","2"
"5182","66000","387130000C","(04)23274275","(04)23288582","2026","2","12","18","58","臺中市","北區","0","0","0","7","","","50","","","","","","","","","","","","","","13","","","","","B01","","","1","","1","","","84","84","1","12","4","120.688712","24.152426","3"
"5183","66000","387130000C","(04)23274275","(04)23288582","2026","2","12","18","58","臺中市","太平區","0","0","0","7","","","0","","","","","","","","","","","","","","","","","","","C02","","","1","","9","","","50","50","1","13","4","120.720309","24.13106","3"
"5184","66000","387130000C","(04)23274275","(04)23288582","2026","2","12","19","0","臺中市","北區","0","2","0","7","1","6","40","13","8","1","5","4","6","6","4","4","3","4","4","2","8","2","9","5","1","C03","7","9","1","10","2","12","","7","7","1","13","4","120.675797","24.159759","2"
"5185","66000","387130000C","(04)23274275","(04)23288582","2026","2","12","19","2","臺中市","北屯區","0","1","0","7","1","6","50","3","1","1","5","4","6","6","4","4","10","5","5","2","16","3","10","3","1","B03","7","5","1","8","2","5","","14","14","1","13","4","120.687885","24.182651","2"
"5186","66000","387130000C","(04)23274275","(04)23288582","2026","2","12","19","5","臺中市","西屯區","0","0","0","7","","","40","","","","","","","","","","","","","","13","","","","","B03","","","1","","1","","","59","59","1","12","4","120.631806","24.161772","3"
"5187","66000","387130000C","(04)23274275","(04)23288582","2026","2","12","19","8","臺中市","北屯區","0","0","0","6","","","","","","","","","","","","","","","","","12","","","","","","","","","","","","","86","86","1","","","120.686505","24.193503","3"
"5188","66000","387130000C","(04)23274275","(04)23288582","2026","2","12","19","11","臺中市","太平區","0","1","0","7","1","6","50","4","1","1","5","4","6","6","1","1","5","5","4","2","16","3","10","3","1","B03","7","6","1","8","2","1","","84","84","1","12","4","120.720183","24.118618","2"
"5189","66000","387130000C","(04)23274275","(04)23288582","2026","2","12","19","12","臺中市","南屯區","0","0","0","7","","","50","","","","","","","","","","","","","","12","","","","","B03","","","1","","2","","","59","59","1","12","4","120.649937","24.135489","3"
"5190","66000","387130000C","(04)23274275","(04)23288582","2026","2","12","19","13","臺中市","龍井區","0","1","0","7","1","6","50","5","1","1","5","4","6","6","4","4","5","5","5","2","11","2","9","1","1","C03","7","9","1","10","2","11","","6","6","1","6","4","120.530617","24.179215","2"
"5191","66000","387130000C","(04)23274275","(04)23288582","2026","2","12","19","15","臺中市","西區","0","1","0","7","1","6","50","4","1","1","5","4","6","6","1","1","10","5","5","2","16","3","10","3","1","B03","7","9","1","8","2","1","","84","84","1","12","4","120.659081","24.160174","2"
"5192","66000","387130000C","(04)23274275","(04)23288582","2026","2","12","19","18","臺中市","南區","0","0","0","7","","","40","","","","","","","","","","","","","","13","","","","","C03","","","1","","2","","","7","7","1","12","4","120.679119","24.118765","3"
"5193","66000","387130000C","(04)23274275","(04)23288582","2026","2","12","19","21","臺中市","北屯區","0","1","0","7","1","6","50","13","9","1","5","4","6","6","4","4","1","4","5","2","13","3","10","3","1","B03","7","9","3","19","2","1","","7","7","1","6","4","120.70726","24.182196","2"
"5194","66000","387130000C","(04)23274275","(04)23288582","2026","2","12","19","23","臺中市","北屯區","0","1","0","7","1","6","50","4","1","1","5","4","6","6","2","1","4","3","5","2","16","3","10","3","1","B03","7","5","1","8","2","2","","85","85","1","13","4","120.715177","24.164295","2"
"5195","66000","387130000C","(04)23274275","(04)23288582","2026","2","12","19","25","臺中市","龍井區","0","2","0","7","1","6","40","13","9","1","5","4","6","6","4","4","9","5","5","1","16","2","9","1","1","C03","7","6","1","10","2","14","","8","8","1","6","4","120.591249","24.1911","2"
"5196","66000","387130000C","(04)23274275","(04)23288582","2026","2","12","19","30","臺中市","中區","0","0","0","7","","","50","","","","","","","","","","","","","","17","","","","","B03","","","1","","1","","","84","84","1","12","4","120.683976","24.138524","3"
"5197","66000","387130000C","(04)23274275","(04)23288582","2026","2","12","19","32","臺中市","西區","0","1","0","7","1","6","50","4","1","1","5","4","6","6","1","1","9","4","5","2","13","2","9","1","1","C03","7","9","1","10","2","12","","7","7","1","12","4","120.665139","24.146667","2"
"5198","66000","387130000C","(04)23274275","(04)23288582","2026","2","12","19","32","臺中市","西區","0","1","0","6","1","6","50","4","1","1","5","4","6","6","1","1","10","5","5","2","17","3","10","3","1","B03","7","11","1","8","2","1","","45","45","1","12","4","120.656707","24.146707","2"
"5199","66000","387130000C","(04)23274275","(04)23288582","2026","2","12","19","33","臺中市","西區","0","0","0","7","","","50","","","","","","","","","","","","","","13","","","","","C03","","","1","","1","","","59","59","1","13","4","120.670595","24.145657","3"
"5200","66000","387130000C","(04)23274275","(04)23288582","2026","2","12","19","33","臺中市","東區","0","2","0","7","1","6","50","4","1","1","5","4","6","6","2","1","10","5","5","2","11","2","8","5","4","C03","7","6","1","10","2","12","","11","11","1","13","4","120.684806","24.130755","2"
"5201","66000","387130000C","(04)23274275","(04)23288582","2026","2","12","19","34","臺中市","潭子區","0","4","0","7","1","6","50","13","7","1","5","4","6","6","4","4","10","5","5","2","17","2","9","1","1","C03","7","1","1","10","2","14","","51","51","1","13","4","120.689998","24.211525","2"
"5202","66000","387130000C","(04)23274275","(04)23288582","2026","2","12","19","34","臺中市","大里區","0","1","0","7","1","6","50","3","1","1","5","4","6","6","3","1","5","5","5","1","16","3","10","1","1","C03","7","6","1","10","2","13","","48","48","1","13","4","120.687576","24.099551","2"
"5203","66000","387130000C","(04)23274275","(04)23288582","2026","2","12","19","35","臺中市","南屯區","0","2","0","7","1","6","50","4","1","1","5","4","6","6","4","4","5","2","5","1","16","2","8","2","1","C03","7","1","1","10","2","12","","51","51","1","13","4","120.641825","24.146922","2"
"5204","66000","387130000C","(04)23274275","(04)23288582","2026","2","12","19","35","臺中市","大肚區","0","1","0","7","1","6","50","13","9","1","5","4","6","6","4","4","5","5","5","1","12","","","","","","","6","","","","","","86","86","2","","","120.543997","24.157047","2"
"5205","66000","387130000C","(04)23274275","(04)23288582","2026","2","12","19","44","臺中市","潭子區","0","0","0","7","","","60","","","","","","","","","","","","","","","","","","","B03","","","1","","2","","","84","84","1","13","4","120.702691","24.1981","3"
"5206","66000","387130000C","(04)23274275","(04)23288582","2026","2","12","19","46","臺中市","大里區","0","1","0","6","1","9","30","18","24","4","5","4","6","6","4","4","10","5","5","2","18","2","9","1","1","C03","7","5","3","19","2","12","","59","59","1","12","4","120.664093","24.098421","2"
"5207","66000","387130000C","(04)23274275","(04)23288582","2026","2","12","19","51","臺中市","大里區","0","0","0","7","","","50","","","","","","","","","","","","","","17","","","","","B03","","","1","","2","","","50","50","1","6","4","120.679388","24.105345","3"
"5208","66000","387130000C","(04)23274275","(04)23288582","2026","2","12","19","53","臺中市","太平區","0","0","0","7","","3","80","","","","","","","","","","","","","","13","","","","","B03","","","1","","2","","","7","7","1","12","4","120.717348","24.157318","3"
"5209","66000","387130000C","(04)23274275","(04)23288582","2026","2","12","19","59","臺中市","南區","0","1","0","7","1","6","50","3","1","1","5","4","6","6","4","4","9","4","4","2","17","2","8","1","1","C03","7","9","1","10","2","14","","7","7","1","12","4","120.677288","24.133069","2"
"5210","66000","387130000C","(04)23274275","(04)23288582","2026","2","12","20","3","臺中市","潭子區","0","0","0","7","","","40","","","","","","","","","","","","","","11","","","","","B03","","","1","","9","","","41","41","1","13","4","120.696433","24.204588","3"
"5211","66000","387130000C","(04)23274275","(04)23288582","2026","2","12","20","4","臺中市","北區","0","1","0","7","1","6","50","4","1","1","5","4","6","6","1","1","10","5","5","2","16","3","10","5","4","B01","7","6","1","4","2","6","","11","11","1","13","4","120.67877","24.15922","2"
"5212","66000","387130000C","(04)23274275","(04)23288582","2026","2","12","20","5","臺中市","西屯區","0","0","0","7","","","40","","","","","","","","","","","","","","14","","","","","B03","","","1","","2","","","49","49","1","12","4","120.664944","24.173733","3"
"5213","66000","387130000C","(04)23274275","(04)23288582","2026","2","12","20","6","臺中市","西區","0","0","0","7","","","50","","","","","","","","","","","","","","14","","","","","B03","","","1","","1","","","87","87","1","12","4","120.658771","24.146704","3"
"5214","66000","387130000C","(04)23274275","(04)23288582","2026","2","12","20","6","臺中市","北區","0","2","0","7","1","6","50","4","2","1","5","4","6","6","1","1","5","5","4","2","13","2","9","1","1","C03","7","9","1","10","2","11","","7","7","1","12","4","120.688913","24.158946","2"
"5215","66000","387130000C","(04)23274275","(04)23288582","2026","2","12","20","10","臺中市","西屯區","0","1","0","7","1","6","50","4","1","1","5","4","6","6","2","1","10","5","5","2","13","3","10","3","1","B01","7","5","1","4","2","6","","47","47","1","12","4","120.644509","24.185072","2"
"5216","66000","387130000C","(04)23274275","(04)23288582","2026","2","12","20","15","臺中市","南區","0","2","0","7","1","6","50","4","1","1","5","4","6","6","1","1","10","5","5","2","17","2","9","5","4","C03","7","9","1","10","2","11","","7","7","1","12","4","120.681065","24.11905","2"
"5217","66000","387130000C","(04)23274275","(04)23288582","2026","2","12","20","15","臺中市","西屯區","0","0","0","7","","","50","","","","","","","","","","","","","","13","","","","","C03","","","1","","1","","","7","7","1","12","4","120.647007","24.165643","3"
"5218","66000","387130000C","(04)23274275","(04)23288582","2026","2","12","20","15","臺中市","沙鹿區","0","0","0","7","","","40","","","","","","","","","","","","","","12","","","","","B03","","","1","","2","","","50","50","1","12","4","120.564133","24.239398","4"
"5219","66000","387130000C","(04)23274275","(04)23288582","2026","2","12","20","23","臺中市","中區","0","1","0","7","1","6","40","4","1","1","5","4","6","6","4","4","5","5","5","2","15","3","10","1","1","F03","7","9","7","21","2","11","","84","84","1","13","4","120.678195","24.145602","2"
"5220","66000","387130000C","(04)23274275","(04)23288582","2026","2","12","20","26","臺中市","大雅區","0","2","0","7","1","6","50","4","1","1","5","4","6","6","1","1","10","5","5","2","17","3","10","2","1","C03","7","9","1","10","2","14","","39","39","1","12","4","120.651779","24.227995","2"
"5221","66000","387130000C","(04)23274275","(04)23288582","2026","2","12","20","27","臺中市","西區","0","0","0","6","","","50","","","","","","","","","","","","","","","","","","","B03","","","1","","1","","","51","51","1","13","4","120.661422","24.154196","3"
"5222","66000","387130000C","(04)23274275","(04)23288582","2026","2","12","20","33","臺中市","北屯區","0","0","0","7","","","40","","","","","","","","","","","","","","17","","","","","C03","","","1","","9","","","84","84","2","12","4","120.661378","24.190741","3"
"5223","66000","387130000C","(04)23274275","(04)23288582","2026","2","12","20","33","臺中市","太平區","0","1","0","7","1","3","80","13","9","1","5","4","6","6","4","4","10","4","5","2","13","3","10","3","1","B03","7","9","1","8","2","1","","84","84","1","13","4","120.713649","24.147438","2"
"5224","66000","387130000C","(04)23274275","(04)23288582","2026","2","12","20","39","臺中市","北區","0","0","0","7","","","50","","","","","","","","","","","","","","14","","","","","B03","","","1","","2","","","49","49","1","13","4","120.678677","24.169416","3"
"5225","66000","387130000C","(04)23274275","(04)23288582","2026","2","12","20","43","臺中市","潭子區","0","1","0","6","1","6","50","4","1","1","5","4","6","6","1","1","5","4","4","2","17","3","10","3","1","B03","7","6","1","8","2","2","","11","11","1","13","4","120.692373","24.224934","2"
"5226","66000","387130000C","(04)23274275","(04)23288582","2026","2","12","20","44","臺中市","西屯區","0","2","0","7","1","6","30","4","1","1","5","4","6","6","4","4","10","5","5","2","15","2","9","1","1","C03","7","9","1","10","2","11","","12","12","1","12","4","120.644443","24.17968","2"
"5227","66000","387130000C","(04)23274275","(04)23288582","2026","2","12","20","55","臺中市","北屯區","0","0","0","7","","","50","","","","","","","","","","","","","","13","","","","","C03","","","1","","1","","","7","7","1","12","4","120.704822","24.187743","3"
"5228","66000","387130000C","(04)23274275","(04)23288582","2026","2","12","20","56","臺中市","北屯區","0","0","0","7","","","50","","","","","","","","","","","","","","17","","","","","B03","","","1","","1","","","40","40","1","13","4","120.69037","24.182215","3"
"5229","66000","387130000C","(04)23274275","(04)23288582","2026","2","12","20","57","臺中市","西屯區","0","1","0","7","1","6","40","3","9","1","5","4","6","6","1","1","5","4","5","2","17","3","10","2","1","C03","7","7","1","10","2","11","","7","7","1","12","4","120.656327","24.160103","2"
"5230","66000","387130000C","(04)23274275","(04)23288582","2026","2","12","21","2","臺中市","南屯區","0","1","0","7","1","6","50","4","2","1","1","4","6","6","2","1","5","4","5","2","13","2","8","5","4","C03","7","9","1","10","2","11","","7","7","1","13","4","120.653","24.135745","2"
"5231","66000","387130000C","(04)23274275","(04)23288582","2026","2","12","21","5","臺中市","沙鹿區","0","1","0","7","1","6","50","13","9","1","5","4","6","6","4","4","8","5","5","1","17","3","10","3","1","B03","7","11","1","8","2","8","","45","45","1","6","4","120.56511","24.204287","2"
"5232","66000","387130000C","(04)23274275","(04)23288582","2026","2","12","21","7","臺中市","北區","0","0","0","7","","","50","","","","","","","","","","","","","","17","","","","","F01","","","1","","2","","","8","8","1","13","4","120.680259","24.168464","3"
"5233","66000","387130000C","(04)23274275","(04)23288582","2026","2","12","21","8","臺中市","北區","0","0","0","7","","","50","","","","","","","","","","","","","","17","","","","","C03","","","1","","2","","","85","85","1","12","4","120.669363","24.171652","4"
"5234","66000","387130000C","(04)23274275","(04)23288582","2026","2","12","21","17","臺中市","大里區","0","1","0","6","1","6","50","13","9","1","5","4","6","6","4","4","1","4","5","1","18","2","9","1","1","C03","7","7","1","10","2","14","","59","59","1","12","4","120.681602","24.102836","2"
"5235","66000","387130000C","(04)23274275","(04)23288582","2026","2","12","21","18","臺中市","龍井區","0","0","0","7","","","50","","","","","","","","","","","","","","13","","","","","B03","","","1","","1","","","58","58","1","6","4","120.574328","24.195965","3"
"5236","66000","387130000C","(04)23274275","(04)23288582","2026","2","12","21","24","臺中市","南屯區","0","0","0","7","1","6","50","13","9","1","5","4","6","6","4","4","5","5","5","2","14","","","","","B03","","","1","","1","","","50","50","1","12","4","120.651433","24.155337","3"
"5237","66000","387130000C","(04)23274275","(04)23288582","2026","2","12","21","29","臺中市","大肚區","0","1","0","7","1","6","50","4","1","1","5","4","6","6","4","4","5","5","5","2","1","3","10","3","1","B03","7","9","1","8","2","1","","84","84","1","12","4","120.539941","24.154412","2"
"5238","66000","387130000C","(04)23274275","(04)23288582","2026","2","12","21","30","臺中市","大里區","0","2","0","7","1","6","40","4","1","1","5","4","6","6","1","1","10","5","5","2","15","2","9","1","1","C03","7","9","1","10","2","14","","21","21","1","6","4","120.706603","24.095302","2"
"5239","66000","387130000C","(04)23274275","(04)23288582","2026","2","12","21","31","臺中市","東區","0","1","0","7","1","6","50","4","1","1","5","4","6","6","2","1","10","4","4","2","12","3","10","5","4","B03","7","5","1","8","2","2","","11","11","1","13","4","120.7081","24.135842","2"
"5240","66000","387130000C","(04)23274275","(04)23288582","2026","2","12","21","31","臺中市","北屯區","0","2","0","7","1","6","50","4","1","1","5","4","6","6","4","4","9","5","4","2","11","2","9","6","1","F01","7","6","7","21","2","11","","11","11","1","12","4","120.670851","24.184257","2"
"5241","66000","387130000C","(04)23274275","(04)23288582","2026","2","12","21","41","臺中市","南屯區","0","1","0","7","1","6","50","4","2","1","5","4","6","6","1","1","5","4","5","2","12","3","10","2","4","C03","7","9","1","10","2","12","","8","8","1","6","4","120.630762","24.148475","2"
"5242","66000","387130000C","(04)23274275","(04)23288582","2026","2","12","21","45","臺中市","大雅區","0","0","0","7","","","30","","","","","","","","","","","","","","","","","","","C03","","","1","","1","","","7","7","1","13","4","120.646259","24.231791","3"
"5243","66000","387130000C","(04)23274275","(04)23288582","2026","2","12","21","46","臺中市","大里區","0","1","0","7","1","6","50","3","1","1","5","4","6","6","4","4","5","4","4","1","17","3","10","3","1","B03","7","11","1","8","2","2","","45","45","1","13","4","120.702945","24.089132","2"
"5244","66000","387130000C","(04)23274275","(04)23288582","2026","2","12","21","53","臺中市","北區","0","0","0","7","","","0","","","","","","","","","","","","","","17","","","","","C03","","","7","","10","","","85","85","1","13","4","120.678714","24.147913","3"
"5245","66000","387130000C","(04)23274275","(04)23288582","2026","2","12","22","2","臺中市","東區","0","0","0","7","","","50","","","","","","","","","","","","","","17","","","","","B03","","","1","","1","","","7","7","1","12","4","120.707895","24.149012","3"
"5246","66000","387130000C","(04)23274275","(04)23288582","2026","2","12","22","2","臺中市","太平區","0","1","0","7","1","6","0","18","21","1","5","4","6","6","4","4","10","5","5","2","30","2","8","1","1","C03","7","1","1","10","2","14","11","84","84","1","12","4","120.717688","24.153033","2"
"5247","66000","387130000C","(04)23274275","(04)23288582","2026","2","12","22","5","臺中市","太平區","0","0","0","7","","","30","","","","","","","","","","","","","","","","","","","B03","","","1","","2","","","84","84","1","12","4","120.808086","24.095833","3"
"5248","66000","387130000C","(04)23274275","(04)23288582","2026","2","12","22","14","臺中市","豐原區","0","1","0","7","1","6","30","3","1","1","5","4","6","6","4","4","1","5","5","1","12","3","10","1","1","C03","7","9","1","10","2","11","","7","7","1","12","4","120.733498","24.26409","2"
"5249","66000","387130000C","(04)23274275","(04)23288582","2026","2","12","22","15","臺中市","大里區","0","1","0","7","1","6","50","4","2","1","5","4","6","6","1","1","9","4","4","1","17","3","10","3","1","B03","7","9","1","8","2","5","","84","84","1","12","4","120.703668","24.092917","2"
"5250","66000","387130000C","(04)23274275","(04)23288582","2026","2","12","22","18","臺中市","西屯區","0","1","0","7","1","6","50","13","8","1","5","4","6","6","4","4","5","4","4","2","16","3","10","5","4","B03","7","5","1","8","2","6","","84","84","1","12","4","120.652646","24.176464","2"
"5251","66000","387130000C","(04)23274275","(04)23288582","2026","2","12","22","21","臺中市","東區","0","0","0","7","","","50","","","","","","","","","","","","","","","","","","","C03","","","1","","2","","","7","7","1","12","4","120.689198","24.141451","3"
"5252","66000","387130000C","(04)23274275","(04)23288582","2026","2","12","22","23","臺中市","北區","0","0","0","7","","","50","","","","","","","","","","","","","","13","","","","","B03","","","1","","1","","","84","84","1","12","4","120.668512","24.167079","3"
"5253","66000","387130000C","(04)23274275","(04)23288582","2026","2","12","22","24","臺中市","西區","0","1","0","6","1","6","50","4","1","1","5","4","6","6","1","1","10","5","5","2","17","2","9","1","1","C03","7","9","1","10","2","11","","7","7","1","12","4","120.668346","24.129897","2"
"5254","66000","387130000C","(04)23274275","(04)23288582","2026","2","12","22","24","臺中市","北屯區","0","1","0","6","2","6","50","3","1","1","5","4","6","6","2","1","5","4","5","2","16","3","10","3","1","B03","7","1","1","8","2","4","","51","51","1","12","4","120.698786","24.170272","2"
"5255","66000","387130000C","(04)23274275","(04)23288582","2026","2","12","22","25","臺中市","烏日區","0","1","0","7","1","6","50","13","9","1","5","4","6","6","4","4","5","4","5","1","28","2","9","5","4","C03","7","9","3","19","2","11","","59","59","1","13","4","120.634859","24.097532","2"
"5256","66000","387130000C","(04)23274275","(04)23288582","2026","2","12","22","27","臺中市","南屯區","0","0","0","7","","","50","","","","","","","","","","","","","","","","","","","B03","","","1","","1","","","7","7","1","13","4","120.622832","24.14686","3"
"5257","66000","387130000C","(04)23274275","(04)23288582","2026","2","12","22","29","臺中市","西屯區","0","2","0","7","1","6","60","4","1","1","5","4","6","6","2","1","10","5","5","2","13","3","10","3","1","B03","7","7","1","8","2","8","","58","58","1","12","4","120.655846","24.159065","2"
"5258","66000","387130000C","(04)23274275","(04)23288582","2026","2","12","22","29","臺中市","西屯區","0","3","0","7","1","6","30","4","1","1","5","4","6","6","4","4","10","5","5","2","15","2","9","1","1","C03","7","9","1","9","2","11","12","15","15","1","12","4","120.667197","24.177125","2"
"5259","66000","387130000C","(04)23274275","(04)23288582","2026","2","12","22","30","臺中市","太平區","0","0","0","7","","","40","","","","","","","","","","","","","","","","","","","B03","","","1","","2","","","84","84","1","12","4","120.71996","24.118547","3"
"5260","66000","387130000C","(04)23274275","(04)23288582","2026","2","12","22","47","臺中市","東區","0","2","0","7","1","6","50","4","1","1","5","4","6","6","1","1","10","5","5","2","17","3","10","2","1","C03","7","15","1","16","11","12","","84","84","2","4","4","120.70138","24.12539","2"
"5261","66000","387130000C","(04)23274275","(04)23288582","2026","2","12","23","5","臺中市","潭子區","0","1","0","7","1","3","80","13","9","1","5","4","6","6","4","4","1","3","5","1","13","2","9","3","1","B03","7","9","1","8","2","1","","7","7","1","13","4","120.718123","24.19749","2"
"5262","66000","387130000C","(04)23274275","(04)23288582","2026","2","12","23","24","臺中市","西屯區","0","0","0","7","","","30","","","","","","","","","","","","","","12","","","","","B03","","","1","","2","","","56","56","1","12","4","120.614393","24.182244","3"
"5263","66000","387130000C","(04)23274275","(04)23288582","2026","2","12","23","25","臺中市","梧棲區","0","1","0","7","1","6","50","4","2","1","5","4","6","6","1","1","9","4","5","1","13","2","9","1","1","C03","7","9","1","10","2","11","","7","7","1","12","4","120.52645","24.240483","2"
"5264","66000","387130000C","(04)23274275","(04)23288582","2026","2","12","23","30","臺中市","大肚區","0","1","0","6","1","6","50","13","9","1","5","4","6","6","4","4","9","5","5","1","17","2","7","1","1","C03","7","5","1","10","2","12","","84","84","1","6","4","120.573392","24.160462","2"
"5265","66000","387130000C","(04)23274275","(04)23288582","2026","2","12","23","32","臺中市","龍井區","0","0","0","6","","","60","","","","","","","","","","","","","","18","","","","","C03","","","1","","2","","","7","7","1","6","4","120.573915","24.185331","4"
"5266","66000","387130000C","(04)23274275","(04)23288582","2026","2","12","23","40","臺中市","東區","0","1","0","7","1","6","50","13","9","1","5","4","6","6","4","4","9","4","5","2","24","2","8","1","1","C03","7","9","1","10","2","11","14","84","84","1","12","4","120.700104","24.138866","2"
"5267","66000","387130000C","(04)23274275","(04)23288582","2026","2","13","0","20","臺中市","東區","0","0","0","7","","","50","","","","","","","","","","","","","","16","","","","","B03","","","1","","2","","","23","23","1","12","4","120.694402","24.151717","3"
"5268","66000","387130000C","(04)23274275","(04)23288582","2026","2","13","0","22","臺中市","南區","0","0","0","7","","","50","","","","","","","","","","","","","","","","","","","B03","","","1","","1","","","49","49","1","12","4","120.674081","24.125655","3"
"5269","66000","387130000C","(04)23274275","(04)23288582","2026","2","13","1","15","臺中市","大甲區","0","0","0","7","","","50","","","","","","","","","","","","","","30","","","","","B02","","","1","","1","","","82","82","1","6","4","120.652063","24.359264","3"
"5270","66000","387130000C","(04)23274275","(04)23288582","2026","2","13","1","20","臺中市","北屯區","0","0","0","7","","","50","","","","","","","","","","","","","","","","","","","B03","","","1","","2","","","84","84","1","12","4","120.718993","24.175228","3"
"5271","66000","387130000C","(04)23274275","(04)23288582","2026","2","13","2","3","臺中市","神岡區","0","1","0","7","1","6","50","13","9","1","5","4","6","6","4","4","5","5","5","2","2","3","10","5","4","B03","7","9","1","8","7","1","","59","59","1","12","4","120.664326","24.258347","2"
"5272","66000","387130000C","(04)23274275","(04)23288582","2026","2","13","2","40","臺中市","北屯區","0","1","0","7","3","6","50","11","9","1","5","4","6","6","4","4","1","4","5","2","17","2","9","3","1","B03","7","9","1","8","7","5","","53","53","1","6","4","120.728565","24.171472","2"
"5273","66000","387130000C","(04)23274275","(04)23288582","2026","2","13","2","53","臺中市","石岡區","1","0","0","7","2","6","70","13","9","1","5","4","6","6","1","1","1","1","4","1","23","1","9","5","4","B03","7","9","1","8","2","1","","84","84","1","13","4","120.783485","24.274488","1"
"5274","66000","387130000C","(04)23274275","(04)23288582","2026","2","13","3","34","臺中市","大肚區","0","2","0","6","1","6","50","13","9","1","5","4","6","6","4","4","9","5","5","1","18","2","9","1","1","C03","7","9","2","19","2","11","","6","6","1","4","4","120.573305","24.152153","2"
"5275","66000","387130000C","(04)23274275","(04)23288582","2026","2","13","4","22","臺中市","東區","0","1","0","7","1","6","50","4","1","1","5","4","6","6","1","1","10","5","5","2","15","3","10","5","4","C03","7","15","1","8","2","11","12","21","21","1","12","4","120.696426","24.138917","2"
"5276","66000","387130000C","(04)23274275","(04)23288582","2026","2","13","5","17","臺中市","外埔區","0","2","0","7","1","6","50","13","7","1","5","4","6","6","4","4","5","4","4","1","16","2","9","6","1","F01","7","1","7","21","2","14","12","51","51","1","6","4","120.665494","24.321503","2"
"5277","66000","387130000C","(04)23274275","(04)23288582","2026","2","13","6","0","臺中市","西區","0","2","0","7","2","6","50","3","1","1","5","4","6","6","4","4","10","5","5","2","9","2","9","1","1","C03","7","9","1","10","2","11","","7","7","1","12","4","120.658721","24.139566","2"
"5278","66000","387130000C","(04)23274275","(04)23288582","2026","2","13","6","0","臺中市","后里區","0","0","0","7","","","50","","","","","","","","","","","","","","17","","","","","B03","","","","","11","","","87","87","1","13","4","120.67252","24.304328","3"
"5279","66000","387130000C","(04)23274275","(04)23288582","2026","2","13","6","27","臺中市","后里區","0","0","0","7","2","6","40","13","9","1","5","4","6","6","4","4","5","4","5","1","30","","","","","A11","","","1","","2","","","59","59","1","6","4","120.711636","24.286432","3"
"5280","66000","387130000C","(04)23274275","(04)23288582","2026","2","13","6","29","臺中市","北屯區","0","1","0","7","2","6","50","13","9","1","5","4","6","6","4","4","5","3","5","2","12","3","10","3","1","B12","7","7","1","8","2","2","","40","40","1","12","4","120.701038","24.160167","2"
"5281","66000","387130000C","(04)23274275","(04)23288582","2026","2","13","6","29","臺中市","霧峰區","0","0","0","7","","","30","","","","","","","","","","","","","","17","","","","","C03","","","1","","1","","","84","84","1","13","4","120.69673","24.023981","3"
"5282","66000","387130000C","(04)23274275","(04)23288582","2026","2","13","6","50","臺中市","龍井區","0","0","0","7","","","50","","","","","","","","","","","","","","","","","","","B12","","","1","","2","","","7","7","1","12","4","120.544154","24.176952","3"
"5283","66000","387130000C","(04)23274275","(04)23288582","2026","2","13","6","54","臺中市","大雅區","0","2","0","7","3","6","70","3","1","1","5","4","6","6","4","4","10","5","5","2","17","2","9","1","1","C03","7","6","1","10","2","14","","12","12","1","12","4","120.636747","24.235625","2"
"5284","66000","387130000C","(04)23274275","(04)23288582","2026","2","13","7","2","臺中市","沙鹿區","0","1","0","7","2","6","50","4","2","1","5","4","6","6","4","4","10","5","5","2","17","3","10","3","1","B03","7","6","1","8","2","1","","59","59","1","6","4","120.563717","24.207692","2"
"5285","66000","387130000C","(04)23274275","(04)23288582","2026","2","13","7","3","臺中市","梧棲區","0","0","0","7","","","40","","","","","","","","","","","","","","16","","","","","B03","","","1","","1","","","11","11","1","6","4","120.520442","24.244566","3"