序號,縣市別代碼,機關代碼,市話,傳真,年,月,日,時,分,縣市,區,死亡數量,受傷數量,2-30,天候,道路照明設備,道路類別,道路速限,道路型態,事故位置,路面鋪裝,路面狀態,路面缺陷,障礙物,視距,號誌種類,號誌動作,分向設施,快車道或一般車道間,快慢車道間,路面邊線,事故類型及型態,受傷程度,主要傷處,保護裝備,行動電話或功能裝置,當事者區分(類別),車輛用途,當事者行動狀態,駕照狀態,駕照種類,飲酒情形,車輛撞擊部位最初,車輛撞擊部位其他,肇事因素個別,肇事因素主要,肇事逃逸,職業,共享經濟或外送平台,GPS座標X,GPS座標Y,事故類別
"5286","66000","387130000C","(04)23274275","(04)23288582","2026","2","13","7","4","臺中市","東勢區","0","1","0","7","2","6","60","3","1","1","5","4","6","6","1","1","10","5","5","2","12","3","10","3","1","B12","7","5","1","8","2","4","","11","11","1","12","4","120.827847","24.251834","2"
"5287","66000","387130000C","(04)23274275","(04)23288582","2026","2","13","7","5","臺中市","北區","0","0","0","7","","","50","","","","","","","","","","","","","","13","","","","","B12","","","1","","1","","","84","84","1","13","4","120.674566","24.146731","3"
"5288","66000","387130000C","(04)23274275","(04)23288582","2026","2","13","7","10","臺中市","烏日區","0","2","0","7","2","6","40","4","1","1","5","4","6","6","1","1","1","3","4","1","15","3","10","1","1","C03","7","15","1","10","1","13","","87","87","1","6","4","120.646959","24.110485","2"
"5289","66000","387130000C","(04)23274275","(04)23288582","2026","2","13","7","13","臺中市","潭子區","0","2","0","7","3","6","30","4","1","1","5","4","6","6","1","1","10","5","5","2","17","2","8","2","1","C03","7","5","3","19","2","13","14","22","22","1","13","4","120.709389","24.20197","2"
"5290","66000","387130000C","(04)23274275","(04)23288582","2026","2","13","7","15","臺中市","西區","0","0","0","7","","","50","","","","","","","","","","","","","","12","","","","","B03","","","1","","1","","","40","40","1","12","4","120.669748","24.15085","3"
"5291","66000","387130000C","(04)23274275","(04)23288582","2026","2","13","7","15","臺中市","南屯區","0","2","0","7","3","6","50","13","8","1","5","4","6","6","4","4","1","4","5","2","17","2","9","1","1","C03","7","9","1","10","2","11","14","59","59","1","12","4","120.62348","24.136231","2"
"5292","66000","387130000C","(04)23274275","(04)23288582","2026","2","13","7","25","臺中市","烏日區","0","0","0","7","","","50","","","","","","","","","","","","","","13","","","","","B03","","","1","","2","","","84","84","1","6","4","120.637287","24.09678","3"
"5293","66000","387130000C","(04)23274275","(04)23288582","2026","2","13","7","26","臺中市","北屯區","0","2","0","7","2","6","50","3","1","1","5","4","6","6","4","4","10","5","5","2","16","2","9","2","1","C03","7","6","1","10","2","14","12","12","12","1","12","4","120.673368","24.17625","2"
"5294","66000","387130000C","(04)23274275","(04)23288582","2026","2","13","7","29","臺中市","北屯區","0","2","0","7","3","6","50","5","1","1","5","4","6","6","1","1","10","5","5","2","16","2","2","3","1","B03","7","6","1","8","2","6","","11","11","1","12","4","120.730196","24.177063","2"
"5295","66000","387130000C","(04)23274275","(04)23288582","2026","2","13","7","29","臺中市","神岡區","0","1","0","7","2","6","50","13","9","1","5","4","6","6","4","4","9","4","5","1","18","2","9","5","4","C03","7","9","1","10","2","12","","59","59","1","13","4","120.656218","24.261107","2"
"5296","66000","387130000C","(04)23274275","(04)23288582","2026","2","13","7","31","臺中市","太平區","0","1","0","7","3","6","50","13","9","1","5","4","6","6","4","4","9","5","5","1","18","2","9","1","1","C03","7","9","1","10","2","14","","84","84","1","12","4","120.734249","24.131349","2"
"5297","66000","387130000C","(04)23274275","(04)23288582","2026","2","13","7","31","臺中市","梧棲區","0","2","0","7","2","6","50","4","2","1","5","4","6","6","1","1","10","5","5","2","16","2","9","6","1","F01","7","6","7","21","2","11","","34","34","1","12","4","120.528888","24.25446","2"
"5298","66000","387130000C","(04)23274275","(04)23288582","2026","2","13","7","34","臺中市","太平區","0","0","0","7","","","50","","","","","","","","","","","","","","13","","","","","B03","","","1","","2","","","7","7","1","12","4","120.717776","24.148768","3"
"5299","66000","387130000C","(04)23274275","(04)23288582","2026","2","13","7","34","臺中市","梧棲區","0","1","0","7","3","6","30","3","1","1","5","4","6","6","4","4","1","4","4","1","13","2","8","1","1","C03","7","9","1","10","2","11","","7","7","1","6","4","120.542422","24.25679","2"
"5300","66000","387130000C","(04)23274275","(04)23288582","2026","2","13","7","34","臺中市","豐原區","0","1","0","7","2","6","50","13","7","1","5","4","6","6","4","4","5","5","4","2","13","2","8","2","1","C04","7","9","1","8","2","11","","7","7","1","12","4","120.717186","24.249452","2"
"5301","66000","387130000C","(04)23274275","(04)23288582","2026","2","13","7","34","臺中市","神岡區","0","1","0","7","2","6","50","11","9","1","5","4","6","6","4","4","10","5","5","1","17","3","10","3","1","B03","7","9","1","8","2","15","15","41","41","1","12","4","120.681381","24.253117","2"
"5302","66000","387130000C","(04)23274275","(04)23288582","2026","2","13","7","37","臺中市","北屯區","0","2","0","7","2","6","50","4","1","1","5","4","6","6","1","1","10","5","5","2","17","2","9","1","1","C03","7","6","1","10","1","11","","23","23","1","12","4","120.714294","24.173564","2"
"5303","66000","387130000C","(04)23274275","(04)23288582","2026","2","13","7","37","臺中市","西屯區","0","1","0","7","2","6","50","13","9","1","5","4","6","6","2","1","5","4","5","2","13","2","9","1","1","C03","7","9","1","10","2","11","","7","7","1","13","4","120.611344","24.191012","2"
"5304","66000","387130000C","(04)23274275","(04)23288582","2026","2","13","7","38","臺中市","大里區","0","2","0","7","2","6","30","13","9","1","5","4","6","6","4","4","10","5","5","1","17","2","7","5","4","C03","7","9","1","9","2","12","","84","84","1","13","4","120.708897","24.090079","2"
"5305","66000","387130000C","(04)23274275","(04)23288582","2026","2","13","7","40","臺中市","北屯區","0","1","0","7","2","6","50","13","9","1","5","4","6","6","1","1","5","4","5","2","18","2","9","1","1","C03","7","6","1","10","2","14","","82","82","1","12","4","120.689797","24.166917","2"
"5306","66000","387130000C","(04)23274275","(04)23288582","2026","2","13","7","41","臺中市","大里區","0","0","0","7","","","50","","","","","","","","","","","","","","","","","","","B03","","","1","","1","","","50","50","1","13","4","120.701243","24.09618","3"
"5307","66000","387130000C","(04)23274275","(04)23288582","2026","2","13","7","42","臺中市","后里區","0","1","0","7","3","6","50","13","9","1","5","4","6","6","4","4","9","5","5","1","14","3","10","3","1","B03","7","2","1","8","2","3","","49","49","1","6","4","120.723039","24.323944","2"
"5308","66000","387130000C","(04)23274275","(04)23288582","2026","2","13","7","43","臺中市","大肚區","0","1","0","7","2","6","30","4","1","1","5","4","6","6","4","4","10","5","5","2","15","2","9","1","1","C03","7","9","1","10","2","12","","15","15","1","6","4","120.544017","24.144088","2"
"5309","66000","387130000C","(04)23274275","(04)23288582","2026","2","13","7","45","臺中市","神岡區","0","0","0","7","","","30","","","","","","","","","","","","","","13","","","","","C03","","","1","","2","","","59","59","1","13","4","120.703462","24.262845","3"
"5310","66000","387130000C","(04)23274275","(04)23288582","2026","2","13","7","46","臺中市","神岡區","0","2","0","7","2","6","50","4","1","1","5","4","6","6","1","1","5","2","5","2","17","2","9","1","1","F02","7","9","7","21","2","14","14","21","21","1","12","4","120.704463","24.274555","2"
"5311","66000","387130000C","(04)23274275","(04)23288582","2026","2","13","7","47","臺中市","大雅區","0","1","0","7","3","6","30","13","9","1","5","4","6","6","4","4","10","5","5","2","17","2","9","5","4","C03","7","9","5","19","2","15","","1","1","1","12","4","120.66188","24.212108","2"
"5312","66000","387130000C","(04)23274275","(04)23288582","2026","2","13","7","49","臺中市","西屯區","0","0","0","7","","","70","","","","","","","","","","","","","","14","","","","","B03","","","1","","1","","","84","84","1","12","4","120.609948","24.184562","3"
"5313","66000","387130000C","(04)23274275","(04)23288582","2026","2","13","7","49","臺中市","西屯區","0","1","0","7","2","6","50","5","2","1","5","4","6","6","2","1","10","5","5","2","12","3","10","5","4","B03","7","5","1","8","2","6","","42","42","1","13","4","120.636076","24.181874","2"
"5314","66000","387130000C","(04)23274275","(04)23288582","2026","2","13","7","49","臺中市","清水區","0","1","0","7","2","9","50","3","1","1","5","4","6","6","4","4","9","3","4","1","17","3","10","3","1","B12","7","6","1","8","2","1","","14","14","1","12","4","120.545572","24.263523","2"
"5315","66000","387130000C","(04)23274275","(04)23288582","2026","2","13","7","50","臺中市","梧棲區","0","1","0","7","2","6","30","4","1","1","5","4","6","6","3","1","10","5","5","2","15","3","10","1","1","C03","7","9","1","10","2","12","","12","12","1","12","4","120.528597","24.222287","2"
"5316","66000","387130000C","(04)23274275","(04)23288582","2026","2","13","7","51","臺中市","潭子區","0","1","0","7","2","6","50","4","1","1","5","4","6","6","2","1","1","4","5","1","17","2","8","1","1","C03","7","6","3","19","2","11","","36","36","1","13","4","120.712219","24.213081","2"
"5317","66000","387130000C","(04)23274275","(04)23288582","2026","2","13","7","51","臺中市","沙鹿區","0","2","0","7","2","6","50","3","1","1","5","4","6","6","4","4","10","5","5","2","16","2","8","1","1","C03","7","9","1","10","2","12","","39","39","1","6","4","120.548912","24.227033","2"
"5318","66000","387130000C","(04)23274275","(04)23288582","2026","2","13","7","53","臺中市","北屯區","0","1","0","7","2","6","50","13","9","1","5","4","6","6","4","4","9","4","5","2","17","3","10","3","1","B03","7","1","1","8","2","8","","51","51","1","12","4","120.70369","24.173795","2"
"5319","66000","387130000C","(04)23274275","(04)23288582","2026","2","13","7","54","臺中市","西屯區","0","4","0","7","2","6","50","4","2","1","5","4","6","6","2","1","4","3","5","2","13","2","9","5","4","C03","7","9","1","10","2","14","","59","59","1","13","4","120.637979","24.180788","2"
"5320","66000","387130000C","(04)23274275","(04)23288582","2026","2","13","7","54","臺中市","西屯區","0","0","0","7","","","50","","","","","","","","","","","","","","13","","","","","B03","","","1","","1","","","7","7","1","12","4","120.606632","24.193275","3"
"5321","66000","387130000C","(04)23274275","(04)23288582","2026","2","13","7","54","臺中市","豐原區","0","1","0","7","2","6","50","4","2","1","5","4","6","6","1","1","5","5","4","2","17","2","9","2","4","C03","7","1","1","10","2","13","","51","51","1","12","4","120.726704","24.249734","2"
"5322","66000","387130000C","(04)23274275","(04)23288582","2026","2","13","8","0","臺中市","中區","0","0","0","7","","","50","","","","","","","","","","","","","","","","","","","C03","","","1","","1","","","7","7","1","6","4","120.674652","24.142728","3"
"5323","66000","387130000C","(04)23274275","(04)23288582","2026","2","13","8","0","臺中市","西屯區","0","1","0","7","2","6","50","3","2","1","5","4","6","6","4","4","5","4","4","1","16","2","9","5","1","C03","7","6","3","19","2","12","","4","4","1","12","4","120.654891","24.163905","2"
"5324","66000","387130000C","(04)23274275","(04)23288582","2026","2","13","8","5","臺中市","龍井區","0","1","0","7","2","6","30","8","9","1","5","4","6","6","4","4","10","5","5","1","20","2","9","3","1","B03","7","9","1","8","2","5","","43","43","1","12","4","120.51932","24.212218","2"
"5325","66000","387130000C","(04)23274275","(04)23288582","2026","2","13","8","6","臺中市","東區","0","0","0","7","","","50","","","","","","","","","","","","","","","","","","","B03","","","1","","1","","","7","7","1","13","4","120.704769","24.130631","3"
"5326","66000","387130000C","(04)23274275","(04)23288582","2026","2","13","8","7","臺中市","西屯區","0","1","0","7","2","6","50","13","9","1","5","4","6","6","4","4","5","4","5","2","12","3","10","5","4","B03","7","9","1","8","2","5","","8","8","1","13","4","120.624759","24.181076","2"
"5327","66000","387130000C","(04)23274275","(04)23288582","2026","2","13","8","8","臺中市","北屯區","0","0","0","7","","","","","","","","","","","","","","","","","17","","","","","","","","","","","","","119","119","1","","","120.700909","24.18051","3"
"5328","66000","387130000C","(04)23274275","(04)23288582","2026","2","13","8","10","臺中市","大里區","0","0","0","7","","","50","","","","","","","","","","","","","","13","","","","","B03","","","1","","2","","","7","7","1","6","4","120.718648","24.094253","3"
"5329","66000","387130000C","(04)23274275","(04)23288582","2026","2","13","8","11","臺中市","北區","0","0","0","7","","","50","","","","","","","","","","","","","","13","","","","","B03","","","1","","1","","","7","7","1","13","4","120.670331","24.159367","3"
"5330","66000","387130000C","(04)23274275","(04)23288582","2026","2","13","8","13","臺中市","南屯區","0","1","0","7","2","6","50","3","1","1","5","4","6","6","1","1","10","5","5","2","16","3","10","3","1","B12","7","6","1","7","2","5","","11","11","1","12","4","120.598142","24.162988","2"
"5331","66000","387130000C","(04)23274275","(04)23288582","2026","2","13","8","14","臺中市","大里區","0","0","0","7","","","60","","","","","","","","","","","","","","13","","","","","C02","","","1","","2","","","7","7","1","12","4","120.686751","24.102484","3"
"5332","66000","387130000C","(04)23274275","(04)23288582","2026","2","13","8","19","臺中市","西屯區","0","0","0","7","","","50","","","","","","","","","","","","","","13","","","","","B03","","","1","","1","","","7","7","1","12","4","120.620892","24.186623","3"
"5333","66000","387130000C","(04)23274275","(04)23288582","2026","2","13","8","19","臺中市","西屯區","0","1","0","7","2","6","30","13","9","1","5","4","6","6","4","4","10","5","5","2","30","2","9","1","1","C03","7","9","1","10","2","16","","59","59","1","13","4","120.654388","24.158087","2"
"5334","66000","387130000C","(04)23274275","(04)23288582","2026","2","13","8","21","臺中市","豐原區","0","0","0","7","","","50","","","","","","","","","","","","","","17","","","","","C03","","","1","","2","","","85","85","1","12","4","120.707576","24.246922","4"
"5335","66000","387130000C","(04)23274275","(04)23288582","2026","2","13","8","23","臺中市","龍井區","0","1","0","7","2","6","30","13","9","1","5","4","6","6","4","4","10","5","5","2","11","2","9","1","1","C03","7","9","1","10","1","11","","59","59","1","12","4","120.53075","24.213018","2"
"5336","66000","387130000C","(04)23274275","(04)23288582","2026","2","13","8","24","臺中市","大雅區","0","0","0","7","","","50","","","","","","","","","","","","","","","","","","","A41","","","1","","2","","","7","7","1","13","4","120.648599","24.221356","3"
"5337","66000","387130000C","(04)23274275","(04)23288582","2026","2","13","8","25","臺中市","東區","0","1","0","7","2","6","50","4","1","1","5","4","6","6","2","1","10","5","5","2","16","3","10","3","1","B03","7","5","1","8","2","2","","47","47","1","6","4","120.684211","24.131983","2"
"5338","66000","387130000C","(04)23274275","(04)23288582","2026","2","13","8","30","臺中市","北區","0","1","0","7","2","6","30","4","2","1","5","4","6","6","4","4","10","5","5","2","17","2","9","2","1","C03","7","9","1","10","2","11","","15","15","1","13","4","120.679637","24.151417","2"
"5339","66000","387130000C","(04)23274275","(04)23288582","2026","2","13","8","31","臺中市","西區","0","0","0","7","","","50","","","","","","","","","","","","","","12","","","","","C03","","","1","","1","","","8","8","1","12","4","120.684574","24.142113","3"
"5340","66000","387130000C","(04)23274275","(04)23288582","2026","2","13","8","31","臺中市","太平區","0","0","0","7","","","50","","","","","","","","","","","","","","","","","","","B02","","","1","","1","","","42","42","1","12","4","120.705938","24.148534","3"
"5341","66000","387130000C","(04)23274275","(04)23288582","2026","2","13","8","33","臺中市","西區","0","1","0","7","2","6","50","4","1","1","5","4","6","6","1","1","10","5","5","2","16","3","10","5","4","B03","7","5","1","8","2","5","","11","11","1","13","4","120.673792","24.134974","2"
"5342","66000","387130000C","(04)23274275","(04)23288582","2026","2","13","8","38","臺中市","西屯區","0","0","0","7","","","30","","","","","","","","","","","","","","14","","","","","B03","","","1","","11","","","49","49","2","13","4","120.614494","24.182487","3"
"5343","66000","387130000C","(04)23274275","(04)23288582","2026","2","13","8","41","臺中市","南屯區","0","0","0","7","","","50","","","","","","","","","","","","","","12","3","10","1","1","C03","7","9","1","10","1","11","","59","59","1","12","4","120.612764","24.13896","3"
"5344","66000","387130000C","(04)23274275","(04)23288582","2026","2","13","8","43","臺中市","大里區","0","1","0","7","3","6","50","3","1","1","5","4","3","6","4","4","10","5","5","2","16","3","10","3","1","B03","7","6","1","8","2","6","","14","14","1","13","4","120.694821","24.099951","2"
"5345","66000","387130000C","(04)23274275","(04)23288582","2026","2","13","8","44","臺中市","南屯區","0","0","0","7","","","30","","","","","","","","","","","","","","11","","","","","B03","","","1","","2","","","11","11","1","12","4","120.652163","24.149943","3"
"5346","66000","387130000C","(04)23274275","(04)23288582","2026","2","13","8","45","臺中市","神岡區","0","1","0","7","2","6","50","13","9","1","5","4","6","6","4","4","1","4","5","2","13","2","9","5","4","C03","7","9","1","8","2","11","","7","7","1","13","4","120.697772","24.248783","2"
"5347","66000","387130000C","(04)23274275","(04)23288582","2026","2","13","8","47","臺中市","北區","0","1","0","7","2","6","50","4","2","1","5","4","6","6","4","4","9","4","5","2","17","3","10","3","1","B03","7","11","1","8","2","5","","45","45","1","12","4","120.675596","24.161715","2"
"5348","66000","387130000C","(04)23274275","(04)23288582","2026","2","13","8","48","臺中市","西屯區","0","1","0","7","1","6","40","13","8","1","5","4","6","6","4","4","1","5","5","1","13","2","9","1","1","C03","7","9","1","10","2","11","","7","7","1","12","4","120.634605","24.172938","2"
"5349","66000","387130000C","(04)23274275","(04)23288582","2026","2","13","8","51","臺中市","西屯區","0","2","0","7","2","6","50","4","1","1","5","4","6","6","2","1","10","5","5","2","15","2","9","5","1","C03","7","9","1","10","2","11","","21","21","1","12","4","120.641039","24.189028","2"
"5350","66000","387130000C","(04)23274275","(04)23288582","2026","2","13","8","52","臺中市","西區","0","2","0","7","2","6","40","3","2","1","5","4","6","6","4","4","1","4","4","2","13","2","9","2","1","C03","7","9","1","10","2","11","","59","59","1","13","4","120.657395","24.145983","2"
"5351","66000","387130000C","(04)23274275","(04)23288582","2026","2","13","8","55","臺中市","南區","0","3","0","7","1","6","40","4","1","1","5","4","6","6","1","1","10","5","5","2","13","2","9","5","4","C03","7","9","1","10","2","11","13","7","7","1","13","4","120.680917","24.12788","2"
"5352","66000","387130000C","(04)23274275","(04)23288582","2026","2","13","8","57","臺中市","南區","0","0","0","7","","","50","","","","","","","","","","","","","","","","","","","B03","","","1","","1","","","84","84","1","6","4","120.658037","24.125591","3"
"5353","66000","387130000C","(04)23274275","(04)23288582","2026","2","13","8","59","臺中市","大雅區","0","1","0","7","3","6","30","4","1","1","5","4","6","6","4","4","10","5","5","2","15","3","10","5","4","B12","7","9","1","8","2","7","","12","12","1","12","4","120.658384","24.222008","2"
"5354","66000","387130000C","(04)23274275","(04)23288582","2026","2","13","9","0","臺中市","南屯區","0","0","0","7","","","50","","","","","","","","","","","","","","17","","","","","B03","","","1","","1","","","40","40","1","12","4","120.63313","24.150878","3"
"5355","66000","387130000C","(04)23274275","(04)23288582","2026","2","13","9","0","臺中市","西屯區","0","0","0","7","","","50","","","","","","","","","","","","","","14","","","","","B12","","","1","","9","","","49","49","1","13","4","120.642007","24.169162","3"
"5356","66000","387130000C","(04)23274275","(04)23288582","2026","2","13","9","0","臺中市","大肚區","0","1","0","7","2","6","50","4","1","1","5","4","6","6","4","4","10","5","5","2","17","2","9","1","1","C03","7","9","1","10","2","16","","43","43","1","6","4","120.540806","24.15361","2"
"5357","66000","387130000C","(04)23274275","(04)23288582","2026","2","13","9","1","臺中市","清水區","0","0","0","7","","","50","","","","","","","","","","","","","","","","","","","B03","","","1","","2","","","7","7","1","12","4","120.565123","24.277139","3"
"5358","66000","387130000C","(04)23274275","(04)23288582","2026","2","13","9","2","臺中市","西屯區","0","1","0","7","2","6","50","13","8","1","5","4","6","6","4","4","5","5","4","2","17","2","9","1","1","C03","7","9","1","10","2","12","","8","8","1","13","4","120.596322","24.169784","2"
"5359","66000","387130000C","(04)23274275","(04)23288582","2026","2","13","9","3","臺中市","北屯區","0","0","0","7","","","50","","","","","","","","","","","","","","14","","","","","B03","","","1","","1","","","49","49","1","12","4","120.66545","24.183033","3"
"5360","66000","387130000C","(04)23274275","(04)23288582","2026","2","13","9","6","臺中市","潭子區","0","0","0","7","","","50","","","","","","","","","","","","","","","","","","","B03","","","1","","9","","","84","84","1","13","4","120.702476","24.201046","3"
"5361","66000","387130000C","(04)23274275","(04)23288582","2026","2","13","9","14","臺中市","北屯區","0","1","0","7","3","6","50","13","9","1","5","4","6","6","4","4","1","4","5","2","17","2","9","2","1","C03","7","9","1","10","2","11","14","85","85","1","12","4","120.670081","24.173861","2"
"5362","66000","387130000C","(04)23274275","(04)23288582","2026","2","13","9","16","臺中市","沙鹿區","0","1","0","7","2","6","50","4","1","1","5","4","6","6","1","1","10","5","5","2","16","3","10","2","1","C03","7","6","1","10","2","11","","23","23","1","10","4","120.617432","24.240399","2"
"5363","66000","387130000C","(04)23274275","(04)23288582","2026","2","13","9","17","臺中市","西區","0","0","0","7","","","40","","","","","","","","","","","","","","17","","","","","C03","","","1","","9","","","84","84","1","12","4","120.667579","24.137287","3"
"5364","66000","387130000C","(04)23274275","(04)23288582","2026","2","13","9","18","臺中市","太平區","0","1","0","7","2","6","50","4","1","1","5","4","6","6","1","1","10","5","5","2","16","3","10","3","1","B03","7","5","3","19","2","2","","65","65","1","12","4","120.709318","24.135372","2"
"5365","66000","387130000C","(04)23274275","(04)23288582","2026","2","13","9","20","臺中市","神岡區","0","0","0","7","2","6","50","13","9","1","5","4","6","6","4","4","10","5","5","1","17","3","10","1","1","C03","7","9","1","10","2","11","11","7","7","1","12","4","120.669995","24.245518","4"
"5366","66000","387130000C","(04)23274275","(04)23288582","2026","2","13","9","24","臺中市","豐原區","0","0","0","7","","","30","","","","","","","","","","","","","","17","","","","","C03","","","1","","2","","","20","20","1","12","4","120.718836","24.252513","4"
"5367","66000","387130000C","(04)23274275","(04)23288582","2026","2","13","9","25","臺中市","烏日區","0","2","0","7","2","6","50","13","9","1","5","4","6","6","4","4","5","4","5","2","3","2","9","6","5","H01","8","16","7","21","1","17","","109","109","1","6","5","120.624604","24.101906","2"
"5368","66000","387130000C","(04)23274275","(04)23288582","2026","2","13","9","31","臺中市","潭子區","0","0","0","7","","","50","","","","","","","","","","","","","","","","","","","B03","","","1","","2","","","8","8","1","13","4","120.691678","24.216131","3"
"5369","66000","387130000C","(04)23274275","(04)23288582","2026","2","13","9","33","臺中市","潭子區","0","0","0","7","","","50","","","","","","","","","","","","","","","","","","","","","","","","","","","116","116","1","","","120.723938","24.218504","3"
"5370","66000","387130000C","(04)23274275","(04)23288582","2026","2","13","9","34","臺中市","西屯區","0","1","0","7","2","6","50","13","9","1","5","4","6","6","4","4","9","5","5","2","12","3","10","1","1","C03","7","9","1","10","2","12","","85","85","1","12","4","120.667271","24.177398","2"
"5371","66000","387130000C","(04)23274275","(04)23288582","2026","2","13","9","40","臺中市","西區","0","3","0","7","3","6","50","4","1","1","5","4","6","6","1","1","10","5","5","2","15","2","9","1","1","C03","7","9","1","10","2","11","","21","21","1","6","4","120.657371","24.152528","2"
"5372","66000","387130000C","(04)23274275","(04)23288582","2026","2","13","9","42","臺中市","西屯區","0","1","0","7","2","6","60","13","7","1","5","4","6","6","2","1","1","4","1","2","13","3","10","5","4","B03","7","9","1","8","2","1","","84","84","1","13","4","120.646454","24.164454","2"
"5373","66000","387130000C","(04)23274275","(04)23288582","2026","2","13","9","42","臺中市","東勢區","0","0","0","7","","","50","","","","","","","","","","","","","","","","","","","B12","","","1","","2","","","7","7","1","12","4","120.850231","24.25518","3"
"5374","66000","387130000C","(04)23274275","(04)23288582","2026","2","13","9","43","臺中市","太平區","0","2","0","7","3","6","50","4","9","1","5","4","6","6","1","1","5","5","5","1","13","3","10","3","1","B03","7","9","1","8","2","5","","58","58","1","12","4","120.717179","24.12401","2"
"5375","66000","387130000C","(04)23274275","(04)23288582","2026","2","13","9","47","臺中市","中區","0","1","0","7","2","6","50","4","1","1","5","4","6","6","1","1","10","5","5","2","12","3","10","5","4","C03","7","9","1","10","7","12","","84","84","1","13","4","120.677257","24.140225","2"
"5376","66000","387130000C","(04)23274275","(04)23288582","2026","2","13","9","48","臺中市","大甲區","0","1","0","7","3","6","50","3","1","1","5","4","6","6","1","1","10","5","5","2","18","2","9","1","1","C03","7","9","1","10","2","11","","7","7","1","6","4","120.654107","24.379405","2"
"5377","66000","387130000C","(04)23274275","(04)23288582","2026","2","13","9","50","臺中市","北區","0","1","0","7","2","6","50","13","9","1","5","4","6","6","4","4","5","4","5","2","13","3","10","3","2","B03","7","9","1","8","2","1","","84","84","1","13","4","120.680792","24.155743","2"
"5378","66000","387130000C","(04)23274275","(04)23288582","2026","2","13","9","52","臺中市","北屯區","0","2","0","7","2","6","50","13","9","1","5","4","6","6","4","4","1","4","5","2","12","2","9","1","1","C03","7","9","1","10","2","11","","7","7","1","12","4","120.680575","24.172631","2"
"5379","66000","387130000C","(04)23274275","(04)23288582","2026","2","13","10","0","臺中市","東區","0","1","0","7","2","6","40","4","1","1","5","4","6","6","2","1","10","5","5","2","12","2","9","2","1","C03","7","8","1","10","2","14","","84","84","1","12","4","120.694449","24.138827","2"
"5380","66000","387130000C","(04)23274275","(04)23288582","2026","2","13","10","2","臺中市","西區","0","0","0","7","","","50","","","","","","","","","","","","","","13","","","","","C03","","","1","","1","","","59","59","1","13","4","120.657615","24.1468","3"
"5381","66000","387130000C","(04)23274275","(04)23288582","2026","2","13","10","2","臺中市","北屯區","0","0","0","7","","","50","","","","","","","","","","","","","","14","","","","","B03","","","1","","1","","","49","49","1","12","4","120.690122","24.175418","4"
"5382","66000","387130000C","(04)23274275","(04)23288582","2026","2","13","10","6","臺中市","南屯區","0","1","0","7","2","6","50","3","1","1","5","4","6","6","4","4","10","5","5","2","16","3","10","3","1","B03","7","6","1","8","2","1","","12","12","1","13","4","120.649867","24.141385","2"
"5383","66000","387130000C","(04)23274275","(04)23288582","2026","2","13","10","6","臺中市","梧棲區","0","1","0","7","3","6","50","3","1","1","5","4","6","6","4","4","10","5","5","2","15","3","10","3","1","B03","7","9","1","8","2","1","","12","12","1","6","4","120.537691","24.242711","2"
"5384","66000","387130000C","(04)23274275","(04)23288582","2026","2","13","10","13","臺中市","太平區","0","0","0","7","","","50","","","","","","","","","","","","","","13","","","","","B03","","","5","","1","","","8","8","1","12","4","120.713268","24.142629","3"
"5385","66000","387130000C","(04)23274275","(04)23288582","2026","2","13","10","15","臺中市","西區","0","3","0","7","3","6","50","4","1","1","5","4","6","6","1","1","10","5","5","2","13","2","9","2","1","C03","7","9","1","10","2","11","","7","7","1","12","4","120.67979","24.137879","2"
"5386","66000","387130000C","(04)23274275","(04)23288582","2026","2","13","10","18","臺中市","東勢區","0","0","0","7","","","50","","","","","","","","","","","","","","","","","","","B12","","","1","","2","","","7","7","1","12","4","120.836746","24.251092","3"
"5387","66000","387130000C","(04)23274275","(04)23288582","2026","2","13","10","19","臺中市","大里區","0","1","0","7","2","6","50","13","9","1","5","4","6","6","4","4","5","5","5","1","17","3","10","2","1","C03","7","1","1","10","2","13","","51","51","1","12","4","120.688015","24.100905","2"
"5388","66000","387130000C","(04)23274275","(04)23288582","2026","2","13","10","22","臺中市","烏日區","0","2","0","7","2","6","50","13","9","1","5","4","6","6","4","4","1","1","4","1","17","3","10","3","1","B03","7","6","1","8","2","4","","48","48","1","6","4","120.63612","24.094548","2"
"5389","66000","387130000C","(04)23274275","(04)23288582","2026","2","13","10","26","臺中市","豐原區","0","0","0","7","","","50","","","","","","","","","","","","","","13","","","","","B03","","","1","","1","","","7","7","1","12","4","120.710464","24.250548","4"
"5390","66000","387130000C","(04)23274275","(04)23288582","2026","2","13","10","30","臺中市","石岡區","0","1","0","7","2","6","40","13","9","1","5","4","6","6","4","4","10","5","5","2","17","3","10","3","1","G03","7","1","1","21","2","17","","51","51","1","12","4","120.793438","24.272068","2"
"5391","66000","387130000C","(04)23274275","(04)23288582","2026","2","13","10","32","臺中市","大雅區","0","0","0","7","","","70","","","","","","","","","","","","","","","","","","","C03","","","1","","1","","","7","7","1","12","4","120.64094","24.230647","3"
"5392","66000","387130000C","(04)23274275","(04)23288582","2026","2","13","10","37","臺中市","北區","0","0","0","7","","","50","","","","","","","","","","","","","","13","","","","","C03","","","1","","2","","","7","7","1","12","4","120.686285","24.154881","3"
"5393","66000","387130000C","(04)23274275","(04)23288582","2026","2","13","10","37","臺中市","北屯區","0","1","0","7","2","6","50","3","1","1","5","4","6","6","2","1","10","5","5","2","18","2","9","1","1","C03","7","9","1","10","2","14","","5","5","1","12","4","120.702429","24.164764","2"
"5394","66000","387130000C","(04)23274275","(04)23288582","2026","2","13","10","38","臺中市","東區","0","0","0","7","","","50","","","","","","","","","","","","","","","","","","","C03","","","3","","1","","","7","7","1","13","4","120.697139","24.138875","3"