序號,縣市別代碼,機關代碼,市話,傳真,年,月,日,時,分,縣市,區,死亡數量,受傷數量,2-30,天候,道路照明設備,道路類別,道路速限,道路型態,事故位置,路面鋪裝,路面狀態,路面缺陷,障礙物,視距,號誌種類,號誌動作,分向設施,快車道或一般車道間,快慢車道間,路面邊線,事故類型及型態,受傷程度,主要傷處,保護裝備,行動電話或功能裝置,當事者區分(類別),車輛用途,當事者行動狀態,駕照狀態,駕照種類,飲酒情形,車輛撞擊部位最初,車輛撞擊部位其他,肇事因素個別,肇事因素主要,肇事逃逸,職業,共享經濟或外送平台,GPS座標X,GPS座標Y,事故類別
"5395","66000","387130000C","(04)23274275","(04)23288582","2026","2","13","10","40","臺中市","烏日區","0","1","0","7","2","6","50","4","1","1","5","4","6","6","2","1","5","4","5","1","16","3","10","3","1","B03","7","5","1","8","2","2","","11","11","1","6","4","120.657135","24.057522","2"
"5396","66000","387130000C","(04)23274275","(04)23288582","2026","2","13","10","41","臺中市","南屯區","0","1","0","7","2","6","40","13","8","1","5","4","6","6","4","4","3","5","3","2","17","2","9","1","1","C03","7","9","1","10","2","11","","7","7","1","13","4","120.623995","24.151837","2"
"5397","66000","387130000C","(04)23274275","(04)23288582","2026","2","13","10","45","臺中市","北區","0","1","0","7","2","6","50","3","2","1","5","4","6","6","4","4","10","5","5","2","12","3","10","2","1","C03","7","9","1","10","2","14","","84","84","1","13","4","120.688697","24.152433","2"
"5398","66000","387130000C","(04)23274275","(04)23288582","2026","2","13","10","46","臺中市","大雅區","0","1","0","7","1","6","30","13","9","1","5","4","6","6","4","4","10","5","5","2","18","2","9","1","1","C03","7","11","1","10","2","14","","82","82","1","13","4","120.669332","24.22249","2"
"5399","66000","387130000C","(04)23274275","(04)23288582","2026","2","13","10","50","臺中市","神岡區","0","1","0","7","2","6","50","4","1","1","5","4","6","6","2","1","10","5","5","1","17","2","9","5","4","C03","7","9","1","10","2","14","","59","59","1","13","4","120.684066","24.246471","2"
"5400","66000","387130000C","(04)23274275","(04)23288582","2026","2","13","10","51","臺中市","烏日區","0","0","0","7","2","6","40","13","9","1","5","4","6","6","1","1","4","3","5","1","13","3","10","3","1","B03","7","9","1","8","1","1","","7","7","1","6","4","120.650301","24.111291","3"
"5401","66000","387130000C","(04)23274275","(04)23288582","2026","2","13","10","53","臺中市","大雅區","0","1","0","7","3","6","50","11","9","1","5","4","6","6","4","4","5","5","5","2","10","2","9","1","1","C03","7","9","1","10","2","11","","34","34","1","12","4","120.646292","24.222688","2"
"5402","66000","387130000C","(04)23274275","(04)23288582","2026","2","13","10","53","臺中市","潭子區","0","1","0","7","2","6","50","3","2","1","5","4","6","6","2","1","5","2","5","1","17","3","10","3","1","B01","7","9","1","4","2","5","","59","59","1","13","4","120.72073","24.19522","2"
"5403","66000","387130000C","(04)23274275","(04)23288582","2026","2","13","10","57","臺中市","大里區","0","0","0","7","","","50","","","","","","","","","","","","","","16","","","","","C03","","","1","","1","","","11","11","1","12","4","120.682437","24.10047","3"
"5404","66000","387130000C","(04)23274275","(04)23288582","2026","2","13","10","57","臺中市","東勢區","0","1","0","7","2","6","50","13","9","1","5","4","6","6","1","1","8","5","5","1","12","2","9","1","1","C03","7","9","1","10","2","11","","7","7","1","12","4","120.830404","24.251667","2"
"5405","66000","387130000C","(04)23274275","(04)23288582","2026","2","13","10","58","臺中市","南區","0","2","0","7","1","6","30","4","1","1","5","4","6","6","4","4","10","5","5","2","15","2","9","5","4","C03","7","9","1","10","2","12","11","15","15","1","13","4","120.673713","24.131108","2"
"5406","66000","387130000C","(04)23274275","(04)23288582","2026","2","13","10","58","臺中市","西屯區","0","0","0","7","","","40","","","","","","","","","","","","","","13","","","","","C03","","","1","","1","","","7","7","1","12","4","120.656268","24.158584","3"
"5407","66000","387130000C","(04)23274275","(04)23288582","2026","2","13","10","59","臺中市","西區","0","3","0","7","3","6","50","4","1","1","5","4","6","6","4","4","10","5","5","2","16","3","10","1","1","C03","7","6","1","10","2","14","","48","48","1","6","2","120.66016","24.14903","2"
"5408","66000","387130000C","(04)23274275","(04)23288582","2026","2","13","11","0","臺中市","南區","0","1","0","7","3","6","50","4","1","1","5","4","6","6","1","1","1","5","5","2","12","3","10","3","1","B12","7","5","1","8","2","2","","87","87","1","6","4","120.679148","24.126933","2"
"5409","66000","387130000C","(04)23274275","(04)23288582","2026","2","13","11","4","臺中市","西區","0","0","0","7","","","50","","","","","","","","","","","","","","2","","","","","B03","","","1","","2","","","85","85","1","13","4","120.660142","24.146701","3"
"5410","66000","387130000C","(04)23274275","(04)23288582","2026","2","13","11","5","臺中市","南屯區","0","0","0","7","","","50","","","","","","","","","","","","","","17","","","","","B03","","","1","","1","","","47","47","1","12","4","120.648646","24.153648","3"
"5411","66000","387130000C","(04)23274275","(04)23288582","2026","2","13","11","5","臺中市","大里區","0","1","0","7","3","6","50","4","1","1","5","4","6","6","1","1","10","5","5","2","16","3","10","3","1","B03","7","5","1","1","2","5","","11","11","1","13","4","120.681907","24.109932","2"
"5412","66000","387130000C","(04)23274275","(04)23288582","2026","2","13","11","6","臺中市","北屯區","0","0","0","7","","","40","","","","","","","","","","","","","","12","","","","","B02","","","1","","1","","","51","51","1","12","4","120.713788","24.182498","3"
"5413","66000","387130000C","(04)23274275","(04)23288582","2026","2","13","11","7","臺中市","南屯區","0","0","0","7","","","50","","","","","","","","","","","","","","13","","","","","B03","","","1","","1","","","84","84","1","13","4","120.644174","24.140101","3"
"5414","66000","387130000C","(04)23274275","(04)23288582","2026","2","13","11","7","臺中市","北屯區","0","0","0","7","","","50","","","","","","","","","","","","","","12","","","","","B12","","","1","","1","","","85","85","1","12","4","120.698626","24.168059","3"
"5415","66000","387130000C","(04)23274275","(04)23288582","2026","2","13","11","9","臺中市","西屯區","0","0","0","7","","","30","","","","","","","","","","","","","","12","","","","","B03","","","1","","2","","","8","8","1","13","4","120.646246","24.182732","3"
"5416","66000","387130000C","(04)23274275","(04)23288582","2026","2","13","11","11","臺中市","清水區","0","0","0","7","","","70","","","","","","","","","","","","","","","","","","","B03","","","1","","2","","","45","45","1","12","4","120.55924","24.258286","3"
"5417","66000","387130000C","(04)23274275","(04)23288582","2026","2","13","11","11","臺中市","豐原區","0","0","0","7","","","30","","","","","","","","","","","","","","14","","","","","B03","","","1","","2","","","49","49","1","12","4","120.718561","24.251156","3"
"5418","66000","387130000C","(04)23274275","(04)23288582","2026","2","13","11","12","臺中市","東區","0","0","0","7","","","50","","","","","","","","","","","","","","","","","","","C03","","","1","","2","","","13","13","1","12","4","120.697173","24.139617","3"
"5419","66000","387130000C","(04)23274275","(04)23288582","2026","2","13","11","13","臺中市","太平區","0","0","0","7","","","50","","","","","","","","","","","","","","17","","","","","B03","","","1","","2","","","84","84","1","12","4","120.714722","24.140644","3"
"5420","66000","387130000C","(04)23274275","(04)23288582","2026","2","13","11","15","臺中市","烏日區","0","1","0","7","2","6","50","3","1","1","5","4","6","6","4","4","5","5","5","1","17","3","10","1","1","C03","7","11","1","10","2","13","","45","45","1","6","4","120.642243","24.064189","2"
"5421","66000","387130000C","(04)23274275","(04)23288582","2026","2","13","11","15","臺中市","梧棲區","0","0","0","7","","","50","","","","","","","","","","","","","","14","","","","","B03","","","1","","1","","","49","49","1","12","4","120.546994","24.228958","3"
"5422","66000","387130000C","(04)23274275","(04)23288582","2026","2","13","11","17","臺中市","北屯區","0","0","0","7","","","50","","","","","","","","","","","","","","16","","","","","C03","","","1","","1","","","11","11","1","12","4","120.685856","24.177457","3"
"5423","66000","387130000C","(04)23274275","(04)23288582","2026","2","13","11","17","臺中市","北屯區","0","0","0","7","","","50","","","","","","","","","","","","","","13","","","","","C03","","","1","","1","","","7","7","1","12","4","120.712714","24.172683","3"
"5424","66000","387130000C","(04)23274275","(04)23288582","2026","2","13","11","18","臺中市","神岡區","0","1","0","7","2","6","50","3","2","1","5","4","6","6","4","4","5","5","5","2","17","2","8","1","1","C03","7","6","1","10","2","11","11","14","14","1","12","4","120.683346","24.245555","2"
"5425","66000","387130000C","(04)23274275","(04)23288582","2026","2","13","11","19","臺中市","大甲區","0","2","0","7","2","6","50","3","9","1","5","4","6","6","4","4","6","3","5","1","11","2","9","1","1","C03","7","6","1","10","2","11","","14","14","1","12","4","120.628015","24.351927","2"
"5426","66000","387130000C","(04)23274275","(04)23288582","2026","2","13","11","21","臺中市","南區","0","0","0","7","","","50","","","","","","","","","","","","","","17","","","","","C03","","","1","","2","","","50","50","1","6","4","120.654797","24.121125","3"
"5427","66000","387130000C","(04)23274275","(04)23288582","2026","2","13","11","21","臺中市","北屯區","0","1","0","7","2","6","50","4","1","1","5","4","6","6","4","4","10","5","5","2","17","3","10","3","1","B01","7","6","1","4","2","7","","58","58","1","12","4","120.672432","24.175729","2"
"5428","66000","387130000C","(04)23274275","(04)23288582","2026","2","13","11","26","臺中市","外埔區","0","0","0","7","3","6","50","13","7","1","5","4","6","6","1","1","1","4","4","2","13","3","10","3","1","B03","7","9","1","8","2","1","","59","59","1","6","4","120.639752","24.34097","3"
"5429","66000","387130000C","(04)23274275","(04)23288582","2026","2","13","11","28","臺中市","北屯區","0","1","0","7","2","6","50","4","1","1","5","4","6","6","4","4","10","5","5","2","16","2","9","1","1","C03","7","6","1","10","2","12","","14","14","1","12","4","120.711644","24.16951","2"
"5430","66000","387130000C","(04)23274275","(04)23288582","2026","2","13","11","29","臺中市","烏日區","0","0","0","7","2","6","40","13","14","1","5","4","6","6","4","4","","3","4","1","12","3","10","3","1","B03","7","8","1","8","1","2","","8","8","1","6","4","120.642632","24.109188","3"
"5431","66000","387130000C","(04)23274275","(04)23288582","2026","2","13","11","30","臺中市","大雅區","0","0","0","7","","","50","","","","","","","","","","","","","","","","","","","B03","","","1","","1","","","49","49","1","12","4","120.655739","24.224796","3"
"5432","66000","387130000C","(04)23274275","(04)23288582","2026","2","13","11","30","臺中市","大雅區","0","1","0","7","3","6","50","3","2","1","5","4","6","6","1","1","4","3","5","1","17","3","10","5","4","B03","7","9","1","8","2","5","","84","84","1","13","4","120.646693","24.219386","2"
"5433","66000","387130000C","(04)23274275","(04)23288582","2026","2","13","11","30","臺中市","潭子區","0","0","0","7","","","30","","","","","","","","","","","","","","","","","","","B03","","","1","","2","","","14","14","1","13","4","120.706748","24.210004","3"
"5434","66000","387130000C","(04)23274275","(04)23288582","2026","2","13","11","30","臺中市","南區","0","0","0","7","","","50","","","","","","","","","","","","","","","","","","","B12","","","1","","1","","","7","7","1","13","4","120.678401","24.126795","3"
"5435","66000","387130000C","(04)23274275","(04)23288582","2026","2","13","11","30","臺中市","南屯區","0","0","0","7","","","50","","","","","","","","","","","","","","17","","","","","B03","","","1","","1","","","48","48","1","12","4","120.633983","24.145382","3"
"5436","66000","387130000C","(04)23274275","(04)23288582","2026","2","13","11","30","臺中市","南屯區","0","0","0","7","","","50","","","","","","","","","","","","","","12","3","10","3","1","B03","7","9","1","8","1","2","","84","84","1","12","4","120.638863","24.145075","3"
"5437","66000","387130000C","(04)23274275","(04)23288582","2026","2","13","11","30","臺中市","太平區","0","0","0","7","","","50","","","","","","","","","","","","","","","","","","","C03","","","1","","2","","","84","84","1","13","4","120.72549","24.141961","3"
"5438","66000","387130000C","(04)23274275","(04)23288582","2026","2","13","11","31","臺中市","南屯區","0","0","0","7","","","50","","","","","","","","","","","","","","13","","","","","C03","","","1","","1","","","7","7","1","12","4","120.602639","24.139284","3"
"5439","66000","387130000C","(04)23274275","(04)23288582","2026","2","13","11","32","臺中市","南屯區","0","0","0","7","","","50","","","","","","","","","","","","","","","","","","","B03","","","1","","1","","","50","50","1","13","4","120.638736","24.148751","3"
"5440","66000","387130000C","(04)23274275","(04)23288582","2026","2","13","11","33","臺中市","北區","0","2","0","7","2","6","50","4","2","1","5","4","6","6","1","1","1","4","5","1","13","2","7","1","1","C03","7","9","1","10","2","11","","7","7","1","12","4","120.678434","24.163292","2"
"5441","66000","387130000C","(04)23274275","(04)23288582","2026","2","13","11","34","臺中市","龍井區","0","2","0","7","2","6","50","13","9","1","5","4","6","6","1","1","5","5","5","1","16","3","10","3","1","B03","7","6","1","8","2","5","","39","39","1","6","4","120.58208","24.177338","2"
"5442","66000","387130000C","(04)23274275","(04)23288582","2026","2","13","11","35","臺中市","中區","0","2","0","7","2","6","50","3","2","1","5","4","6","6","4","4","5","4","5","2","17","2","7","4","1","B03","7","15","1","8","2","4","","76","76","1","13","4","120.680335","24.141656","2"
"5443","66000","387130000C","(04)23274275","(04)23288582","2026","2","13","11","37","臺中市","南區","0","0","0","7","","","50","","","","","","","","","","","","","","17","","","","","B03","","","1","","9","","","50","50","2","6","4","120.661609","24.116936","3"
"5444","66000","387130000C","(04)23274275","(04)23288582","2026","2","13","11","39","臺中市","西區","0","2","0","7","3","6","40","13","8","1","5","4","6","6","4","4","1","4","4","2","13","2","9","2","1","C03","7","9","1","10","1","11","","7","7","1","12","4","120.66676","24.133104","2"
"5445","66000","387130000C","(04)23274275","(04)23288582","2026","2","13","11","40","臺中市","西屯區","0","1","0","7","2","3","80","13","9","1","5","4","6","6","4","4","1","4","5","1","13","2","7","5","1","B03","7","9","1","8","2","1","","7","7","1","12","4","120.632301","24.170506","2"
"5446","66000","387130000C","(04)23274275","(04)23288582","2026","2","13","11","41","臺中市","大里區","0","0","0","7","2","6","50","13","7","1","5","4","6","6","4","4","9","5","4","2","17","3","10","5","4","C03","7","6","1","10","2","12","","51","51","1","13","4","120.718054","24.085787","3"
"5447","66000","387130000C","(04)23274275","(04)23288582","2026","2","13","11","42","臺中市","大雅區","0","0","0","7","","","60","","","","","","","","","","","","","","","","","","","B02","","","1","","1","","","7","7","1","13","4","120.649379","24.215929","3"
"5448","66000","387130000C","(04)23274275","(04)23288582","2026","2","13","11","42","臺中市","西屯區","0","0","0","7","","","50","","","","","","","","","","","","","","13","","","","","B03","","","1","","1","","","7","7","1","12","4","120.655046","24.200537","3"
"5449","66000","387130000C","(04)23274275","(04)23288582","2026","2","13","11","43","臺中市","外埔區","0","0","0","7","2","6","50","3","14","1","5","4","6","6","3","1","4","5","5","1","25","3","10","3","1","A04","7","9","1","1","2","6","","84","84","1","12","4","120.663319","24.349361","3"
"5450","66000","387130000C","(04)23274275","(04)23288582","2026","2","13","11","43","臺中市","豐原區","0","1","0","7","2","6","50","4","2","1","5","4","6","6","2","1","5","5","4","1","9","3","10","5","4","B03","7","5","1","8","2","2","","10","10","1","12","4","120.714085","24.25934","2"
"5451","66000","387130000C","(04)23274275","(04)23288582","2026","2","13","11","44","臺中市","龍井區","0","1","0","7","2","6","50","4","1","1","5","4","6","6","2","1","5","5","4","2","16","3","10","6","1","F01","7","6","7","21","2","12","","11","11","1","2","4","120.549603","24.213486","2"
"5452","66000","387130000C","(04)23274275","(04)23288582","2026","2","13","11","47","臺中市","西區","0","0","0","7","","","50","","","","","","","","","","","","","","","","","","","B03","","","1","","1","","","84","84","1","6","4","120.67664","24.140669","3"
"5453","66000","387130000C","(04)23274275","(04)23288582","2026","2","13","11","48","臺中市","南屯區","0","1","0","7","3","6","50","13","9","1","5","4","6","6","4","4","9","5","5","1","1","3","10","3","1","B03","7","5","1","8","2","1","","84","84","1","12","4","120.6117","24.137317","2"
"5454","66000","387130000C","(04)23274275","(04)23288582","2026","2","13","11","50","臺中市","西區","0","0","0","7","","","50","","","","","","","","","","","","","","12","","","","","C03","","","1","","2","","","59","59","1","13","4","120.652595","24.146737","3"
"5455","66000","387130000C","(04)23274275","(04)23288582","2026","2","13","11","51","臺中市","南屯區","0","0","0","7","","","50","","","","","","","","","","","","","","13","","","","","B02","","","1","","1","","","59","59","1","12","4","120.652872","24.132294","3"
"5456","66000","387130000C","(04)23274275","(04)23288582","2026","2","13","11","54","臺中市","西區","0","1","0","7","2","6","50","4","1","1","5","4","6","6","4","4","10","5","5","2","3","3","10","5","4","C03","7","9","1","10","2","15","","10","10","1","13","4","120.659554","24.146825","2"
"5457","66000","387130000C","(04)23274275","(04)23288582","2026","2","13","11","54","臺中市","太平區","0","0","0","7","","","30","","","","","","","","","","","","","","","","","","","B03","","","1","","2","","","58","58","1","12","4","120.723685","24.133685","3"
"5458","66000","387130000C","(04)23274275","(04)23288582","2026","2","13","11","55","臺中市","大雅區","0","2","0","7","3","6","40","3","2","1","5","4","6","6","1","1","1","3","4","1","17","2","9","5","4","C03","7","9","1","10","2","11","","7","7","1","13","4","120.644362","24.22723","2"
"5459","66000","387130000C","(04)23274275","(04)23288582","2026","2","13","11","59","臺中市","西屯區","0","0","0","7","","","40","","","","","","","","","","","","","","17","","","","","B02","","","1","","2","","","84","84","1","12","4","120.630627","24.180429","3"
"5460","66000","387130000C","(04)23274275","(04)23288582","2026","2","13","12","0","臺中市","南屯區","0","2","0","7","2","6","50","3","1","1","5","4","6","6","4","4","5","5","5","2","17","2","9","1","1","C03","7","6","1","10","2","12","","14","14","1","13","4","120.64402","24.141015","2"
"5461","66000","387130000C","(04)23274275","(04)23288582","2026","2","13","12","3","臺中市","北屯區","0","0","0","7","","","50","","","","","","","","","","","","","","17","","","","","B03","","","1","","2","","","59","59","1","12","4","120.66793","24.174045","3"
"5462","66000","387130000C","(04)23274275","(04)23288582","2026","2","13","12","3","臺中市","太平區","0","1","0","7","2","6","50","13","9","1","5","4","6","6","1","1","5","5","5","1","13","2","8","2","1","C03","7","9","1","10","2","11","","84","84","1","12","4","120.719697","24.121353","2"
"5463","66000","387130000C","(04)23274275","(04)23288582","2026","2","13","12","7","臺中市","清水區","0","0","0","7","","","40","","","","","","","","","","","","","","","","","","","B03","","","1","","1","","","51","51","1","12","4","120.574617","24.266682","3"
"5464","66000","387130000C","(04)23274275","(04)23288582","2026","2","13","12","8","臺中市","烏日區","0","2","0","7","2","6","70","3","1","1","5","4","6","6","1","1","10","5","5","2","13","2","9","2","1","C03","7","5","1","10","2","12","","47","47","1","6","4","120.594191","24.112594","2"
"5465","66000","387130000C","(04)23274275","(04)23288582","2026","2","13","12","10","臺中市","后里區","0","0","0","7","3","6","30","13","9","1","5","4","6","6","4","4","10","5","5","2","14","3","10","3","1","B12","7","2","1","8","2","6","","49","49","1","6","4","120.683929","24.306123","3"
"5466","66000","387130000C","(04)23274275","(04)23288582","2026","2","13","12","12","臺中市","西屯區","0","1","0","7","2","6","50","13","8","1","5","4","6","6","4","4","5","4","4","1","30","2","9","1","1","C03","7","9","1","10","2","16","","59","59","1","13","4","120.648675","24.174594","2"
"5467","66000","387130000C","(04)23274275","(04)23288582","2026","2","13","12","14","臺中市","豐原區","0","0","0","7","","","0","","","","","","","","","","","","","","14","","","","","C03","","","1","","11","","","49","49","1","12","4","120.716073","24.263634","3"
"5468","66000","387130000C","(04)23274275","(04)23288582","2026","2","13","12","15","臺中市","中區","0","1","0","7","3","6","50","13","9","1","5","4","6","6","4","4","1","4","5","2","12","3","10","3","1","B03","7","9","1","8","2","2","","84","84","1","12","4","120.681228","24.144094","2"
"5469","66000","387130000C","(04)23274275","(04)23288582","2026","2","13","12","16","臺中市","北區","0","1","0","7","2","6","30","4","1","1","5","4","6","6","4","4","10","5","5","2","17","2","9","1","1","C03","7","9","1","10","2","11","","12","12","1","13","4","120.679921","24.162545","2"
"5470","66000","387130000C","(04)23274275","(04)23288582","2026","2","13","12","16","臺中市","沙鹿區","0","1","0","7","3","6","40","3","1","1","5","4","6","6","4","4","10","5","5","2","13","2","8","2","1","F03","7","9","7","21","2","11","","7","7","1","6","4","120.61794","24.243192","2"
"5471","66000","387130000C","(04)23274275","(04)23288582","2026","2","13","12","17","臺中市","北屯區","0","1","0","7","2","6","50","5","1","1","5","4","6","6","1","1","10","5","5","2","10","3","10","3","1","B03","7","9","1","8","2","1","","4","4","1","12","4","120.676163","24.201413","2"
"5472","66000","387130000C","(04)23274275","(04)23288582","2026","2","13","12","17","臺中市","北屯區","0","1","0","7","3","6","50","13","9","1","5","4","6","6","4","4","1","4","5","2","12","2","1","1","1","C03","7","8","1","10","2","14","","40","40","1","12","4","120.69823","24.170883","2"
"5473","66000","387130000C","(04)23274275","(04)23288582","2026","2","13","12","19","臺中市","東區","0","2","0","7","3","6","50","5","1","1","5","4","6","6","1","1","5","5","5","2","18","2","9","2","1","C03","7","9","1","10","2","16","","84","84","1","12","4","120.694232","24.142712","2"
"5474","66000","387130000C","(04)23274275","(04)23288582","2026","2","13","12","22","臺中市","北區","0","2","0","7","2","6","50","4","9","1","5","4","6","6","4","4","5","5","5","2","3","2","7","6","5","H01","8","16","7","21","10","17","","95","95","1","13","5","120.680559","24.150458","2"
"5475","66000","387130000C","(04)23274275","(04)23288582","2026","2","13","12","22","臺中市","南屯區","0","1","0","7","3","6","50","4","1","1","5","4","6","6","1","1","10","5","5","2","17","3","10","3","1","B03","7","5","1","8","2","2","","47","47","1","12","4","120.623714","24.149614","2"
"5476","66000","387130000C","(04)23274275","(04)23288582","2026","2","13","12","22","臺中市","烏日區","0","1","0","7","2","6","30","4","1","1","5","4","6","6","4","4","10","3","5","1","15","3","10","3","1","B03","7","9","1","8","2","1","","12","12","1","6","4","120.638688","24.105632","2"
"5477","66000","387130000C","(04)23274275","(04)23288582","2026","2","13","12","24","臺中市","大甲區","0","0","0","7","","","50","","","","","","","","","","","","","","","","","","","B03","","","1","","1","","","8","8","1","6","4","120.620676","24.346879","3"
"5478","66000","387130000C","(04)23274275","(04)23288582","2026","2","13","12","25","臺中市","西屯區","0","0","0","7","","","60","","","","","","","","","","","","","","13","","","","","B03","","","1","","2","","","84","84","1","12","4","120.634983","24.180028","3"
"5479","66000","387130000C","(04)23274275","(04)23288582","2026","2","13","12","25","臺中市","大里區","0","0","0","7","","","50","","","","","","","","","","","","","","","","","","","A11","","","1","","2","","","87","87","1","12","4","120.676262","24.086041","3"
"5480","66000","387130000C","(04)23274275","(04)23288582","2026","2","13","12","33","臺中市","潭子區","0","0","0","7","","","30","","","","","","","","","","","","","","","","","","","B12","","","1","","2","","","49","49","1","13","4","120.710746","24.215135","3"
"5481","66000","387130000C","(04)23274275","(04)23288582","2026","2","13","12","34","臺中市","西區","0","1","0","7","3","6","50","3","1","1","5","4","6","6","4","4","10","5","5","2","13","2","9","1","1","C03","7","9","1","10","1","12","","7","7","1","6","4","120.658965","24.159589","2"
"5482","66000","387130000C","(04)23274275","(04)23288582","2026","2","13","12","41","臺中市","新社區","0","0","0","7","","","30","","","","","","","","","","","","","","11","","","","","B03","","","1","","1","","","8","","1","13","4","120.804411","24.204616","3"
"5483","66000","387130000C","(04)23274275","(04)23288582","2026","2","13","12","42","臺中市","清水區","0","1","0","7","3","6","30","4","1","1","5","4","6","6","4","4","10","5","5","2","15","2","7","1","1","C03","7","9","1","10","2","11","","20","20","1","12","4","120.566557","24.292044","2"
"5484","66000","387130000C","(04)23274275","(04)23288582","2026","2","13","12","45","臺中市","大里區","0","0","0","7","","","50","","","","","","","","","","","","","","12","","","","","C03","","","1","","2","","","58","58","1","12","4","120.680326","24.095688","3"
"5485","66000","387130000C","(04)23274275","(04)23288582","2026","2","13","12","47","臺中市","西區","0","1","0","7","2","6","50","4","1","1","5","4","6","6","1","1","10","5","5","2","15","3","10","5","4","B03","7","9","1","8","2","8","","21","21","1","13","4","120.66512","24.130527","2"
"5486","66000","387130000C","(04)23274275","(04)23288582","2026","2","13","12","47","臺中市","西屯區","0","0","0","7","","","60","","","","","","","","","","","","","","12","","","","","B03","","","1","","1","","","40","40","1","13","4","120.63476","24.17216","3"
"5487","66000","387130000C","(04)23274275","(04)23288582","2026","2","13","12","47","臺中市","西屯區","0","0","0","7","","","60","","","","","","","","","","","","","","13","","","","","B03","","","1","","1","","","7","7","1","12","4","120.649799","24.162621","3"
"5488","66000","387130000C","(04)23274275","(04)23288582","2026","2","13","12","50","臺中市","西區","0","0","0","7","","","50","","","","","","","","","","","","","","","","","","","","","","","","","","","86","86","1","","","120.666711","24.141039","3"
"5489","66000","387130000C","(04)23274275","(04)23288582","2026","2","13","12","50","臺中市","東區","0","1","0","7","2","6","50","4","2","1","5","4","6","6","2","1","5","4","5","2","13","2","9","1","1","C03","7","9","1","10","1","11","","7","7","1","12","4","120.699121","24.147813","2"
"5490","66000","387130000C","(04)23274275","(04)23288582","2026","2","13","12","54","臺中市","西區","0","1","0","7","3","6","50","4","1","1","5","4","6","6","1","1","10","5","5","2","13","2","9","2","1","C03","7","9","1","10","2","11","","59","59","1","12","4","120.651243","24.146756","2"
"5491","66000","387130000C","(04)23274275","(04)23288582","2026","2","13","12","55","臺中市","北區","0","2","0","7","2","6","50","4","2","1","5","4","6","6","2","1","10","5","5","2","13","2","9","2","1","C03","7","9","1","10","2","11","","7","7","1","13","4","120.671502","24.173646","2"
"5492","66000","387130000C","(04)23274275","(04)23288582","2026","2","13","12","55","臺中市","太平區","0","0","0","7","","","50","","","","","","","","","","","","","","","","","","","B03","","","1","","2","","","84","84","1","13","4","120.721496","24.149275","3"
"5493","66000","387130000C","(04)23274275","(04)23288582","2026","2","13","12","57","臺中市","東區","0","2","0","7","3","6","30","3","1","1","5","4","6","6","4","4","10","5","5","2","16","3","10","3","1","B12","7","6","1","8","2","8","","12","12","1","13","4","120.699955","24.142127","2"
"5494","66000","387130000C","(04)23274275","(04)23288582","2026","2","13","12","57","臺中市","西屯區","0","0","0","7","","","50","","","","","","","","","","","","","","13","","","","","C03","","","1","","1","","","7","7","1","13","4","120.660097","24.164318","3"
"5495","66000","387130000C","(04)23274275","(04)23288582","2026","2","13","12","58","臺中市","中區","0","1","0","7","2","6","50","4","1","1","5","4","6","6","2","1","10","5","5","2","16","3","10","3","1","B03","7","6","1","8","2","2","","11","11","1","13","4","120.678798","24.147245","2"
"5496","66000","387130000C","(04)23274275","(04)23288582","2026","2","13","13","7","臺中市","西屯區","0","1","0","7","2","6","30","3","1","1","5","4","6","6","4","4","10","5","5","2","16","3","10","5","4","B12","7","6","1","8","2","1","","12","12","1","13","4","120.637768","24.203194","2"
"5497","66000","387130000C","(04)23274275","(04)23288582","2026","2","13","13","11","臺中市","南區","0","2","0","7","1","6","50","4","1","1","5","4","6","6","2","1","10","5","5","2","13","2","9","5","4","C03","7","9","1","9","2","11","","7","7","1","13","4","120.679418","24.118956","2"
"5498","66000","387130000C","(04)23274275","(04)23288582","2026","2","13","13","13","臺中市","西區","0","1","0","7","2","6","50","4","2","1","5","4","6","6","1","1","9","4","4","2","12","2","9","1","1","C03","7","9","3","19","9","14","","87","87","1","12","4","120.655083","24.147749","2"
"5499","66000","387130000C","(04)23274275","(04)23288582","2026","2","13","13","15","臺中市","南區","0","1","0","7","3","6","50","4","1","1","5","4","6","6","2","1","1","5","5","2","12","2","9","2","1","C03","7","9","1","10","2","11","","84","84","1","13","4","120.679228","24.119205","2"
"5500","66000","387130000C","(04)23274275","(04)23288582","2026","2","13","13","15","臺中市","大里區","0","0","0","7","","","50","","","","","","","","","","","","","","","","","","","B03","","","1","","2","","","42","42","1","13","4","120.695175","24.09591","3"
"5501","66000","387130000C","(04)23274275","(04)23288582","2026","2","13","13","18","臺中市","西屯區","0","0","0","7","","","40","","","","","","","","","","","","","","12","","","","","B03","","","1","","1","","","8","8","1","12","4","120.648176","24.163931","3"
"5502","66000","387130000C","(04)23274275","(04)23288582","2026","2","13","13","18","臺中市","太平區","0","1","0","7","3","3","80","13","9","1","5","4","6","6","4","4","1","4","5","1","13","3","10","3","1","B03","7","9","1","8","1","1","","58","58","1","12","4","120.717087","24.155887","2"
"5503","66000","387130000C","(04)23274275","(04)23288582","2026","2","13","13","20","臺中市","南屯區","0","3","0","7","2","6","40","13","9","1","5","4","6","6","4","4","9","4","5","2","13","2","9","1","1","C03","7","9","1","10","2","13","","87","87","1","12","4","120.622651","24.143659","2"