序號,縣市別代碼,機關代碼,市話,傳真,年,月,日,時,分,縣市,區,死亡數量,受傷數量,2-30,天候,道路照明設備,道路類別,道路速限,道路型態,事故位置,路面鋪裝,路面狀態,路面缺陷,障礙物,視距,號誌種類,號誌動作,分向設施,快車道或一般車道間,快慢車道間,路面邊線,事故類型及型態,受傷程度,主要傷處,保護裝備,行動電話或功能裝置,當事者區分(類別),車輛用途,當事者行動狀態,駕照狀態,駕照種類,飲酒情形,車輛撞擊部位最初,車輛撞擊部位其他,肇事因素個別,肇事因素主要,肇事逃逸,職業,共享經濟或外送平台,GPS座標X,GPS座標Y,事故類別
"5504","66000","387130000C","(04)23274275","(04)23288582","2026","2","13","13","20","臺中市","新社區","0","0","0","7","","","50","","","","","","","","","","","","","","16","","","","","B03","","","1","","2","","","7","7","1","13","4","120.797498","24.203181","3"
"5505","66000","387130000C","(04)23274275","(04)23288582","2026","2","13","13","21","臺中市","大安區","0","0","0","7","","","40","","","","","","","","","","","","","","","","","","","B03","","","1","","1","","","8","8","1","12","4","120.598841","24.355151","4"
"5506","66000","387130000C","(04)23274275","(04)23288582","2026","2","13","13","22","臺中市","北屯區","0","0","0","7","","","50","","","","","","","","","","","","","","17","","","","","B03","","","1","","1","","","24","24","1","12","4","120.741401","24.180261","3"
"5507","66000","387130000C","(04)23274275","(04)23288582","2026","2","13","13","27","臺中市","東區","0","1","0","7","2","6","50","13","7","1","5","4","6","6","4","4","5","5","4","2","17","3","10","3","1","B03","7","1","1","8","2","8","","51","51","1","12","4","120.708842","24.144521","2"
"5508","66000","387130000C","(04)23274275","(04)23288582","2026","2","13","13","27","臺中市","南屯區","0","0","0","7","","","50","","","","","","","","","","","","","","12","","","","","B03","","","1","","1","","","51","51","1","12","4","120.653045","24.140812","3"
"5509","66000","387130000C","(04)23274275","(04)23288582","2026","2","13","13","30","臺中市","西屯區","0","0","0","7","","","50","","","","","","","","","","","","","","11","","","","","B03","","","1","","1","","","8","8","1","13","4","120.664584","24.173655","3"
"5510","66000","387130000C","(04)23274275","(04)23288582","2026","2","13","13","34","臺中市","北屯區","0","0","0","7","","","50","","","","","","","","","","","","","","16","","","","","C03","","","1","","1","","","84","84","1","12","4","120.696587","24.17077","4"
"5511","66000","387130000C","(04)23274275","(04)23288582","2026","2","13","13","38","臺中市","西屯區","0","1","0","7","1","6","50","13","9","1","5","4","6","6","4","4","1","4","5","2","13","3","10","3","1","B03","7","9","1","8","2","1","","7","7","1","12","4","120.658309","24.170674","2"
"5512","66000","387130000C","(04)23274275","(04)23288582","2026","2","13","13","42","臺中市","龍井區","0","0","0","7","","","50","","","","","","","","","","","","","","13","","","","","B03","","","1","","2","","","82","82","1","6","4","120.580485","24.188828","3"
"5513","66000","387130000C","(04)23274275","(04)23288582","2026","2","13","13","42","臺中市","梧棲區","0","1","0","7","2","6","30","4","1","1","5","4","6","6","4","4","10","5","5","2","15","2","9","1","1","C03","7","9","1","10","2","11","","15","15","1","12","4","120.550447","24.249088","2"
"5514","66000","387130000C","(04)23274275","(04)23288582","2026","2","13","13","50","臺中市","西區","0","0","0","7","","","50","","","","","","","","","","","","","","17","","","","","B03","","","1","","1","","","84","84","1","12","4","120.658771","24.146704","3"
"5515","66000","387130000C","(04)23274275","(04)23288582","2026","2","13","13","53","臺中市","西區","0","0","0","7","","","50","","","","","","","","","","","","","","","","","","","B03","","","1","","1","","","84","84","1","6","4","120.668072","24.130448","3"
"5516","66000","387130000C","(04)23274275","(04)23288582","2026","2","13","13","57","臺中市","太平區","0","0","0","7","","","50","","","","","","","","","","","","","","17","","","","","B03","","","1","","2","","","84","84","1","12","4","120.733703","24.157997","3"
"5517","66000","387130000C","(04)23274275","(04)23288582","2026","2","13","13","58","臺中市","南區","0","0","0","7","","","50","","","","","","","","","","","","","","13","","","","","B03","","","1","","1","","","7","7","1","6","4","120.658456","24.13106","3"
"5518","66000","387130000C","(04)23274275","(04)23288582","2026","2","13","13","58","臺中市","大甲區","0","0","0","7","","","50","","","","","","","","","","","","","","","","","","","C03","","","1","","1","","","7","7","1","6","4","120.624352","24.351027","3"
"5519","66000","387130000C","(04)23274275","(04)23288582","2026","2","13","14","0","臺中市","西區","0","0","0","7","","","50","","","","","","","","","","","","","","13","","","","","B03","","","1","","1","","","7","7","1","12","4","120.658972","24.155928","3"
"5520","66000","387130000C","(04)23274275","(04)23288582","2026","2","13","14","0","臺中市","沙鹿區","0","0","0","7","2","6","50","13","9","1","5","4","6","6","4","4","4","4","5","1","12","","","","","B03","","","1","","2","","","51","51","1","12","4","120.560761","24.23797","3"
"5521","66000","387130000C","(04)23274275","(04)23288582","2026","2","13","14","2","臺中市","大甲區","0","1","0","7","2","6","40","4","9","1","5","4","6","6","4","4","7","5","5","1","11","3","10","3","1","B03","7","9","1","8","2","8","","39","39","1","12","4","120.640427","24.401644","2"
"5522","66000","387130000C","(04)23274275","(04)23288582","2026","2","13","14","3","臺中市","北區","0","2","0","7","2","6","50","4","2","1","5","4","6","6","2","1","10","5","5","2","12","3","10","3","1","B03","7","9","1","8","2","1","","7","7","1","13","4","120.670234","24.158965","2"
"5523","66000","387130000C","(04)23274275","(04)23288582","2026","2","13","14","3","臺中市","西屯區","0","0","0","7","","","40","","","","","","","","","","","","","","16","","","","","B03","","","1","","1","","","11","11","1","12","4","120.637493","24.170552","3"
"5524","66000","387130000C","(04)23274275","(04)23288582","2026","2","13","14","7","臺中市","南屯區","0","1","0","7","2","6","50","4","1","1","5","4","6","6","2","1","10","5","5","2","16","3","10","3","1","B03","7","6","1","8","2","4","","48","48","1","6","4","120.611511","24.13844","2"
"5525","66000","387130000C","(04)23274275","(04)23288582","2026","2","13","14","8","臺中市","北屯區","0","0","0","7","","","50","","","","","","","","","","","","","","13","","","","","B03","","","1","","1","","","7","7","1","12","4","120.719554","24.163125","3"
"5526","66000","387130000C","(04)23274275","(04)23288582","2026","2","13","14","8","臺中市","北屯區","0","1","0","7","2","6","50","4","9","1","5","4","6","6","2","1","1","5","5","2","13","3","10","4","1","B03","7","9","1","8","1","1","","7","7","1","12","4","120.721445","24.181845","2"
"5527","66000","387130000C","(04)23274275","(04)23288582","2026","2","13","14","9","臺中市","西區","0","0","0","7","","","50","","","","","","","","","","","","","","","","","","","C03","","","1","","1","","","7","7","1","12","4","120.673503","24.147725","3"
"5528","66000","387130000C","(04)23274275","(04)23288582","2026","2","13","14","9","臺中市","北區","0","1","0","7","2","6","50","4","1","1","5","4","6","6","4","4","5","5","5","2","15","2","9","1","1","C03","7","9","1","10","2","11","","13","13","1","12","4","120.682133","24.167227","2"
"5529","66000","387130000C","(04)23274275","(04)23288582","2026","2","13","14","9","臺中市","霧峰區","0","0","0","7","","","40","","","","","","","","","","","","","","13","","","","","B03","","","1","","1","","","84","84","1","6","4","120.66257","24.072307","3"
"5530","66000","387130000C","(04)23274275","(04)23288582","2026","2","13","14","9","臺中市","龍井區","0","0","0","7","","","70","","","","","","","","","","","","","","","","","","","A41","","","1","","1","","","8","8","1","12","4","120.522173","24.216653","3"
"5531","66000","387130000C","(04)23274275","(04)23288582","2026","2","13","14","9","臺中市","新社區","0","0","0","7","","","30","","","","","","","","","","","","","","11","","","","","B03","","","1","","1","","","85","85","1","13","4","120.806604","24.25645","3"
"5532","66000","387130000C","(04)23274275","(04)23288582","2026","2","13","14","11","臺中市","太平區","0","2","0","7","3","6","50","13","9","1","5","4","6","6","4","4","5","5","5","1","3","2","9","6","5","H01","8","18","7","21","10","17","","98","98","1","1","5","120.720832","24.120873","2"
"5533","66000","387130000C","(04)23274275","(04)23288582","2026","2","13","14","13","臺中市","東區","0","0","0","7","","","50","","","","","","","","","","","","","","","","","","","B03","","","1","","1","","","51","51","1","13","4","120.695008","24.136525","3"
"5534","66000","387130000C","(04)23274275","(04)23288582","2026","2","13","14","14","臺中市","北區","0","0","0","7","","","50","","","","","","","","","","","","","","17","","","","","B03","","","1","","2","","","49","49","1","13","4","120.68541","24.152564","4"
"5535","66000","387130000C","(04)23274275","(04)23288582","2026","2","13","14","16","臺中市","西區","0","0","0","7","","","50","","","","","","","","","","","","","","13","","","","","B03","","","1","","1","","","59","59","1","12","4","120.679212","24.13808","3"
"5536","66000","387130000C","(04)23274275","(04)23288582","2026","2","13","14","18","臺中市","西屯區","0","0","0","7","","","0","","","","","","","","","","","","","","14","","","","","B03","","","1","","1","","","49","49","1","13","4","120.614755","24.180779","3"
"5537","66000","387130000C","(04)23274275","(04)23288582","2026","2","13","14","19","臺中市","北屯區","0","2","0","7","3","3","80","10","15","1","5","4","6","6","4","4","1","4","5","1","13","2","9","1","1","C01","7","9","1","9","2","11","","7","7","1","12","4","120.696702","24.201144","2"
"5538","66000","387130000C","(04)23274275","(04)23288582","2026","2","13","14","20","臺中市","南屯區","0","2","0","7","2","6","50","13","9","1","5","4","6","6","4","4","9","5","5","2","13","2","9","1","1","C03","7","9","1","10","1","11","","7","7","1","12","4","120.639763","24.138931","2"
"5539","66000","387130000C","(04)23274275","(04)23288582","2026","2","13","14","21","臺中市","大里區","0","0","0","7","","","50","","","","","","","","","","","","","","12","","","","","B03","","","1","","2","","","84","84","1","6","4","120.681157","24.105085","3"
"5540","66000","387130000C","(04)23274275","(04)23288582","2026","2","13","14","23","臺中市","西屯區","0","1","0","7","2","6","40","13","8","1","5","4","6","6","4","4","10","4","5","1","13","2","9","1","1","C03","7","9","1","10","2","11","","59","59","1","13","4","120.635735","24.171884","2"
"5541","66000","387130000C","(04)23274275","(04)23288582","2026","2","13","14","25","臺中市","南屯區","0","2","0","7","2","6","50","13","9","1","5","4","6","6","4","4","4","4","5","2","17","3","10","1","1","C03","7","7","1","10","2","12","","40","40","1","13","4","120.648428","24.14692","2"
"5542","66000","387130000C","(04)23274275","(04)23288582","2026","2","13","14","29","臺中市","西屯區","0","0","0","7","","3","80","","","","","","","","","","","","","","12","","","","","B12","","","1","","1","","","85","85","1","12","4","120.633485","24.173264","3"
"5543","66000","387130000C","(04)23274275","(04)23288582","2026","2","13","14","30","臺中市","大肚區","0","0","0","7","","","50","","","","","","","","","","","","","","","","","","","C02","","","3","","2","","","8","8","1","6","4","120.544134","24.154959","3"
"5544","66000","387130000C","(04)23274275","(04)23288582","2026","2","13","14","30","臺中市","龍井區","0","0","0","7","","","30","","","","","","","","","","","","","","","","","","","A12","","","1","","2","","","49","49","1","12","4","120.593964","24.187604","3"
"5545","66000","387130000C","(04)23274275","(04)23288582","2026","2","13","14","31","臺中市","后里區","0","1","0","7","2","6","50","3","2","1","5","4","6","6","4","4","5","5","5","1","16","3","10","3","1","B03","7","9","1","8","7","1","","53","53","1","12","4","120.687149","24.31223","2"
"5546","66000","387130000C","(04)23274275","(04)23288582","2026","2","13","14","32","臺中市","東區","0","0","0","7","","","50","","","","","","","","","","","","","","","","","","","B03","","","1","","1","","","84","84","1","13","4","120.690886","24.143785","3"
"5547","66000","387130000C","(04)23274275","(04)23288582","2026","2","13","14","32","臺中市","南屯區","0","1","0","7","2","6","40","13","9","1","5","4","6","6","4","4","10","5","5","2","17","2","9","1","1","C01","7","9","1","9","2","11","","7","7","1","13","4","120.621618","24.134699","2"
"5548","66000","387130000C","(04)23274275","(04)23288582","2026","2","13","14","37","臺中市","豐原區","0","1","0","7","2","6","50","4","1","1","5","4","6","6","2","1","5","5","4","2","11","3","10","3","1","B03","7","6","1","8","2","8","","11","11","1","12","4","120.720927","24.25372","2"
"5549","66000","387130000C","(04)23274275","(04)23288582","2026","2","13","14","43","臺中市","西屯區","0","0","0","7","","","50","","","","","","","","","","","","","","13","","","","","B03","","","1","","2","","","59","59","1","13","4","120.624383","24.178531","3"
"5550","66000","387130000C","(04)23274275","(04)23288582","2026","2","13","14","44","臺中市","潭子區","0","0","0","7","","","50","","","","","","","","","","","","","","","","","","","B03","","","1","","2","","","24","24","1","13","4","120.703152","24.206597","3"
"5551","66000","387130000C","(04)23274275","(04)23288582","2026","2","13","14","45","臺中市","北區","0","2","0","7","2","6","50","3","1","1","5","4","6","6","4","4","10","5","5","2","16","2","8","5","4","C03","7","9","1","10","2","14","","12","12","1","13","4","120.686675","24.148005","2"
"5552","66000","387130000C","(04)23274275","(04)23288582","2026","2","13","14","46","臺中市","西屯區","0","0","0","7","","","50","","","","","","","","","","","","","","13","","","","","B03","","","1","","1","","","8","8","1","12","4","120.604772","24.187601","3"
"5553","66000","387130000C","(04)23274275","(04)23288582","2026","2","13","14","49","臺中市","北區","0","3","0","7","2","6","50","4","1","1","5","4","6","6","1","1","10","5","5","2","17","2","9","1","1","C03","7","6","3","19","2","11","","48","48","1","13","4","120.676654","24.161693","2"
"5554","66000","387130000C","(04)23274275","(04)23288582","2026","2","13","14","50","臺中市","北屯區","0","0","0","7","","","1","","","","","","","","","","","","","","25","","","","","C03","","","1","","1","","","59","59","1","6","4","120.747569","24.195852","4"
"5555","66000","387130000C","(04)23274275","(04)23288582","2026","2","13","14","51","臺中市","南區","0","1","0","7","3","6","50","13","9","1","5","4","6","6","4","4","1","5","5","2","12","3","10","3","1","B03","7","5","1","8","2","2","","85","85","1","6","4","120.669856","24.121034","2"
"5556","66000","387130000C","(04)23274275","(04)23288582","2026","2","13","14","51","臺中市","大甲區","0","1","0","7","3","6","50","5","1","1","5","4","6","6","4","4","10","5","5","2","3","3","10","3","1","B03","7","5","1","8","2","1","","7","7","1","6","4","120.621999","24.345807","2"
"5557","66000","387130000C","(04)23274275","(04)23288582","2026","2","13","14","53","臺中市","北屯區","0","0","0","7","","3","40","","","","","","","","","","","","","","13","","","","","B03","","","1","","1","","","59","59","1","12","4","120.666558","24.201176","3"
"5558","66000","387130000C","(04)23274275","(04)23288582","2026","2","13","14","54","臺中市","北區","0","0","0","7","","","50","","","","","","","","","","","","","","17","","","","","B03","","","5","","9","","","84","84","2","13","4","120.673976","24.146758","3"
"5559","66000","387130000C","(04)23274275","(04)23288582","2026","2","13","14","55","臺中市","西區","0","1","0","7","3","6","60","4","1","1","5","4","6","6","1","1","10","5","5","2","16","3","10","3","1","B03","7","5","1","8","2","2","","38","38","1","6","4","120.66692","24.153195","2"
"5560","66000","387130000C","(04)23274275","(04)23288582","2026","2","13","14","55","臺中市","西區","0","2","0","7","3","6","50","4","1","1","5","4","6","6","1","1","10","5","5","2","16","3","10","3","1","B03","7","5","1","8","3","2","","20","20","1","12","4","120.667297","24.140617","2"
"5561","66000","387130000C","(04)23274275","(04)23288582","2026","2","13","14","58","臺中市","西屯區","0","2","0","7","2","6","50","13","9","1","5","4","5","6","1","1","3","4","5","2","12","2","9","2","4","C03","7","5","1","10","2","12","","39","39","1","12","4","120.653402","24.204801","2"
"5562","66000","387130000C","(04)23274275","(04)23288582","2026","2","13","15","0","臺中市","烏日區","0","0","0","7","","","50","","","","","","","","","","","","","","14","","","","","B03","","","1","","2","","","50","50","1","6","4","120.644102","24.086995","3"
"5563","66000","387130000C","(04)23274275","(04)23288582","2026","2","13","15","2","臺中市","北區","0","1","0","7","1","6","50","13","7","1","5","4","6","6","1","1","1","4","4","2","13","3","10","3","1","B03","7","9","1","8","1","1","","84","84","1","13","4","120.678419","24.151892","2"
"5564","66000","387130000C","(04)23274275","(04)23288582","2026","2","13","15","8","臺中市","北區","0","0","0","7","","","50","","","","","","","","","","","","","","13","","","","","B02","","","1","","1","","","57","57","1","12","4","120.678296","24.165412","3"
"5565","66000","387130000C","(04)23274275","(04)23288582","2026","2","13","15","8","臺中市","南屯區","0","0","0","7","","","50","","","","","","","","","","","","","","13","","","","","B02","","","1","","1","","","56","56","1","12","4","120.612892","24.154142","3"
"5566","66000","387130000C","(04)23274275","(04)23288582","2026","2","13","15","10","臺中市","烏日區","0","1","0","7","2","6","70","13","8","1","5","4","6","6","4","4","1","4","4","1","16","3","10","3","1","B13","7","7","1","8","2","2","","40","40","1","6","4","120.602918","24.110031","2"
"5567","66000","387130000C","(04)23274275","(04)23288582","2026","2","13","15","11","臺中市","西屯區","0","2","0","7","2","6","30","4","1","1","5","4","6","6","4","4","10","5","5","2","15","2","9","6","1","F01","7","9","7","21","2","11","","15","15","1","12","4","120.643374","24.17989","2"
"5568","66000","387130000C","(04)23274275","(04)23288582","2026","2","13","15","12","臺中市","北屯區","0","1","0","7","2","6","30","3","1","1","5","4","6","6","4","4","10","5","5","2","11","3","10","3","1","B03","7","9","1","8","2","1","","41","41","1","6","4","120.681851","24.1916","2"
"5569","66000","387130000C","(04)23274275","(04)23288582","2026","2","13","15","15","臺中市","龍井區","0","1","0","7","2","6","50","13","9","1","5","4","6","6","4","4","5","5","5","1","17","2","9","4","1","F01","7","15","7","21","2","11","","35","35","1","2","4","120.52549","24.213445","2"
"5570","66000","387130000C","(04)23274275","(04)23288582","2026","2","13","15","20","臺中市","潭子區","0","0","0","7","","","50","","","","","","","","","","","","","","","","","","","B03","","","1","","2","","","47","47","1","13","4","120.706986","24.200763","3"
"5571","66000","387130000C","(04)23274275","(04)23288582","2026","2","13","15","20","臺中市","南屯區","0","1","0","7","2","6","50","3","1","1","5","4","6","6","4","4","10","5","5","2","16","3","10","3","1","B03","7","5","1","8","2","4","","14","14","1","6","4","120.645626","24.134795","2"
"5572","66000","387130000C","(04)23274275","(04)23288582","2026","2","13","15","20","臺中市","西屯區","0","0","0","7","","","50","","","","","","","","","","","","","","12","","","","","B03","","","1","","2","","","8","8","1","12","4","120.619756","24.187382","3"
"5573","66000","387130000C","(04)23274275","(04)23288582","2026","2","13","15","22","臺中市","北屯區","0","0","0","7","","3","40","","","","","","","","","","","","","","13","","","","","B03","","","1","","1","","","7","7","1","13","4","120.720974","24.172217","3"
"5574","66000","387130000C","(04)23274275","(04)23288582","2026","2","13","15","25","臺中市","南區","0","0","0","7","","","50","","","","","","","","","","","","","","13","","","","","B03","","","1","","1","","","58","58","1","13","4","120.666949","24.127771","3"
"5575","66000","387130000C","(04)23274275","(04)23288582","2026","2","13","15","26","臺中市","西屯區","0","1","0","7","2","6","50","13","7","1","5","4","6","6","4","4","5","4","4","2","16","2","9","5","4","C03","7","9","1","10","2","11","","84","84","1","12","4","120.619023","24.166194","2"
"5576","66000","387130000C","(04)23274275","(04)23288582","2026","2","13","15","32","臺中市","西屯區","0","0","0","7","","3","80","","","","","","","","","","","","","","13","","","","","B03","","","1","","1","","","7","7","1","13","4","120.653199","24.203786","3"
"5577","66000","387130000C","(04)23274275","(04)23288582","2026","2","13","15","33","臺中市","南區","0","0","0","7","","","50","","","","","","","","","","","","","","","","","","","C03","","","1","","2","","","7","7","1","12","4","120.656039","24.133556","3"
"5578","66000","387130000C","(04)23274275","(04)23288582","2026","2","13","15","33","臺中市","大里區","0","1","0","7","2","6","50","13","8","1","5","4","6","6","4","4","5","5","4","1","17","2","8","1","1","C03","7","9","1","10","2","14","","4","4","1","6","4","120.703393","24.09108","2"
"5579","66000","387130000C","(04)23274275","(04)23288582","2026","2","13","15","35","臺中市","北區","0","0","0","7","","","50","","","","","","","","","","","","","","17","","","","","C04","","","1","","2","","","48","48","1","13","1","120.689145","24.153459","3"
"5580","66000","387130000C","(04)23274275","(04)23288582","2026","2","13","15","35","臺中市","東區","0","1","0","7","2","6","50","3","1","1","5","4","6","6","4","4","5","5","5","2","13","2","9","2","1","C03","7","9","1","10","2","14","","7","7","1","12","4","120.696076","24.147897","2"
"5581","66000","387130000C","(04)23274275","(04)23288582","2026","2","13","15","35","臺中市","西屯區","0","0","0","7","","","50","","","","","","","","","","","","","","12","","","","","F03","","","7","","2","","","8","8","1","13","4","120.660789","24.17219","3"
"5582","66000","387130000C","(04)23274275","(04)23288582","2026","2","13","15","35","臺中市","清水區","0","0","0","7","","","50","","","","","","","","","","","","","","","","","","","B03","","","1","","2","","","7","7","1","12","4","120.566666","24.267894","3"
"5583","66000","387130000C","(04)23274275","(04)23288582","2026","2","13","15","35","臺中市","神岡區","0","1","0","7","2","6","50","13","9","1","5","4","6","6","4","4","9","4","5","1","17","3","10","5","4","C03","7","15","1","10","2","12","","20","20","1","13","4","120.658597","24.263436","2"
"5584","66000","387130000C","(04)23274275","(04)23288582","2026","2","13","15","36","臺中市","南屯區","0","1","0","7","2","6","50","13","9","1","5","4","6","6","4","4","9","4","5","2","12","2","9","1","1","C03","7","6","1","10","2","14","","84","84","1","12","4","120.632302","24.143612","2"
"5585","66000","387130000C","(04)23274275","(04)23288582","2026","2","13","15","36","臺中市","神岡區","0","1","0","7","2","6","30","11","14","1","5","4","6","6","4","4","10","5","5","1","27","2","9","5","4","C03","7","9","1","10","2","13","","59","59","1","12","4","120.691397","24.241073","2"
"5586","66000","387130000C","(04)23274275","(04)23288582","2026","2","13","15","40","臺中市","北屯區","0","1","0","7","2","6","50","3","1","1","5","4","6","6","4","4","10","5","5","2","17","2","9","2","1","C03","7","4","1","10","2","12","13","7","7","1","6","4","120.694058","24.164538","2"
"5587","66000","387130000C","(04)23274275","(04)23288582","2026","2","13","15","51","臺中市","西屯區","0","0","0","7","","","40","","","","","","","","","","","","","","17","","","","","B11","","","1","","1","","","93","93","1","12","4","120.610243","24.193999","3"
"5588","66000","387130000C","(04)23274275","(04)23288582","2026","2","13","15","55","臺中市","太平區","0","0","0","7","","","50","","","","","","","","","","","","","","16","","","","","C03","","","1","","2","","","14","14","1","12","4","120.726822","24.149926","3"
"5589","66000","387130000C","(04)23274275","(04)23288582","2026","2","13","15","57","臺中市","潭子區","0","1","0","7","3","6","50","4","1","1","5","4","6","6","1","1","5","4","4","2","17","3","10","3","1","B03","7","6","1","8","2","4","","48","48","1","13","4","120.691862","24.218389","2"
"5590","66000","387130000C","(04)23274275","(04)23288582","2026","2","13","15","58","臺中市","西屯區","0","0","0","7","","","0","","","","","","","","","","","","","","12","","","","","B03","","","1","","1","","","51","51","1","12","4","120.62223","24.176356","3"
"5591","66000","387130000C","(04)23274275","(04)23288582","2026","2","13","16","0","臺中市","烏日區","0","1","0","7","2","6","40","4","1","1","5","4","6","6","4","4","4","5","5","2","15","3","10","3","1","B12","7","9","1","8","2","8","","6","6","1","6","4","120.589385","24.11106","2"
"5592","66000","387130000C","(04)23274275","(04)23288582","2026","2","13","16","0","臺中市","大肚區","0","0","0","7","","","50","","","","","","","","","","","","","","","","","","","B03","","","1","","2","","","49","49","1","6","4","120.544572","24.153521","3"
"5593","66000","387130000C","(04)23274275","(04)23288582","2026","2","13","16","0","臺中市","東勢區","0","2","0","7","2","9","30","13","13","1","5","4","6","6","4","4","8","5","5","2","10","3","10","1","1","F01","7","9","7","21","2","12","","84","84","1","12","4","120.811086","24.278499","2"
"5594","66000","387130000C","(04)23274275","(04)23288582","2026","2","13","16","1","臺中市","北屯區","0","1","0","7","2","6","50","13","9","1","5","4","6","6","4","4","1","4","5","2","12","3","10","3","1","B03","7","7","1","8","2","5","","42","42","1","8","4","120.690153","24.171479","2"
"5595","66000","387130000C","(04)23274275","(04)23288582","2026","2","13","16","2","臺中市","西區","0","0","0","7","","","50","","","","","","","","","","","","","","","","","","","B02","","","1","","1","","","8","8","1","12","4","120.657777","24.139392","3"
"5596","66000","387130000C","(04)23274275","(04)23288582","2026","2","13","16","3","臺中市","西區","0","1","0","7","2","6","50","3","2","1","5","4","6","6","1","1","9","4","4","2","12","3","10","1","1","C03","7","9","1","10","2","12","","84","84","1","12","4","120.665235","24.145531","2"
"5597","66000","387130000C","(04)23274275","(04)23288582","2026","2","13","16","3","臺中市","太平區","0","1","0","7","2","6","30","11","9","1","5","4","6","6","4","4","5","5","5","1","19","2","9","2","1","C03","7","6","1","10","2","12","","84","84","1","12","4","120.814847","24.075685","2"
"5598","66000","387130000C","(04)23274275","(04)23288582","2026","2","13","16","3","臺中市","豐原區","0","0","0","7","","","50","","","","","","","","","","","","","","12","","","","","B03","","","1","","2","","","8","8","1","12","4","120.701116","24.249396","3"
"5599","66000","387130000C","(04)23274275","(04)23288582","2026","2","13","16","5","臺中市","西區","0","1","0","7","3","6","50","4","1","1","5","4","6","6","4","4","10","5","5","2","30","2","9","1","1","C03","7","5","1","10","2","12","","87","87","1","13","4","120.657233","24.135154","2"
"5600","66000","387130000C","(04)23274275","(04)23288582","2026","2","13","16","8","臺中市","西屯區","0","0","0","7","","","50","","","","","","","","","","","","","","12","","","","","B03","","","1","","1","","","51","51","1","13","4","120.666079","24.173081","3"
"5601","66000","387130000C","(04)23274275","(04)23288582","2026","2","13","16","9","臺中市","神岡區","0","1","0","7","2","6","50","4","1","1","5","4","6","6","4","4","10","5","5","2","2","3","10","5","4","C03","7","15","5","19","2","11","","84","84","1","13","4","120.711641","24.260408","2"
"5602","66000","387130000C","(04)23274275","(04)23288582","2026","2","13","16","11","臺中市","太平區","0","0","0","7","","3","80","","","","","","","","","","","","","","","","","","","B03","","","1","","1","","","84","84","1","13","4","120.71742","24.156208","3"
"5603","66000","387130000C","(04)23274275","(04)23288582","2026","2","13","16","12","臺中市","大里區","0","0","0","7","","","50","","","","","","","","","","","","","","13","","","","","B03","","","1","","1","","","7","7","1","6","4","120.680997","24.109754","3"
"5604","66000","387130000C","(04)23274275","(04)23288582","2026","2","13","16","14","臺中市","西屯區","0","1","0","7","2","6","30","3","1","1","5","4","6","6","4","4","10","5","5","2","16","3","10","5","1","B03","7","6","1","8","2","1","","14","14","1","12","4","120.657129","24.160652","2"
"5605","66000","387130000C","(04)23274275","(04)23288582","2026","2","13","16","15","臺中市","北屯區","0","0","0","7","","","30","","","","","","","","","","","","","","","","","","","B03","","","5","","1","","","49","49","1","6","4","120.693929","24.167639","3"
"5606","66000","387130000C","(04)23274275","(04)23288582","2026","2","13","16","15","臺中市","神岡區","0","1","0","7","2","6","60","13","9","1","5","4","6","6","1","1","1","4","5","1","13","3","10","5","4","B03","7","9","1","8","2","1","","59","59","1","12","4","120.695357","24.233043","2"
"5607","66000","387130000C","(04)23274275","(04)23288582","2026","2","13","16","18","臺中市","西區","0","1","0","7","2","6","50","4","2","1","5","4","6","6","1","1","1","4","1","2","17","2","9","2","1","C04","7","8","1","11","2","14","","40","40","1","12","4","120.665274","24.153681","2"
"5608","66000","387130000C","(04)23274275","(04)23288582","2026","2","13","16","22","臺中市","烏日區","0","0","0","7","","","40","","","","","","","","","","","","","","23","","","","","B12","","","1","","2","","","59","59","1","6","4","120.617045","24.110124","3"
"5609","66000","387130000C","(04)23274275","(04)23288582","2026","2","13","16","23","臺中市","豐原區","0","1","0","7","2","6","50","4","1","1","5","4","6","6","1","1","1","3","5","1","16","3","10","1","1","C03","7","6","1","10","2","13","","11","11","1","13","4","120.729411","24.252383","2"
"5610","66000","387130000C","(04)23274275","(04)23288582","2026","2","13","16","24","臺中市","大甲區","0","0","0","7","","","50","","","","","","","","","","","","","","","","","","","B03","","","1","","2","","","49","49","1","6","4","120.632156","24.340353","3"
"5611","66000","387130000C","(04)23274275","(04)23288582","2026","2","13","16","26","臺中市","太平區","0","0","0","7","","","50","","","","","","","","","","","","","","","","","","","B03","","","3","","1","","","8","8","1","12","4","120.710847","24.154342","3"
"5612","66000","387130000C","(04)23274275","(04)23288582","2026","2","13","16","27","臺中市","北屯區","0","0","0","7","","3","80","","","","","","","","","","","","","","17","","","","","B03","","","1","","1","","","40","40","1","6","4","120.721089","24.179259","3"
"5613","66000","387130000C","(04)23274275","(04)23288582","2026","2","13","16","28","臺中市","西屯區","0","2","0","7","2","6","40","3","2","1","5","4","6","6","2","1","10","5","5","2","13","2","9","1","1","C03","7","9","1","10","2","11","","7","7","1","12","4","120.613558","24.183768","2"