序號,縣市別代碼,機關代碼,市話,傳真,年,月,日,時,分,縣市,區,死亡數量,受傷數量,2-30,天候,道路照明設備,道路類別,道路速限,道路型態,事故位置,路面鋪裝,路面狀態,路面缺陷,障礙物,視距,號誌種類,號誌動作,分向設施,快車道或一般車道間,快慢車道間,路面邊線,事故類型及型態,受傷程度,主要傷處,保護裝備,行動電話或功能裝置,當事者區分(類別),車輛用途,當事者行動狀態,駕照狀態,駕照種類,飲酒情形,車輛撞擊部位最初,車輛撞擊部位其他,肇事因素個別,肇事因素主要,肇事逃逸,職業,共享經濟或外送平台,GPS座標X,GPS座標Y,事故類別
"5614","66000","387130000C","(04)23274275","(04)23288582","2026","2","13","16","28","臺中市","后里區","0","0","0","7","3","6","50","13","14","1","5","4","6","6","4","4","1","4","4","1","17","3","10","3","1","B03","7","3","1","8","2","2","","8","8","1","6","4","120.722979","24.310823","3"
"5615","66000","387130000C","(04)23274275","(04)23288582","2026","2","13","16","29","臺中市","西屯區","0","1","0","7","2","6","40","4","1","1","5","4","6","6","2","1","1","5","5","2","16","3","10","3","1","B03","7","5","1","8","2","5","","47","47","1","12","4","120.640691","24.167689","2"
"5616","66000","387130000C","(04)23274275","(04)23288582","2026","2","13","16","30","臺中市","潭子區","0","1","0","7","3","6","30","13","9","1","5","4","6","6","4","4","10","5","5","2","30","3","10","2","1","C02","7","1","1","9","2","16","","51","51","1","12","4","120.706524","24.232251","2"
"5617","66000","387130000C","(04)23274275","(04)23288582","2026","2","13","16","31","臺中市","南屯區","0","1","0","7","2","6","50","4","1","1","5","4","6","6","1","1","5","4","5","2","17","3","10","3","1","B03","7","5","1","8","2","2","","11","11","1","13","4","120.633944","24.146211","2"
"5618","66000","387130000C","(04)23274275","(04)23288582","2026","2","13","16","39","臺中市","梧棲區","0","1","0","7","2","6","50","3","1","1","5","4","6","6","4","4","10","5","5","2","13","3","10","3","1","B03","7","9","1","8","1","1","","7","7","1","12","4","120.533834","24.261546","2"
"5619","66000","387130000C","(04)23274275","(04)23288582","2026","2","13","16","43","臺中市","南區","0","0","0","7","","","50","","","","","","","","","","","","","","","","","","","B03","","","1","","1","","","50","50","1","12","4","120.655063","24.133947","3"
"5620","66000","387130000C","(04)23274275","(04)23288582","2026","2","13","16","43","臺中市","北屯區","0","2","0","7","2","6","50","4","1","1","5","4","6","6","2","1","10","5","5","2","13","3","10","3","1","B12","7","9","1","8","2","8","","7","7","1","6","4","120.712859","24.172866","2"
"5621","66000","387130000C","(04)23274275","(04)23288582","2026","2","13","16","48","臺中市","龍井區","0","2","0","7","2","6","50","3","1","1","5","4","6","6","3","1","5","5","4","2","13","2","9","1","1","C03","7","9","1","10","2","11","","7","7","1","12","4","120.550452","24.213302","2"
"5622","66000","387130000C","(04)23274275","(04)23288582","2026","2","13","16","50","臺中市","東區","0","0","0","7","","","30","","","","","","","","","","","","","","12","","","","","B03","","","1","","2","","","84","84","1","13","4","120.691721","24.144486","3"
"5623","66000","387130000C","(04)23274275","(04)23288582","2026","2","13","16","50","臺中市","北屯區","0","0","0","7","","","1","","","","","","","","","","","","","","14","","","","","B03","","","1","","2","","","49","49","1","6","4","120.719412","24.176317","3"
"5624","66000","387130000C","(04)23274275","(04)23288582","2026","2","13","16","52","臺中市","南區","0","0","0","7","","","50","","","","","","","","","","","","","","","","","","","C03","","","1","","1","","","26","26","1","12","4","120.665475","24.128034","3"
"5625","66000","387130000C","(04)23274275","(04)23288582","2026","2","13","16","57","臺中市","南區","0","1","0","7","2","6","50","4","1","1","5","4","6","6","4","4","10","5","5","2","16","3","10","3","1","B03","7","6","1","8","2","5","","14","14","1","12","4","120.667376","24.114245","2"
"5626","66000","387130000C","(04)23274275","(04)23288582","2026","2","13","16","58","臺中市","烏日區","0","0","0","7","","","40","","","","","","","","","","","","","","12","","","","","A04","","","1","","9","","","8","8","1","6","4","120.617057","24.110141","3"
"5627","66000","387130000C","(04)23274275","(04)23288582","2026","2","13","17","0","臺中市","西區","0","1","0","7","2","6","40","5","2","1","5","4","6","6","1","1","5","2","4","2","13","3","10","3","1","B03","7","9","5","8","9","1","","7","7","2","12","4","120.675422","24.133556","2"
"5628","66000","387130000C","(04)23274275","(04)23288582","2026","2","13","17","0","臺中市","南屯區","0","0","0","7","","","50","","","","","","","","","","","","","","12","","","","","B03","","","1","","1","","","40","40","1","12","4","120.6185","24.145315","3"
"5629","66000","387130000C","(04)23274275","(04)23288582","2026","2","13","17","0","臺中市","西屯區","0","0","0","7","","","50","","","","","","","","","","","","","","14","","","","","B03","","","1","","1","","","49","49","1","13","4","120.654596","24.158483","3"
"5630","66000","387130000C","(04)23274275","(04)23288582","2026","2","13","17","0","臺中市","烏日區","0","0","0","7","","","50","","","","","","","","","","","","","","9","","","","","B03","","","1","","1","","","50","50","1","6","4","120.59768","24.11023","4"
"5631","66000","387130000C","(04)23274275","(04)23288582","2026","2","13","17","3","臺中市","大肚區","0","2","0","7","2","6","30","3","2","1","5","4","6","6","4","4","10","5","5","2","17","2","9","1","1","C03","7","1","1","10","2","12","","59","59","1","5","4","120.544342","24.159304","2"
"5632","66000","387130000C","(04)23274275","(04)23288582","2026","2","13","17","6","臺中市","太平區","0","1","0","7","3","6","50","13","24","1","5","4","6","6","4","4","10","5","5","2","16","2","9","2","1","C03","7","1","1","10","2","14","","51","51","1","13","4","120.726236","24.149865","2"
"5633","66000","387130000C","(04)23274275","(04)23288582","2026","2","13","17","7","臺中市","烏日區","0","1","0","7","2","6","40","3","1","1","5","4","6","6","1","1","4","3","4","1","15","3","10","3","1","B03","7","15","1","8","2","6","","11","11","1","6","4","120.644004","24.081894","2"
"5634","66000","387130000C","(04)23274275","(04)23288582","2026","2","13","17","7","臺中市","龍井區","0","3","0","7","2","6","50","4","1","1","5","4","6","6","2","1","10","5","5","2","16","2","7","5","4","C03","7","9","1","8","2","12","","34","34","1","6","4","120.583366","24.179997","2"
"5635","66000","387130000C","(04)23274275","(04)23288582","2026","2","13","17","9","臺中市","潭子區","0","3","0","7","3","6","40","13","8","1","5","4","6","6","4","4","1","4","4","1","13","3","10","1","1","C03","7","9","1","10","2","11","","7","7","1","13","4","120.694878","24.215884","2"
"5636","66000","387130000C","(04)23274275","(04)23288582","2026","2","13","17","10","臺中市","龍井區","0","2","0","7","2","6","70","5","1","1","5","4","6","6","1","1","1","4","4","1","15","2","8","1","1","C03","7","9","1","10","2","11","","21","21","1","12","4","120.536555","24.193983","2"
"5637","66000","387130000C","(04)23274275","(04)23288582","2026","2","13","17","11","臺中市","西屯區","0","0","0","7","","","50","","","","","","","","","","","","","","13","","","","","C03","","","1","","1","","","7","7","1","12","4","120.64939","24.175127","3"
"5638","66000","387130000C","(04)23274275","(04)23288582","2026","2","13","17","11","臺中市","豐原區","0","1","0","7","2","6","50","13","8","1","5","4","6","6","4","4","1","4","4","1","18","2","8","1","1","C03","7","9","1","10","2","16","14","84","84","1","12","4","120.753348","24.272736","2"
"5639","66000","387130000C","(04)23274275","(04)23288582","2026","2","13","17","12","臺中市","清水區","0","1","0","7","3","6","50","3","1","1","5","4","6","6","4","4","9","4","5","2","16","3","10","1","1","C03","7","6","1","10","2","11","","20","20","1","12","4","120.575764","24.272641","2"
"5640","66000","387130000C","(04)23274275","(04)23288582","2026","2","13","17","13","臺中市","南屯區","0","1","0","7","1","6","50","4","1","1","5","4","6","6","2","1","5","5","5","2","17","3","10","3","1","B03","7","9","1","8","2","2","","59","59","1","6","4","120.615282","24.148169","2"
"5641","66000","387130000C","(04)23274275","(04)23288582","2026","2","13","17","14","臺中市","霧峰區","0","0","0","7","","","50","","","","","","","","","","","","","","17","","","","","B03","","","1","","2","","","84","84","1","13","4","120.673471","24.063201","3"
"5642","66000","387130000C","(04)23274275","(04)23288582","2026","2","13","17","15","臺中市","太平區","0","0","0","7","","","50","","","","","","","","","","","","","","16","","","","","B03","","","1","","2","","","20","20","1","12","4","120.708454","24.128404","3"
"5643","66000","387130000C","(04)23274275","(04)23288582","2026","2","13","17","15","臺中市","烏日區","0","0","0","7","2","6","60","4","1","1","5","4","6","6","2","1","1","4","4","1","13","3","10","3","1","B03","7","9","1","8","5","8","","7","7","1","6","4","120.647056","24.072841","3"
"5644","66000","387130000C","(04)23274275","(04)23288582","2026","2","13","17","17","臺中市","外埔區","0","0","0","7","2","6","50","4","7","1","5","4","6","6","4","4","5","5","4","1","17","3","10","3","1","B03","7","9","1","8","2","5","","84","84","1","12","4","120.655094","24.330084","3"
"5645","66000","387130000C","(04)23274275","(04)23288582","2026","2","13","17","18","臺中市","龍井區","0","0","0","7","","","30","","","","","","","","","","","","","","","","","","","B03","","","1","","2","","","59","59","1","12","4","120.586923","24.183475","3"
"5646","66000","387130000C","(04)23274275","(04)23288582","2026","2","13","17","20","臺中市","中區","0","0","0","7","","","50","","","","","","","","","","","","","","","","","","","B03","","","1","","1","","","8","8","1","12","4","120.682156","24.140099","4"
"5647","66000","387130000C","(04)23274275","(04)23288582","2026","2","13","17","20","臺中市","北屯區","0","0","0","7","","","60","","","","","","","","","","","","","","13","","","","","C03","","","1","","1","","","7","7","1","6","4","120.711622","24.164892","4"
"5648","66000","387130000C","(04)23274275","(04)23288582","2026","2","13","17","20","臺中市","沙鹿區","0","1","0","7","2","6","30","4","9","1","5","4","6","6","4","4","4","3","5","1","17","3","10","2","1","C03","7","9","1","10","2","16","","15","15","1","12","4","120.567786","24.216518","2"
"5649","66000","387130000C","(04)23274275","(04)23288582","2026","2","13","17","21","臺中市","南屯區","0","3","0","7","2","6","50","5","1","1","5","4","6","6","1","1","9","4","5","2","12","3","10","1","1","C03","7","5","1","10","2","12","","84","84","1","12","4","120.654535","24.135079","2"
"5650","66000","387130000C","(04)23274275","(04)23288582","2026","2","13","17","21","臺中市","西屯區","0","2","0","7","2","6","40","13","8","1","5","4","6","6","4","4","1","4","1","2","13","2","9","2","1","C03","7","9","1","10","2","11","","85","85","1","12","4","120.601873","24.182732","2"
"5651","66000","387130000C","(04)23274275","(04)23288582","2026","2","13","17","22","臺中市","北區","0","0","0","7","","","50","","","","","","","","","","","","","","13","","","","","B03","","","1","","2","","","84","84","1","12","4","120.668397","24.15622","3"
"5652","66000","387130000C","(04)23274275","(04)23288582","2026","2","13","17","24","臺中市","大雅區","0","0","0","7","","","40","","","","","","","","","","","","","","","","","","","C03","","","1","","1","","","7","7","1","13","4","120.645212","24.225937","3"
"5653","66000","387130000C","(04)23274275","(04)23288582","2026","2","13","17","25","臺中市","西區","0","1","0","7","3","6","50","4","2","1","5","4","6","6","1","1","5","4","4","2","17","2","9","1","1","C03","7","9","1","10","2","11","","84","84","1","13","4","120.670767","24.145322","2"
"5654","66000","387130000C","(04)23274275","(04)23288582","2026","2","13","17","26","臺中市","太平區","0","3","0","7","2","6","50","13","8","1","5","4","6","6","4","4","5","5","4","1","6","2","9","6","5","H01","8","18","7","21","10","17","","95","95","1","6","5","120.725483","24.149777","2"
"5655","66000","387130000C","(04)23274275","(04)23288582","2026","2","13","17","27","臺中市","北區","0","1","0","7","2","6","50","3","9","1","5","4","6","6","4","4","5","4","5","2","17","2","8","5","4","C03","7","8","1","10","2","14","","40","40","1","13","4","120.675376","24.146328","2"
"5656","66000","387130000C","(04)23274275","(04)23288582","2026","2","13","17","27","臺中市","北區","0","2","0","7","2","6","50","4","2","1","5","4","6","6","1","1","5","4","4","2","17","3","10","5","1","B03","7","5","1","8","2","6","","84","84","1","13","4","120.675231","24.160493","2"
"5657","66000","387130000C","(04)23274275","(04)23288582","2026","2","13","17","28","臺中市","北屯區","0","0","0","7","","","50","","","","","","","","","","","","","","13","","","","","B03","","","1","","1","","","58","58","1","6","4","120.709918","24.180116","3"
"5658","66000","387130000C","(04)23274275","(04)23288582","2026","2","13","17","29","臺中市","北區","0","2","0","7","2","6","50","4","1","1","5","4","6","6","1","1","10","5","5","2","13","2","9","1","1","C03","7","9","1","10","2","11","","7","7","1","13","4","120.680455","24.154633","2"
"5659","66000","387130000C","(04)23274275","(04)23288582","2026","2","13","17","30","臺中市","潭子區","0","1","0","7","2","6","50","13","7","1","5","4","6","6","4","4","1","4","4","2","13","2","8","2","1","C03","7","9","1","10","2","11","","58","58","1","12","4","120.694781","24.215923","2"
"5660","66000","387130000C","(04)23274275","(04)23288582","2026","2","13","17","30","臺中市","西屯區","0","1","0","7","2","6","50","3","1","1","5","4","6","6","2","1","10","5","5","2","16","3","10","1","1","C03","7","6","1","10","2","12","14","11","11","1","12","4","120.647063","24.16573","2"
"5661","66000","387130000C","(04)23274275","(04)23288582","2026","2","13","17","35","臺中市","大雅區","0","1","0","7","3","6","30","13","9","1","5","4","6","6","4","4","10","5","5","1","17","3","10","3","1","B03","7","11","1","8","2","5","","46","46","1","13","4","120.637141","24.239453","2"
"5662","66000","387130000C","(04)23274275","(04)23288582","2026","2","13","17","35","臺中市","北區","0","2","0","7","2","6","50","5","1","1","5","4","6","6","1","1","1","4","5","2","13","2","9","1","1","C03","7","9","1","10","2","11","","7","7","1","12","4","120.686179","24.154479","2"
"5663","66000","387130000C","(04)23274275","(04)23288582","2026","2","13","17","36","臺中市","太平區","0","0","0","7","","","0","","","","","","","","","","","","","","","","","","","C03","","","1","","2","","","49","49","1","13","4","120.724666","24.141832","3"
"5664","66000","387130000C","(04)23274275","(04)23288582","2026","2","13","17","37","臺中市","豐原區","0","0","0","7","","","50","","","","","","","","","","","","","","14","","","","","A04","","","1","","2","","","84","84","1","6","4","120.708561","24.250089","3"
"5665","66000","387130000C","(04)23274275","(04)23288582","2026","2","13","17","38","臺中市","東區","0","0","0","7","","","50","","","","","","","","","","","","","","13","","","","","B03","","","1","","1","","","7","7","1","13","4","120.70006","24.131951","3"
"5666","66000","387130000C","(04)23274275","(04)23288582","2026","2","13","17","39","臺中市","潭子區","0","0","0","7","","","50","","","","","","","","","","","","","","13","","","","","B03","","","1","","2","","","59","59","1","12","4","120.708358","24.231244","3"
"5667","66000","387130000C","(04)23274275","(04)23288582","2026","2","13","17","39","臺中市","西區","0","1","0","7","1","6","40","4","2","1","5","4","6","6","1","1","1","4","5","2","18","2","9","2","1","C03","7","9","1","10","2","14","","84","84","1","12","4","120.657408","24.142864","2"
"5668","66000","387130000C","(04)23274275","(04)23288582","2026","2","13","17","39","臺中市","烏日區","0","0","0","7","","","50","","","","","","","","","","","","","","17","","","","","B12","","","1","","1","","","51","51","1","6","4","120.633319","24.105766","3"
"5669","66000","387130000C","(04)23274275","(04)23288582","2026","2","13","17","42","臺中市","大里區","0","0","0","7","","","50","","","","","","","","","","","","","","","","","","","B03","","","1","","2","","","7","7","1","12","4","120.696884","24.111747","3"
"5670","66000","387130000C","(04)23274275","(04)23288582","2026","2","13","17","48","臺中市","龍井區","0","2","0","7","1","6","30","4","1","1","5","4","6","6","4","4","10","5","5","2","15","2","9","1","1","C03","7","9","1","10","2","12","","12","12","1","12","4","120.590077","24.189047","2"
"5671","66000","387130000C","(04)23274275","(04)23288582","2026","2","13","17","49","臺中市","南區","0","1","0","7","1","6","50","4","2","1","5","4","6","6","2","1","3","2","4","2","17","3","10","3","1","B03","7","9","1","8","2","2","","8","8","1","12","4","120.656305","24.113981","2"
"5672","66000","387130000C","(04)23274275","(04)23288582","2026","2","13","17","51","臺中市","南屯區","0","0","0","7","","","50","","","","","","","","","","","","","","","","","","","B02","","","1","","1","","","8","8","1","13","4","120.649774","24.137773","3"
"5673","66000","387130000C","(04)23274275","(04)23288582","2026","2","13","17","53","臺中市","東區","0","2","0","7","2","6","50","4","1","1","5","4","6","6","2","1","5","5","5","2","16","2","9","2","1","C03","7","5","1","10","2","12","","65","65","1","13","4","120.701504","24.125372","2"
"5674","66000","387130000C","(04)23274275","(04)23288582","2026","2","13","17","55","臺中市","大里區","0","1","0","7","2","6","50","13","8","1","5","4","6","6","1","1","5","5","4","2","17","3","10","5","4","B03","7","5","1","8","11","16","","85","85","1","12","4","120.715729","24.099263","2"
"5675","66000","387130000C","(04)23274275","(04)23288582","2026","2","13","17","55","臺中市","大肚區","0","0","0","7","","","60","","","","","","","","","","","","","","","","","","","B03","","","1","","2","","","7","7","1","12","4","120.582695","24.171982","3"
"5676","66000","387130000C","(04)23274275","(04)23288582","2026","2","13","17","55","臺中市","后里區","0","0","0","7","1","6","60","4","9","1","5","4","6","6","1","1","5","4","5","1","13","3","10","3","1","B03","7","14","1","8","2","7","","7","7","1","6","4","120.725002","24.321506","3"
"5677","66000","387130000C","(04)23274275","(04)23288582","2026","2","13","17","58","臺中市","北屯區","0","0","0","7","","","50","","","","","","","","","","","","","","","","","","","A11","","","1","","2","","","58","58","1","6","4","120.679329","24.170831","3"
"5678","66000","387130000C","(04)23274275","(04)23288582","2026","2","13","17","58","臺中市","西屯區","0","2","0","7","1","6","50","3","1","1","5","4","6","6","2","1","10","5","5","2","12","2","8","2","1","C04","7","6","1","10","2","14","","48","48","1","13","4","120.647052","24.16568","2"
"5679","66000","387130000C","(04)23274275","(04)23288582","2026","2","13","17","59","臺中市","太平區","0","0","0","7","","","40","","","","","","","","","","","","","","14","","","","","B12","","","1","","2","","","49","49","1","6","4","120.720171","24.149053","3"
"5680","66000","387130000C","(04)23274275","(04)23288582","2026","2","13","18","0","臺中市","南屯區","0","0","0","7","","","50","","","","","","","","","","","","","","13","","","","","C03","","","1","","1","","","59","59","1","12","4","120.609723","24.139374","3"
"5681","66000","387130000C","(04)23274275","(04)23288582","2026","2","13","18","4","臺中市","南屯區","0","2","0","7","1","6","50","3","1","1","5","4","6","6","4","4","5","5","5","2","16","2","7","3","1","B03","7","5","1","8","2","2","","84","84","1","6","4","120.610269","24.1345","2"
"5682","66000","387130000C","(04)23274275","(04)23288582","2026","2","13","18","6","臺中市","南區","0","1","0","7","1","6","50","4","1","1","5","4","6","6","1","1","10","5","5","2","17","2","9","5","4","C03","7","9","1","10","2","11","","7","7","1","12","4","120.679264","24.124943","2"
"5683","66000","387130000C","(04)23274275","(04)23288582","2026","2","13","18","6","臺中市","豐原區","0","0","0","7","","","50","","","","","","","","","","","","","","16","","","","","B03","","","1","","1","","","12","12","1","13","4","120.715405","24.251827","3"
"5684","66000","387130000C","(04)23274275","(04)23288582","2026","2","13","18","8","臺中市","南區","0","0","0","7","","","50","","","","","","","","","","","","","","13","","","","","C03","","","2","","1","","","84","84","1","12","4","120.678616","24.127226","3"
"5685","66000","387130000C","(04)23274275","(04)23288582","2026","2","13","18","8","臺中市","梧棲區","0","1","0","7","1","6","50","3","2","1","5","4","6","6","4","4","10","5","5","2","13","2","3","3","1","B03","7","9","1","8","2","1","","7","7","1","12","4","120.525677","24.224501","2"
"5686","66000","387130000C","(04)23274275","(04)23288582","2026","2","13","18","9","臺中市","東區","0","0","0","7","","","20","","","","","","","","","","","","","","17","","","","","C03","","","1","","2","","","84","84","1","13","4","120.693228","24.134225","3"
"5687","66000","387130000C","(04)23274275","(04)23288582","2026","2","13","18","9","臺中市","霧峰區","0","1","0","7","1","6","50","4","1","1","5","4","6","6","1","1","10","5","5","2","12","2","9","6","1","F01","7","1","7","21","1","12","","51","51","1","12","4","120.696384","24.059652","2"
"5688","66000","387130000C","(04)23274275","(04)23288582","2026","2","13","18","10","臺中市","大雅區","0","1","0","7","3","6","50","13","9","1","5","4","6","6","4","4","4","5","5","1","17","2","3","5","4","C03","7","5","1","10","2","11","","84","84","1","13","4","120.645636","24.227728","2"
"5689","66000","387130000C","(04)23274275","(04)23288582","2026","2","13","18","10","臺中市","沙鹿區","0","1","0","7","1","6","50","4","1","1","5","4","6","6","4","4","10","5","5","2","13","2","9","2","1","C03","7","9","1","10","2","11","","7","7","1","7","4","120.570165","24.229742","2"
"5690","66000","387130000C","(04)23274275","(04)23288582","2026","2","13","18","11","臺中市","西屯區","0","1","0","7","1","6","50","3","2","1","5","4","6","6","2","1","10","5","5","2","16","3","10","3","1","B03","7","5","1","8","2","2","","47","47","1","12","4","120.647676","24.195999","2"
"5691","66000","387130000C","(04)23274275","(04)23288582","2026","2","13","18","16","臺中市","南屯區","0","0","0","7","","","50","","","","","","","","","","","","","","13","","","","","B03","","","3","","2","","","59","59","1","6","4","120.634333","24.15119","3"
"5692","66000","387130000C","(04)23274275","(04)23288582","2026","2","13","18","16","臺中市","大里區","0","1","0","7","1","6","30","3","1","1","5","4","6","6","4","4","10","5","5","1","16","3","10","1","1","C03","7","6","1","10","2","12","11","14","14","1","6","4","120.666313","24.104861","2"
"5693","66000","387130000C","(04)23274275","(04)23288582","2026","2","13","18","17","臺中市","南屯區","0","1","0","7","2","6","50","4","1","1","5","4","6","6","1","1","9","5","5","2","11","3","10","3","1","B03","7","6","1","8","2","2","","11","11","1","12","4","120.60177","24.139316","2"
"5694","66000","387130000C","(04)23274275","(04)23288582","2026","2","13","18","19","臺中市","北區","0","1","0","7","1","6","50","13","9","1","5","4","6","6","4","4","10","5","5","2","1","2","9","5","1","B03","7","9","1","8","2","8","","8","8","1","13","4","120.674975","24.145174","2"
"5695","66000","387130000C","(04)23274275","(04)23288582","2026","2","13","18","21","臺中市","西區","0","1","0","7","1","6","50","4","2","1","5","4","6","6","1","1","9","4","5","2","13","3","10","3","1","B03","7","9","1","8","2","1","","59","59","1","12","4","120.665614","24.132011","2"
"5696","66000","387130000C","(04)23274275","(04)23288582","2026","2","13","18","21","臺中市","南屯區","0","0","0","7","","","50","","","","","","","","","","","","","","","","","","","B03","","","1","","1","","","78","78","1","13","4","120.616286","24.146186","3"
"5697","66000","387130000C","(04)23274275","(04)23288582","2026","2","13","18","21","臺中市","清水區","0","0","0","7","","","40","","","","","","","","","","","","","","","","","","","B03","","","1","","2","","","7","7","1","12","4","120.564768","24.297271","3"
"5698","66000","387130000C","(04)23274275","(04)23288582","2026","2","13","18","23","臺中市","南屯區","0","0","0","7","","3","80","","","","","","","","","","","","","","13","","","","","B03","","","1","","1","","","59","59","1","6","4","120.62327","24.146078","3"
"5699","66000","387130000C","(04)23274275","(04)23288582","2026","2","13","18","23","臺中市","沙鹿區","0","1","0","7","1","6","50","3","7","1","5","4","6","6","1","1","1","4","4","2","23","2","9","3","1","B03","7","9","1","8","2","8","","82","82","1","12","4","120.570283","24.212015","2"
"5700","66000","387130000C","(04)23274275","(04)23288582","2026","2","13","18","26","臺中市","西區","0","3","0","7","1","6","50","5","2","1","5","4","6","6","4","4","5","4","4","2","17","2","9","1","1","C03","7","12","1","10","2","13","","84","84","1","13","4","120.669008","24.143212","2"
"5701","66000","387130000C","(04)23274275","(04)23288582","2026","2","13","18","30","臺中市","西屯區","0","1","0","7","1","6","50","4","2","1","5","4","6","6","2","1","10","5","5","2","16","2","8","1","1","C03","7","6","1","10","1","14","","48","48","2","12","4","120.659983","24.169213","2"
"5702","66000","387130000C","(04)23274275","(04)23288582","2026","2","13","18","31","臺中市","北區","0","0","0","7","","","50","","","","","","","","","","","","","","17","","","","","C03","","","6","","2","","","85","85","1","13","4","120.688561","24.146538","4"
"5703","66000","387130000C","(04)23274275","(04)23288582","2026","2","13","18","31","臺中市","北屯區","0","0","0","7","","","50","","","","","","","","","","","","","","14","","","","","B03","","","1","","2","","","49","49","1","12","4","120.678493","24.189337","4"
"5704","66000","387130000C","(04)23274275","(04)23288582","2026","2","13","18","31","臺中市","梧棲區","0","1","0","7","2","6","40","13","9","1","5","4","6","6","4","4","10","5","5","2","13","2","9","2","1","C03","7","9","1","10","2","11","","7","7","1","12","4","120.558152","24.242105","2"
"5705","66000","387130000C","(04)23274275","(04)23288582","2026","2","13","18","35","臺中市","南屯區","0","0","0","7","","","50","","","","","","","","","","","","","","13","","","","","B03","","","1","","2","","","7","7","1","12","4","120.64399","24.150937","3"
"5706","66000","387130000C","(04)23274275","(04)23288582","2026","2","13","18","35","臺中市","豐原區","0","1","0","7","1","6","50","3","7","1","5","4","6","6","4","4","1","4","4","1","12","2","9","3","1","B03","7","14","1","8","2","3","","85","85","1","12","4","120.758954","24.276505","2"
"5707","66000","387130000C","(04)23274275","(04)23288582","2026","2","13","18","37","臺中市","南區","0","1","0","7","1","6","50","3","2","1","5","4","6","6","4","4","5","2","5","2","12","3","10","3","1","B02","7","9","1","8","2","2","","1","1","1","12","4","120.659253","24.126108","2"
"5708","66000","387130000C","(04)23274275","(04)23288582","2026","2","13","18","38","臺中市","大里區","0","1","0","6","1","6","40","3","1","1","5","4","6","6","4","4","1","4","4","1","16","3","10","3","1","B03","7","5","1","8","2","6","","47","47","1","13","4","120.671066","24.101294","2"
"5709","66000","387130000C","(04)23274275","(04)23288582","2026","2","13","18","39","臺中市","大雅區","0","0","0","7","","","60","","","","","","","","","","","","","","","","","","","B03","","","1","","2","","","51","51","1","12","4","120.646738","24.222107","3"
"5710","66000","387130000C","(04)23274275","(04)23288582","2026","2","13","18","40","臺中市","大里區","0","1","0","7","1","6","50","4","1","1","5","4","6","6","2","1","5","4","4","1","13","3","10","1","1","C03","7","9","1","10","2","12","","7","7","1","6","4","120.671477","24.102464","2"
"5711","66000","387130000C","(04)23274275","(04)23288582","2026","2","13","18","40","臺中市","沙鹿區","0","0","0","7","1","6","40","13","8","1","5","4","6","6","4","4","1","3","4","2","12","","","","","B03","","","1","","1","","","51","51","2","12","4","120.566825","24.229784","3"
"5712","66000","387130000C","(04)23274275","(04)23288582","2026","2","13","18","40","臺中市","清水區","0","1","0","7","1","6","30","5","1","1","5","4","6","6","4","4","10","5","5","2","16","3","10","1","4","F03","7","6","7","21","2","13","","14","14","1","12","4","120.644208","24.277633","2"
"5713","66000","387130000C","(04)23274275","(04)23288582","2026","2","13","18","41","臺中市","烏日區","0","0","0","7","1","6","60","13","9","5","5","4","6","6","4","4","8","3","4","","13","3","10","3","1","B03","7","9","1","8","2","1","","84","84","1","6","4","120.622885","24.104616","3"
"5714","66000","387130000C","(04)23274275","(04)23288582","2026","2","13","18","42","臺中市","南屯區","0","2","0","7","1","6","50","3","1","1","5","4","6","6","1","1","5","5","5","2","17","2","9","1","1","C03","7","9","1","10","2","14","","43","43","1","6","4","120.610001","24.130958","2"
"5715","66000","387130000C","(04)23274275","(04)23288582","2026","2","13","18","42","臺中市","北屯區","0","0","0","7","","","50","","","","","","","","","","","","","","13","","","","","B03","","","1","","2","","","84","84","1","13","4","120.671229","24.173914","3"
"5716","66000","387130000C","(04)23274275","(04)23288582","2026","2","13","18","43","臺中市","西屯區","0","1","0","7","1","6","50","13","9","1","5","4","6","6","4","4","1","4","5","2","13","2","9","2","1","C03","7","9","3","19","2","11","","59","59","1","10","4","120.638211","24.169546","2"
"5717","66000","387130000C","(04)23274275","(04)23288582","2026","2","13","18","44","臺中市","西屯區","0","1","0","7","1","6","50","3","1","1","5","4","6","6","4","4","10","5","5","2","12","3","10","5","4","C03","7","1","1","10","1","16","","51","51","1","12","4","120.638311","24.169473","2"
"5718","66000","387130000C","(04)23274275","(04)23288582","2026","2","13","18","45","臺中市","北屯區","0","2","0","7","2","6","40","3","1","1","5","4","6","6","1","1","10","5","5","2","16","2","9","5","4","C03","7","6","1","10","2","11","","11","11","1","12","4","120.689881","24.165026","2"
"5719","66000","387130000C","(04)23274275","(04)23288582","2026","2","13","18","50","臺中市","南屯區","0","0","0","7","","","50","","","","","","","","","","","","","","","","","","","B03","","","1","","1","","","49","49","1","13","4","120.642856","24.126742","3"
"5720","66000","387130000C","(04)23274275","(04)23288582","2026","2","13","18","50","臺中市","龍井區","0","0","0","7","","","50","","","","","","","","","","","","","","","","","","","C03","","","1","","2","","","85","85","1","6","4","120.584654","24.183427","3"
"5721","66000","387130000C","(04)23274275","(04)23288582","2026","2","13","18","50","臺中市","豐原區","0","0","0","7","","","50","","","","","","","","","","","","","","17","","","","","B12","","","1","","10","","","1","1","1","12","4","120.707615","24.24986","3"
"5722","66000","387130000C","(04)23274275","(04)23288582","2026","2","13","18","52","臺中市","太平區","0","1","0","7","1","6","50","4","1","1","5","4","6","6","2","1","10","5","5","2","16","3","10","3","1","B03","7","6","1","8","2","6","","11","11","1","12","4","120.704983","24.15951","2"