序號,縣市別代碼,機關代碼,市話,傳真,年,月,日,時,分,縣市,區,死亡數量,受傷數量,2-30,天候,道路照明設備,道路類別,道路速限,道路型態,事故位置,路面鋪裝,路面狀態,路面缺陷,障礙物,視距,號誌種類,號誌動作,分向設施,快車道或一般車道間,快慢車道間,路面邊線,事故類型及型態,受傷程度,主要傷處,保護裝備,行動電話或功能裝置,當事者區分(類別),車輛用途,當事者行動狀態,駕照狀態,駕照種類,飲酒情形,車輛撞擊部位最初,車輛撞擊部位其他,肇事因素個別,肇事因素主要,肇事逃逸,職業,共享經濟或外送平台,GPS座標X,GPS座標Y,事故類別
"5723","66000","387130000C","(04)23274275","(04)23288582","2026","2","13","18","58","臺中市","烏日區","0","0","0","7","","","50","","","","","","","","","","","","","","13","","","","","B12","","","1","","1","","","7","7","1","6","4","120.624681","24.104696","3"
"5724","66000","387130000C","(04)23274275","(04)23288582","2026","2","13","18","59","臺中市","南屯區","0","0","0","7","","","40","","","","","","","","","","","","","","12","","","","","B03","","","1","","2","","","8","8","1","6","4","120.647067","24.14374","3"
"5725","66000","387130000C","(04)23274275","(04)23288582","2026","2","13","18","59","臺中市","南屯區","0","0","0","7","","","50","","","","","","","","","","","","","","13","","","","","B01","","","1","","2","","","7","7","1","12","4","120.62267","24.140394","3"
"5726","66000","387130000C","(04)23274275","(04)23288582","2026","2","13","19","0","臺中市","西區","0","0","0","6","","","50","","","","","","","","","","","","","","","","","","","B03","","","1","","1","","","51","51","1","12","4","120.67353","24.151847","3"
"5727","66000","387130000C","(04)23274275","(04)23288582","2026","2","13","19","0","臺中市","北屯區","0","1","0","7","1","6","50","13","9","1","5","4","6","6","4","4","1","4","5","2","12","3","10","3","1","B03","7","5","5","8","2","2","","20","20","1","6","4","120.697144","24.200556","2"
"5728","66000","387130000C","(04)23274275","(04)23288582","2026","2","13","19","2","臺中市","太平區","0","1","0","7","1","6","50","13","9","1","5","4","6","6","4","4","9","4","5","2","13","2","9","2","1","C03","7","9","1","10","2","14","","7","7","1","13","4","120.720625","24.14049","2"
"5729","66000","387130000C","(04)23274275","(04)23288582","2026","2","13","19","3","臺中市","東區","0","0","0","7","","","50","","","","","","","","","","","","","","13","","","","","C03","","","1","","1","","","84","84","1","13","4","120.689671","24.132827","3"
"5730","66000","387130000C","(04)23274275","(04)23288582","2026","2","13","19","6","臺中市","南區","0","2","0","7","1","6","50","18","9","1","5","4","6","6","4","4","9","5","5","2","17","2","9","5","4","C03","7","9","1","10","2","11","","84","84","1","12","4","120.659231","24.112637","2"
"5731","66000","387130000C","(04)23274275","(04)23288582","2026","2","13","19","7","臺中市","烏日區","0","1","0","7","1","6","50","3","1","1","5","4","6","6","1","1","10","5","5","2","12","3","10","3","1","B12","7","5","1","8","2","5","","47","47","1","6","4","120.637656","24.096621","2"
"5732","66000","387130000C","(04)23274275","(04)23288582","2026","2","13","19","12","臺中市","豐原區","0","1","0","7","2","6","50","3","9","1","5","4","6","6","4","4","10","5","5","2","18","2","9","1","1","C03","7","9","1","10","2","16","","84","84","1","12","4","120.730385","24.248853","2"
"5733","66000","387130000C","(04)23274275","(04)23288582","2026","2","13","19","14","臺中市","北屯區","0","0","0","7","","","50","","","","","","","","","","","","","","13","","","","","B03","","","1","","1","","","59","59","1","6","4","120.68129","24.172579","3"
"5734","66000","387130000C","(04)23274275","(04)23288582","2026","2","13","19","17","臺中市","豐原區","0","0","0","7","","","50","","","","","","","","","","","","","","17","","","","","B03","","","1","","2","","","50","50","1","13","4","120.724636","24.248398","3"
"5735","66000","387130000C","(04)23274275","(04)23288582","2026","2","13","19","21","臺中市","西區","0","0","0","7","","","50","","","","","","","","","","","","","","17","","","","","C03","","","1","","1","","","87","87","1","12","4","120.665476","24.145914","3"
"5736","66000","387130000C","(04)23274275","(04)23288582","2026","2","13","19","23","臺中市","北區","0","3","0","7","1","6","50","3","1","1","5","4","6","6","4","4","10","5","5","2","17","2","9","1","1","C03","7","1","1","10","2","14","","51","51","1","13","4","120.664584","24.164437","2"
"5737","66000","387130000C","(04)23274275","(04)23288582","2026","2","13","19","23","臺中市","清水區","0","0","0","7","","","50","","","","","","","","","","","","","","","","","","","B03","","","1","","2","","","59","59","1","12","4","120.570289","24.276129","3"
"5738","66000","387130000C","(04)23274275","(04)23288582","2026","2","13","19","25","臺中市","南屯區","0","1","0","7","1","6","50","4","1","1","5","4","6","6","4","4","5","5","5","2","15","3","10","3","1","B03","7","9","1","8","2","8","","12","12","1","12","4","120.650685","24.133384","2"
"5739","66000","387130000C","(04)23274275","(04)23288582","2026","2","13","19","30","臺中市","南區","0","1","0","7","1","6","50","3","1","1","5","4","6","6","4","4","10","5","5","2","16","3","10","3","1","B01","7","5","1","4","2","2","","84","84","1","12","4","120.667221","24.128409","2"
"5740","66000","387130000C","(04)23274275","(04)23288582","2026","2","13","19","32","臺中市","北屯區","0","1","0","7","2","6","50","13","9","1","5","4","6","6","4","4","1","4","5","2","13","2","9","2","1","C03","7","9","1","10","1","11","","7","7","1","12","4","120.700854","24.179033","2"
"5741","66000","387130000C","(04)23274275","(04)23288582","2026","2","13","19","33","臺中市","北區","0","1","0","7","1","6","40","13","8","1","5","4","6","6","4","4","1","4","4","2","12","2","9","1","1","C03","7","9","1","10","2","12","","84","84","1","12","2","120.694573","24.156003","2"
"5742","66000","387130000C","(04)23274275","(04)23288582","2026","2","13","19","36","臺中市","西屯區","0","2","0","7","1","6","80","4","1","1","5","4","6","6","1","1","10","5","5","2","15","3","10","5","4","B03","7","9","1","8","2","2","","12","12","1","13","4","120.627807","24.159398","2"
"5743","66000","387130000C","(04)23274275","(04)23288582","2026","2","13","19","39","臺中市","大里區","0","0","0","6","1","6","40","13","8","1","5","4","6","6","4","4","1","2","1","1","23","","","","","B12","","","1","","2","","","84","84","1","13","4","120.660937","24.084143","3"
"5744","66000","387130000C","(04)23274275","(04)23288582","2026","2","13","19","40","臺中市","西區","0","0","0","6","","","50","","","","","","","","","","","","","","","","","","","C03","","","1","","1","","","50","50","1","12","4","120.660751","24.147739","3"
"5745","66000","387130000C","(04)23274275","(04)23288582","2026","2","13","19","40","臺中市","清水區","0","0","0","7","","","40","","","","","","","","","","","","","","","","","","","B03","","","1","","2","","","49","49","1","12","4","120.54047","24.289166","3"
"5746","66000","387130000C","(04)23274275","(04)23288582","2026","2","13","19","46","臺中市","西屯區","0","0","0","7","","","0","","","","","","","","","","","","","","17","","","","","C02","","","1","","9","","","50","50","1","12","4","120.654416","24.158482","3"
"5747","66000","387130000C","(04)23274275","(04)23288582","2026","2","13","19","50","臺中市","潭子區","0","0","0","7","","3","40","","","","","","","","","","","","","","13","","","","","B03","","","1","","2","","","7","7","1","12","4","120.722427","24.189889","3"
"5748","66000","387130000C","(04)23274275","(04)23288582","2026","2","13","19","52","臺中市","西區","0","0","0","7","","","30","","","","","","","","","","","","","","17","","","","","B03","","","1","","1","","","50","50","1","12","4","120.668745","24.148793","3"
"5749","66000","387130000C","(04)23274275","(04)23288582","2026","2","13","19","56","臺中市","北區","0","1","0","7","2","6","50","13","9","1","5","4","6","6","4","4","9","5","5","2","17","2","8","5","1","C03","7","6","1","10","2","14","","20","20","1","13","4","120.679547","24.160443","2"
"5750","66000","387130000C","(04)23274275","(04)23288582","2026","2","13","20","0","臺中市","南屯區","0","0","0","7","","","","","","","","","","","","","","","","","","","","","","","","","","","","","","119","119","1","","","120.653066","24.141619","3"
"5751","66000","387130000C","(04)23274275","(04)23288582","2026","2","13","20","0","臺中市","沙鹿區","0","0","0","7","","","40","","","","","","","","","","","","","","","","","","","","","","","","","","","119","119","1","","","120.556057","24.211207","3"
"5752","66000","387130000C","(04)23274275","(04)23288582","2026","2","13","20","1","臺中市","西屯區","0","0","0","7","","","30","","","","","","","","","","","","","","14","","","","","B03","","","1","","2","","","49","49","1","12","4","120.655072","24.169463","3"
"5753","66000","387130000C","(04)23274275","(04)23288582","2026","2","13","20","14","臺中市","大里區","0","2","0","7","1","6","30","4","1","1","5","4","6","6","4","4","5","5","5","2","16","2","9","1","1","C03","7","6","1","10","6","14","11","14","14","1","6","4","120.682617","24.10525","2"
"5754","66000","387130000C","(04)23274275","(04)23288582","2026","2","13","20","17","臺中市","北屯區","0","1","0","7","1","6","50","3","1","1","5","4","6","6","4","4","4","4","5","2","16","3","10","3","1","B03","7","5","1","7","2","6","","47","47","1","13","4","120.681368","24.177121","2"
"5755","66000","387130000C","(04)23274275","(04)23288582","2026","2","13","20","20","臺中市","西區","0","0","0","6","","","50","","","","","","","","","","","","","","","","","","","B03","","","1","","2","","","47","47","1","13","4","120.66726","24.130589","3"
"5756","66000","387130000C","(04)23274275","(04)23288582","2026","2","13","20","24","臺中市","西屯區","0","0","0","7","","","50","","","","","","","","","","","","","","13","","","","","C03","","","1","","1","","","84","84","1","12","4","120.635087","24.174294","3"
"5757","66000","387130000C","(04)23274275","(04)23288582","2026","2","13","20","26","臺中市","北屯區","0","0","0","7","","","60","","","","","","","","","","","","","","14","","","","","B03","","","1","","1","","","78","78","1","6","4","120.720574","24.175931","3"
"5758","66000","387130000C","(04)23274275","(04)23288582","2026","2","13","20","30","臺中市","豐原區","0","1","0","7","1","6","50","4","1","1","5","4","6","6","1","1","10","5","5","2","18","2","9","1","1","C03","7","9","1","10","2","12","","84","84","1","12","4","120.714426","24.251066","2"
"5759","66000","387130000C","(04)23274275","(04)23288582","2026","2","13","20","48","臺中市","龍井區","0","0","0","7","","","50","","","","","","","","","","","","","","","","","","","B03","","","1","","2","","","8","8","1","12","4","120.547639","24.20131","3"
"5760","66000","387130000C","(04)23274275","(04)23288582","2026","2","13","20","51","臺中市","豐原區","0","0","0","7","","","50","","","","","","","","","","","","","","12","","","","","C03","","","5","","2","","","8","8","1","12","4","120.727539","24.249347","3"
"5761","66000","387130000C","(04)23274275","(04)23288582","2026","2","13","20","55","臺中市","北屯區","0","5","0","7","1","6","50","4","1","1","5","4","6","6","4","4","10","5","5","2","16","2","9","3","1","B02","7","9","1","8","2","2","","12","12","1","6","4","120.686963","24.18934","2"
"5762","66000","387130000C","(04)23274275","(04)23288582","2026","2","13","20","55","臺中市","沙鹿區","0","0","0","7","","","40","","","","","","","","","","","","","","14","","","","","C03","","","1","","1","","","49","49","1","12","4","120.561608","24.242902","4"
"5763","66000","387130000C","(04)23274275","(04)23288582","2026","2","13","20","59","臺中市","豐原區","0","1","0","7","1","6","50","5","1","1","5","4","6","6","1","1","10","5","5","2","16","3","10","5","4","B03","7","6","1","8","2","8","","11","11","1","12","4","120.719179","24.248092","2"
"5764","66000","387130000C","(04)23274275","(04)23288582","2026","2","13","21","2","臺中市","北屯區","0","0","0","7","","","50","","","","","","","","","","","","","","17","","","","","B12","","","1","","9","","","84","84","2","12","4","120.680638","24.179353","3"
"5765","66000","387130000C","(04)23274275","(04)23288582","2026","2","13","21","7","臺中市","北屯區","0","0","0","7","","","50","","","","","","","","","","","","","","","","","","","B03","","","1","","2","","","58","58","1","6","4","120.693309","24.182406","3"
"5766","66000","387130000C","(04)23274275","(04)23288582","2026","2","13","21","8","臺中市","大甲區","0","0","0","7","","","50","","","","","","","","","","","","","","","","","","","B03","","","1","","2","","","15","15","1","6","4","120.620856","24.346079","3"
"5767","66000","387130000C","(04)23274275","(04)23288582","2026","2","13","21","25","臺中市","南區","0","2","0","7","1","6","50","4","1","1","5","4","6","6","2","1","3","4","5","2","16","3","10","3","1","B03","7","5","1","8","2","5","","11","11","1","13","4","120.679099","24.126956","2"
"5768","66000","387130000C","(04)23274275","(04)23288582","2026","2","13","21","36","臺中市","清水區","0","1","0","7","1","6","50","3","1","1","5","4","6","6","4","4","5","5","5","1","16","2","9","1","1","C03","7","6","1","10","2","12","","14","14","1","12","4","120.554664","24.259491","2"
"5769","66000","387130000C","(04)23274275","(04)23288582","2026","2","13","21","43","臺中市","烏日區","0","0","0","7","","","50","","","","","","","","","","","","","","12","","","","","B03","","","1","","1","","","59","59","1","13","4","120.615917","24.10857","3"
"5770","66000","387130000C","(04)23274275","(04)23288582","2026","2","13","21","44","臺中市","太平區","0","0","0","7","1","6","50","4","9","1","5","4","6","6","1","1","5","5","5","2","13","","","","","B03","","","1","","2","","","84","84","1","12","4","120.719923","24.114992","3"
"5771","66000","387130000C","(04)23274275","(04)23288582","2026","2","13","21","45","臺中市","南屯區","0","0","0","7","","","50","","","","","","","","","","","","","","","","","","","B03","","","1","","1","","","8","8","1","13","4","120.64926","24.151381","3"
"5772","66000","387130000C","(04)23274275","(04)23288582","2026","2","13","21","50","臺中市","神岡區","0","1","0","7","1","6","50","5","1","1","5","4","6","6","1","1","5","5","5","1","16","3","10","5","4","B03","7","6","1","8","2","8","","48","48","1","12","4","120.656904","24.264458","2"
"5773","66000","387130000C","(04)23274275","(04)23288582","2026","2","13","21","55","臺中市","梧棲區","0","0","0","7","","","50","","","","","","","","","","","","","","16","","","","","B03","","","1","","2","","","45","45","1","12","4","120.529298","24.254121","3"
"5774","66000","387130000C","(04)23274275","(04)23288582","2026","2","13","21","59","臺中市","東區","0","1","0","7","1","6","50","3","1","1","5","4","6","6","4","4","10","5","5","2","17","3","10","5","4","B03","7","9","1","8","2","1","","7","7","1","12","4","120.698723","24.144544","2"
"5775","66000","387130000C","(04)23274275","(04)23288582","2026","2","13","22","10","臺中市","西區","0","1","0","6","1","6","50","4","1","1","5","4","6","6","4","4","10","5","5","2","3","3","10","1","1","C03","7","9","1","10","2","11","","84","84","1","12","4","120.659774","24.155485","2"
"5776","66000","387130000C","(04)23274275","(04)23288582","2026","2","13","22","11","臺中市","北區","0","1","0","7","1","6","50","3","19","1","5","4","6","6","4","4","5","4","5","2","3","3","10","3","1","B03","7","9","1","8","2","8","","10","10","1","13","4","120.670036","24.16684","2"
"5777","66000","387130000C","(04)23274275","(04)23288582","2026","2","13","22","12","臺中市","潭子區","0","0","0","7","","","50","","","","","","","","","","","","","","13","","","","","B03","","","1","","2","","","59","59","1","12","4","120.700711","24.216068","3"
"5778","66000","387130000C","(04)23274275","(04)23288582","2026","2","13","22","19","臺中市","南區","0","0","0","7","","","50","","","","","","","","","","","","","","13","","","","","B03","","","1","","2","","","84","84","1","12","4","120.668807","24.12863","3"
"5779","66000","387130000C","(04)23274275","(04)23288582","2026","2","13","22","28","臺中市","南區","0","0","0","7","","","50","","","","","","","","","","","","","","12","","","","","B03","","","1","","1","","","40","40","1","13","4","120.679236","24.123903","3"
"5780","66000","387130000C","(04)23274275","(04)23288582","2026","2","13","22","37","臺中市","太平區","0","1","0","7","1","6","50","4","2","1","5","4","6","6","4","4","5","5","5","1","17","2","9","1","1","C03","7","9","1","10","2","12","","43","43","1","12","4","120.703256","24.150934","2"
"5781","66000","387130000C","(04)23274275","(04)23288582","2026","2","13","22","45","臺中市","西屯區","0","0","0","7","","","50","","","","","","","","","","","","","","17","","","","","B03","","","1","","1","","","50","50","1","12","4","120.622196","24.183449","3"
"5782","66000","387130000C","(04)23274275","(04)23288582","2026","2","13","22","51","臺中市","南屯區","0","1","0","7","1","6","50","4","1","1","5","4","6","6","1","1","5","4","5","2","16","3","10","3","1","B03","7","6","1","8","2","2","","11","11","1","12","4","120.622888","24.140467","2"
"5783","66000","387130000C","(04)23274275","(04)23288582","2026","2","13","22","52","臺中市","東區","0","0","0","7","","","50","","","","","","","","","","","","","","13","","","","","B03","","","1","","1","","","62","62","1","13","4","120.689382","24.145602","3"
"5784","66000","387130000C","(04)23274275","(04)23288582","2026","2","13","22","56","臺中市","西屯區","0","0","0","7","","","40","","","","","","","","","","","","","","13","","","","","C03","","","1","","1","","","7","7","1","12","4","120.644347","24.174676","3"
"5785","66000","387130000C","(04)23274275","(04)23288582","2026","2","13","22","59","臺中市","西區","0","0","0","6","","","50","","","","","","","","","","","","","","","","","","","B03","","","1","","2","","","7","7","1","12","4","120.659792","24.147735","3"
"5786","66000","387130000C","(04)23274275","(04)23288582","2026","2","13","22","59","臺中市","北區","0","1","0","7","1","6","50","13","9","1","5","4","6","6","4","4","5","5","5","2","17","2","8","1","1","C03","7","15","1","10","2","12","","84","84","1","12","4","120.676277","24.150162","2"
"5787","66000","387130000C","(04)23274275","(04)23288582","2026","2","13","23","1","臺中市","南區","0","1","0","7","1","6","50","4","1","1","5","4","6","6","2","1","3","5","5","2","12","2","9","2","1","C03","7","10","1","10","2","14","","42","42","1","5","4","120.670061","24.119029","2"
"5788","66000","387130000C","(04)23274275","(04)23288582","2026","2","13","23","5","臺中市","東區","0","0","0","7","","","50","","","","","","","","","","","","","","","","","","","B03","","","1","","2","","","7","7","1","12","4","120.698021","24.147943","3"
"5789","66000","387130000C","(04)23274275","(04)23288582","2026","2","13","23","10","臺中市","南區","0","1","0","7","1","6","50","13","9","1","5","4","6","6","4","4","1","4","5","1","12","2","8","5","4","C02","7","8","1","10","2","14","","40","40","1","13","4","120.679361","24.123489","2"
"5790","66000","387130000C","(04)23274275","(04)23288582","2026","2","13","23","10","臺中市","沙鹿區","0","0","0","7","","","50","","","","","","","","","","","","","","12","","","","","B03","","","1","","2","","","8","8","1","12","4","120.557415","24.21927","3"
"5791","66000","387130000C","(04)23274275","(04)23288582","2026","2","13","23","10","臺中市","神岡區","0","0","0","7","","","30","","","","","","","","","","","","","","10","","","","","C03","","","1","","2","","","85","85","1","12","4","120.688654","24.240534","3"
"5792","66000","387130000C","(04)23274275","(04)23288582","2026","2","13","23","20","臺中市","大雅區","0","1","0","7","1","6","50","3","1","1","5","4","6","6","4","4","4","3","5","1","13","3","10","3","1","B03","7","9","1","8","2","1","","84","84","1","12","4","120.644519","24.204963","2"
"5793","66000","387130000C","(04)23274275","(04)23288582","2026","2","13","23","27","臺中市","大里區","0","0","0","7","","","30","","","","","","","","","","","","","","11","","","","","C03","","","1","","2","","","8","8","1","13","4","120.689281","24.096454","3"
"5794","66000","387130000C","(04)23274275","(04)23288582","2026","2","13","23","53","臺中市","西屯區","0","1","0","7","1","6","50","13","9","1","5","4","6","6","4","4","1","3","5","1","12","3","10","3","4","B03","7","9","1","8","2","15","","8","8","1","12","4","120.662305","24.172234","2"
"5795","66000","387130000C","(04)23274275","(04)23288582","2026","2","14","0","5","臺中市","北屯區","0","1","0","7","1","6","50","13","9","1","5","4","6","6","4","4","1","4","5","1","20","2","9","3","1","B02","7","9","1","10","2","1","","84","84","1","6","4","120.688218","24.200884","2"
"5796","66000","387130000C","(04)23274275","(04)23288582","2026","2","14","0","10","臺中市","西屯區","0","0","0","7","","","40","","","","","","","","","","","","","","13","","","","","B01","","","1","","1","","","7","7","1","12","4","120.653212","24.160842","3"
"5797","66000","387130000C","(04)23274275","(04)23288582","2026","2","14","0","13","臺中市","南屯區","0","2","0","7","1","6","50","13","9","1","5","4","6","6","1","1","1","4","1","2","17","3","10","3","1","B02","7","9","1","8","2","16","","21","21","1","12","4","120.623107","24.149601","2"
"5798","66000","387130000C","(04)23274275","(04)23288582","2026","2","14","0","58","臺中市","西屯區","0","0","0","7","","","30","","","","","","","","","","","","","","12","","","","","B03","","","1","","1","","","51","51","2","12","4","120.645478","24.174311","3"
"5799","66000","387130000C","(04)23274275","(04)23288582","2026","2","14","1","0","臺中市","外埔區","0","2","0","7","1","6","50","3","2","1","5","4","6","6","1","1","5","4","4","1","13","2","9","1","1","C03","7","9","1","10","2","11","","7","7","1","12","4","120.667627","24.320126","2"
"5800","66000","387130000C","(04)23274275","(04)23288582","2026","2","14","1","5","臺中市","北屯區","0","0","0","7","","","50","","","","","","","","","","","","","","12","","","","","C03","","","1","","2","","","8","8","1","6","4","120.733098","24.161461","4"
"5801","66000","387130000C","(04)23274275","(04)23288582","2026","2","14","1","14","臺中市","沙鹿區","0","0","0","7","","","40","","","","","","","","","","","","","","","","","","","B03","","","1","","2","","","49","49","1","6","4","120.57544","24.218707","3"
"5802","66000","387130000C","(04)23274275","(04)23288582","2026","2","14","2","0","臺中市","太平區","0","1","0","7","1","6","30","4","1","1","5","4","6","6","4","4","10","5","5","2","16","3","10","3","1","B03","7","6","1","8","2","8","","14","14","1","12","4","120.712825","24.141182","2"
"5803","66000","387130000C","(04)23274275","(04)23288582","2026","2","14","3","20","臺中市","霧峰區","0","1","0","7","1","6","50","13","14","1","5","4","6","6","4","4","5","2","5","1","17","2","3","3","1","B12","7","9","1","8","2","1","","59","59","1","6","4","120.679538","24.060341","2"
"5804","66000","387130000C","(04)23274275","(04)23288582","2026","2","14","3","43","臺中市","中區","0","1","0","6","1","6","50","3","1","1","5","4","6","6","4","4","10","5","5","2","17","3","10","3","1","B01","7","1","1","4","2","8","","51","51","1","13","4","120.683843","24.141839","2"
"5805","66000","387130000C","(04)23274275","(04)23288582","2026","2","14","5","9","臺中市","北區","0","0","0","7","","","50","","","","","","","","","","","","","","23","","","","","B03","","","1","","2","","","48","48","1","13","4","120.678266","24.163112","3"
"5806","66000","387130000C","(04)23274275","(04)23288582","2026","2","14","5","43","臺中市","北屯區","0","1","0","7","1","6","50","4","1","1","5","4","6","6","3","1","10","5","5","2","15","2","9","1","1","C03","7","9","1","10","2","11","","24","24","1","6","4","120.683857","24.179212","2"
"5807","66000","387130000C","(04)23274275","(04)23288582","2026","2","14","5","55","臺中市","太平區","0","1","0","7","1","6","50","4","1","1","5","4","6","6","1","1","10","5","5","2","16","2","9","1","1","C03","7","9","1","10","2","11","","21","21","1","12","4","120.713206","24.124622","2"
"5808","66000","387130000C","(04)23274275","(04)23288582","2026","2","14","6","20","臺中市","外埔區","0","1","0","7","1","6","50","4","1","1","5","4","6","6","1","1","10","5","5","2","15","3","10","3","1","B03","7","9","1","8","2","4","","21","21","1","12","4","120.656121","24.338808","2"
"5809","66000","387130000C","(04)23274275","(04)23288582","2026","2","14","6","50","臺中市","東區","0","1","0","7","3","6","50","3","1","1","5","4","6","6","2","1","5","4","4","2","15","2","9","1","1","F01","7","11","7","21","2","14","","25","25","1","12","4","120.696471","24.135639","2"
"5810","66000","387130000C","(04)23274275","(04)23288582","2026","2","14","6","54","臺中市","大甲區","0","1","0","7","2","6","50","13","9","1","5","4","6","6","4","4","5","5","5","1","18","2","9","2","1","C03","7","9","1","10","2","14","","84","84","1","6","4","120.624988","24.349041","2"
"5811","66000","387130000C","(04)23274275","(04)23288582","2026","2","14","7","4","臺中市","東區","0","0","0","7","","","50","","","","","","","","","","","","","","","","","","","B03","","","1","","2","","","50","50","1","12","4","120.695994","24.135088","3"
"5812","66000","387130000C","(04)23274275","(04)23288582","2026","2","14","7","7","臺中市","梧棲區","0","0","0","7","","","70","","","","","","","","","","","","","","17","","","","","B03","","","1","","2","","","59","59","1","6","4","120.549664","24.239458","3"
"5813","66000","387130000C","(04)23274275","(04)23288582","2026","2","14","7","10","臺中市","北屯區","0","1","0","7","2","6","50","4","1","1","5","4","6","6","2","1","10","5","5","2","13","3","10","3","1","B03","7","9","1","8","2","1","","84","84","1","12","4","120.739445","24.178972","2"
"5814","66000","387130000C","(04)23274275","(04)23288582","2026","2","14","7","11","臺中市","南區","0","0","0","7","","","30","","","","","","","","","","","","","","16","","","","","B03","","","1","","2","","","12","12","1","13","4","120.663778","24.126712","3"
"5815","66000","387130000C","(04)23274275","(04)23288582","2026","2","14","7","21","臺中市","太平區","0","1","0","7","2","6","50","13","7","1","5","4","6","6","4","4","10","4","4","2","16","3","10","2","1","C03","7","1","1","10","2","11","","51","51","1","12","4","120.717803","24.116648","2"
"5816","66000","387130000C","(04)23274275","(04)23288582","2026","2","14","7","30","臺中市","豐原區","0","0","0","7","","","50","","","","","","","","","","","","","","17","","","","","B03","","","1","","2","","","8","8","2","13","4","120.706007","24.250458","3"
"5817","66000","387130000C","(04)23274275","(04)23288582","2026","2","14","7","34","臺中市","神岡區","0","1","0","7","2","6","50","13","9","1","5","4","6","6","4","4","10","5","5","1","17","2","9","5","4","C03","7","15","1","10","2","13","14","84","84","1","13","4","120.698309","24.259327","2"
"5818","66000","387130000C","(04)23274275","(04)23288582","2026","2","14","7","39","臺中市","東勢區","0","0","0","7","","","50","","","","","","","","","","","","","","14","","","","","B03","","","1","","2","","","49","49","1","12","4","120.830286","24.254717","3"
"5819","66000","387130000C","(04)23274275","(04)23288582","2026","2","14","7","40","臺中市","東區","0","1","0","7","2","6","50","4","1","1","5","4","6","6","2","1","10","5","5","2","16","3","10","3","1","B03","7","5","1","8","2","2","","84","84","1","12","4","120.69124","24.134726","2"
"5820","66000","387130000C","(04)23274275","(04)23288582","2026","2","14","7","40","臺中市","梧棲區","0","2","0","7","3","6","60","13","7","1","5","4","6","6","4","4","1","2","1","1","13","2","9","1","1","C03","7","9","1","10","2","11","","7","7","1","6","4","120.536244","24.249604","2"
"5821","66000","387130000C","(04)23274275","(04)23288582","2026","2","14","7","40","臺中市","石岡區","0","0","0","7","2","6","70","13","9","1","5","4","6","6","4","4","1","3","4","1","12","3","10","5","4","B03","7","7","1","8","2","5","","20","20","1","13","4","120.772041","24.274915","3"
"5822","66000","387130000C","(04)23274275","(04)23288582","2026","2","14","7","45","臺中市","霧峰區","0","1","0","7","3","6","30","13","9","1","5","4","6","6","4","4","10","5","5","1","16","3","10","3","1","B03","7","6","1","8","4","4","","65","65","1","12","4","120.667884","24.039221","2"
"5823","66000","387130000C","(04)23274275","(04)23288582","2026","2","14","7","50","臺中市","豐原區","0","2","0","7","2","6","50","3","1","1","5","4","6","6","4","4","10","5","5","2","17","2","9","2","1","C03","7","6","1","10","2","12","","14","14","1","13","4","120.706367","24.248834","2"
"5824","66000","387130000C","(04)23274275","(04)23288582","2026","2","14","7","53","臺中市","沙鹿區","0","1","0","7","2","6","50","13","9","1","5","4","6","6","4","4","8","3","5","2","9","2","9","5","4","C03","7","9","1","10","2","12","","59","59","1","13","4","120.559132","24.23825","2"
"5825","66000","387130000C","(04)23274275","(04)23288582","2026","2","14","7","59","臺中市","大里區","0","0","0","7","3","6","30","3","2","1","5","4","6","6","4","4","10","5","5","2","11","","","","","B03","","","1","","2","","","84","84","1","12","4","120.687281","24.10611","3"
"5826","66000","387130000C","(04)23274275","(04)23288582","2026","2","14","8","5","臺中市","大里區","0","0","0","7","3","6","30","3","9","1","5","4","3","6","4","4","10","5","5","2","30","","","","","B03","","","1","","2","","","84","84","1","12","4","120.687271","24.106129","3"
"5827","66000","387130000C","(04)23274275","(04)23288582","2026","2","14","8","15","臺中市","潭子區","0","1","0","7","3","6","30","4","1","1","5","4","6","6","4","4","5","5","5","1","15","2","9","6","1","F01","7","9","7","21","2","14","","12","12","1","13","4","120.706782","24.202351","2"
"5828","66000","387130000C","(04)23274275","(04)23288582","2026","2","14","8","16","臺中市","大里區","0","2","0","7","2","6","50","3","1","1","5","4","6","6","4","4","10","5","5","2","17","2","9","1","1","C03","7","9","1","10","2","14","","13","13","1","12","4","120.676676","24.100937","2"
"5829","66000","387130000C","(04)23274275","(04)23288582","2026","2","14","8","18","臺中市","中區","0","0","0","7","","","50","","","","","","","","","","","","","","13","","","","","B03","","","1","","1","","","59","59","1","13","4","120.680052","24.137816","3"
"5830","66000","387130000C","(04)23274275","(04)23288582","2026","2","14","8","19","臺中市","太平區","0","1","0","7","2","6","50","4","1","1","5","4","6","6","4","4","10","5","5","2","16","2","8","2","1","C03","7","1","1","10","2","14","","51","51","1","13","4","120.724853","24.14258","2"
"5831","66000","387130000C","(04)23274275","(04)23288582","2026","2","14","8","21","臺中市","西區","0","0","0","7","","","50","","","","","","","","","","","","","","13","","","","","B03","","","1","","1","","","7","7","1","12","4","120.673638","24.147594","3"