序號,縣市別代碼,機關代碼,市話,傳真,年,月,日,時,分,縣市,區,死亡數量,受傷數量,2-30,天候,道路照明設備,道路類別,道路速限,道路型態,事故位置,路面鋪裝,路面狀態,路面缺陷,障礙物,視距,號誌種類,號誌動作,分向設施,快車道或一般車道間,快慢車道間,路面邊線,事故類型及型態,受傷程度,主要傷處,保護裝備,行動電話或功能裝置,當事者區分(類別),車輛用途,當事者行動狀態,駕照狀態,駕照種類,飲酒情形,車輛撞擊部位最初,車輛撞擊部位其他,肇事因素個別,肇事因素主要,肇事逃逸,職業,共享經濟或外送平台,GPS座標X,GPS座標Y,事故類別
"5832","66000","387130000C","(04)23274275","(04)23288582","2026","2","14","8","24","臺中市","南屯區","0","0","0","7","","","60","","","","","","","","","","","","","","","","","","","B11","","","1","","1","","","49","49","1","13","4","120.62326","24.145035","3"
"5833","66000","387130000C","(04)23274275","(04)23288582","2026","2","14","8","25","臺中市","大雅區","0","0","0","7","","","50","","","","","","","","","","","","","","2","","","","","C03","","","1","","1","","","48","48","1","12","4","120.648071","24.22256","3"
"5834","66000","387130000C","(04)23274275","(04)23288582","2026","2","14","8","29","臺中市","清水區","0","1","0","7","2","6","30","4","2","1","5","4","6","6","4","4","9","4","5","2","12","3","10","3","1","B03","7","5","1","8","2","5","","7","7","1","12","4","120.581746","24.269252","2"
"5835","66000","387130000C","(04)23274275","(04)23288582","2026","2","14","8","30","臺中市","烏日區","0","1","0","7","2","6","30","13","9","1","5","4","6","6","4","4","10","5","5","2","14","3","10","3","1","B03","7","2","1","8","2","3","","49","49","1","6","4","120.640569","24.076617","2"
"5836","66000","387130000C","(04)23274275","(04)23288582","2026","2","14","8","35","臺中市","大甲區","0","1","0","7","3","6","50","4","1","1","5","4","6","6","4","4","10","5","5","2","17","3","10","3","1","B03","7","9","1","8","2","1","","13","13","1","6","4","120.622167","24.352237","2"
"5837","66000","387130000C","(04)23274275","(04)23288582","2026","2","14","8","38","臺中市","北區","0","1","0","7","3","6","50","4","1","1","5","4","6","6","2","1","10","5","5","2","17","3","10","5","4","B03","7","6","1","8","2","4","","8","8","1","13","4","120.67215","24.164898","2"
"5838","66000","387130000C","(04)23274275","(04)23288582","2026","2","14","8","38","臺中市","南屯區","0","0","0","7","","","50","","","","","","","","","","","","","","17","","","","","B02","","","1","","1","","","50","50","1","13","4","120.636651","24.138244","3"
"5839","66000","387130000C","(04)23274275","(04)23288582","2026","2","14","8","41","臺中市","南區","0","1","0","7","2","6","50","3","1","1","5","4","6","6","4","4","10","5","5","2","16","3","10","3","1","B03","7","5","1","8","2","4","","14","14","1","13","4","120.661107","24.126267","2"
"5840","66000","387130000C","(04)23274275","(04)23288582","2026","2","14","8","42","臺中市","西屯區","0","1","0","7","2","6","60","4","1","1","5","4","6","6","1","1","10","5","5","2","23","2","9","5","4","C02","7","9","1","9","2","12","","84","84","1","12","4","120.643859","24.156368","2"
"5841","66000","387130000C","(04)23274275","(04)23288582","2026","2","14","8","47","臺中市","東區","0","1","0","7","2","6","50","5","1","1","5","4","6","6","2","1","10","5","5","2","13","2","3","2","1","C03","7","9","5","19","2","11","","84","84","1","12","4","120.688521","24.139731","2"
"5842","66000","387130000C","(04)23274275","(04)23288582","2026","2","14","8","49","臺中市","潭子區","0","2","0","7","3","6","30","4","1","1","5","4","6","6","3","1","10","5","5","2","15","2","7","2","1","C03","7","9","5","19","2","11","14","20","20","1","13","4","120.690774","24.211242","2"
"5843","66000","387130000C","(04)23274275","(04)23288582","2026","2","14","8","54","臺中市","烏日區","0","0","0","7","","","30","","","","","","","","","","","","","","","","","","","A41","","","1","","1","","","84","84","2","6","4","120.614849","24.1102","3"
"5844","66000","387130000C","(04)23274275","(04)23288582","2026","2","14","8","54","臺中市","清水區","0","1","0","7","3","6","30","18","8","1","5","4","6","6","4","4","10","5","5","1","12","3","10","3","1","B12","7","8","1","8","2","4","","20","20","1","12","4","120.58262","24.282763","2"
"5845","66000","387130000C","(04)23274275","(04)23288582","2026","2","14","8","58","臺中市","大里區","0","1","0","7","2","6","50","4","2","1","5","4","6","6","4","4","10","5","5","2","16","3","10","5","4","B03","7","6","1","8","2","1","","84","84","1","12","4","120.691073","24.087435","2"
"5846","66000","387130000C","(04)23274275","(04)23288582","2026","2","14","9","1","臺中市","南區","0","0","0","7","","","30","","","","","","","","","","","","","","16","","","","","B03","","","1","8","1","","","51","51","1","6","4","120.660827","24.117051","3"
"5847","66000","387130000C","(04)23274275","(04)23288582","2026","2","14","9","2","臺中市","北區","0","3","0","7","2","6","50","4","1","1","5","4","6","6","4","4","5","5","5","2","15","2","9","2","1","C03","7","9","1","10","2","11","","12","12","1","12","4","120.678869","24.150357","2"
"5848","66000","387130000C","(04)23274275","(04)23288582","2026","2","14","9","4","臺中市","太平區","0","2","0","7","2","6","50","4","1","1","5","4","6","6","2","1","10","5","5","2","16","2","1","2","1","C03","7","11","1","10","2","11","","4","4","1","12","4","120.714856","24.146739","2"
"5849","66000","387130000C","(04)23274275","(04)23288582","2026","2","14","9","4","臺中市","太平區","0","1","0","7","2","6","50","4","2","1","5","4","6","6","2","1","5","5","4","1","16","3","10","3","1","B03","7","5","1","8","2","5","","47","47","1","12","4","120.722972","24.157186","2"
"5850","66000","387130000C","(04)23274275","(04)23288582","2026","2","14","9","7","臺中市","南屯區","0","1","0","7","3","6","50","4","1","1","5","4","6","6","4","4","10","5","5","2","17","2","9","1","1","C03","7","6","1","10","2","12","","12","12","1","12","4","120.628681","24.116355","2"
"5851","66000","387130000C","(04)23274275","(04)23288582","2026","2","14","9","8","臺中市","西屯區","0","1","0","7","2","6","60","4","1","1","5","4","6","6","2","1","10","5","5","2","16","3","10","3","1","B12","7","6","1","7","3","6","","23","23","1","12","4","120.646558","24.164625","2"
"5852","66000","387130000C","(04)23274275","(04)23288582","2026","2","14","9","10","臺中市","沙鹿區","0","1","0","7","2","6","30","4","1","1","5","4","6","6","4","4","10","5","5","2","15","2","8","1","1","C03","7","9","1","10","2","12","","15","15","1","6","4","120.564766","24.255545","2"
"5853","66000","387130000C","(04)23274275","(04)23288582","2026","2","14","9","11","臺中市","大里區","0","0","0","7","","","50","","","","","","","","","","","","","","17","","","","","B03","","","1","","2","","","50","50","1","12","4","120.685628","24.113266","3"
"5854","66000","387130000C","(04)23274275","(04)23288582","2026","2","14","9","15","臺中市","外埔區","0","0","0","7","3","6","40","13","9","1","5","4","6","6","4","4","10","5","5","1","12","3","10","3","1","B03","7","9","1","2","2","7","","8","8","1","6","4","120.654464","24.327378","3"
"5855","66000","387130000C","(04)23274275","(04)23288582","2026","2","14","9","23","臺中市","南區","0","1","0","7","2","6","50","3","2","1","5","4","6","6","2","1","3","5","2","2","18","2","9","1","1","C03","7","9","1","10","2","12","","84","84","1","12","4","120.660031","24.124819","2"
"5856","66000","387130000C","(04)23274275","(04)23288582","2026","2","14","9","24","臺中市","北屯區","0","2","0","7","3","6","40","13","7","1","5","4","6","6","4","4","5","5","4","2","16","2","9","1","1","C03","7","1","1","10","2","14","","51","51","1","12","4","120.68535","24.189723","2"
"5857","66000","387130000C","(04)23274275","(04)23288582","2026","2","14","9","29","臺中市","清水區","0","1","0","7","3","6","40","4","2","1","5","4","6","6","2","1","1","4","4","2","16","3","10","2","1","C03","7","11","1","10","2","13","","48","48","1","12","4","120.575882","24.270036","2"
"5858","66000","387130000C","(04)23274275","(04)23288582","2026","2","14","9","30","臺中市","西屯區","0","0","0","7","","","50","","","","","","","","","","","","","","14","","","","","B03","","","1","","1","","","49","49","1","13","4","120.663391","24.173155","3"
"5859","66000","387130000C","(04)23274275","(04)23288582","2026","2","14","9","30","臺中市","后里區","0","0","0","7","2","6","50","3","7","1","5","4","6","6","4","4","9","5","4","1","13","3","10","3","1","B03","7","9","1","8","2","1","","84","84","1","12","4","120.72182","24.308952","3"
"5860","66000","387130000C","(04)23274275","(04)23288582","2026","2","14","9","33","臺中市","南屯區","0","2","0","7","3","6","50","4","1","1","5","4","6","6","1","1","10","5","5","2","13","2","9","2","1","C03","7","9","1","10","2","11","","59","59","1","13","4","120.638539","24.147238","2"
"5861","66000","387130000C","(04)23274275","(04)23288582","2026","2","14","9","34","臺中市","西區","0","1","0","7","1","6","50","4","2","1","5","4","6","6","1","1","1","2","5","2","16","2","7","1","1","C03","7","6","1","10","2","11","","36","36","1","13","4","120.671326","24.145602","2"
"5862","66000","387130000C","(04)23274275","(04)23288582","2026","2","14","9","34","臺中市","西區","0","1","0","7","2","6","50","4","1","1","5","4","6","6","1","1","10","5","5","2","17","2","9","5","4","C03","7","5","5","19","2","15","","84","84","1","13","4","120.657353","24.146702","2"
"5863","66000","387130000C","(04)23274275","(04)23288582","2026","2","14","9","34","臺中市","東勢區","0","1","0","7","3","6","50","3","9","1","5","4","6","6","1","1","10","5","5","1","11","3","10","5","4","B03","7","6","1","8","2","8","","11","11","1","12","4","120.795658","24.286116","2"
"5864","66000","387130000C","(04)23274275","(04)23288582","2026","2","14","9","37","臺中市","北屯區","0","1","0","7","1","6","50","4","2","1","5","4","6","6","1","1","5","4","5","2","11","3","10","3","1","B03","7","6","1","8","1","2","","11","11","1","13","4","120.7175","24.175504","2"
"5865","66000","387130000C","(04)23274275","(04)23288582","2026","2","14","9","40","臺中市","西區","0","1","0","7","3","6","50","13","7","1","5","4","6","6","4","4","3","4","4","2","12","3","10","3","1","B03","7","8","1","8","2","4","","43","43","1","12","4","120.683653","24.136446","2"
"5866","66000","387130000C","(04)23274275","(04)23288582","2026","2","14","9","45","臺中市","清水區","0","1","0","7","2","6","50","3","2","1","5","4","6","6","4","4","8","3","5","2","11","2","9","1","1","C03","7","6","1","10","2","11","","4","4","1","12","4","120.57866","24.269235","2"
"5867","66000","387130000C","(04)23274275","(04)23288582","2026","2","14","9","50","臺中市","大肚區","0","1","0","7","2","6","50","13","9","1","5","4","6","6","4","4","4","1","5","1","14","3","10","3","1","A41","7","2","1","1","2","7","","49","49","1","12","4","120.54301","24.162471","2"
"5868","66000","387130000C","(04)23274275","(04)23288582","2026","2","14","9","51","臺中市","新社區","0","1","0","7","3","6","30","5","9","1","5","4","6","6","4","4","10","5","5","2","16","3","10","5","4","B03","7","6","1","8","2","1","","12","12","1","12","4","120.79589","24.211939","2"
"5869","66000","387130000C","(04)23274275","(04)23288582","2026","2","14","9","52","臺中市","沙鹿區","0","0","0","7","","","50","","","","","","","","","","","","","","17","","","","","F01","","","7","","1","","","82","82","1","4","4","120.576374","24.222721","3"
"5870","66000","387130000C","(04)23274275","(04)23288582","2026","2","14","9","53","臺中市","烏日區","0","0","0","7","","","50","","","","","","","","","","","","","","13","","","","","B03","","","1","","2","","","7","7","1","6","4","120.62734","24.10404","3"
"5871","66000","387130000C","(04)23274275","(04)23288582","2026","2","14","9","57","臺中市","豐原區","0","0","0","7","","","50","","","","","","","","","","","","","","13","","","","","C03","","","1","","1","","","58","58","1","12","4","120.718309","24.248118","3"
"5872","66000","387130000C","(04)23274275","(04)23288582","2026","2","14","9","58","臺中市","北屯區","0","1","0","7","3","6","40","13","8","1","5","4","6","6","4","4","9","5","4","2","13","3","10","2","1","C03","7","15","1","10","2","11","","84","84","1","6","4","120.686497","24.177392","2"
"5873","66000","387130000C","(04)23274275","(04)23288582","2026","2","14","9","59","臺中市","西屯區","0","1","0","7","3","6","50","4","1","1","5","4","6","6","2","1","10","5","5","2","30","2","9","5","4","C03","7","9","1","10","2","16","","84","84","1","13","4","120.637385","24.175846","2"
"5874","66000","387130000C","(04)23274275","(04)23288582","2026","2","14","10","0","臺中市","南屯區","0","0","0","7","","","50","","","","","","","","","","","","","","17","","","","","B03","","","1","","2","","","40","40","1","12","4","120.634857","24.146309","3"
"5875","66000","387130000C","(04)23274275","(04)23288582","2026","2","14","10","9","臺中市","烏日區","0","1","0","7","2","6","50","13","9","1","5","4","6","6","4","4","1","4","5","1","17","2","9","5","4","C03","7","15","1","10","2","14","","84","84","1","13","4","120.62515","24.104203","2"
"5876","66000","387130000C","(04)23274275","(04)23288582","2026","2","14","10","10","臺中市","大甲區","0","0","0","7","","","50","","","","","","","","","","","","","","","","","","","C03","","","1","","2","","","7","7","1","6","4","120.621944","24.343952","3"
"5877","66000","387130000C","(04)23274275","(04)23288582","2026","2","14","10","12","臺中市","神岡區","0","0","0","7","","","50","","","","","","","","","","","","","","12","","","","","B03","","","1","","1","","","8","8","1","12","4","120.667352","24.257471","3"
"5878","66000","387130000C","(04)23274275","(04)23288582","2026","2","14","10","14","臺中市","豐原區","0","0","0","7","","","50","","","","","","","","","","","","","","17","","","","","C03","","","1","","2","","","49","49","1","13","4","120.720908","24.269146","3"
"5879","66000","387130000C","(04)23274275","(04)23288582","2026","2","14","10","15","臺中市","大雅區","0","1","0","7","3","6","50","4","1","1","5","4","6","6","4","4","4","5","5","1","9","3","10","5","4","C03","7","9","1","10","9","15","","84","84","2","13","4","120.653726","24.223848","2"
"5880","66000","387130000C","(04)23274275","(04)23288582","2026","2","14","10","21","臺中市","太平區","0","0","0","7","","","30","","","","","","","","","","","","","","11","","","","","B03","","","1","","2","","","8","8","1","13","4","120.717072","24.146069","3"
"5881","66000","387130000C","(04)23274275","(04)23288582","2026","2","14","10","26","臺中市","東區","0","1","0","7","2","6","50","13","9","1","5","4","6","6","4","4","5","5","5","2","17","2","9","2","1","C03","7","15","3","19","2","15","","84","84","1","12","4","120.703823","24.137791","2"
"5882","66000","387130000C","(04)23274275","(04)23288582","2026","2","14","10","29","臺中市","大里區","0","1","0","7","3","6","30","3","9","1","5","4","5","6","4","4","10","5","5","1","9","3","10","1","1","C03","7","15","1","10","2","15","","85","85","1","12","4","120.688599","24.113573","2"
"5883","66000","387130000C","(04)23274275","(04)23288582","2026","2","14","10","30","臺中市","西屯區","0","0","0","7","","","50","","","","","","","","","","","","","","16","","","","","B03","","","1","","1","","","11","11","1","12","4","120.64614","24.171733","3"
"5884","66000","387130000C","(04)23274275","(04)23288582","2026","2","14","10","30","臺中市","東勢區","0","1","0","7","3","6","50","13","9","1","5","4","6","6","3","1","10","5","5","2","14","3","10","5","4","B03","7","2","1","8","2","3","","49","49","1","12","4","120.831832","24.247857","2"
"5885","66000","387130000C","(04)23274275","(04)23288582","2026","2","14","10","31","臺中市","沙鹿區","0","1","0","7","2","6","50","5","2","1","5","4","6","6","4","4","3","3","3","1","17","2","9","5","4","C03","7","11","1","10","2","12","","45","45","1","13","4","120.560037","24.238402","2"
"5886","66000","387130000C","(04)23274275","(04)23288582","2026","2","14","10","33","臺中市","西區","0","1","0","7","2","6","50","5","1","1","5","4","6","6","1","1","10","5","5","2","12","3","10","5","4","C03","7","9","1","10","2","12","","84","84","1","13","4","120.656707","24.146707","2"
"5887","66000","387130000C","(04)23274275","(04)23288582","2026","2","14","10","34","臺中市","南區","0","0","0","7","","","30","","","","","","","","","","","","","","","","","","","B03","","","1","","1","","","84","84","1","12","4","120.657883","24.118326","3"
"5888","66000","387130000C","(04)23274275","(04)23288582","2026","2","14","10","34","臺中市","南區","0","0","0","7","","","50","","","","","","","","","","","","","","13","","","","","B03","","","1","","1","","","84","84","1","13","4","120.648429","24.11438","4"
"5889","66000","387130000C","(04)23274275","(04)23288582","2026","2","14","10","35","臺中市","太平區","0","1","0","7","2","6","40","4","1","1","5","4","6","6","2","1","10","5","5","2","17","2","9","2","1","C03","7","1","3","19","2","14","","51","51","1","12","4","120.716123","24.133514","2"
"5890","66000","387130000C","(04)23274275","(04)23288582","2026","2","14","10","39","臺中市","西屯區","0","1","0","7","2","6","40","3","1","1","5","4","6","6","3","1","10","5","5","2","18","2","9","1","1","C03","7","5","1","10","2","12","","59","59","1","12","4","120.642946","24.187409","2"
"5891","66000","387130000C","(04)23274275","(04)23288582","2026","2","14","10","40","臺中市","北屯區","0","1","0","7","2","6","30","13","9","1","5","4","6","6","3","1","5","5","5","2","13","2","9","2","1","C03","7","9","3","19","2","11","","7","7","1","12","4","120.728869","24.157228","2"
"5892","66000","387130000C","(04)23274275","(04)23288582","2026","2","14","10","41","臺中市","東區","0","0","0","7","","","50","","","","","","","","","","","","","","12","","","","","B03","","","1","1","1","","","84","84","1","6","4","120.686115","24.141721","3"
"5893","66000","387130000C","(04)23274275","(04)23288582","2026","2","14","10","43","臺中市","神岡區","0","1","0","7","2","6","50","4","1","1","5","4","6","6","4","4","10","5","5","2","17","2","9","5","4","C03","7","9","1","10","2","12","","15","15","1","13","4","120.657549","24.27149","2"
"5894","66000","387130000C","(04)23274275","(04)23288582","2026","2","14","10","47","臺中市","潭子區","0","1","0","7","3","6","40","13","8","1","5","4","6","6","4","4","1","4","4","1","12","3","10","1","1","C03","7","5","1","10","2","13","","20","20","1","13","4","120.707664","24.22648","2"
"5895","66000","387130000C","(04)23274275","(04)23288582","2026","2","14","10","48","臺中市","西區","0","1","0","7","1","6","50","4","1","1","5","4","6","6","1","1","5","4","4","2","16","2","8","1","1","C03","7","6","1","10","2","14","","48","48","1","13","4","120.678046","24.133985","2"
"5896","66000","387130000C","(04)23274275","(04)23288582","2026","2","14","10","50","臺中市","西屯區","0","0","0","7","","3","40","","","","","","","","","","","","","","13","","","","","B01","","","1","","1","","","7","7","1","12","4","120.629568","24.164641","3"
"5897","66000","387130000C","(04)23274275","(04)23288582","2026","2","14","10","52","臺中市","西屯區","0","1","0","7","3","6","30","4","1","1","5","4","6","6","4","4","10","5","5","2","16","3","10","5","4","B03","7","9","1","8","2","1","","59","59","1","13","4","120.612556","24.196175","2"
"5898","66000","387130000C","(04)23274275","(04)23288582","2026","2","14","10","54","臺中市","大里區","0","0","0","7","","3","80","","","","","","","","","","","","","","13","","","","","B12","","","1","","1","","","7","7","1","12","4","120.682629","24.077997","3"
"5899","66000","387130000C","(04)23274275","(04)23288582","2026","2","14","10","55","臺中市","大雅區","0","0","0","7","","","50","","","","","","","","","","","","","","13","","","","","B03","","","1","","1","","","7","7","1","12","4","120.65355","24.221584","3"
"5900","66000","387130000C","(04)23274275","(04)23288582","2026","2","14","10","55","臺中市","西區","0","0","0","7","","","50","","","","","","","","","","","","","","13","","","","","B03","","","1","","1","","","7","7","1","12","4","120.663186","24.156542","3"
"5901","66000","387130000C","(04)23274275","(04)23288582","2026","2","14","10","57","臺中市","北屯區","0","1","0","7","3","6","30","13","9","1","5","4","6","6","4","4","10","5","5","2","11","2","9","1","1","C03","7","9","1","10","2","11","","84","84","1","12","4","120.676896","24.174996","2"
"5902","66000","387130000C","(04)23274275","(04)23288582","2026","2","14","10","57","臺中市","沙鹿區","0","3","0","7","2","8","30","11","9","1","5","4","6","6","4","4","10","5","5","2","18","2","1","1","1","C03","7","9","1","10","2","14","11","59","59","1","6","4","120.59192","24.251213","2"
"5903","66000","387130000C","(04)23274275","(04)23288582","2026","2","14","11","0","臺中市","南區","0","0","0","7","","","30","","","","","","","","","","","","","","","","","","","B03","","","1","","1","","","84","84","1","12","4","120.674551","24.124985","3"
"5904","66000","387130000C","(04)23274275","(04)23288582","2026","2","14","11","0","臺中市","太平區","0","1","0","7","2","6","50","3","2","1","5","4","6","6","1","1","5","2","5","1","17","3","10","2","1","C03","7","15","1","10","2","16","","75","75","1","12","4","120.713493","24.133356","2"
"5905","66000","387130000C","(04)23274275","(04)23288582","2026","2","14","11","2","臺中市","北屯區","0","0","0","7","","","50","","","","","","","","","","","","","","","","","","","B03","","","1","","1","","","51","51","1","13","4","120.729518","24.169756","3"
"5906","66000","387130000C","(04)23274275","(04)23288582","2026","2","14","11","4","臺中市","南屯區","0","0","0","7","","","50","","","","","","","","","","","","","","","","","","","C03","","","1","","1","","","59","59","1","13","4","120.638349","24.140654","3"
"5907","66000","387130000C","(04)23274275","(04)23288582","2026","2","14","11","5","臺中市","大雅區","0","0","0","7","","","50","","","","","","","","","","","","","","","","","","","A12","","","1","","2","","","49","49","1","13","4","120.632002","24.213087","3"
"5908","66000","387130000C","(04)23274275","(04)23288582","2026","2","14","11","5","臺中市","烏日區","0","1","0","7","2","6","50","4","1","1","5","4","6","6","2","1","5","4","5","1","17","3","10","3","1","B03","7","5","1","8","2","1","","20","20","1","6","4","120.644154","24.085879","2"
"5909","66000","387130000C","(04)23274275","(04)23288582","2026","2","14","11","6","臺中市","中區","0","1","0","7","2","6","50","4","1","1","5","4","6","6","1","1","10","5","5","2","12","2","8","5","4","C03","7","8","1","10","2","15","","40","40","1","13","4","120.680191","24.143104","2"
"5910","66000","387130000C","(04)23274275","(04)23288582","2026","2","14","11","7","臺中市","北屯區","0","0","0","7","","","50","","","","","","","","","","","","","","","","","","","B03","","","1","","1","","","84","84","1","13","4","120.697523","24.165137","3"
"5911","66000","387130000C","(04)23274275","(04)23288582","2026","2","14","11","7","臺中市","大里區","0","2","0","7","2","6","50","3","1","1","5","4","6","6","4","4","10","5","5","2","3","2","9","6","5","H01","8","16","7","21","10","17","","95","95","1","12","5","120.70379","24.107064","2"
"5912","66000","387130000C","(04)23274275","(04)23288582","2026","2","14","11","8","臺中市","龍井區","0","2","0","7","2","6","60","13","7","1","5","4","6","6","4","4","9","4","1","2","13","2","9","3","1","B12","7","9","1","8","2","1","","7","7","1","6","4","120.590747","24.183775","2"
"5913","66000","387130000C","(04)23274275","(04)23288582","2026","2","14","11","9","臺中市","東區","0","1","0","7","2","6","40","13","7","1","5","4","6","6","4","4","5","5","4","2","17","2","9","1","1","C03","7","8","1","10","2","14","","40","40","1","12","4","120.704198","24.132567","2"
"5914","66000","387130000C","(04)23274275","(04)23288582","2026","2","14","11","14","臺中市","神岡區","0","0","0","7","1","6","50","13","14","1","5","4","3","6","4","4","5","5","4","2","14","","","","","C03","","","1","","1","","","49","49","1","12","4","120.660592","24.257559","3"
"5915","66000","387130000C","(04)23274275","(04)23288582","2026","2","14","11","15","臺中市","北區","0","1","0","7","3","6","50","18","24","1","5","4","6","6","4","4","3","4","5","2","18","2","9","5","4","C03","7","9","1","10","2","12","","84","84","1","13","4","120.672687","24.168151","2"
"5916","66000","387130000C","(04)23274275","(04)23288582","2026","2","14","11","17","臺中市","霧峰區","0","1","0","7","2","6","50","13","9","1","5","4","6","6","4","4","5","5","5","2","17","2","9","5","4","C03","7","9","1","10","2","11","","59","59","1","12","4","120.709373","24.080229","2"
"5917","66000","387130000C","(04)23274275","(04)23288582","2026","2","14","11","19","臺中市","大里區","0","0","0","7","3","6","50","13","9","1","5","4","6","6","1","1","5","5","5","2","13","","","","","B03","","","1","","2","","","59","59","1","12","4","120.682276","24.102545","3"
"5918","66000","387130000C","(04)23274275","(04)23288582","2026","2","14","11","22","臺中市","潭子區","0","1","0","7","3","6","50","4","1","1","5","4","6","6","2","1","5","4","5","1","15","2","9","1","1","C03","7","11","3","19","2","12","","28","28","1","13","4","120.722666","24.203949","2"
"5919","66000","387130000C","(04)23274275","(04)23288582","2026","2","14","11","22","臺中市","南區","0","0","0","7","","","50","","","","","","","","","","","","","","","","","","","B03","","","1","","1","","","7","7","1","12","4","120.665651","24.118971","3"
"5920","66000","387130000C","(04)23274275","(04)23288582","2026","2","14","11","23","臺中市","太平區","0","1","0","7","2","6","50","3","2","1","5","4","6","6","1","1","10","5","5","2","13","2","8","2","1","C03","7","6","1","10","2","12","","84","84","1","13","4","120.723313","24.12285","2"
"5921","66000","387130000C","(04)23274275","(04)23288582","2026","2","14","11","24","臺中市","大里區","0","2","0","6","3","6","50","4","1","1","5","4","6","6","4","4","10","5","5","2","13","2","9","1","1","C03","7","9","1","10","2","11","","7","7","1","12","4","120.708887","24.083262","2"
"5922","66000","387130000C","(04)23274275","(04)23288582","2026","2","14","11","25","臺中市","東區","0","1","0","7","2","6","0","13","21","4","5","4","6","6","4","4","10","5","5","2","9","3","10","1","1","C03","7","15","1","10","11","16","","85","85","1","12","4","120.694318","24.133536","2"
"5923","66000","387130000C","(04)23274275","(04)23288582","2026","2","14","11","28","臺中市","東區","0","0","0","7","","","50","","","","","","","","","","","","","","10","","","","","B03","","","1","","2","","","90","90","1","13","4","120.698526","24.14036","3"
"5924","66000","387130000C","(04)23274275","(04)23288582","2026","2","14","11","29","臺中市","石岡區","0","0","0","7","","","70","","","","","","","","","","","","","","","","","","","B03","","","1","","2","","","84","84","1","12","4","120.784512","24.274436","3"
"5925","66000","387130000C","(04)23274275","(04)23288582","2026","2","14","11","30","臺中市","北屯區","0","0","0","7","","","50","","","","","","","","","","","","","","14","","","","","B03","","","1","","1","","","49","49","1","6","4","120.680253","24.193738","3"
"5926","66000","387130000C","(04)23274275","(04)23288582","2026","2","14","11","30","臺中市","龍井區","0","0","0","7","","","50","","","","","","","","","","","","","","13","","","","","A04","","","1","","2","","","61","61","1","12","4","120.523427","24.200695","3"
"5927","66000","387130000C","(04)23274275","(04)23288582","2026","2","14","11","30","臺中市","神岡區","0","0","0","7","1","6","30","13","14","1","5","4","3","6","4","4","10","5","5","2","14","","","","","B12","","","1","","2","","","49","49","1","12","4","120.658028","24.273918","3"
"5928","66000","387130000C","(04)23274275","(04)23288582","2026","2","14","11","37","臺中市","北區","0","0","0","7","3","6","50","18","24","1","5","4","6","6","4","4","7","5","5","2","17","","","","","B03","","","1","","1","","","84","84","1","13","4","120.694679","24.15577","3"
"5929","66000","387130000C","(04)23274275","(04)23288582","2026","2","14","11","39","臺中市","大雅區","0","0","0","7","","","30","","","","","","","","","","","","","","","","","","","B12","","","5","","2","","","49","49","1","12","4","120.667289","24.217131","3"
"5930","66000","387130000C","(04)23274275","(04)23288582","2026","2","14","11","43","臺中市","霧峰區","0","0","0","7","","","50","","","","","","","","","","","","","","17","","","","","C03","","","1","","2","","","50","50","1","12","4","120.699344","24.06936","3"
"5931","66000","387130000C","(04)23274275","(04)23288582","2026","2","14","11","45","臺中市","大雅區","0","1","0","7","3","6","50","3","1","1","5","4","6","6","4","4","4","5","5","1","17","3","10","5","4","C03","7","9","1","10","2","11","","7","7","1","13","4","120.647046","24.224514","2"
"5932","66000","387130000C","(04)23274275","(04)23288582","2026","2","14","11","49","臺中市","東區","0","0","0","7","","","50","","","","","","","","","","","","","","12","","","","","B03","","","1","","1","","","8","8","1","13","4","120.692939","24.134813","3"
"5933","66000","387130000C","(04)23274275","(04)23288582","2026","2","14","11","50","臺中市","西區","0","0","0","7","","","50","","","","","","","","","","","","","","12","","","","","B03","","","1","","2","","","8","8","1","12","4","120.659448","24.1467","3"
"5934","66000","387130000C","(04)23274275","(04)23288582","2026","2","14","11","50","臺中市","神岡區","0","0","0","7","","","50","","","","","","","","","","","","","","12","","","","","B03","","","1","","2","","","8","8","1","12","4","120.696303","24.248532","3"
"5935","66000","387130000C","(04)23274275","(04)23288582","2026","2","14","11","52","臺中市","西屯區","0","1","0","7","2","6","50","13","7","1","5","4","6","6","4","4","9","5","4","2","13","2","7","1","1","C03","7","9","1","10","2","11","","84","84","1","12","4","120.665355","24.167537","2"
"5936","66000","387130000C","(04)23274275","(04)23288582","2026","2","14","11","53","臺中市","太平區","0","0","0","7","","","50","","","","","","","","","","","","","","17","","","","","B03","","","1","","2","","","84","84","1","12","4","120.722558","24.15586","3"
"5937","66000","387130000C","(04)23274275","(04)23288582","2026","2","14","11","55","臺中市","南屯區","0","0","0","7","","","50","","","","","","","","","","","","","","13","","","","","B03","","","1","","1","","","84","84","1","13","4","120.622936","24.149677","3"
"5938","66000","387130000C","(04)23274275","(04)23288582","2026","2","14","11","59","臺中市","大里區","0","0","0","7","","","50","","","","","","","","","","","","","","17","","","","","B03","","","1","","2","","","35","35","1","12","4","120.688208","24.101593","3"
"5939","66000","387130000C","(04)23274275","(04)23288582","2026","2","14","12","5","臺中市","大里區","0","1","0","7","3","6","50","4","2","1","5","4","6","6","1","1","5","5","5","1","17","2","8","1","1","C03","7","6","1","10","2","11","","84","84","1","12","4","120.691873","24.07789","2"
"5940","66000","387130000C","(04)23274275","(04)23288582","2026","2","14","12","6","臺中市","西屯區","0","0","0","7","","","50","","","","","","","","","","","","","","17","","","","","B03","","","1","","2","","","39","39","1","12","4","120.630492","24.160347","3"