序號,縣市別代碼,機關代碼,市話,傳真,年,月,日,時,分,縣市,區,死亡數量,受傷數量,2-30,天候,道路照明設備,道路類別,道路速限,道路型態,事故位置,路面鋪裝,路面狀態,路面缺陷,障礙物,視距,號誌種類,號誌動作,分向設施,快車道或一般車道間,快慢車道間,路面邊線,事故類型及型態,受傷程度,主要傷處,保護裝備,行動電話或功能裝置,當事者區分(類別),車輛用途,當事者行動狀態,駕照狀態,駕照種類,飲酒情形,車輛撞擊部位最初,車輛撞擊部位其他,肇事因素個別,肇事因素主要,肇事逃逸,職業,共享經濟或外送平台,GPS座標X,GPS座標Y,事故類別
"5941","66000","387130000C","(04)23274275","(04)23288582","2026","2","14","12","8","臺中市","北屯區","0","2","0","7","3","6","40","4","2","1","5","4","6","6","1","1","1","4","4","2","12","3","10","1","1","C04","7","4","1","8","2","14","12","1","1","1","12","4","120.702077","24.184887","2"
"5942","66000","387130000C","(04)23274275","(04)23288582","2026","2","14","12","9","臺中市","東區","0","1","0","7","2","6","50","4","1","1","5","4","6","6","1","1","10","5","5","2","17","3","10","3","1","B03","7","5","1","8","1","2","","84","84","1","12","4","120.69244","24.146265","2"
"5943","66000","387130000C","(04)23274275","(04)23288582","2026","2","14","12","10","臺中市","南屯區","0","1","0","7","3","6","50","13","8","1","5","4","6","6","1","1","5","5","4","2","17","3","10","3","1","B03","7","1","1","8","2","4","","51","51","1","12","4","120.615626","24.150014","2"
"5944","66000","387130000C","(04)23274275","(04)23288582","2026","2","14","12","11","臺中市","北區","0","0","0","7","","","50","","","","","","","","","","","","","","17","","","","","C03","","","1","","1","","","84","84","1","13","4","120.685212","24.152951","3"
"5945","66000","387130000C","(04)23274275","(04)23288582","2026","2","14","12","13","臺中市","西屯區","0","0","0","7","","","50","","","","","","","","","","","","","","16","","","","","C03","","","1","","1","","","14","14","1","12","4","120.645064","24.172882","3"
"5946","66000","387130000C","(04)23274275","(04)23288582","2026","2","14","12","16","臺中市","東區","0","2","0","7","3","6","50","5","1","1","5","4","6","6","4","4","10","5","5","2","16","2","8","2","1","C03","7","6","1","10","2","14","","12","12","1","6","4","120.685817","24.129777","2"
"5947","66000","387130000C","(04)23274275","(04)23288582","2026","2","14","12","19","臺中市","北屯區","0","0","0","7","","","50","","","","","","","","","","","","","","","","","","","B03","","","1","","1","","","7","7","1","13","4","120.686263","24.19457","3"
"5948","66000","387130000C","(04)23274275","(04)23288582","2026","2","14","12","21","臺中市","大里區","0","0","0","7","3","6","50","4","1","1","5","4","6","6","1","1","10","5","5","2","13","","","","","C03","","","1","","2","","","7","7","1","12","4","120.694187","24.100334","3"
"5949","66000","387130000C","(04)23274275","(04)23288582","2026","2","14","12","21","臺中市","太平區","0","2","0","7","2","6","50","5","1","1","5","4","6","6","2","1","10","5","5","2","16","3","10","3","1","B03","7","5","1","8","2","6","","20","20","1","12","4","120.712629","24.145944","2"
"5950","66000","387130000C","(04)23274275","(04)23288582","2026","2","14","12","25","臺中市","北屯區","0","1","0","7","1","6","50","4","1","1","5","4","6","6","1","1","10","5","5","2","16","3","10","3","1","B03","7","11","1","8","2","4","","45","45","1","13","4","120.688602","24.197827","2"
"5951","66000","387130000C","(04)23274275","(04)23288582","2026","2","14","12","25","臺中市","西屯區","0","0","0","7","","","50","","","","","","","","","","","","","","13","","","","","B03","","","1","","1","","","45","45","1","13","4","120.62124","24.189553","3"
"5952","66000","387130000C","(04)23274275","(04)23288582","2026","2","14","12","25","臺中市","西屯區","0","0","0","7","","","50","","","","","","","","","","","","","","13","","","","","B03","","","1","","1","","","59","59","1","13","4","120.646368","24.164566","3"
"5953","66000","387130000C","(04)23274275","(04)23288582","2026","2","14","12","26","臺中市","北區","0","2","0","7","3","6","50","18","24","1","5","4","6","6","4","4","5","5","5","2","17","2","9","5","4","F07","7","15","7","21","2","12","","84","84","1","13","4","120.679686","24.158128","2"
"5954","66000","387130000C","(04)23274275","(04)23288582","2026","2","14","12","27","臺中市","北屯區","0","2","0","7","1","6","50","3","2","1","5","4","6","6","4","4","9","4","4","2","17","2","9","1","1","C03","7","6","1","10","2","13","","20","20","1","13","4","120.673377","24.180445","2"
"5955","66000","387130000C","(04)23274275","(04)23288582","2026","2","14","12","29","臺中市","西區","0","1","0","7","1","6","50","13","9","1","5","4","6","6","4","4","9","5","5","2","13","2","7","1","1","C03","7","14","1","10","2","11","","59","59","1","13","4","120.665341","24.134146","2"
"5956","66000","387130000C","(04)23274275","(04)23288582","2026","2","14","12","30","臺中市","北屯區","0","1","0","7","2","6","50","4","1","1","5","4","6","6","2","1","10","5","5","2","12","3","10","2","1","C03","7","4","1","10","2","14","","1","1","1","12","4","120.68539","24.169348","2"
"5957","66000","387130000C","(04)23274275","(04)23288582","2026","2","14","12","32","臺中市","后里區","0","0","0","7","2","6","40","4","1","1","5","4","6","6","3","1","5","5","5","1","15","3","10","3","1","B03","7","9","1","8","2","6","","24","24","1","6","4","120.717738","24.307341","3"
"5958","66000","387130000C","(04)23274275","(04)23288582","2026","2","14","12","35","臺中市","太平區","0","0","0","7","","","30","","","","","","","","","","","","","","16","","","","","C03","","","1","","2","","","51","51","1","13","4","120.713114","24.149836","3"
"5959","66000","387130000C","(04)23274275","(04)23288582","2026","2","14","12","37","臺中市","北屯區","0","1","0","7","2","6","50","4","1","1","5","4","6","6","2","1","10","5","5","2","13","3","10","3","1","B03","7","9","1","8","2","1","","7","7","1","12","4","120.68592","24.179283","2"
"5960","66000","387130000C","(04)23274275","(04)23288582","2026","2","14","12","38","臺中市","北屯區","0","1","0","7","1","6","50","4","2","1","5","4","6","6","1","1","5","4","4","2","11","3","10","3","1","B03","7","6","1","8","2","1","","11","11","1","13","4","120.69041","24.186879","2"
"5961","66000","387130000C","(04)23274275","(04)23288582","2026","2","14","12","38","臺中市","北屯區","0","1","0","7","3","6","30","4","1","1","5","4","6","6","4","4","10","5","5","2","16","3","10","3","1","B03","7","6","1","8","2","1","","14","14","1","12","4","120.69263","24.18156","2"
"5962","66000","387130000C","(04)23274275","(04)23288582","2026","2","14","12","39","臺中市","大甲區","0","2","0","7","3","6","50","4","1","1","5","4","6","6","1","1","10","5","5","2","18","2","9","1","1","C03","7","9","1","10","2","14","","7","7","1","6","4","120.642327","24.40622","2"
"5963","66000","387130000C","(04)23274275","(04)23288582","2026","2","14","12","40","臺中市","北區","0","0","0","7","","","50","","","","","","","","","","","","","","14","","","","","B03","","","1","","2","","","49","49","1","13","4","120.670212","24.170854","3"
"5964","66000","387130000C","(04)23274275","(04)23288582","2026","2","14","12","40","臺中市","龍井區","0","2","0","7","2","6","50","5","1","1","5","4","6","6","1","1","2","3","4","1","16","2","9","1","1","C03","7","9","1","10","2","14","","21","21","1","13","4","120.547477","24.201072","2"
"5965","66000","387130000C","(04)23274275","(04)23288582","2026","2","14","12","44","臺中市","潭子區","0","0","0","7","","","30","","","","","","","","","","","","","","","","","","","B12","","","1","","9","","","8","8","1","13","4","120.706769","24.20994","3"
"5966","66000","387130000C","(04)23274275","(04)23288582","2026","2","14","12","44","臺中市","東區","0","1","0","7","2","6","50","4","1","1","5","4","6","6","2","1","10","5","5","2","16","3","10","6","1","F01","7","6","7","21","2","13","","11","11","1","12","4","120.700688","24.127289","2"
"5967","66000","387130000C","(04)23274275","(04)23288582","2026","2","14","12","45","臺中市","豐原區","0","0","0","7","","","50","","","","","","","","","","","","","","","","","","","B03","","","1","","2","","","45","45","1","13","4","120.704922","24.244422","3"
"5968","66000","387130000C","(04)23274275","(04)23288582","2026","2","14","12","50","臺中市","大甲區","0","1","0","7","2","6","50","3","9","1","5","4","6","6","4","4","6","3","5","1","12","3","10","3","1","B03","7","6","1","8","2","8","","84","84","1","12","4","120.626303","24.345742","2"
"5969","66000","387130000C","(04)23274275","(04)23288582","2026","2","14","12","52","臺中市","西屯區","0","1","0","7","3","6","30","13","9","1","5","4","6","6","4","4","10","5","5","2","17","3","10","5","4","C03","7","1","1","10","2","14","","51","51","1","13","4","120.665852","24.176173","2"
"5970","66000","387130000C","(04)23274275","(04)23288582","2026","2","14","12","53","臺中市","西區","0","0","0","7","","","50","","","","","","","","","","","","","","17","","","","","B03","","","1","","1","","","59","59","1","12","4","120.655099","24.137419","3"
"5971","66000","387130000C","(04)23274275","(04)23288582","2026","2","14","12","54","臺中市","北區","0","0","0","7","","","50","","","","","","","","","","","","","","","","","","","B03","","","1","","9","","","84","84","2","12","4","120.676248","24.171451","3"
"5972","66000","387130000C","(04)23274275","(04)23288582","2026","2","14","12","58","臺中市","南區","0","2","0","7","2","6","30","4","1","1","5","4","6","6","4","4","10","5","5","2","15","2","9","2","1","C03","7","9","1","10","2","14","","12","12","1","13","4","120.672798","24.125647","2"
"5973","66000","387130000C","(04)23274275","(04)23288582","2026","2","14","12","59","臺中市","西區","0","1","0","7","2","6","50","13","9","1","5","4","6","6","4","4","5","5","5","2","17","3","10","3","1","B03","7","15","1","8","2","8","","76","76","1","12","4","120.673482","24.15207","2"
"5974","66000","387130000C","(04)23274275","(04)23288582","2026","2","14","13","0","臺中市","沙鹿區","0","0","0","7","","","50","","","","","","","","","","","","","","","","","","","B03","","","1","","2","","","40","40","1","6","4","120.573989","24.226451","3"
"5975","66000","387130000C","(04)23274275","(04)23288582","2026","2","14","13","5","臺中市","南屯區","0","0","0","7","","","50","","","","","","","","","","","","","","","","","","","B12","","","1","","1","","","8","8","1","13","4","120.63474","24.141623","3"
"5976","66000","387130000C","(04)23274275","(04)23288582","2026","2","14","13","10","臺中市","南屯區","0","1","0","7","2","6","50","4","1","1","5","4","6","6","2","1","5","4","5","2","13","2","9","2","1","C03","7","9","1","10","2","11","","7","7","1","12","4","120.64513","24.129534","2"
"5977","66000","387130000C","(04)23274275","(04)23288582","2026","2","14","13","16","臺中市","西區","0","0","0","7","","","50","","","","","","","","","","","","","","12","","","","","B03","","","1","","2","","","84","84","1","13","4","120.661502","24.147389","3"
"5978","66000","387130000C","(04)23274275","(04)23288582","2026","2","14","13","16","臺中市","龍井區","0","0","0","7","","","50","","","","","","","","","","","","","","30","","","","","B03","","","1","","2","","","89","89","1","13","4","120.549629","24.213537","3"
"5979","66000","387130000C","(04)23274275","(04)23288582","2026","2","14","13","19","臺中市","南屯區","0","2","0","7","2","6","50","4","1","1","5","4","6","6","2","1","5","4","4","2","16","2","9","1","1","C03","7","9","1","10","2","12","","21","21","1","12","4","120.614214","24.143699","2"
"5980","66000","387130000C","(04)23274275","(04)23288582","2026","2","14","13","19","臺中市","西屯區","0","2","0","7","2","6","50","5","1","1","5","4","6","6","2","1","10","5","5","2","15","2","7","5","4","F01","7","9","7","21","2","11","","21","21","1","13","1","120.665446","24.166964","2"
"5981","66000","387130000C","(04)23274275","(04)23288582","2026","2","14","13","20","臺中市","西區","0","1","0","7","2","6","50","5","1","1","5","4","6","6","1","1","9","4","5","2","12","3","10","3","1","B03","7","5","1","8","2","5","","84","84","1","12","4","120.668766","24.132048","2"
"5982","66000","387130000C","(04)23274275","(04)23288582","2026","2","14","13","20","臺中市","北屯區","0","0","0","7","","","50","","","","","","","","","","","","","","","","","","","B02","","","1","","2","","","14","14","1","13","4","120.725516","24.166789","3"
"5983","66000","387130000C","(04)23274275","(04)23288582","2026","2","14","13","20","臺中市","豐原區","0","1","0","7","2","6","50","3","1","1","5","4","6","6","1","1","1","2","4","1","16","3","10","5","4","B03","7","5","1","8","2","6","","84","84","1","13","4","120.71802","24.243587","2"
"5984","66000","387130000C","(04)23274275","(04)23288582","2026","2","14","13","22","臺中市","中區","0","0","0","7","","","50","","","","","","","","","","","","","","13","","","","","C03","","","1","","1","","","7","7","1","13","4","120.680145","24.143006","3"
"5985","66000","387130000C","(04)23274275","(04)23288582","2026","2","14","13","23","臺中市","大里區","0","2","0","7","2","6","50","13","8","1","5","4","6","6","1","1","1","4","4","1","17","2","9","1","1","C03","7","9","1","10","2","11","","7","7","1","12","4","120.674333","24.102411","2"
"5986","66000","387130000C","(04)23274275","(04)23288582","2026","2","14","13","28","臺中市","北屯區","0","0","0","7","","","50","","","","","","","","","","","","","","12","","","","","B03","","","1","","1","","","51","51","1","6","4","120.718254","24.175798","3"
"5987","66000","387130000C","(04)23274275","(04)23288582","2026","2","14","13","29","臺中市","北屯區","0","0","0","7","","","50","","","","","","","","","","","","","","14","","","","","B03","","","5","","1","","","49","49","1","12","4","120.720935","24.178136","3"
"5988","66000","387130000C","(04)23274275","(04)23288582","2026","2","14","13","34","臺中市","西區","0","0","0","7","","","50","","","","","","","","","","","","","","17","","","","","B03","","","1","","1","","","59","59","1","13","4","120.661908","24.156262","3"
"5989","66000","387130000C","(04)23274275","(04)23288582","2026","2","14","13","37","臺中市","北屯區","0","0","0","7","","","50","","","","","","","","","","","","","","16","","","","","B03","","","1","","1","","","14","14","1","12","4","120.666482","24.190977","3"
"5990","66000","387130000C","(04)23274275","(04)23288582","2026","2","14","13","41","臺中市","西屯區","0","1","0","7","2","6","50","5","1","1","5","4","6","6","2","1","10","5","5","2","12","3","10","3","1","B03","7","5","1","8","2","6","","11","11","1","12","4","120.616364","24.190958","2"
"5991","66000","387130000C","(04)23274275","(04)23288582","2026","2","14","13","43","臺中市","太平區","0","2","0","7","2","6","50","13","9","1","5","4","6","6","4","4","5","4","5","2","2","2","8","2","1","C03","7","9","3","19","2","11","","84","84","1","12","4","120.710097","24.12718","2"
"5992","66000","387130000C","(04)23274275","(04)23288582","2026","2","14","13","47","臺中市","大甲區","0","1","0","7","3","6","50","13","9","1","5","4","6","6","4","4","10","5","5","1","17","2","9","1","1","C02","7","11","1","10","2","11","","45","45","1","6","4","120.618933","24.339574","2"
"5993","66000","387130000C","(04)23274275","(04)23288582","2026","2","14","13","47","臺中市","豐原區","0","0","0","7","","","50","","","","","","","","","","","","","","17","","","","","B03","","","1","","2","","","78","78","1","12","4","120.737215","24.250786","3"
"5994","66000","387130000C","(04)23274275","(04)23288582","2026","2","14","13","48","臺中市","潭子區","0","0","0","7","","","50","","","","","","","","","","","","","","12","","","","","C03","","","1","","2","","","40","40","1","12","4","120.703912","24.215748","3"
"5995","66000","387130000C","(04)23274275","(04)23288582","2026","2","14","13","48","臺中市","豐原區","0","1","0","7","2","6","50","4","1","1","5","4","6","6","1","1","10","5","5","2","16","3","10","3","1","B03","7","5","1","8","2","2","","11","11","1","13","4","120.722087","24.249648","2"
"5996","66000","387130000C","(04)23274275","(04)23288582","2026","2","14","13","50","臺中市","南屯區","0","0","0","7","","","50","","","","","","","","","","","","","","","","","","","B03","","","1","","2","","","7","7","1","13","4","120.632036","24.153108","3"
"5997","66000","387130000C","(04)23274275","(04)23288582","2026","2","14","13","55","臺中市","南屯區","0","0","0","7","","","50","","","","","","","","","","","","","","12","","","","","B03","","","1","","1","","","8","8","1","13","4","120.622232","24.150085","3"
"5998","66000","387130000C","(04)23274275","(04)23288582","2026","2","14","13","55","臺中市","西屯區","0","0","0","7","","","50","","","","","","","","","","","","","","16","","","","","B03","","","1","","2","","","84","84","1","13","4","120.661548","24.162982","3"
"5999","66000","387130000C","(04)23274275","(04)23288582","2026","2","14","14","0","臺中市","西屯區","0","2","0","7","2","6","50","4","1","1","5","4","6","6","1","1","10","5","5","2","16","3","10","5","4","B03","7","5","1","8","2","2","","11","11","1","13","4","120.65263","24.166498","2"
"6000","66000","387130000C","(04)23274275","(04)23288582","2026","2","14","14","1","臺中市","西區","0","0","0","7","","","50","","","","","","","","","","","","","","17","","","","","B03","","","1","","9","","","43","43","1","12","4","120.661531","24.144324","3"
"6001","66000","387130000C","(04)23274275","(04)23288582","2026","2","14","14","2","臺中市","西屯區","0","2","0","7","2","6","50","4","1","1","5","4","6","6","2","1","10","5","5","2","16","2","9","1","1","C03","7","6","1","10","2","14","","48","48","1","12","4","120.65657","24.188382","2"
"6002","66000","387130000C","(04)23274275","(04)23288582","2026","2","14","14","4","臺中市","北屯區","0","0","0","7","","","50","","","","","","","","","","","","","","","","","","","B12","","","1","","2","","","49","49","1","13","4","120.669232","24.184748","3"
"6003","66000","387130000C","(04)23274275","(04)23288582","2026","2","14","14","6","臺中市","北區","0","1","0","7","3","6","50","4","1","1","5","4","6","6","4","4","10","5","5","2","17","3","10","5","4","B03","7","6","1","8","1","2","","11","11","1","13","4","120.671995","24.167464","2"
"6004","66000","387130000C","(04)23274275","(04)23288582","2026","2","14","14","11","臺中市","南區","0","0","0","7","","","30","","","","","","","","","","","","","","30","","","","","","","","","","","","","84","84","1","","","120.684146","24.130133","4"
"6005","66000","387130000C","(04)23274275","(04)23288582","2026","2","14","14","12","臺中市","大里區","0","2","0","7","3","6","30","13","9","1","5","4","6","6","4","4","5","5","5","1","11","2","9","1","1","F03","7","9","7","21","8","12","","53","53","1","12","4","120.682076","24.093434","2"
"6006","66000","387130000C","(04)23274275","(04)23288582","2026","2","14","14","16","臺中市","潭子區","0","0","0","7","","3","80","","","","","","","","","","","","","","","","","","","B03","","","1","","2","","","40","40","1","13","4","120.709739","24.200514","3"
"6007","66000","387130000C","(04)23274275","(04)23288582","2026","2","14","14","17","臺中市","大雅區","0","0","0","7","","","60","","","","","","","","","","","","","","","","","","","B12","","","1","","1","","","59","59","1","13","4","120.648978","24.21766","3"
"6008","66000","387130000C","(04)23274275","(04)23288582","2026","2","14","14","17","臺中市","北屯區","0","0","0","7","","","50","","","","","","","","","","","","","","13","","","","","B03","","","1","","2","","","7","7","1","6","4","120.733445","24.160599","3"
"6009","66000","387130000C","(04)23274275","(04)23288582","2026","2","14","14","20","臺中市","霧峰區","0","1","0","7","2","6","30","4","1","1","5","4","6","6","3","1","10","5","5","2","15","4","11","5","4","B03","7","9","1","8","2","5","","24","24","1","12","4","120.670602","24.030253","2"
"6010","66000","387130000C","(04)23274275","(04)23288582","2026","2","14","14","25","臺中市","西屯區","0","0","0","7","","","30","","","","","","","","","","","","","","17","","","","","B03","","","1","","2","","","8","8","1","13","4","120.656993","24.160819","3"
"6011","66000","387130000C","(04)23274275","(04)23288582","2026","2","14","14","25","臺中市","西屯區","0","1","0","7","3","6","40","13","9","1","5","4","6","6","4","4","3","5","3","2","13","2","9","5","4","F01","7","9","7","21","2","11","","59","59","1","13","4","120.592336","24.183499","2"
"6012","66000","387130000C","(04)23274275","(04)23288582","2026","2","14","14","27","臺中市","西屯區","0","2","0","7","2","6","50","13","9","1","5","4","6","6","4","4","1","4","5","2","12","3","10","3","1","B03","7","5","1","8","2","5","","20","20","1","12","4","120.618446","24.184882","2"
"6013","66000","387130000C","(04)23274275","(04)23288582","2026","2","14","14","28","臺中市","南區","0","3","0","7","2","6","50","4","3","1","5","4","6","6","2","1","10","5","5","2","13","2","9","2","1","C03","7","9","1","10","2","11","","7","7","1","13","4","120.679359","24.118948","2"
"6014","66000","387130000C","(04)23274275","(04)23288582","2026","2","14","14","28","臺中市","東區","0","0","0","7","","","50","","","","","","","","","","","","","","","","","","","B03","","","1","","1","","","45","45","1","12","4","120.695825","24.134722","3"
"6015","66000","387130000C","(04)23274275","(04)23288582","2026","2","14","14","30","臺中市","后里區","0","0","0","7","2","6","50","3","14","1","5","4","6","6","4","4","9","4","4","1","","3","10","3","1","B03","7","11","1","8","2","6","","45","45","1","6","4","120.691471","24.313967","3"
"6016","66000","387130000C","(04)23274275","(04)23288582","2026","2","14","14","31","臺中市","北屯區","0","0","0","7","","","50","","","","","","","","","","","","","","13","","","","","C03","","","1","","1","","","7","7","1","12","4","120.69762","24.170363","3"
"6017","66000","387130000C","(04)23274275","(04)23288582","2026","2","14","14","31","臺中市","豐原區","0","0","0","7","","","50","","","","","","","","","","","","","","17","","","","","B03","","","1","","2","","","20","20","1","12","4","120.712568","24.250823","3"
"6018","66000","387130000C","(04)23274275","(04)23288582","2026","2","14","14","32","臺中市","南區","0","0","0","7","","","40","","","","","","","","","","","","","","12","","","","","B12","","","1","7","1","","","50","50","1","6","4","120.654759","24.12278","3"
"6019","66000","387130000C","(04)23274275","(04)23288582","2026","2","14","14","36","臺中市","神岡區","1","0","0","7","2","6","50","18","9","1","5","4","6","6","4","4","9","4","5","1","21","1","1","1","4","F03","7","9","7","21","9","11","","59","59","1","13","4","120.680144","24.240242","1"
"6020","66000","387130000C","(04)23274275","(04)23288582","2026","2","14","14","37","臺中市","北區","0","2","0","7","2","6","50","4","1","1","5","4","6","6","1","1","10","5","5","2","15","2","9","5","4","C03","7","9","1","10","2","11","","21","21","1","12","4","120.667516","24.166989","2"
"6021","66000","387130000C","(04)23274275","(04)23288582","2026","2","14","14","37","臺中市","西屯區","0","0","0","7","","","50","","","","","","","","","","","","","","13","","","","","B03","","","1","","1","","","7","7","1","12","4","120.650848","24.16155","3"
"6022","66000","387130000C","(04)23274275","(04)23288582","2026","2","14","14","38","臺中市","東區","0","0","0","7","","","30","","","","","","","","","","","","","","10","","","","","C03","","","1","","1","","","84","84","1","12","4","120.694475","24.131406","3"
"6023","66000","387130000C","(04)23274275","(04)23288582","2026","2","14","14","38","臺中市","北屯區","0","0","0","7","","","50","","","","","","","","","","","","","","","","","","","B03","","","1","","1","","","84","84","1","13","4","120.722573","24.176571","4"
"6024","66000","387130000C","(04)23274275","(04)23288582","2026","2","14","14","38","臺中市","清水區","0","0","0","7","","","70","","","","","","","","","","","","","","","","","","","B03","","","1","","2","","","82","82","1","12","4","120.571439","24.275571","3"
"6025","66000","387130000C","(04)23274275","(04)23288582","2026","2","14","14","38","臺中市","大甲區","0","1","0","7","2","6","40","13","9","1","5","4","6","6","4","4","7","5","5","2","18","2","9","1","1","C03","7","1","1","10","2","12","","51","51","1","12","4","120.632517","24.367697","2"
"6026","66000","387130000C","(04)23274275","(04)23288582","2026","2","14","14","39","臺中市","西區","0","0","0","7","","","50","","","","","","","","","","","","","","14","","","","","B03","","","1","","2","","","49","49","1","13","4","120.650997","24.146724","3"
"6027","66000","387130000C","(04)23274275","(04)23288582","2026","2","14","14","40","臺中市","南屯區","0","1","0","7","3","6","50","13","9","1","5","4","6","6","1","1","5","5","5","2","12","3","10","3","1","B03","7","5","1","8","2","2","","20","20","1","12","4","120.6506","24.148861","2"
"6028","66000","387130000C","(04)23274275","(04)23288582","2026","2","14","14","43","臺中市","太平區","0","0","0","7","2","6","30","","","","","","","","","","","","","","","","","","","C02","","","1","","2","13","","49","49","1","12","4","120.726566","24.146019","3"
"6029","66000","387130000C","(04)23274275","(04)23288582","2026","2","14","14","43","臺中市","石岡區","0","1","0","7","2","6","50","11","9","1","5","4","6","6","3","1","8","5","5","2","12","2","9","1","1","C01","7","5","1","9","2","12","","82","82","1","12","4","120.779673","24.276238","2"
"6030","66000","387130000C","(04)23274275","(04)23288582","2026","2","14","14","44","臺中市","北區","0","2","0","7","2","6","50","4","9","1","5","4","6","6","4","4","5","4","5","1","17","2","9","1","1","C03","7","15","1","9","2","11","","82","82","1","13","4","120.671778","24.158975","2"
"6031","66000","387130000C","(04)23274275","(04)23288582","2026","2","14","14","45","臺中市","太平區","0","2","0","7","2","6","50","3","1","1","5","4","6","6","4","4","10","5","5","2","16","2","8","2","1","C03","7","6","1","10","2","12","","48","48","1","13","4","120.718638","24.126524","2"
"6032","66000","387130000C","(04)23274275","(04)23288582","2026","2","14","14","45","臺中市","龍井區","0","2","0","7","2","6","30","3","2","1","5","4","6","6","4","4","10","5","5","2","16","2","7","5","4","C03","7","5","1","10","2","11","","8","8","1","6","4","120.588615","24.183045","2"
"6033","66000","387130000C","(04)23274275","(04)23288582","2026","2","14","14","45","臺中市","大肚區","0","0","0","7","","","50","","","","","","","","","","","","","","","","","","","B03","","","1","","2","","","8","8","1","12","4","120.575903","24.175342","3"
"6034","66000","387130000C","(04)23274275","(04)23288582","2026","2","14","14","48","臺中市","太平區","0","1","0","7","2","6","50","4","1","1","5","4","6","6","2","1","10","5","5","2","15","3","10","3","1","B03","7","9","1","8","2","8","","21","21","1","12","4","120.714188","24.137806","2"
"6035","66000","387130000C","(04)23274275","(04)23288582","2026","2","14","14","53","臺中市","南區","0","1","0","7","1","6","50","4","1","1","5","4","6","6","1","1","9","4","5","2","11","3","10","3","1","B03","7","6","1","8","2","2","","11","11","1","12","4","120.659269","24.113188","2"
"6036","66000","387130000C","(04)23274275","(04)23288582","2026","2","14","14","57","臺中市","北區","0","1","0","7","3","6","40","4","1","1","5","4","6","6","2","1","10","5","5","2","17","3","10","5","4","C03","7","6","1","10","2","11","","84","84","1","13","4","120.679475","24.151959","2"
"6037","66000","387130000C","(04)23274275","(04)23288582","2026","2","14","14","58","臺中市","大甲區","0","1","0","7","3","6","50","4","1","1","5","4","6","6","4","4","10","5","5","2","16","2","9","1","1","C03","7","6","3","19","2","12","","14","14","1","6","4","120.62018","24.34755","2"
"6038","66000","387130000C","(04)23274275","(04)23288582","2026","2","14","14","58","臺中市","豐原區","0","1","0","7","2","6","60","5","1","1","5","4","6","6","1","1","10","5","5","2","17","3","10","2","1","C03","7","9","1","10","2","14","","7","7","1","13","4","120.703085","24.249639","2"
"6039","66000","387130000C","(04)23274275","(04)23288582","2026","2","14","14","59","臺中市","西屯區","0","0","0","7","","","60","","","","","","","","","","","","","","13","","","","","B03","","","1","","2","","","7","7","1","12","4","120.640975","24.167666","3"
"6040","66000","387130000C","(04)23274275","(04)23288582","2026","2","14","15","0","臺中市","南屯區","0","0","0","7","","","50","","","","","","","","","","","","","","","","","","","B03","","","1","","10","","","87","87","1","12","4","120.643686","24.143021","4"
"6041","66000","387130000C","(04)23274275","(04)23288582","2026","2","14","15","1","臺中市","潭子區","0","0","0","7","","","60","","","","","","","","","","","","","","13","","","","","B03","","","1","","2","","","59","59","1","12","4","120.702396","24.187785","3"
"6042","66000","387130000C","(04)23274275","(04)23288582","2026","2","14","15","4","臺中市","潭子區","0","0","0","7","3","6","50","","2","1","5","4","6","6","4","4","1","4","4","1","12","3","10","3","1","B02","7","5","1","8","2","6","","20","20","1","13","4","120.695704","24.215959","3"
"6043","66000","387130000C","(04)23274275","(04)23288582","2026","2","14","15","5","臺中市","沙鹿區","0","0","0","7","","","50","","","","","","","","","","","","","","","","","","","B03","","","1","","2","","","8","59","1","13","4","120.57889","24.201826","3"
"6044","66000","387130000C","(04)23274275","(04)23288582","2026","2","14","15","6","臺中市","中區","0","0","0","7","","","50","","","","","","","","","","","","","","13","","","","","B03","","","1","","1","","","7","7","1","12","4","120.682156","24.140099","3"
"6045","66000","387130000C","(04)23274275","(04)23288582","2026","2","14","15","6","臺中市","梧棲區","0","0","0","7","","","50","","","","","","","","","","","","","","17","","","","","B03","","","1","","1","","","8","8","1","12","4","120.530973","24.25396","3"
"6046","66000","387130000C","(04)23274275","(04)23288582","2026","2","14","15","10","臺中市","北區","0","2","0","7","3","6","50","4","1","1","5","4","6","6","3","1","10","5","5","2","15","2","9","1","1","C03","7","9","1","10","2","14","","20","20","1","12","4","120.697361","24.156714","2"
"6047","66000","387130000C","(04)23274275","(04)23288582","2026","2","14","15","22","臺中市","北區","0","0","0","7","","","50","","","","","","","","","","","","","","17","","","","","B03","","","1","","1","","","40","40","1","12","4","120.665463","24.162665","3"
"6048","66000","387130000C","(04)23274275","(04)23288582","2026","2","14","15","22","臺中市","北屯區","0","0","0","7","","","50","","","","","","","","","","","","","","12","","","","","B02","","","1","","2","","","8","8","1","6","4","120.706147","24.169591","3"
"6049","66000","387130000C","(04)23274275","(04)23288582","2026","2","14","15","25","臺中市","北區","0","2","0","7","2","6","50","13","9","1","5","4","6","6","3","1","5","5","5","2","17","3","10","3","1","B01","7","15","1","4","9","4","","76","76","1","13","4","120.674038","24.17294","2"