序號,縣市別代碼,機關代碼,市話,傳真,年,月,日,時,分,縣市,區,死亡數量,受傷數量,2-30,天候,道路照明設備,道路類別,道路速限,道路型態,事故位置,路面鋪裝,路面狀態,路面缺陷,障礙物,視距,號誌種類,號誌動作,分向設施,快車道或一般車道間,快慢車道間,路面邊線,事故類型及型態,受傷程度,主要傷處,保護裝備,行動電話或功能裝置,當事者區分(類別),車輛用途,當事者行動狀態,駕照狀態,駕照種類,飲酒情形,車輛撞擊部位最初,車輛撞擊部位其他,肇事因素個別,肇事因素主要,肇事逃逸,職業,共享經濟或外送平台,GPS座標X,GPS座標Y,事故類別
"6050","66000","387130000C","(04)23274275","(04)23288582","2026","2","14","15","25","臺中市","梧棲區","0","0","0","7","","","50","","","","","","","","","","","","","","17","","","","","B03","","","1","","1","","","82","82","1","12","4","120.539271","24.257776","3"
"6051","66000","387130000C","(04)23274275","(04)23288582","2026","2","14","15","26","臺中市","西屯區","0","0","0","7","","","50","","","","","","","","","","","","","","14","","","","","A11","","","1","","2","","","49","49","1","13","4","120.657717","24.191018","3"
"6052","66000","387130000C","(04)23274275","(04)23288582","2026","2","14","15","26","臺中市","西屯區","0","0","0","7","","","50","","","","","","","","","","","","","","14","","","","","B11","","","1","","11","","","85","85","1","13","4","120.608678","24.191886","3"
"6053","66000","387130000C","(04)23274275","(04)23288582","2026","2","14","15","28","臺中市","烏日區","0","2","0","7","3","6","50","3","1","1","5","4","6","6","1","1","10","5","5","2","16","2","9","2","1","C03","7","6","1","10","2","12","","11","11","1","6","4","120.61793","24.106315","2"
"6054","66000","387130000C","(04)23274275","(04)23288582","2026","2","14","15","30","臺中市","大雅區","0","0","0","7","","","50","","","","","","","","","","","","","","17","","","","","B03","","","1","","2","","","8","8","1","12","4","120.621134","24.2343","3"
"6055","66000","387130000C","(04)23274275","(04)23288582","2026","2","14","15","30","臺中市","北屯區","0","0","0","7","","","50","","","","","","","","","","","","","","","","","","","B03","","","1","","1","","","7","7","1","6","4","120.703238","24.169583","3"
"6056","66000","387130000C","(04)23274275","(04)23288582","2026","2","14","15","30","臺中市","西屯區","0","2","0","7","2","6","40","13","8","1","5","4","6","6","4","4","3","4","3","2","30","2","9","1","1","C03","7","9","1","10","2","16","","84","84","1","12","4","120.650613","24.161746","2"
"6057","66000","387130000C","(04)23274275","(04)23288582","2026","2","14","15","30","臺中市","豐原區","0","0","0","7","","","30","","","","","","","","","","","","","","14","","","","","B03","","","1","","2","","","49","49","1","13","4","120.737806","24.242395","3"
"6058","66000","387130000C","(04)23274275","(04)23288582","2026","2","14","15","31","臺中市","西區","0","1","0","7","2","6","50","4","1","1","5","4","6","6","1","1","1","4","1","2","12","3","10","3","1","B03","7","5","1","8","2","2","","39","39","1","12","4","120.673636","24.1477","2"
"6059","66000","387130000C","(04)23274275","(04)23288582","2026","2","14","15","35","臺中市","南屯區","0","0","0","7","","","50","","","","","","","","","","","","","","16","","","","","B03","","","1","","1","","","84","84","1","12","4","120.640891","24.14146","3"
"6060","66000","387130000C","(04)23274275","(04)23288582","2026","2","14","15","36","臺中市","南區","0","1","0","7","2","6","50","4","1","1","5","4","6","6","4","4","10","5","5","2","17","3","10","3","1","B03","7","5","1","8","2","5","","14","14","1","12","4","120.653464","24.123704","2"
"6061","66000","387130000C","(04)23274275","(04)23288582","2026","2","14","15","37","臺中市","西區","0","1","0","7","2","6","50","4","1","1","5","4","6","6","2","1","10","5","5","2","16","3","10","5","1","B03","7","6","1","8","1","6","","25","25","1","6","4","120.655036","24.150775","2"
"6062","66000","387130000C","(04)23274275","(04)23288582","2026","2","14","15","45","臺中市","大甲區","0","1","0","7","2","6","60","13","9","1","5","4","6","6","4","4","6","3","5","1","27","2","9","1","1","C03","7","9","2","19","2","11","","8","8","1","12","4","120.677821","24.364729","2"
"6063","66000","387130000C","(04)23274275","(04)23288582","2026","2","14","15","46","臺中市","龍井區","0","0","0","7","","","60","","","","","","","","","","","","","","","","","","","B03","","","1","","1","","","40","40","1","6","4","120.577408","24.186083","3"
"6064","66000","387130000C","(04)23274275","(04)23288582","2026","2","14","15","47","臺中市","中區","0","0","0","7","","","50","","","","","","","","","","","","","","13","","","","","A02","","","1","","1","","","7","7","1","13","4","120.684852","24.137562","3"
"6065","66000","387130000C","(04)23274275","(04)23288582","2026","2","14","15","51","臺中市","霧峰區","0","0","0","7","","","30","","","","","","","","","","","","","","","","","","","B03","","","1","","1","","","82","82","1","6","4","120.665664","24.072743","3"
"6066","66000","387130000C","(04)23274275","(04)23288582","2026","2","14","15","52","臺中市","南屯區","0","0","0","7","","","50","","","","","","","","","","","","","","","","","","","B03","","","5","","9","","","8","8","2","13","4","120.642909","24.140731","3"
"6067","66000","387130000C","(04)23274275","(04)23288582","2026","2","14","15","52","臺中市","南屯區","0","0","0","7","","","50","","","","","","","","","","","","","","17","","","","","B03","","","1","","2","","","84","84","1","13","4","120.653792","24.138738","3"
"6068","66000","387130000C","(04)23274275","(04)23288582","2026","2","14","15","53","臺中市","南區","0","0","0","7","","","30","","","","","","","","","","","","","","17","","","","","B03","","","1","","1","","","84","84","1","12","4","120.672604","24.127102","3"
"6069","66000","387130000C","(04)23274275","(04)23288582","2026","2","14","15","53","臺中市","大里區","0","0","0","7","","","50","","","","","","","","","","","","","","","","","","","B03","","","1","","2","","","8","8","1","12","4","120.698347","24.103351","3"
"6070","66000","387130000C","(04)23274275","(04)23288582","2026","2","14","15","54","臺中市","北屯區","0","0","0","7","","","50","","","","","","","","","","","","","","17","","","","","B03","","","1","","1","","","58","58","1","12","4","120.715659","24.165505","3"
"6071","66000","387130000C","(04)23274275","(04)23288582","2026","2","14","15","56","臺中市","龍井區","0","0","0","7","","","50","","","","","","","","","","","","","","16","","","","","B03","","","1","","2","","","15","15","1","13","4","120.566177","24.189483","3"
"6072","66000","387130000C","(04)23274275","(04)23288582","2026","2","14","15","58","臺中市","梧棲區","0","0","0","7","","","50","","","","","","","","","","","","","","13","","","","","B03","","","1","","2","","","87","87","1","12","4","120.549949","24.239328","3"
"6073","66000","387130000C","(04)23274275","(04)23288582","2026","2","14","16","0","臺中市","西區","0","0","0","7","","","30","","","","","","","","","","","","","","17","","","","","B03","","","1","","1","","","84","84","1","12","4","120.651867","24.145909","3"
"6074","66000","387130000C","(04)23274275","(04)23288582","2026","2","14","16","0","臺中市","北區","0","0","0","7","","","50","","","","","","","","","","","","","","16","","","","","B03","","","1","","2","","","47","47","1","12","4","120.678154","24.151566","3"
"6075","66000","387130000C","(04)23274275","(04)23288582","2026","2","14","16","0","臺中市","大里區","0","1","0","7","2","6","50","13","11","1","5","4","6","6","4","4","3","4","3","1","13","2","8","2","1","C03","7","9","1","10","2","11","","7","7","1","13","4","120.690097","24.092921","2"
"6076","66000","387130000C","(04)23274275","(04)23288582","2026","2","14","16","0","臺中市","太平區","0","1","0","7","2","6","50","3","1","1","5","4","6","6","1","1","10","5","5","2","16","3","10","3","1","B03","7","5","1","8","2","2","","20","20","1","12","4","120.710168","24.159081","2"
"6077","66000","387130000C","(04)23274275","(04)23288582","2026","2","14","16","1","臺中市","后里區","0","0","0","7","3","6","50","3","2","1","5","4","6","6","4","4","5","4","4","2","17","3","10","3","1","B02","7","9","1","8","2","2","","8","8","1","6","4","120.724689","24.30759","3"
"6078","66000","387130000C","(04)23274275","(04)23288582","2026","2","14","16","3","臺中市","清水區","0","2","0","7","2","6","50","4","1","1","5","4","6","6","1","1","8","3","4","2","16","2","9","1","1","C03","7","9","2","19","2","12","","21","21","1","12","4","120.541214","24.288217","2"
"6079","66000","387130000C","(04)23274275","(04)23288582","2026","2","14","16","5","臺中市","西屯區","0","0","0","7","","","50","","","","","","","","","","","","","","13","","","","","B03","","","1","","1","","","59","59","1","12","4","120.654406","24.201668","3"
"6080","66000","387130000C","(04)23274275","(04)23288582","2026","2","14","16","7","臺中市","南區","0","1","0","7","2","6","50","4","19","1","5","4","6","6","2","1","10","5","5","2","3","3","10","3","1","A04","7","5","1","1","2","2","","10","10","1","6","4","120.655276","24.114997","2"
"6081","66000","387130000C","(04)23274275","(04)23288582","2026","2","14","16","9","臺中市","大里區","0","1","0","7","2","6","50","13","9","1","5","4","6","6","4","4","1","4","5","1","23","2","9","1","1","C03","7","9","1","10","2","11","","84","84","1","12","4","120.693252","24.104722","2"
"6082","66000","387130000C","(04)23274275","(04)23288582","2026","2","14","16","10","臺中市","南屯區","0","1","0","7","3","6","50","4","1","1","5","4","6","6","1","1","3","4","4","2","16","3","10","3","1","B03","7","6","1","8","1","2","","11","11","1","12","4","120.650554","24.150865","2"
"6083","66000","387130000C","(04)23274275","(04)23288582","2026","2","14","16","10","臺中市","龍井區","0","0","0","7","","","50","","","","","","","","","","","","","","23","","","","","B03","","","1","","2","","","59","59","1","13","4","120.548234","24.203221","3"
"6084","66000","387130000C","(04)23274275","(04)23288582","2026","2","14","16","11","臺中市","大里區","0","1","0","7","2","6","50","13","7","1","5","4","6","6","4","4","5","4","4","2","13","2","8","5","4","C03","7","9","1","10","2","11","","7","7","1","6","4","120.697836","24.094756","2"
"6085","66000","387130000C","(04)23274275","(04)23288582","2026","2","14","16","13","臺中市","西屯區","0","0","0","7","","","40","","","","","","","","","","","","","","13","","","","","C03","","","","","1","","","7","7","1","13","4","120.609608","24.184261","3"
"6086","66000","387130000C","(04)23274275","(04)23288582","2026","2","14","16","13","臺中市","大甲區","0","2","0","7","3","6","50","18","8","1","5","4","6","6","4","4","10","4","4","2","16","2","8","1","1","C03","7","8","1","10","2","11","","59","59","1","12","4","120.627577","24.350605","2"
"6087","66000","387130000C","(04)23274275","(04)23288582","2026","2","14","16","15","臺中市","西區","0","0","0","7","","","50","","","","","","","","","","","","","","","","","","","B03","","","1","","1","","","40","40","1","6","4","120.675733","24.141494","3"
"6088","66000","387130000C","(04)23274275","(04)23288582","2026","2","14","16","18","臺中市","北屯區","0","1","0","7","2","6","50","4","2","1","5","4","6","6","2","1","5","2","4","2","12","3","10","3","1","B03","7","9","1","8","1","2","","1","1","1","12","4","120.699544","24.160432","2"
"6089","66000","387130000C","(04)23274275","(04)23288582","2026","2","14","16","20","臺中市","南屯區","0","0","0","7","","","50","","","","","","","","","","","","","","13","","","","","B03","","","1","","2","","","7","7","1","12","4","120.609717","24.130366","3"
"6090","66000","387130000C","(04)23274275","(04)23288582","2026","2","14","16","20","臺中市","外埔區","0","0","0","7","3","6","50","4","2","1","5","4","6","6","1","1","5","5","5","1","17","3","10","3","1","B03","7","5","1","8","1","2","","84","84","2","6","4","120.651863","24.331211","3"
"6091","66000","387130000C","(04)23274275","(04)23288582","2026","2","14","16","21","臺中市","西區","0","1","0","7","2","6","50","4","1","1","5","4","6","6","1","1","9","4","5","2","15","2","9","1","1","C03","7","9","1","10","1","14","","21","21","1","12","4","120.662221","24.158475","2"
"6092","66000","387130000C","(04)23274275","(04)23288582","2026","2","14","16","27","臺中市","大里區","0","0","0","7","","","50","","","","","","","","","","","","","","","","","","","B03","","","1","","7","","","53","53","1","12","4","120.696978","24.104388","3"
"6093","66000","387130000C","(04)23274275","(04)23288582","2026","2","14","16","28","臺中市","龍井區","0","0","0","7","","","50","","","","","","","","","","","","","","8","","","","","B03","","","1","","1","","","43","43","1","13","4","120.549163","24.212127","3"
"6094","66000","387130000C","(04)23274275","(04)23288582","2026","2","14","16","30","臺中市","北屯區","0","1","0","7","2","6","50","4","1","1","5","4","6","6","4","4","10","5","5","2","15","3","10","3","1","B03","7","9","1","8","2","8","","13","13","1","13","4","120.663514","24.191823","2"
"6095","66000","387130000C","(04)23274275","(04)23288582","2026","2","14","16","30","臺中市","大里區","0","1","0","7","2","6","50","11","9","1","5","4","6","6","4","4","5","5","5","1","17","2","9","4","1","F02","7","15","7","21","6","14","","84","84","1","12","4","120.70173","24.11092","2"
"6096","66000","387130000C","(04)23274275","(04)23288582","2026","2","14","16","32","臺中市","北屯區","0","0","0","7","","","50","","","","","","","","","","","","","","","","","","","B03","","","1","","1","","","59","59","1","13","4","120.707408","24.187807","3"
"6097","66000","387130000C","(04)23274275","(04)23288582","2026","2","14","16","34","臺中市","西屯區","0","1","0","7","2","6","30","11","9","1","5","4","6","5","4","4","10","5","5","2","11","3","10","3","1","B03","7","15","1","8","1","4","","41","41","1","12","4","120.63558","24.188812","2"
"6098","66000","387130000C","(04)23274275","(04)23288582","2026","2","14","16","35","臺中市","南區","0","2","0","7","2","6","50","3","1","1","5","4","6","6","4","4","10","5","5","2","13","2","9","3","1","B03","7","9","1","8","2","1","","7","7","1","12","4","120.659473","24.126044","2"
"6099","66000","387130000C","(04)23274275","(04)23288582","2026","2","14","16","35","臺中市","大肚區","0","0","0","7","","","50","","","","","","","","","","","","","","14","","","","","B03","","","1","","2","","","49","49","1","12","4","120.545867","24.149443","3"
"6100","66000","387130000C","(04)23274275","(04)23288582","2026","2","14","16","36","臺中市","北區","0","2","0","7","2","6","40","13","8","1","5","4","6","6","4","4","3","4","4","2","17","2","9","5","4","C03","7","1","1","10","2","14","","51","51","1","12","4","120.690016","24.147346","2"
"6101","66000","387130000C","(04)23274275","(04)23288582","2026","2","14","16","36","臺中市","大里區","0","1","0","7","2","6","50","3","1","1","5","4","6","6","1","1","3","4","4","1","16","3","10","2","1","C02","7","6","1","9","2","12","","11","11","1","13","4","120.694602","24.08936","2"
"6102","66000","387130000C","(04)23274275","(04)23288582","2026","2","14","16","37","臺中市","南屯區","0","1","0","7","2","6","50","4","1","1","5","4","6","6","2","1","5","4","4","2","16","3","10","3","1","B03","7","6","1","8","2","6","","11","11","1","12","4","120.649934","24.133326","2"
"6103","66000","387130000C","(04)23274275","(04)23288582","2026","2","14","16","38","臺中市","西屯區","0","1","0","7","2","6","40","13","8","1","5","4","6","6","2","1","5","4","4","2","13","3","10","1","1","C03","7","9","1","11","2","11","","7","7","1","12","4","120.659872","24.164153","2"
"6104","66000","387130000C","(04)23274275","(04)23288582","2026","2","14","16","41","臺中市","西屯區","0","2","0","7","2","6","40","4","19","1","5","4","6","6","2","1","10","5","5","2","3","2","9","1","2","C03","7","9","1","10","2","11","","21","21","1","13","4","120.647007","24.17333","2"
"6105","66000","387130000C","(04)23274275","(04)23288582","2026","2","14","16","44","臺中市","北屯區","0","0","0","7","","","","","","","","","","","","","","","","","9","","","","","","","","","","","","","119","119","1","","","120.693618","24.164991","3"
"6106","66000","387130000C","(04)23274275","(04)23288582","2026","2","14","16","44","臺中市","大里區","0","0","0","7","","","50","","","","","","","","","","","","","","","","","","","B03","","","1","","2","","","49","49","1","12","4","120.682604","24.10255","3"
"6107","66000","387130000C","(04)23274275","(04)23288582","2026","2","14","16","47","臺中市","南屯區","0","0","0","7","","","50","","","","","","","","","","","","","","","","","","","B03","","","1","","2","","","48","48","1","13","4","120.64176","24.146927","3"
"6108","66000","387130000C","(04)23274275","(04)23288582","2026","2","14","16","47","臺中市","北屯區","0","0","0","7","","","50","","","","","","","","","","","","","","","","","","","B03","","","1","","2","","","58","58","1","6","4","120.681396","24.176381","3"
"6109","66000","387130000C","(04)23274275","(04)23288582","2026","2","14","16","47","臺中市","大里區","0","1","0","7","2","6","50","13","9","1","5","4","6","6","4","4","5","2","5","1","18","2","9","1","1","C03","7","15","5","19","8","14","","54","54","1","12","4","120.674646","24.111056","2"
"6110","66000","387130000C","(04)23274275","(04)23288582","2026","2","14","16","48","臺中市","潭子區","0","2","0","7","2","6","50","13","9","1","5","4","6","6","4","4","3","4","5","1","13","2","9","2","1","C03","7","9","1","10","2","11","","84","84","1","12","4","120.712497","24.214759","2"
"6111","66000","387130000C","(04)23274275","(04)23288582","2026","2","14","16","48","臺中市","石岡區","0","0","0","7","","","50","","","","","","","","","","","","","","","","","","","B03","","","1","","1","","","59","59","1","12","4","120.774676","24.275601","3"
"6112","66000","387130000C","(04)23274275","(04)23288582","2026","2","14","16","50","臺中市","北區","0","0","0","7","","","50","","","","","","","","","","","","","","14","","","","","B03","","","1","","1","","","49","49","1","12","4","120.685395","24.152786","3"
"6113","66000","387130000C","(04)23274275","(04)23288582","2026","2","14","16","50","臺中市","烏日區","0","0","0","7","","","60","","","","","","","","","","","","","","13","","","","","B03","","","1","","1","","","7","7","1","6","4","120.615297","24.105834","3"
"6114","66000","387130000C","(04)23274275","(04)23288582","2026","2","14","16","52","臺中市","東區","0","2","0","7","3","6","50","3","1","1","5","4","6","6","4","4","10","5","5","2","16","2","9","1","1","C03","7","6","1","10","2","14","","12","12","1","6","4","120.70705","24.131719","2"
"6115","66000","387130000C","(04)23274275","(04)23288582","2026","2","14","16","55","臺中市","北屯區","0","2","0","7","2","6","50","13","9","1","5","4","6","6","4","4","1","4","4","2","13","3","10","3","1","B03","7","9","1","8","2","6","","42","42","1","12","4","120.686014","24.181965","2"
"6116","66000","387130000C","(04)23274275","(04)23288582","2026","2","14","16","57","臺中市","烏日區","0","0","0","7","","","50","","","","","","","","","","","","","","","","","","","B03","","","1","","1","","","84","84","1","13","4","120.618724","24.115942","3"
"6117","66000","387130000C","(04)23274275","(04)23288582","2026","2","14","17","1","臺中市","龍井區","0","0","0","7","","","70","","","","","","","","","","","","","","23","","","","","B03","","","1","","2","","","59","59","1","13","4","120.537637","24.199968","3"
"6118","66000","387130000C","(04)23274275","(04)23288582","2026","2","14","17","2","臺中市","烏日區","0","2","0","7","3","6","30","4","2","1","5","4","6","6","4","4","10","5","5","2","15","2","9","4","1","F02","7","9","7","21","2","15","","15","15","1","6","4","120.629889","24.102673","2"
"6119","66000","387130000C","(04)23274275","(04)23288582","2026","2","14","17","4","臺中市","北區","0","0","0","7","","","50","","","","","","","","","","","","","","13","","","","","B03","","","1","","2","","","59","59","1","12","4","120.685703","24.147654","3"
"6120","66000","387130000C","(04)23274275","(04)23288582","2026","2","14","17","10","臺中市","新社區","0","0","0","7","","","50","","","","","","","","","","","","","","","","","","","B03","","","1","","1","","","12","12","1","12","4","120.792286","24.218522","3"
"6121","66000","387130000C","(04)23274275","(04)23288582","2026","2","14","17","10","臺中市","豐原區","0","0","0","7","","","50","","","","","","","","","","","","","","17","","","","","B03","","","1","","2","","","8","8","1","6","4","120.737253","24.263191","3"
"6122","66000","387130000C","(04)23274275","(04)23288582","2026","2","14","17","13","臺中市","太平區","0","1","0","7","2","6","50","3","1","1","5","4","6","6","4","4","10","5","5","2","17","3","10","2","1","F03","7","1","7","21","9","14","12","51","51","1","12","4","120.717144","24.125575","2"
"6123","66000","387130000C","(04)23274275","(04)23288582","2026","2","14","17","14","臺中市","大甲區","0","3","0","7","2","6","60","13","11","1","5","4","6","6","4","4","6","3","4","1","3","2","9","6","5","H01","8","16","7","21","10","17","","95","95","1","12","5","120.62073","24.356434","2"
"6124","66000","387130000C","(04)23274275","(04)23288582","2026","2","14","17","20","臺中市","南屯區","0","0","0","7","3","6","50","13","9","1","5","4","6","6","1","1","5","5","5","2","13","","","","","B03","","","1","","1","","","7","7","1","12","4","120.652985","24.135727","3"
"6125","66000","387130000C","(04)23274275","(04)23288582","2026","2","14","17","21","臺中市","北屯區","0","1","0","7","2","6","50","4","1","1","5","4","6","6","2","1","1","5","5","2","16","3","10","3","1","B03","7","6","5","19","2","2","","11","11","1","13","4","120.720899","24.171162","2"
"6126","66000","387130000C","(04)23274275","(04)23288582","2026","2","14","17","35","臺中市","大肚區","0","1","0","7","2","6","30","3","9","1","5","4","6","6","4","4","10","5","5","2","13","2","1","6","1","F01","7","6","7","21","2","13","","85","85","1","12","4","120.535487","24.140834","2"
"6127","66000","387130000C","(04)23274275","(04)23288582","2026","2","14","17","36","臺中市","北屯區","0","0","0","7","","","50","","","","","","","","","","","","","","","","","","","B03","","","1","","1","","","49","49","1","13","4","120.710687","24.178224","4"
"6128","66000","387130000C","(04)23274275","(04)23288582","2026","2","14","17","42","臺中市","大雅區","0","0","0","7","","","30","","","","","","","","","","","","","","11","","","","","B12","","","1","","2","","","8","8","1","12","4","120.661424","24.218106","3"
"6129","66000","387130000C","(04)23274275","(04)23288582","2026","2","14","17","44","臺中市","北屯區","0","0","0","7","","","30","","","","","","","","","","","","","","17","","","","","B03","","","1","","2","","","8","8","1","6","4","120.718095","24.176823","3"
"6130","66000","387130000C","(04)23274275","(04)23288582","2026","2","14","17","49","臺中市","太平區","0","0","0","7","2","6","30","","","","","","","","","","","","","","","","","","","B03","","","1","","9","2","","8","8","2","12","4","120.724659","24.12517","3"
"6131","66000","387130000C","(04)23274275","(04)23288582","2026","2","14","17","50","臺中市","南區","0","0","0","7","","","50","","","","","","","","","","","","","","13","","","","","C03","","","1","","1","","","7","7","1","12","4","120.683405","24.133371","3"
"6132","66000","387130000C","(04)23274275","(04)23288582","2026","2","14","17","54","臺中市","南屯區","0","0","0","7","","","50","","","","","","","","","","","","","","16","","","","","B03","","","1","","2","","","34","34","1","12","4","120.651118","24.148842","3"
"6133","66000","387130000C","(04)23274275","(04)23288582","2026","2","14","17","54","臺中市","西屯區","0","1","0","7","1","6","30","3","1","1","5","4","6","6","4","4","10","5","5","2","16","2","8","5","4","C03","7","5","1","10","2","14","","84","84","1","13","4","120.665692","24.17442","2"
"6134","66000","387130000C","(04)23274275","(04)23288582","2026","2","14","17","55","臺中市","西屯區","0","3","0","7","1","6","30","5","1","1","5","4","3","3","4","4","10","5","5","2","16","2","7","1","1","C03","7","6","3","19","2","11","","14","14","1","12","4","120.644285","24.177192","2"
"6135","66000","387130000C","(04)23274275","(04)23288582","2026","2","14","17","57","臺中市","龍井區","0","2","0","7","1","6","50","13","7","1","5","4","6","6","4","4","4","3","4","1","12","2","9","1","1","C03","7","8","1","10","2","11","","40","40","1","12","4","120.530043","24.178534","2"
"6136","66000","387130000C","(04)23274275","(04)23288582","2026","2","14","17","59","臺中市","霧峰區","0","1","0","7","1","6","60","4","1","1","4","4","6","6","1","1","10","5","5","2","17","3","10","5","4","B12","7","6","1","8","2","1","","11","11","1","6","4","120.693282","24.037891","2"
"6137","66000","387130000C","(04)23274275","(04)23288582","2026","2","14","18","1","臺中市","豐原區","0","2","0","7","1","6","50","13","9","1","5","4","6","6","4","4","1","5","5","2","12","3","10","5","4","B03","7","7","1","8","2","2","","40","40","1","12","4","120.707931","24.250408","2"
"6138","66000","387130000C","(04)23274275","(04)23288582","2026","2","14","18","3","臺中市","后里區","0","1","0","7","1","6","50","13","9","1","5","4","6","6","4","4","9","5","5","1","17","2","9","1","1","C03","7","1","1","10","2","11","","20","20","1","6","4","120.689717","24.307692","2"
"6139","66000","387130000C","(04)23274275","(04)23288582","2026","2","14","18","5","臺中市","豐原區","0","1","0","7","1","6","50","4","1","1","5","4","6","6","1","1","5","4","5","1","17","3","10","3","1","B03","7","9","1","8","2","2","","8","8","1","6","4","120.721531","24.246705","2"
"6140","66000","387130000C","(04)23274275","(04)23288582","2026","2","14","18","9","臺中市","豐原區","0","0","0","7","","","50","","","","","","","","","","","","","","","","","","","B03","","","1","","2","","","34","34","1","13","4","120.719197","24.250585","3"
"6141","66000","387130000C","(04)23274275","(04)23288582","2026","2","14","18","10","臺中市","烏日區","0","0","0","7","","","30","","","","","","","","","","","","","","14","","","","","B03","","","1","","1","","","49","49","1","6","4","120.606383","24.119369","3"
"6142","66000","387130000C","(04)23274275","(04)23288582","2026","2","14","18","13","臺中市","西屯區","0","0","0","7","","","60","","","","","","","","","","","","","","13","","","","","B03","","","1","","1","","","59","59","1","12","4","120.63942","24.168998","3"
"6143","66000","387130000C","(04)23274275","(04)23288582","2026","2","14","18","15","臺中市","北區","0","0","0","7","","","50","","","","","","","","","","","","","","30","","","","","B03","","","1","","2","","","51","51","1","13","4","120.702187","24.159381","3"
"6144","66000","387130000C","(04)23274275","(04)23288582","2026","2","14","18","21","臺中市","西屯區","0","0","0","7","","","40","","","","","","","","","","","","","","13","","","","","C03","","","1","","1","","","7","7","1","12","4","120.611822","24.19315","3"
"6145","66000","387130000C","(04)23274275","(04)23288582","2026","2","14","18","22","臺中市","烏日區","0","0","0","7","","","50","","","","","","","","","","","","","","","","","","","B03","","","1","","2","","","59","59","1","13","4","120.643036","24.074277","3"
"6146","66000","387130000C","(04)23274275","(04)23288582","2026","2","14","18","25","臺中市","南區","0","0","0","7","","","50","","","","","","","","","","","","","","","","","","","B03","","","1","","2","","","8","8","1","12","4","120.670399","24.120062","3"
"6147","66000","387130000C","(04)23274275","(04)23288582","2026","2","14","18","25","臺中市","西屯區","0","0","0","7","","","40","","","","","","","","","","","","","","14","","","","","B03","","","1","","2","","","49","49","1","13","4","120.636683","24.156261","3"
"6148","66000","387130000C","(04)23274275","(04)23288582","2026","2","14","18","30","臺中市","西區","0","0","0","6","","","50","","","","","","","","","","","","","","17","","","","","C03","","","1","","2","","","82","82","1","12","4","120.658414","24.146923","3"
"6149","66000","387130000C","(04)23274275","(04)23288582","2026","2","14","18","30","臺中市","南屯區","0","0","0","7","","","50","","","","","","","","","","","","","","14","","","","","B03","","","1","","1","","","59","59","1","12","4","120.623431","24.144767","3"
"6150","66000","387130000C","(04)23274275","(04)23288582","2026","2","14","18","38","臺中市","大里區","0","0","0","7","","3","50","","","","","","","","","","","","","","","","","","","B03","","","1","","2","","","8","8","1","12","4","120.694139","24.106657","3"
"6151","66000","387130000C","(04)23274275","(04)23288582","2026","2","14","18","42","臺中市","北屯區","0","2","0","7","1","6","40","13","8","1","5","4","6","6","4","4","1","4","4","2","7","2","8","2","1","C03","7","9","1","10","2","11","","84","84","1","12","4","120.660495","24.192152","2"
"6152","66000","387130000C","(04)23274275","(04)23288582","2026","2","14","18","43","臺中市","豐原區","0","0","0","7","","","50","","","","","","","","","","","","","","12","","","","","B03","","","1","","2","","","8","8","1","12","4","120.710796","24.246457","3"
"6153","66000","387130000C","(04)23274275","(04)23288582","2026","2","14","18","46","臺中市","南屯區","0","1","0","7","1","6","50","13","9","1","5","4","6","6","4","4","9","5","5","2","17","3","10","3","1","B03","7","11","1","8","2","4","","45","45","1","13","4","120.611295","24.146948","2"
"6154","66000","387130000C","(04)23274275","(04)23288582","2026","2","14","18","53","臺中市","清水區","0","0","0","7","","","40","","","","","","","","","","","","","","","","","","","B03","","","1","","2","","","49","49","1","12","4","120.563593","24.26494","3"
"6155","66000","387130000C","(04)23274275","(04)23288582","2026","2","14","18","56","臺中市","西屯區","0","0","0","7","","","60","","","","","","","","","","","","","","13","","","","","B03","","","1","","1","","","7","7","1","13","4","120.643905","24.166014","3"
"6156","66000","387130000C","(04)23274275","(04)23288582","2026","2","14","19","0","臺中市","東區","0","2","0","7","1","6","50","4","4","1","5","4","6","6","2","1","5","5","5","2","17","2","9","2","1","C03","7","9","1","10","2","11","","7","7","1","6","4","120.699332","24.147947","2"
"6157","66000","387130000C","(04)23274275","(04)23288582","2026","2","14","19","0","臺中市","北屯區","0","1","0","7","1","6","50","4","2","1","5","4","6","6","1","1","9","5","5","2","1","2","9","6","5","H01","8","16","7","21","10","17","","95","95","1","6","5","120.716985","24.170033","2"
"6158","66000","387130000C","(04)23274275","(04)23288582","2026","2","14","19","4","臺中市","北屯區","0","2","0","7","1","6","50","5","1","1","5","4","6","6","2","1","10","5","5","2","17","2","7","2","1","C03","7","9","1","10","2","12","","34","34","1","6","2","120.71185","24.182352","2"
"6159","66000","387130000C","(04)23274275","(04)23288582","2026","2","14","19","9","臺中市","東區","0","0","0","7","","","50","","","","","","","","","","","","","","","","","","","B03","","","1","","1","","","7","7","1","6","4","120.698054","24.144682","3"
"6160","66000","387130000C","(04)23274275","(04)23288582","2026","2","14","19","11","臺中市","北屯區","0","0","0","7","","","50","","","","","","","","","","","","","","17","","","","","C03","","","1","","1","","","26","26","1","12","4","120.685501","24.17219","4"