序號,縣市別代碼,機關代碼,市話,傳真,年,月,日,時,分,縣市,區,死亡數量,受傷數量,2-30,天候,道路照明設備,道路類別,道路速限,道路型態,事故位置,路面鋪裝,路面狀態,路面缺陷,障礙物,視距,號誌種類,號誌動作,分向設施,快車道或一般車道間,快慢車道間,路面邊線,事故類型及型態,受傷程度,主要傷處,保護裝備,行動電話或功能裝置,當事者區分(類別),車輛用途,當事者行動狀態,駕照狀態,駕照種類,飲酒情形,車輛撞擊部位最初,車輛撞擊部位其他,肇事因素個別,肇事因素主要,肇事逃逸,職業,共享經濟或外送平台,GPS座標X,GPS座標Y,事故類別
"6161","66000","387130000C","(04)23274275","(04)23288582","2026","2","14","19","13","臺中市","西屯區","0","1","0","7","1","6","40","13","8","1","5","4","6","6","4","4","3","4","3","2","18","2","9","1","1","F03","7","9","7","21","2","16","","84","84","1","12","4","120.62961","24.163742","2"
"6162","66000","387130000C","(04)23274275","(04)23288582","2026","2","14","19","14","臺中市","西屯區","0","0","0","7","","","40","","","","","","","","","","","","","","14","","","","","B03","","","1","","2","","","49","49","1","12","4","120.665818","24.176342","3"
"6163","66000","387130000C","(04)23274275","(04)23288582","2026","2","14","19","17","臺中市","太平區","0","2","0","7","3","6","50","3","1","1","5","4","6","6","4","4","10","5","5","1","16","2","7","1","1","C03","7","6","1","10","2","14","","14","14","1","13","2","120.717019","24.139753","2"
"6164","66000","387130000C","(04)23274275","(04)23288582","2026","2","14","19","20","臺中市","太平區","0","1","0","7","1","6","50","5","1","1","5","4","6","6","4","4","10","5","5","2","16","3","10","2","1","C03","7","6","1","9","2","11","","12","12","1","12","4","120.718103","24.128375","2"
"6165","66000","387130000C","(04)23274275","(04)23288582","2026","2","14","19","23","臺中市","北區","0","1","0","7","1","6","50","13","9","1","5","4","6","6","4","4","2","4","5","2","18","2","9","1","1","C03","7","9","1","10","2","14","","84","84","1","12","4","120.683351","24.148662","2"
"6166","66000","387130000C","(04)23274275","(04)23288582","2026","2","14","19","26","臺中市","豐原區","0","0","0","7","","","50","","","","","","","","","","","","","","","","","","","B03","","","1","","2","","","84","84","1","13","4","120.714453","24.239299","3"
"6167","66000","387130000C","(04)23274275","(04)23288582","2026","2","14","19","31","臺中市","西屯區","0","0","0","7","","","50","","","","","","","","","","","","","","16","","","","","B03","","","1","","1","","","32","32","1","12","4","120.646112","24.164215","3"
"6168","66000","387130000C","(04)23274275","(04)23288582","2026","2","14","19","32","臺中市","大里區","0","0","0","7","","","50","","","","","","","","","","","","","","","","","","","B02","","","1","","2","","","7","7","1","12","4","120.69028","24.124488","3"
"6169","66000","387130000C","(04)23274275","(04)23288582","2026","2","14","19","32","臺中市","清水區","0","1","0","7","1","6","50","13","22","1","5","4","6","6","4","4","5","5","5","1","17","2","8","2","1","C03","7","9","1","10","2","12","","84","84","1","12","4","120.570639","24.269386","2"
"6170","66000","387130000C","(04)23274275","(04)23288582","2026","2","14","19","36","臺中市","東區","0","1","0","6","1","6","50","13","7","1","5","4","6","6","4","4","5","5","4","2","13","2","8","2","1","C03","7","9","1","10","2","11","","84","84","1","6","4","120.703245","24.144656","2"
"6171","66000","387130000C","(04)23274275","(04)23288582","2026","2","14","19","36","臺中市","北屯區","0","1","0","7","2","6","50","4","1","1","5","4","6","6","1","1","10","5","5","2","15","3","10","3","1","B03","7","9","1","8","2","2","","21","21","1","6","4","120.700059","24.164933","2"
"6172","66000","387130000C","(04)23274275","(04)23288582","2026","2","14","19","40","臺中市","南屯區","0","0","0","7","","","50","","","","","","","","","","","","","","","","","","","B03","","","1","","11","","","50","50","2","12","4","120.632551","24.149777","3"
"6173","66000","387130000C","(04)23274275","(04)23288582","2026","2","14","19","48","臺中市","西區","0","0","0","7","","","50","","","","","","","","","","","","","","","","","","","B03","","","1","","2","","","84","84","1","6","4","120.653965","24.152148","3"
"6174","66000","387130000C","(04)23274275","(04)23288582","2026","2","14","20","5","臺中市","西區","0","0","0","7","","","30","","","","","","","","","","","","","","12","","","","","B03","","","1","","2","","","8","8","1","13","4","120.655974","24.141872","3"
"6175","66000","387130000C","(04)23274275","(04)23288582","2026","2","14","20","13","臺中市","烏日區","0","0","0","7","","","30","","","","","","","","","","","","","","16","","","","","C03","","","1","","2","","","14","14","1","6","4","120.641561","24.102793","3"
"6176","66000","387130000C","(04)23274275","(04)23288582","2026","2","14","20","15","臺中市","大里區","0","0","0","7","2","6","50","3","1","1","5","4","6","6","4","4","5","5","5","2","17","","","","","C04","","","1","","2","","","84","84","1","12","4","120.695725","24.099641","3"
"6177","66000","387130000C","(04)23274275","(04)23288582","2026","2","14","20","20","臺中市","神岡區","0","1","0","7","3","6","40","4","1","1","5","4","6","6","3","1","10","5","5","1","15","3","10","3","1","B03","7","9","1","8","2","2","","12","12","1","13","4","120.663456","24.247303","2"
"6178","66000","387130000C","(04)23274275","(04)23288582","2026","2","14","20","21","臺中市","南區","0","1","0","7","1","6","30","13","9","1","5","4","6","6","4","4","10","5","5","2","17","2","8","6","1","F01","7","1","7","21","2","14","","51","51","1","3","4","120.652096","24.113696","2"
"6179","66000","387130000C","(04)23274275","(04)23288582","2026","2","14","20","28","臺中市","東勢區","0","2","0","7","1","6","50","4","1","1","5","4","6","6","3","1","10","5","5","2","17","2","9","2","1","C03","7","9","1","10","2","15","","24","24","1","12","4","120.826365","24.25662","2"
"6180","66000","387130000C","(04)23274275","(04)23288582","2026","2","14","20","31","臺中市","北區","0","2","0","7","1","6","50","4","1","1","5","4","6","6","1","1","10","5","5","2","17","2","9","5","4","C03","7","5","1","10","2","12","","84","84","1","12","4","120.670488","24.160431","2"
"6181","66000","387130000C","(04)23274275","(04)23288582","2026","2","14","20","31","臺中市","西屯區","0","1","0","7","1","6","50","3","1","1","5","4","6","6","4","4","10","5","5","2","12","2","9","2","1","C03","7","9","1","10","2","14","","7","7","1","12","4","120.654681","24.168245","2"
"6182","66000","387130000C","(04)23274275","(04)23288582","2026","2","14","20","33","臺中市","北區","0","1","0","7","1","6","50","4","1","1","5","4","6","6","1","1","1","4","5","2","12","2","8","1","1","C03","7","10","1","10","2","14","","21","21","1","13","4","120.671935","24.171623","2"
"6183","66000","387130000C","(04)23274275","(04)23288582","2026","2","14","20","33","臺中市","東區","0","0","0","7","","","50","","","","","","","","","","","","","","","","","","","C03","","","1","","2","","","7","7","1","12","4","120.690144","24.131691","4"
"6184","66000","387130000C","(04)23274275","(04)23288582","2026","2","14","20","50","臺中市","中區","0","1","0","7","2","6","50","13","9","1","5","4","6","6","4","4","10","4","5","2","9","3","10","3","1","B03","7","9","1","10","2","4","","87","87","1","12","4","120.684201","24.139548","2"
"6185","66000","387130000C","(04)23274275","(04)23288582","2026","2","14","20","51","臺中市","北屯區","0","0","0","7","","","50","","","","","","","","","","","","","","","","","","","B03","","","1","","1","","","58","58","1","6","4","120.686148","24.186102","3"
"6186","66000","387130000C","(04)23274275","(04)23288582","2026","2","14","20","52","臺中市","北屯區","0","0","0","6","","","50","","","","","","","","","","","","","","12","","","","","B12","","","1","","1","","","40","40","1","12","4","120.719475","24.163003","3"
"6187","66000","387130000C","(04)23274275","(04)23288582","2026","2","14","20","59","臺中市","豐原區","0","0","0","7","","","50","","","","","","","","","","","","","","16","","","","","B03","","","1","","2","","","65","65","1","12","4","120.719277","24.258308","3"
"6188","66000","387130000C","(04)23274275","(04)23288582","2026","2","14","21","8","臺中市","太平區","0","1","0","7","3","6","50","3","1","1","5","4","6","6","4","4","10","5","5","1","16","3","10","3","1","B03","7","6","1","8","2","1","","13","13","1","13","4","120.71324","24.159879","2"
"6189","66000","387130000C","(04)23274275","(04)23288582","2026","2","14","21","17","臺中市","西屯區","0","1","0","7","1","6","40","13","8","1","5","4","6","6","4","4","1","5","4","2","16","3","10","5","4","B03","7","5","1","8","2","3","","84","84","1","13","4","120.597761","24.182179","2"
"6190","66000","387130000C","(04)23274275","(04)23288582","2026","2","14","21","21","臺中市","大里區","0","2","0","7","1","6","50","13","9","1","5","4","6","6","4","4","5","4","5","1","17","2","9","4","1","F01","7","11","7","21","1","14","","44","44","1","12","4","120.689977","24.108097","2"
"6191","66000","387130000C","(04)23274275","(04)23288582","2026","2","14","21","24","臺中市","北區","0","0","0","7","","","50","","","","","","","","","","","","","","13","","","","","B03","","","1","","1","","","59","59","1","12","4","120.684449","24.153976","3"
"6192","66000","387130000C","(04)23274275","(04)23288582","2026","2","14","21","26","臺中市","西屯區","0","2","0","7","1","6","50","4","1","1","5","4","6","6","2","1","10","5","5","2","16","3","10","5","4","C03","7","5","1","10","2","16","","47","47","1","13","4","120.646909","24.17486","2"
"6193","66000","387130000C","(04)23274275","(04)23288582","2026","2","14","21","31","臺中市","大里區","0","0","0","7","","","50","","","","","","","","","","","","","","","","","","","B03","","","1","","2","","","49","49","1","12","4","120.688391","24.102571","3"
"6194","66000","387130000C","(04)23274275","(04)23288582","2026","2","14","21","32","臺中市","南屯區","0","3","0","7","1","6","50","3","1","1","5","4","6","6","2","1","5","4","4","2","13","2","9","1","1","C03","7","9","1","10","2","11","","21","21","1","12","4","120.626213","24.114537","2"
"6195","66000","387130000C","(04)23274275","(04)23288582","2026","2","14","21","40","臺中市","南屯區","0","2","0","7","1","6","50","4","1","1","5","4","6","6","1","1","10","5","5","2","16","3","10","3","1","B03","7","5","1","8","2","2","","20","20","1","13","4","120.633035","24.123545","2"
"6196","66000","387130000C","(04)23274275","(04)23288582","2026","2","14","21","40","臺中市","豐原區","0","0","0","7","","","50","","","","","","","","","","","","","","17","","","","","B03","","","1","","2","","","49","49","1","6","4","120.726058","24.251602","3"
"6197","66000","387130000C","(04)23274275","(04)23288582","2026","2","14","21","46","臺中市","西屯區","0","0","0","7","","","40","","","","","","","","","","","","","","13","","","","","B03","","","1","","1","","","59","59","1","12","4","120.641472","24.16763","4"
"6198","66000","387130000C","(04)23274275","(04)23288582","2026","2","14","22","0","臺中市","西屯區","0","0","0","7","","","40","","","","","","","","","","","","","","13","","","","","B03","","","1","","1","","","7","7","1","12","4","120.644251","24.194815","3"
"6199","66000","387130000C","(04)23274275","(04)23288582","2026","2","14","22","9","臺中市","西屯區","0","1","0","7","1","6","50","3","2","1","5","4","6","6","2","1","10","5","5","2","12","3","10","3","1","B03","7","7","1","8","2","6","","40","40","1","12","4","120.627905","24.183999","2"
"6200","66000","387130000C","(04)23274275","(04)23288582","2026","2","14","22","12","臺中市","西屯區","0","0","0","7","","","40","","","","","","","","","","","","","","14","","","","","B03","","","1","","1","","","49","49","1","12","4","120.645889","24.174978","3"
"6201","66000","387130000C","(04)23274275","(04)23288582","2026","2","14","22","14","臺中市","南屯區","0","1","0","7","1","6","50","3","1","1","5","4","6","6","4","4","10","5","5","2","16","3","10","3","1","B03","7","5","1","8","2","2","","47","47","1","6","4","120.634423","24.151202","2"
"6202","66000","387130000C","(04)23274275","(04)23288582","2026","2","14","22","15","臺中市","北屯區","0","1","0","7","1","6","50","4","1","1","5","4","6","6","1","1","10","4","5","2","17","3","10","3","1","B03","7","11","1","8","2","8","","26","26","1","6","4","120.686588","24.188278","2"
"6203","66000","387130000C","(04)23274275","(04)23288582","2026","2","14","22","29","臺中市","烏日區","0","1","0","7","1","6","30","4","1","1","5","4","6","6","4","4","10","5","5","2","15","2","9","2","1","C03","7","9","1","10","2","11","","20","20","1","6","4","120.634975","24.110415","2"
"6204","66000","387130000C","(04)23274275","(04)23288582","2026","2","14","22","33","臺中市","東區","0","0","0","7","","","50","","","","","","","","","","","","","","17","","","","","","","","","","","","","85","85","1","","","120.703537","24.140623","3"
"6205","66000","387130000C","(04)23274275","(04)23288582","2026","2","14","22","40","臺中市","大肚區","0","0","0","7","","","50","","","","","","","","","","","","","","","","","","","B03","","","1","","2","","","7","7","1","6","4","120.543627","24.1596","3"
"6206","66000","387130000C","(04)23274275","(04)23288582","2026","2","14","22","45","臺中市","豐原區","0","2","0","6","1","6","50","4","1","1","5","4","6","6","1","1","1","4","4","2","17","2","9","1","1","F03","7","9","7","21","2","11","","7","7","1","6","4","120.715278","24.256103","2"
"6207","66000","387130000C","(04)23274275","(04)23288582","2026","2","14","22","45","臺中市","豐原區","0","1","0","7","1","6","50","4","1","1","5","4","6","6","4","4","10","5","5","2","16","3","10","5","4","B03","7","6","1","8","2","8","","48","48","1","12","4","120.721285","24.25248","2"
"6208","66000","387130000C","(04)23274275","(04)23288582","2026","2","14","22","54","臺中市","大里區","0","0","0","7","","","50","","","","","","","","","","","","","","","","","","","B03","","","1","","2","","","84","84","1","12","4","120.688703","24.103367","3"
"6209","66000","387130000C","(04)23274275","(04)23288582","2026","2","14","22","58","臺中市","豐原區","0","0","0","7","","","50","","","","","","","","","","","","","","17","","","","","B03","","","1","","2","","","49","49","1","6","4","120.720384","24.240805","3"
"6210","66000","387130000C","(04)23274275","(04)23288582","2026","2","14","23","13","臺中市","太平區","0","1","0","7","1","3","80","13","9","1","5","4","6","6","4","4","1","4","5","1","12","3","10","3","1","B03","7","8","1","8","9","8","","59","59","2","13","4","120.713649","24.147438","2"
"6211","66000","387130000C","(04)23274275","(04)23288582","2026","2","14","23","25","臺中市","北區","0","1","0","7","3","6","50","3","2","1","5","4","6","6","1","1","5","4","5","2","13","2","9","5","4","C03","7","9","1","10","2","11","","84","84","1","13","4","120.676662","24.166858","2"
"6212","66000","387130000C","(04)23274275","(04)23288582","2026","2","14","23","36","臺中市","梧棲區","0","1","0","7","1","6","50","5","1","1","5","4","6","6","3","1","10","5","5","2","15","2","9","2","1","C03","7","9","1","10","2","11","","24","24","1","12","4","120.549459","24.239017","2"
"6213","66000","387130000C","(04)23274275","(04)23288582","2026","2","14","23","38","臺中市","后里區","0","1","0","7","1","6","50","13","9","1","5","4","6","6","4","4","9","5","5","1","19","2","9","1","1","C03","7","9","3","19","6","11","","53","53","1","12","4","120.666611","24.314326","2"
"6214","66000","387130000C","(04)23274275","(04)23288582","2026","2","14","23","40","臺中市","東區","0","1","0","7","1","6","50","4","1","1","5","4","6","6","2","1","10","5","5","2","17","3","10","3","1","B03","7","6","1","8","2","8","","11","11","1","6","4","120.696502","24.138866","2"
"6215","66000","387130000C","(04)23274275","(04)23288582","2026","2","14","23","50","臺中市","大里區","0","1","0","7","1","6","50","4","1","1","5","4","6","6","3","1","10","5","5","2","13","2","7","1","1","C03","7","9","1","10","2","11","","84","84","1","13","4","120.684132","24.116688","2"
"6216","66000","387130000C","(04)23274275","(04)23288582","2026","2","14","23","50","臺中市","豐原區","0","0","0","7","","","50","","","","","","","","","","","","","","17","","","","","B12","","","1","","2","","","49","49","1","6","4","120.716924","24.250705","3"
"6217","66000","387130000C","(04)23274275","(04)23288582","2026","2","15","0","1","臺中市","南區","0","0","0","7","","","50","","","","","","","","","","","","","","","","","","","C03","","","1","","2","","","7","7","1","6","4","120.650059","24.120652","4"
"6218","66000","387130000C","(04)23274275","(04)23288582","2026","2","15","0","5","臺中市","清水區","0","0","0","7","","","70","","","","","","","","","","","","","","23","","","","","B03","","","1","","2","","","59","59","1","12","4","120.571383","24.275531","3"
"6219","66000","387130000C","(04)23274275","(04)23288582","2026","2","15","0","10","臺中市","豐原區","0","0","0","7","","","50","","","","","","","","","","","","","","18","","","","","B03","","","1","","2","","","59","59","1","6","4","120.715282","24.252013","3"
"6220","66000","387130000C","(04)23274275","(04)23288582","2026","2","15","0","17","臺中市","沙鹿區","0","1","0","6","1","6","40","13","8","1","5","4","6","6","4","4","1","4","1","1","17","2","7","3","1","B03","7","3","1","8","2","4","","50","50","1","12","4","120.565772","24.239277","2"
"6221","66000","387130000C","(04)23274275","(04)23288582","2026","2","15","0","20","臺中市","北屯區","0","1","0","7","1","6","50","5","1","1","5","4","6","6","1","1","10","5","5","2","18","2","9","1","1","C03","7","12","1","10","2","14","","82","82","1","6","4","120.700758","24.170087","2"
"6222","66000","387130000C","(04)23274275","(04)23288582","2026","2","15","0","21","臺中市","西屯區","0","0","0","7","","","30","","","","","","","","","","","","","","17","","","","","B03","","","1","","9","","","8","8","2","13","4","120.590319","24.176318","3"
"6223","66000","387130000C","(04)23274275","(04)23288582","2026","2","15","0","38","臺中市","西屯區","0","0","0","7","","","50","","","","","","","","","","","","","","14","","","","","B03","","","1","","9","","","49","49","1","12","4","120.64699","24.174985","3"
"6224","66000","387130000C","(04)23274275","(04)23288582","2026","2","15","1","13","臺中市","新社區","0","0","0","7","","","40","","","","","","","","","","","","","","","","","","","A11","","","1","","2","","","73","73","1","13","4","120.794866","24.205172","3"
"6225","66000","387130000C","(04)23274275","(04)23288582","2026","2","15","1","39","臺中市","西屯區","0","0","0","7","","","50","","","","","","","","","","","","","","17","","","","","B03","","","1","","1","","","51","51","1","13","4","120.635887","24.172853","3"
"6226","66000","387130000C","(04)23274275","(04)23288582","2026","2","15","2","5","臺中市","北區","0","0","0","7","","","50","","","","","","","","","","","","","","","","","","","B03","","","1","","1","","","59","59","1","12","4","120.677248","24.151703","3"
"6227","66000","387130000C","(04)23274275","(04)23288582","2026","2","15","2","13","臺中市","南屯區","0","0","0","7","","","40","","","","","","","","","","","","","","14","","","","","B03","","","1","","1","","","49","49","1","6","4","120.633265","24.150149","3"
"6228","66000","387130000C","(04)23274275","(04)23288582","2026","2","15","2","27","臺中市","石岡區","0","0","0","7","","","70","","","","","","","","","","","","","","","","","","","B03","","","1","","2","","","59","59","1","13","4","120.808503","24.265098","3"
"6229","66000","387130000C","(04)23274275","(04)23288582","2026","2","15","3","42","臺中市","潭子區","0","0","0","6","","","50","","","","","","","","","","","","","","","","","","","B03","","","1","","2","","","84","84","1","13","4","120.713802","24.196505","3"
"6230","66000","387130000C","(04)23274275","(04)23288582","2026","2","15","4","21","臺中市","西屯區","0","2","0","7","1","6","50","13","9","1","5","4","6","6","1","1","5","4","5","2","13","3","10","5","4","B03","7","9","1","8","2","8","","7","7","1","12","4","120.634525","24.173991","2"
"6231","66000","387130000C","(04)23274275","(04)23288582","2026","2","15","5","44","臺中市","南屯區","0","0","0","7","","","50","","","","","","","","","","","","","","14","","","","","B03","","","1","","2","","","49","49","1","6","4","120.642575","24.145692","3"
"6232","66000","387130000C","(04)23274275","(04)23288582","2026","2","15","5","45","臺中市","中區","0","0","0","7","","","50","","","","","","","","","","","","","","17","","","","","B03","","","1","","11","","","85","85","1","13","4","120.682187","24.141831","3"
"6233","66000","387130000C","(04)23274275","(04)23288582","2026","2","15","6","37","臺中市","西屯區","0","1","0","7","2","6","50","4","1","1","5","4","6","6","2","1","10","5","5","2","16","3","10","5","4","B01","7","6","1","8","2","5","","11","11","1","13","4","120.662076","24.165358","2"
"6234","66000","387130000C","(04)23274275","(04)23288582","2026","2","15","6","37","臺中市","豐原區","0","0","0","7","","","50","","","","","","","","","","","","","","17","","","","","B03","","","1","","2","","","39","39","1","13","4","120.705944","24.243644","3"
"6235","66000","387130000C","(04)23274275","(04)23288582","2026","2","15","6","45","臺中市","南屯區","0","2","0","7","3","6","50","4","2","1","5","4","6","6","2","1","5","4","5","2","17","2","9","1","1","C04","7","5","3","19","2","14","","22","22","1","12","4","120.634239","24.146249","2"
"6236","66000","387130000C","(04)23274275","(04)23288582","2026","2","15","7","15","臺中市","南區","0","1","0","7","2","6","50","13","9","1","5","4","6","6","4","4","3","4","5","2","12","3","10","3","1","B12","7","9","1","8","2","2","","85","85","1","12","4","120.667773","24.119139","2"
"6237","66000","387130000C","(04)23274275","(04)23288582","2026","2","15","7","20","臺中市","烏日區","0","0","0","7","","","60","","","","","","","","","","","","","","2","","","","","B03","","","5","","2","","","40","40","1","6","4","120.632824","24.094894","3"
"6238","66000","387130000C","(04)23274275","(04)23288582","2026","2","15","7","26","臺中市","清水區","0","1","0","7","2","6","50","4","1","1","5","4","6","6","4","4","8","3","4","2","12","2","8","1","1","C03","7","6","1","10","1","12","","8","8","1","12","4","120.576105","24.267073","2"
"6239","66000","387130000C","(04)23274275","(04)23288582","2026","2","15","7","30","臺中市","西屯區","0","1","0","7","2","6","60","4","1","1","5","4","6","6","2","1","10","5","5","2","16","3","10","3","1","B03","7","5","1","8","2","5","","38","38","1","12","4","120.646291","24.164823","2"
"6240","66000","387130000C","(04)23274275","(04)23288582","2026","2","15","7","34","臺中市","烏日區","0","0","0","7","","","30","","","","","","","","","","","","","","","","","","","C03","","","3","","11","","","12","12","2","13","4","120.644956","24.073157","3"
"6241","66000","387130000C","(04)23274275","(04)23288582","2026","2","15","7","37","臺中市","神岡區","0","0","0","7","1","6","50","4","2","1","5","4","6","6","2","1","5","2","5","1","12","","","","","B12","","","1","","2","","","35","35","1","12","4","120.696155","24.248618","3"
"6242","66000","387130000C","(04)23274275","(04)23288582","2026","2","15","7","45","臺中市","大雅區","0","1","0","7","3","6","30","13","9","1","5","4","6","6","4","4","10","5","5","2","9","3","10","3","1","B03","7","9","1","8","2","1","","84","84","1","12","4","120.629981","24.210271","2"
"6243","66000","387130000C","(04)23274275","(04)23288582","2026","2","15","7","49","臺中市","北區","0","0","0","7","3","6","50","4","1","1","5","4","6","6","4","4","10","5","5","2","17","","","","","B12","","","1","","1","","","47","47","1","12","4","120.679068","24.153878","3"
"6244","66000","387130000C","(04)23274275","(04)23288582","2026","2","15","7","57","臺中市","西區","0","1","0","7","2","6","50","4","1","1","5","4","6","6","1","1","10","5","5","2","17","3","10","5","4","C03","7","5","1","10","2","16","","47","47","1","13","4","120.667712","24.130908","2"
"6245","66000","387130000C","(04)23274275","(04)23288582","2026","2","15","8","3","臺中市","豐原區","0","1","0","7","2","6","50","13","9","1","5","4","6","6","1","1","5","5","5","2","17","2","8","5","4","C03","7","15","1","10","2","15","","42","42","1","12","4","120.714508","24.259674","2"
"6246","66000","387130000C","(04)23274275","(04)23288582","2026","2","15","8","5","臺中市","霧峰區","0","0","0","7","","","50","","","","","","","","","","","","","","","","","","","B02","","","1","","2","","","59","59","1","12","4","120.699237","24.066806","3"
"6247","66000","387130000C","(04)23274275","(04)23288582","2026","2","15","8","8","臺中市","龍井區","0","0","0","7","","","60","","","","","","","","","","","","","","13","","","","","B03","","","1","","2","","","57","57","1","6","4","120.581767","24.176502","3"
"6248","66000","387130000C","(04)23274275","(04)23288582","2026","2","15","8","11","臺中市","太平區","0","1","0","7","2","6","30","4","1","1","5","4","6","6","4","4","10","5","5","2","16","3","10","3","1","B03","7","6","1","8","2","1","","12","12","1","12","4","120.728741","24.155163","2"
"6249","66000","387130000C","(04)23274275","(04)23288582","2026","2","15","8","15","臺中市","太平區","0","0","0","7","","","30","","","","","","","","","","","","","","17","","","","","B01","","","1","","2","","","84","84","1","12","4","120.721568","24.122513","3"
"6250","66000","387130000C","(04)23274275","(04)23288582","2026","2","15","8","18","臺中市","太平區","0","2","0","7","2","6","50","4","1","1","5","4","6","6","2","1","10","5","5","2","17","2","9","2","1","C03","7","11","1","10","2","11","","23","23","1","12","4","120.718306","24.129194","2"
"6251","66000","387130000C","(04)23274275","(04)23288582","2026","2","15","8","19","臺中市","沙鹿區","0","0","0","7","","","40","","","","","","","","","","","","","","13","","","","","B03","","","1","","1","","","82","82","1","6","4","120.560485","24.240883","3"
"6252","66000","387130000C","(04)23274275","(04)23288582","2026","2","15","8","23","臺中市","大里區","0","0","0","7","","3","50","","","","","","","","","","","","","","17","","","","","B03","","","1","","2","","","39","39","1","12","4","120.693691","24.105733","3"
"6253","66000","387130000C","(04)23274275","(04)23288582","2026","2","15","8","30","臺中市","烏日區","0","0","0","7","","","40","","","","","","","","","","","","","","9","","","","","B03","","","1","","2","","","51","51","1","6","4","120.607209","24.109697","3"
"6254","66000","387130000C","(04)23274275","(04)23288582","2026","2","15","8","32","臺中市","北區","0","0","0","7","3","6","50","18","24","1","5","4","6","6","4","4","3","4","5","2","17","","","","","B03","","","1","","1","","","61","61","1","13","4","120.685484","24.156108","3"
"6255","66000","387130000C","(04)23274275","(04)23288582","2026","2","15","8","33","臺中市","北區","0","1","0","7","2","6","50","4","1","1","5","4","6","6","1","1","5","5","5","2","14","2","8","2","1","C03","7","2","1","10","1","13","","49","49","1","12","4","120.679484","24.151541","2"
"6256","66000","387130000C","(04)23274275","(04)23288582","2026","2","15","8","33","臺中市","東區","0","1","0","7","2","6","50","3","1","1","5","4","6","6","2","1","5","4","5","2","12","3","10","2","1","C03","7","5","1","10","2","13","","84","84","1","13","4","120.68777","24.140101","2"
"6257","66000","387130000C","(04)23274275","(04)23288582","2026","2","15","8","34","臺中市","東區","0","2","0","7","2","6","50","5","8","1","5","4","6","6","2","1","1","4","4","2","17","3","10","3","1","B01","7","15","1","4","2","6","","45","45","1","12","4","120.694439","24.142982","2"
"6258","66000","387130000C","(04)23274275","(04)23288582","2026","2","15","8","38","臺中市","清水區","0","2","0","7","2","6","60","4","2","1","5","4","6","6","1","1","8","3","4","1","13","2","9","3","1","B03","7","9","1","8","2","1","","7","7","1","12","4","120.551999","24.293958","2"
"6259","66000","387130000C","(04)23274275","(04)23288582","2026","2","15","8","40","臺中市","大雅區","0","2","0","7","1","6","50","4","2","1","5","4","6","6","4","4","5","5","5","1","17","2","8","1","1","C03","7","9","1","10","2","14","","1","1","1","13","4","120.655409","24.22471","2"
"6260","66000","387130000C","(04)23274275","(04)23288582","2026","2","15","8","44","臺中市","北屯區","0","1","0","7","3","6","40","3","1","1","5","4","6","6","4","4","10","5","5","2","18","2","9","1","1","C03","7","9","1","10","2","14","","59","59","1","12","4","120.705376","24.166677","2"
"6261","66000","387130000C","(04)23274275","(04)23288582","2026","2","15","8","44","臺中市","大里區","0","1","0","7","3","6","50","13","9","1","5","4","6","6","4","4","5","5","5","1","16","3","10","1","1","C03","7","11","1","10","2","14","","46","46","1","12","4","120.693895","24.091633","2"
"6262","66000","387130000C","(04)23274275","(04)23288582","2026","2","15","8","45","臺中市","西屯區","0","0","0","7","","","50","","","","","","","","","","","","","","17","","","","","B12","","","1","","1","","","51","51","1","12","4","120.617862","24.176797","3"
"6263","66000","387130000C","(04)23274275","(04)23288582","2026","2","15","8","48","臺中市","豐原區","0","0","0","7","","","50","","","","","","","","","","","","","","30","","","","","B03","","","1","","1","","","58","58","1","13","4","120.716301","24.25175","3"
"6264","66000","387130000C","(04)23274275","(04)23288582","2026","2","15","8","49","臺中市","后里區","0","0","0","7","3","6","50","13","9","1","5","4","","","4","4","5","5","5","1","12","3","10","3","1","B03","7","9","1","8","1","5","","8","8","1","12","4","120.711903","24.307772","3"
"6265","66000","387130000C","(04)23274275","(04)23288582","2026","2","15","8","54","臺中市","大里區","0","2","0","7","3","6","50","5","1","1","5","4","6","6","3","1","10","5","5","2","15","2","9","1","1","C03","7","9","1","10","2","14","","20","20","1","12","4","120.680215","24.115024","2"
"6266","66000","387130000C","(04)23274275","(04)23288582","2026","2","15","8","55","臺中市","豐原區","0","1","0","7","2","6","50","4","1","1","5","4","6","6","4","4","5","5","4","2","15","2","9","2","1","C03","7","9","1","8","2","11","","12","12","1","12","4","120.718882","24.25056","2"
"6267","66000","387130000C","(04)23274275","(04)23288582","2026","2","15","9","1","臺中市","南區","0","1","0","7","2","6","50","3","19","1","5","4","6","6","2","1","10","5","5","2","3","3","10","3","1","B03","7","6","1","7","2","5","","10","10","1","13","4","120.680816","24.133536","2"
"6268","66000","387130000C","(04)23274275","(04)23288582","2026","2","15","9","3","臺中市","清水區","0","0","0","7","","","50","","","","","","","","","","","","","","","","","","","B03","","","1","","2","","","59","59","1","12","4","120.574092","24.263787","3"
"6269","66000","387130000C","(04)23274275","(04)23288582","2026","2","15","9","10","臺中市","西屯區","0","0","0","7","","","50","","","","","","","","","","","","","","30","","","","","B12","","","1","","2","","","59","59","1","12","4","120.652008","24.18256","3"