序號,縣市別代碼,機關代碼,市話,傳真,年,月,日,時,分,縣市,區,死亡數量,受傷數量,2-30,天候,道路照明設備,道路類別,道路速限,道路型態,事故位置,路面鋪裝,路面狀態,路面缺陷,障礙物,視距,號誌種類,號誌動作,分向設施,快車道或一般車道間,快慢車道間,路面邊線,事故類型及型態,受傷程度,主要傷處,保護裝備,行動電話或功能裝置,當事者區分(類別),車輛用途,當事者行動狀態,駕照狀態,駕照種類,飲酒情形,車輛撞擊部位最初,車輛撞擊部位其他,肇事因素個別,肇事因素主要,肇事逃逸,職業,共享經濟或外送平台,GPS座標X,GPS座標Y,事故類別
"6270","66000","387130000C","(04)23274275","(04)23288582","2026","2","15","9","10","臺中市","豐原區","0","0","0","7","","","30","","","","","","","","","","","","","","","","","","","A12","","","1","","2","","","8","8","1","13","4","120.705725","24.254015","3"
"6271","66000","387130000C","(04)23274275","(04)23288582","2026","2","15","9","19","臺中市","西屯區","0","0","0","7","","","50","","","","","","","","","","","","","","13","","","","","B03","","","1","","2","","","82","82","1","13","4","120.653027","24.167156","3"
"6272","66000","387130000C","(04)23274275","(04)23288582","2026","2","15","9","26","臺中市","中區","0","1","0","7","1","6","50","4","2","1","5","4","6","6","4","4","7","4","5","2","13","2","9","1","1","C03","7","9","1","10","2","11","","7","7","1","13","4","120.684611","24.140706","2"
"6273","66000","387130000C","(04)23274275","(04)23288582","2026","2","15","9","29","臺中市","西屯區","0","0","0","7","","","50","","","","","","","","","","","","","","13","","","","","B03","","","1","","1","","","59","59","1","13","4","120.611274","24.191997","3"
"6274","66000","387130000C","(04)23274275","(04)23288582","2026","2","15","9","35","臺中市","大里區","0","0","0","7","","","50","","","","","","","","","","","","","","","","","","","B03","","","1","","2","","","59","59","1","12","4","120.709969","24.10118","3"
"6275","66000","387130000C","(04)23274275","(04)23288582","2026","2","15","9","37","臺中市","大里區","0","1","0","7","2","6","50","13","9","1","5","4","6","6","1","1","1","5","5","2","17","3","10","3","1","B03","7","9","1","8","2","5","","8","8","1","12","4","120.696756","24.110926","2"
"6276","66000","387130000C","(04)23274275","(04)23288582","2026","2","15","9","40","臺中市","潭子區","0","1","0","7","2","6","0","13","9","1","5","4","6","6","4","4","5","4","5","1","17","3","10","3","1","B03","7","3","1","8","2","8","","76","76","1","12","4","120.695038","24.193908","2"
"6277","66000","387130000C","(04)23274275","(04)23288582","2026","2","15","9","41","臺中市","西屯區","0","1","0","7","2","6","50","13","9","1","5","4","6","6","4","4","5","5","5","2","17","2","9","5","4","C03","7","9","3","19","2","14","","84","84","1","13","4","120.640275","24.179225","2"
"6278","66000","387130000C","(04)23274275","(04)23288582","2026","2","15","9","42","臺中市","豐原區","0","0","0","7","","","50","","","","","","","","","","","","","","14","","","","","C03","","","1","","1","","","49","49","1","12","4","120.720075","24.253535","3"
"6279","66000","387130000C","(04)23274275","(04)23288582","2026","2","15","9","43","臺中市","新社區","0","1","0","7","3","6","40","11","9","1","5","4","6","6","4","4","9","5","5","1","18","2","9","5","4","C03","7","9","1","10","2","14","","84","84","1","12","4","120.87214","24.15501","2"
"6280","66000","387130000C","(04)23274275","(04)23288582","2026","2","15","9","45","臺中市","后里區","0","0","0","7","2","6","50","13","7","1","5","4","6","6","1","1","9","5","4","1","13","3","10","3","1","B03","7","9","1","8","2","1","","84","84","1","12","4","120.692054","24.313821","3"
"6281","66000","387130000C","(04)23274275","(04)23288582","2026","2","15","9","47","臺中市","北區","0","2","0","7","3","6","50","4","1","1","5","4","6","6","4","4","10","5","5","2","17","2","9","5","4","C03","7","9","1","10","2","14","","12","12","1","13","4","120.695978","24.156712","2"
"6282","66000","387130000C","(04)23274275","(04)23288582","2026","2","15","9","48","臺中市","豐原區","0","2","0","7","2","6","50","13","7","1","5","4","6","6","1","1","5","5","4","2","13","2","7","2","1","C03","7","9","1","9","2","14","","7","7","1","13","4","120.710359","24.250491","2"
"6283","66000","387130000C","(04)23274275","(04)23288582","2026","2","15","9","49","臺中市","西屯區","0","0","0","7","","","50","","","","","","","","","","","","","","13","","","","","B03","","","1","","1","","","59","59","1","12","4","120.624227","24.178181","3"
"6284","66000","387130000C","(04)23274275","(04)23288582","2026","2","15","9","53","臺中市","西屯區","0","0","0","7","","","50","","","","","","","","","","","","","","13","","","","","B03","","","1","","1","","","59","59","1","12","4","120.649471","24.159657","3"
"6285","66000","387130000C","(04)23274275","(04)23288582","2026","2","15","9","57","臺中市","霧峰區","0","0","0","7","","","40","","","","","","","","","","","","","","13","","","","","B01","","","1","","8","","","84","84","1","12","4","120.663324","24.062902","3"
"6286","66000","387130000C","(04)23274275","(04)23288582","2026","2","15","9","58","臺中市","南區","0","1","0","7","2","6","50","3","2","1","5","4","6","6","4","4","10","5","5","2","14","3","10","3","1","B03","7","2","1","8","2","6","","49","49","1","12","4","120.668843","24.117327","2"
"6287","66000","387130000C","(04)23274275","(04)23288582","2026","2","15","9","59","臺中市","大里區","0","1","0","7","3","6","50","4","1","1","5","4","6","6","1","1","10","5","5","2","16","3","10","3","1","B03","7","6","1","8","2","6","","11","11","1","12","4","120.681709","24.102596","2"
"6288","66000","387130000C","(04)23274275","(04)23288582","2026","2","15","10","1","臺中市","大雅區","0","0","0","7","","","30","","","","","","","","","","","","","","","","","","","B03","","","1","","1","","","7","7","1","13","4","120.642702","24.243282","3"
"6289","66000","387130000C","(04)23274275","(04)23288582","2026","2","15","10","3","臺中市","北屯區","0","0","0","7","","","50","","","","","","","","","","","","","","15","","","","","C03","","","1","","1","","","25","25","1","13","4","120.730404","24.173857","3"
"6290","66000","387130000C","(04)23274275","(04)23288582","2026","2","15","10","4","臺中市","清水區","0","1","0","7","2","6","30","13","9","1","5","4","6","6","4","4","9","5","5","2","11","3","10","3","1","B03","7","1","1","8","2","1","","51","51","1","12","4","120.572498","24.265754","2"
"6291","66000","387130000C","(04)23274275","(04)23288582","2026","2","15","10","10","臺中市","大肚區","0","0","0","7","","","50","","","","","","","","","","","","","","13","","","","","B12","","","1","","2","","","84","84","1","12","4","120.566761","24.122399","3"
"6292","66000","387130000C","(04)23274275","(04)23288582","2026","2","15","10","14","臺中市","潭子區","0","0","0","7","","","50","","","","","","","","","","","","","","","","","","","B12","","","1","","2","","","49","49","1","13","4","120.701724","24.190022","3"
"6293","66000","387130000C","(04)23274275","(04)23288582","2026","2","15","10","16","臺中市","太平區","0","0","0","7","","","30","","","","","","","","","","","","","","","","","","","B03","","","1","","2","","","8","8","1","12","4","120.719434","24.128409","3"
"6294","66000","387130000C","(04)23274275","(04)23288582","2026","2","15","10","17","臺中市","大里區","0","1","0","7","2","6","30","13","9","1","5","4","6","6","4","4","10","5","5","2","17","2","9","1","1","C03","7","1","1","10","2","12","","51","51","1","12","4","120.691209","24.087254","2"
"6295","66000","387130000C","(04)23274275","(04)23288582","2026","2","15","10","20","臺中市","豐原區","0","1","0","7","2","6","60","13","8","1","5","4","6","6","4","4","1","4","4","1","17","2","9","2","1","C03","7","9","1","10","2","12","","7","7","1","13","4","120.71956","24.236592","2"
"6296","66000","387130000C","(04)23274275","(04)23288582","2026","2","15","10","22","臺中市","神岡區","0","0","0","7","2","6","50","13","14","1","5","4","6","6","4","4","1","4","5","1","17","3","10","5","4","B03","7","1","1","8","11","5","","51","51","2","12","4","120.689253","24.247689","3"
"6297","66000","387130000C","(04)23274275","(04)23288582","2026","2","15","10","24","臺中市","清水區","0","1","0","7","3","6","30","3","1","1","5","4","6","6","4","4","10","5","5","2","17","2","8","2","1","C03","7","6","5","19","11","11","","12","12","2","12","4","120.576362","24.276669","2"
"6298","66000","387130000C","(04)23274275","(04)23288582","2026","2","15","10","29","臺中市","西屯區","0","1","0","7","2","6","50","4","1","1","5","4","6","6","2","1","10","5","5","2","13","2","4","1","1","C03","7","5","1","10","2","11","","59","59","1","12","4","120.652232","24.159778","2"
"6299","66000","387130000C","(04)23274275","(04)23288582","2026","2","15","10","30","臺中市","梧棲區","0","2","0","7","2","6","40","5","1","1","5","4","6","6","2","1","1","4","1","1","16","2","9","2","1","C03","7","9","5","19","11","11","","21","21","1","12","4","120.532513","24.241667","2"
"6300","66000","387130000C","(04)23274275","(04)23288582","2026","2","15","10","37","臺中市","霧峰區","0","2","0","7","2","6","50","5","1","1","5","4","6","6","1","1","10","5","5","2","17","2","8","2","1","C03","7","10","3","19","2","13","","84","84","1","5","4","120.69915","24.068007","2"
"6301","66000","387130000C","(04)23274275","(04)23288582","2026","2","15","10","43","臺中市","大里區","0","1","0","7","2","6","50","13","9","1","5","4","6","6","4","4","5","4","5","1","17","2","9","1","1","C03","7","6","1","10","2","12","","4","4","1","12","4","120.686863","24.115275","2"
"6302","66000","387130000C","(04)23274275","(04)23288582","2026","2","15","10","48","臺中市","烏日區","0","0","0","7","","","30","","","","","","","","","","","","","","","","","","","B03","","","1","","2","","","8","8","1","13","4","120.642603","24.080916","3"
"6303","66000","387130000C","(04)23274275","(04)23288582","2026","2","15","10","50","臺中市","北區","0","1","0","7","2","6","50","3","1","1","5","4","6","6","4","4","10","5","5","2","16","2","8","5","4","C03","7","6","1","10","2","14","","12","12","1","13","4","120.675424","24.151586","2"
"6304","66000","387130000C","(04)23274275","(04)23288582","2026","2","15","10","50","臺中市","東區","0","1","0","7","2","6","50","4","2","1","5","4","6","6","4","4","5","5","5","2","17","2","9","1","1","C03","7","9","1","10","2","12","","59","59","1","12","4","120.709987","24.147563","2"
"6305","66000","387130000C","(04)23274275","(04)23288582","2026","2","15","10","55","臺中市","東區","0","0","0","7","","","50","","","","","","","","","","","","","","12","","","","","","","","","","","","","86","86","1","","","120.699053","24.144791","3"
"6306","66000","387130000C","(04)23274275","(04)23288582","2026","2","15","10","57","臺中市","北屯區","0","0","0","7","","","30","","","","","","","","","","","","","","16","","","","","C03","","","1","","1","","","84","84","1","12","4","120.683404","24.191365","3"
"6307","66000","387130000C","(04)23274275","(04)23288582","2026","2","15","10","59","臺中市","南屯區","0","2","0","7","2","6","50","13","9","1","5","4","6","6","4","4","1","4","5","2","17","3","10","3","1","B03","7","13","1","8","2","4","","76","76","1","12","4","120.637052","24.151836","2"
"6308","66000","387130000C","(04)23274275","(04)23288582","2026","2","15","10","59","臺中市","豐原區","0","0","0","7","2","6","50","13","1","1","5","4","6","6","4","4","5","5","5","1","13","3","10","2","1","C03","7","9","1","10","2","11","","7","7","1","12","4","120.719342","24.242369","3"
"6309","66000","387130000C","(04)23274275","(04)23288582","2026","2","15","11","0","臺中市","西區","0","1","0","7","3","6","50","4","1","1","5","4","6","6","1","1","10","5","5","2","12","2","8","1","1","C03","7","4","1","10","2","14","","84","84","1","12","4","120.665974","24.134764","2"
"6310","66000","387130000C","(04)23274275","(04)23288582","2026","2","15","11","0","臺中市","西屯區","0","0","0","7","","","50","","","","","","","","","","","","","","13","","","","","C03","","","1","","1","","","8","8","1","13","4","120.653774","24.168178","3"
"6311","66000","387130000C","(04)23274275","(04)23288582","2026","2","15","11","0","臺中市","烏日區","0","2","0","7","2","6","50","3","1","1","5","4","6","6","4","4","5","4","5","2","13","2","7","1","1","C03","7","9","1","10","2","12","","7","7","1","6","4","120.602508","24.106992","2"
"6312","66000","387130000C","(04)23274275","(04)23288582","2026","2","15","11","0","臺中市","烏日區","0","1","0","7","2","6","50","4","1","1","5","4","6","6","1","1","5","4","5","1","16","3","10","3","1","B03","7","5","1","8","2","5","","84","84","1","6","4","120.645893","24.058596","2"
"6313","66000","387130000C","(04)23274275","(04)23288582","2026","2","15","11","3","臺中市","霧峰區","1","0","0","7","2","6","30","4","2","1","5","4","6","6","4","4","10","5","5","2","9","3","10","5","4","B03","7","6","1","8","2","8","","58","58","1","12","4","120.683004","24.065386","1"
"6314","66000","387130000C","(04)23274275","(04)23288582","2026","2","15","11","4","臺中市","沙鹿區","0","1","0","7","2","6","50","13","9","1","5","4","6","6","4","4","8","3","5","1","9","3","10","5","4","C03","7","9","1","10","2","15","","59","59","1","13","4","120.559195","24.239177","2"
"6315","66000","387130000C","(04)23274275","(04)23288582","2026","2","15","11","7","臺中市","中區","0","2","0","7","2","6","30","4","1","1","5","4","6","6","4","4","10","5","5","2","15","2","9","2","1","C03","7","9","1","10","2","12","","15","15","1","12","4","120.681511","24.137387","2"
"6316","66000","387130000C","(04)23274275","(04)23288582","2026","2","15","11","7","臺中市","大甲區","0","0","0","7","","","40","","","","","","","","","","","","","","","","","","","B03","","","1","","1","","","78","78","1","12","4","120.624205","24.344101","3"
"6317","66000","387130000C","(04)23274275","(04)23288582","2026","2","15","11","8","臺中市","北屯區","0","1","0","7","3","6","50","4","2","1","5","4","6","6","4","4","5","5","5","2","16","3","10","3","1","B03","7","5","1","8","2","5","","84","84","1","12","4","120.685848","24.169634","2"
"6318","66000","387130000C","(04)23274275","(04)23288582","2026","2","15","11","15","臺中市","南屯區","0","0","0","7","","","50","","","","","","","","","","","","","","14","","","","","B03","","","1","","1","","","49","49","1","13","4","120.652647","24.140309","3"
"6319","66000","387130000C","(04)23274275","(04)23288582","2026","2","15","11","15","臺中市","豐原區","0","1","0","7","2","6","30","11","9","1","5","4","6","6","4","4","10","5","5","2","11","2","8","2","1","C03","7","9","3","19","2","14","","8","8","1","13","4","120.727257","24.246449","2"
"6320","66000","387130000C","(04)23274275","(04)23288582","2026","2","15","11","17","臺中市","清水區","0","0","0","7","2","6","50","3","1","1","5","4","6","6","4","4","8","3","5","2","16","","","","","B03","","","1","","1","","","14","14","1","12","4","120.579859","24.270891","3"
"6321","66000","387130000C","(04)23274275","(04)23288582","2026","2","15","11","20","臺中市","大里區","0","1","0","7","3","6","50","4","1","1","5","4","6","6","4","4","10","5","5","2","16","3","10","3","1","B03","7","6","1","8","2","1","","20","20","1","12","4","120.683773","24.105816","2"
"6322","66000","387130000C","(04)23274275","(04)23288582","2026","2","15","11","23","臺中市","東勢區","0","1","0","7","3","6","50","18","9","1","5","4","6","6","4","4","10","5","5","2","17","2","9","5","4","C03","7","9","1","10","2","14","","84","84","1","12","4","120.827048","24.253367","2"
"6323","66000","387130000C","(04)23274275","(04)23288582","2026","2","15","11","25","臺中市","霧峰區","0","0","0","7","","","30","","","","","","","","","","","","","","17","","","","","F03","","","7","","9","","","8","8","1","12","4","120.692715","24.046527","3"
"6324","66000","387130000C","(04)23274275","(04)23288582","2026","2","15","11","26","臺中市","大肚區","0","0","0","7","","","30","","","","","","","","","","","","","","","","","","","B03","","","1","","11","","","8","8","1","6","4","120.580616","24.170508","3"
"6325","66000","387130000C","(04)23274275","(04)23288582","2026","2","15","11","27","臺中市","大雅區","0","2","0","7","3","6","50","13","9","1","5","4","6","6","4","4","4","5","5","2","17","2","8","1","1","C03","7","11","1","10","2","13","","46","46","1","12","4","120.647917","24.223507","2"
"6326","66000","387130000C","(04)23274275","(04)23288582","2026","2","15","11","30","臺中市","霧峰區","0","1","0","7","2","6","50","3","2","1","5","4","6","6","1","1","1","4","4","1","13","2","9","2","1","C03","7","9","1","10","2","11","","7","7","1","12","4","120.699997","24.075339","2"
"6327","66000","387130000C","(04)23274275","(04)23288582","2026","2","15","11","35","臺中市","大里區","0","1","0","7","2","6","50","4","9","1","5","4","6","6","4","4","10","5","5","2","17","2","9","1","1","C03","7","9","3","19","2","11","","15","15","1","12","4","120.680126","24.098175","2"
"6328","66000","387130000C","(04)23274275","(04)23288582","2026","2","15","11","35","臺中市","東勢區","0","1","0","7","3","6","50","13","9","1","5","4","3","3","4","4","9","5","5","1","12","3","10","5","4","B03","7","9","1","8","2","2","","8","8","1","12","4","120.831007","24.249333","2"
"6329","66000","387130000C","(04)23274275","(04)23288582","2026","2","15","11","39","臺中市","西區","0","1","0","7","2","6","40","13","8","1","5","4","6","6","1","1","3","4","4","2","17","2","9","5","4","C03","7","9","1","10","2","12","","84","84","1","13","4","120.669743","24.143933","2"
"6330","66000","387130000C","(04)23274275","(04)23288582","2026","2","15","11","40","臺中市","東區","0","0","0","7","","","40","","","","","","","","","","","","","","17","","","","","C03","","","1","","1","","","84","84","1","12","4","120.68875","24.134818","3"
"6331","66000","387130000C","(04)23274275","(04)23288582","2026","2","15","11","45","臺中市","太平區","0","1","0","7","2","6","50","3","1","1","5","4","6","6","4","4","5","5","4","2","17","2","9","2","1","C03","7","4","1","10","2","12","","39","39","1","12","4","120.724029","24.157568","2"
"6332","66000","387130000C","(04)23274275","(04)23288582","2026","2","15","11","49","臺中市","大甲區","0","0","0","7","","","50","","","","","","","","","","","","","","","","","","","B03","","","1","","1","","","7","7","1","6","4","120.617394","24.350307","3"
"6333","66000","387130000C","(04)23274275","(04)23288582","2026","2","15","11","50","臺中市","西屯區","0","0","0","7","","","50","","","","","","","","","","","","","","13","","","","","B03","","","1","","1","","","59","59","1","13","4","120.653343","24.203476","3"
"6334","66000","387130000C","(04)23274275","(04)23288582","2026","2","15","11","52","臺中市","西區","0","2","0","7","1","6","50","4","1","1","5","4","6","6","4","4","10","5","5","2","15","2","9","1","1","C03","7","9","1","10","1","12","","15","15","1","13","4","120.656593","24.154307","2"
"6335","66000","387130000C","(04)23274275","(04)23288582","2026","2","15","11","53","臺中市","大甲區","0","1","0","7","2","6","50","13","9","1","5","4","6","6","4","4","6","3","5","1","12","3","10","3","1","B03","7","11","1","8","2","8","","45","45","1","12","4","120.613688","24.348229","2"
"6336","66000","387130000C","(04)23274275","(04)23288582","2026","2","15","11","57","臺中市","太平區","0","0","0","7","","","50","","","","","","","","","","","","","","13","","","","","B01","","","1","","2","","","84","84","1","12","4","120.71802","24.128707","3"
"6337","66000","387130000C","(04)23274275","(04)23288582","2026","2","15","12","3","臺中市","潭子區","0","1","0","7","3","6","30","13","9","1","5","4","6","6","4","4","10","5","5","2","11","2","9","2","1","C03","7","9","1","10","2","14","","8","8","1","12","4","120.705847","24.204693","2"
"6338","66000","387130000C","(04)23274275","(04)23288582","2026","2","15","12","3","臺中市","北屯區","0","1","0","7","3","6","40","3","1","1","5","4","6","6","1","1","10","5","5","2","16","3","10","3","1","B03","7","5","1","8","2","5","","11","11","1","12","4","120.691338","24.164968","2"
"6339","66000","387130000C","(04)23274275","(04)23288582","2026","2","15","12","4","臺中市","北屯區","0","1","0","6","3","6","50","4","2","1","5","4","6","6","2","1","1","4","5","2","12","2","7","2","1","C03","7","8","1","10","1","14","","39","39","1","12","4","120.721811","24.181854","2"
"6340","66000","387130000C","(04)23274275","(04)23288582","2026","2","15","12","5","臺中市","霧峰區","0","1","0","7","3","6","30","11","9","1","5","4","6","6","4","4","10","5","5","2","11","3","10","1","1","C03","7","9","1","10","2","14","","41","41","1","12","4","120.669182","24.053593","2"
"6341","66000","387130000C","(04)23274275","(04)23288582","2026","2","15","12","13","臺中市","北屯區","0","0","0","7","","","50","","","","","","","","","","","","","","12","","","","","B03","","","1","","2","","","35","35","1","12","4","120.697161","24.169416","3"
"6342","66000","387130000C","(04)23274275","(04)23288582","2026","2","15","12","14","臺中市","北屯區","0","1","0","7","2","6","50","13","7","1","5","4","6","6","4","4","5","5","4","2","14","3","10","3","1","B03","7","2","1","8","1","7","","49","49","1","12","4","120.694938","24.179637","2"
"6343","66000","387130000C","(04)23274275","(04)23288582","2026","2","15","12","14","臺中市","西屯區","0","2","0","7","2","6","50","4","1","1","5","4","6","6","2","1","10","5","5","2","16","3","10","5","4","B03","7","5","1","8","2","2","","11","11","1","13","4","120.642805","24.158729","2"
"6344","66000","387130000C","(04)23274275","(04)23288582","2026","2","15","12","14","臺中市","大里區","0","0","0","7","","","","","","","","","","","","","","","","","","","","","","","","","","","","","","109","109","1","","","120.687901","24.118247","3"
"6345","66000","387130000C","(04)23274275","(04)23288582","2026","2","15","12","14","臺中市","烏日區","0","0","0","7","","","50","","","","","","","","","","","","","","","","","","","B03","","","1","","2","","","50","50","1","12","4","120.596773","24.110343","3"
"6346","66000","387130000C","(04)23274275","(04)23288582","2026","2","15","12","16","臺中市","南區","0","0","0","7","","","50","","","","","","","","","","","","","","13","","","","","B03","","","1","","1","","","59","59","1","13","4","120.661123","24.120865","3"
"6347","66000","387130000C","(04)23274275","(04)23288582","2026","2","15","12","17","臺中市","北屯區","0","2","0","7","3","6","30","4","1","1","5","4","6","6","4","4","10","5","5","2","15","2","8","4","1","F01","7","9","7","21","2","11","","15","15","1","3","4","120.66523","24.178818","2"
"6348","66000","387130000C","(04)23274275","(04)23288582","2026","2","15","12","17","臺中市","太平區","0","0","0","7","","","40","","","","","","","","","","","","","","","","","","","C03","","","1","","2","","","78","78","1","12","4","120.716573","24.133381","3"
"6349","66000","387130000C","(04)23274275","(04)23288582","2026","2","15","12","18","臺中市","北屯區","0","1","0","7","1","6","50","5","2","1","5","4","6","6","1","1","3","4","5","2","13","3","10","1","1","C03","7","9","1","10","2","11","","7","7","1","13","4","120.659972","24.192802","2"
"6350","66000","387130000C","(04)23274275","(04)23288582","2026","2","15","12","20","臺中市","后里區","0","0","0","7","3","6","40","13","7","1","5","4","6","6","4","","5","4","4","1","14","3","10","3","1","B03","7","2","1","8","2","3","","49","49","1","6","4","120.692099","24.313813","3"
"6351","66000","387130000C","(04)23274275","(04)23288582","2026","2","15","12","22","臺中市","潭子區","0","1","0","7","3","6","60","13","14","1","5","4","6","6","4","4","1","4","4","1","26","2","9","3","1","B03","7","7","1","8","2","1","","59","59","1","13","4","120.706873","24.222458","2"
"6352","66000","387130000C","(04)23274275","(04)23288582","2026","2","15","12","24","臺中市","大甲區","0","1","0","7","2","6","40","13","9","1","5","4","6","6","4","4","6","3","5","1","12","2","9","1","1","C03","7","1","1","10","2","14","","51","51","1","12","4","120.619943","24.347359","2"
"6353","66000","387130000C","(04)23274275","(04)23288582","2026","2","15","12","25","臺中市","大甲區","0","2","0","7","3","6","50","13","9","1","5","4","6","6","4","4","9","5","4","1","17","2","9","1","1","C03","7","9","1","10","2","11","","87","87","1","6","4","120.610664","24.354769","2"
"6354","66000","387130000C","(04)23274275","(04)23288582","2026","2","15","12","27","臺中市","豐原區","0","1","0","7","2","6","50","3","1","1","5","4","6","6","4","4","10","5","5","2","17","3","10","5","4","B03","7","6","1","8","6","4","","20","20","1","12","4","120.721383","24.252545","2"
"6355","66000","387130000C","(04)23274275","(04)23288582","2026","2","15","12","32","臺中市","南區","0","3","0","7","2","6","30","13","9","1","5","4","6","6","4","4","10","5","5","2","17","2","8","2","1","C03","7","1","1","10","2","13","","51","51","1","12","4","120.665711","24.12432","2"
"6356","66000","387130000C","(04)23274275","(04)23288582","2026","2","15","12","40","臺中市","大肚區","0","2","0","7","2","6","50","13","9","1","5","4","6","6","4","4","8","3","5","1","6","2","8","6","5","H01","8","18","7","21","1","17","","98","98","1","12","5","120.538791","24.149889","2"
"6357","66000","387130000C","(04)23274275","(04)23288582","2026","2","15","12","41","臺中市","北屯區","0","1","0","7","3","6","30","4","1","1","5","4","6","6","4","4","10","5","5","2","16","3","10","1","1","C03","7","6","1","10","2","14","","14","14","1","12","4","120.693146","24.17742","2"
"6358","66000","387130000C","(04)23274275","(04)23288582","2026","2","15","12","41","臺中市","神岡區","0","0","0","7","1","6","50","4","2","1","5","4","6","6","1","1","5","4","4","1","13","","","","","B03","","","1","","2","","","7","7","1","12","4","120.682711","24.243636","3"
"6359","66000","387130000C","(04)23274275","(04)23288582","2026","2","15","12","44","臺中市","北區","0","0","0","7","3","6","50","13","24","1","5","4","6","6","4","4","10","5","5","2","17","","","","","B03","","","1","","2","","","49","49","1","13","4","120.674868","24.155142","3"
"6360","66000","387130000C","(04)23274275","(04)23288582","2026","2","15","12","50","臺中市","西區","0","0","0","7","","","0","","","","","","","","","","","","","","17","","","","","F03","","","7","","1","","","84","84","1","12","4","120.662443","24.155778","3"
"6361","66000","387130000C","(04)23274275","(04)23288582","2026","2","15","12","51","臺中市","西屯區","0","0","0","7","","","50","","","","","","","","","","","","","","12","","","","","B03","","","1","","1","","","35","35","1","12","4","120.636321","24.160222","3"
"6362","66000","387130000C","(04)23274275","(04)23288582","2026","2","15","12","51","臺中市","太平區","0","1","0","7","2","6","50","4","1","1","5","4","6","6","1","1","10","5","5","2","16","3","10","3","1","B03","7","6","1","8","2","8","","11","11","1","12","4","120.717112","24.12409","2"
"6363","66000","387130000C","(04)23274275","(04)23288582","2026","2","15","12","55","臺中市","北區","0","0","0","7","","","60","","","","","","","","","","","","","","17","","","","","A05","","","1","","1","","","84","84","1","13","4","120.665671","24.1541","3"
"6364","66000","387130000C","(04)23274275","(04)23288582","2026","2","15","12","55","臺中市","北屯區","0","1","0","7","2","6","40","13","8","1","5","4","6","6","4","4","1","4","4","2","18","2","9","2","1","C03","7","9","1","10","2","12","","84","84","1","12","4","120.686608","24.196865","2"
"6365","66000","387130000C","(04)23274275","(04)23288582","2026","2","15","12","58","臺中市","南屯區","0","0","0","7","","","50","","","","","","","","","","","","","","13","","","","","B03","","","1","","1","","","56","56","1","12","4","120.637074","24.142584","3"
"6366","66000","387130000C","(04)23274275","(04)23288582","2026","2","15","12","58","臺中市","南屯區","0","1","0","7","3","6","50","4","4","1","5","4","6","6","1","1","10","5","5","2","13","3","10","3","1","B03","7","9","1","8","2","1","","7","7","1","12","4","120.640136","24.127346","2"
"6367","66000","387130000C","(04)23274275","(04)23288582","2026","2","15","13","0","臺中市","霧峰區","0","1","0","7","2","6","30","13","9","1","5","4","6","6","4","4","10","5","5","2","18","2","9","2","1","C03","7","9","1","10","9","12","","84","84","1","6","4","120.666742","24.079245","2"
"6368","66000","387130000C","(04)23274275","(04)23288582","2026","2","15","13","4","臺中市","北區","0","2","0","7","3","6","50","5","1","1","5","4","6","6","2","1","10","5","5","2","17","2","9","5","4","C03","7","9","1","10","2","14","","8","8","1","13","4","120.681779","24.144574","2"
"6369","66000","387130000C","(04)23274275","(04)23288582","2026","2","15","13","5","臺中市","西區","0","1","0","7","2","6","30","4","1","1","5","4","6","6","4","4","7","5","5","2","17","2","9","1","1","C03","7","5","1","10","2","12","","84","84","1","13","4","120.667566","24.148709","2"
"6370","66000","387130000C","(04)23274275","(04)23288582","2026","2","15","13","8","臺中市","中區","0","0","0","7","","","50","","","","","","","","","","","","","","13","","","","","C03","","","1","","2","","","7","7","1","12","4","120.681494","24.136519","3"
"6371","66000","387130000C","(04)23274275","(04)23288582","2026","2","15","13","9","臺中市","太平區","0","0","0","7","","","50","","","","","","","","","","","","","","13","","","","","B03","","","1","","1","","","7","7","1","12","4","120.719175","24.142315","3"
"6372","66000","387130000C","(04)23274275","(04)23288582","2026","2","15","13","13","臺中市","西屯區","0","0","0","7","","","50","","","","","","","","","","","","","","13","","","","","B03","","","1","","1","","","59","59","1","12","4","120.637666","24.163226","3"
"6373","66000","387130000C","(04)23274275","(04)23288582","2026","2","15","13","20","臺中市","南區","0","0","0","7","","","30","","","","","","","","","","","","","","12","","","","","B03","","","1","","1","","","51","51","1","13","4","120.669556","24.117349","3"
"6374","66000","387130000C","(04)23274275","(04)23288582","2026","2","15","13","27","臺中市","北區","0","0","0","7","3","6","50","18","24","1","5","4","6","6","4","4","2","5","5","2","17","","","","","C03","","","1","","2","","","84","84","1","13","4","120.685067","24.151977","3"
"6375","66000","387130000C","(04)23274275","(04)23288582","2026","2","15","13","30","臺中市","北區","0","0","0","7","","","50","","","","","","","","","","","","","","17","","","","","B03","","","1","","2","","","84","84","1","13","4","120.685887","24.155351","3"
"6376","66000","387130000C","(04)23274275","(04)23288582","2026","2","15","13","30","臺中市","北區","0","2","0","7","2","6","50","3","9","1","5","4","6","6","4","4","1","4","5","1","12","2","9","5","4","C03","7","4","1","10","9","12","","8","8","2","13","4","120.68488","24.161012","2"
"6377","66000","387130000C","(04)23274275","(04)23288582","2026","2","15","13","30","臺中市","西屯區","0","1","0","7","2","6","50","4","2","1","5","4","6","6","2","1","10","5","5","2","30","2","9","1","1","C03","7","6","1","10","2","16","","59","59","1","13","4","120.606401","24.18736","2"