序號,縣市別代碼,機關代碼,市話,傳真,年,月,日,時,分,縣市,區,死亡數量,受傷數量,2-30,天候,道路照明設備,道路類別,道路速限,道路型態,事故位置,路面鋪裝,路面狀態,路面缺陷,障礙物,視距,號誌種類,號誌動作,分向設施,快車道或一般車道間,快慢車道間,路面邊線,事故類型及型態,受傷程度,主要傷處,保護裝備,行動電話或功能裝置,當事者區分(類別),車輛用途,當事者行動狀態,駕照狀態,駕照種類,飲酒情形,車輛撞擊部位最初,車輛撞擊部位其他,肇事因素個別,肇事因素主要,肇事逃逸,職業,共享經濟或外送平台,GPS座標X,GPS座標Y,事故類別
"6378","66000","387130000C","(04)23274275","(04)23288582","2026","2","15","13","30","臺中市","新社區","0","0","0","7","","","40","","","","","","","","","","","","","","","","","","","B03","","","1","","2","","","43","43","1","12","4","120.844653","24.159806","3"
"6379","66000","387130000C","(04)23274275","(04)23288582","2026","2","15","13","31","臺中市","南區","0","1","0","7","2","6","50","13","9","1","5","4","6","6","4","4","3","4","5","2","13","2","8","1","1","C03","7","9","1","10","1","11","","84","84","1","12","4","120.670083","24.123819","2"
"6380","66000","387130000C","(04)23274275","(04)23288582","2026","2","15","13","31","臺中市","西屯區","0","1","0","7","2","6","50","13","9","1","5","4","6","6","4","4","5","4","5","2","13","2","9","1","1","C03","7","5","1","10","2","11","","59","59","1","12","4","120.617968","24.188204","2"
"6381","66000","387130000C","(04)23274275","(04)23288582","2026","2","15","13","35","臺中市","中區","0","1","0","7","2","6","50","4","1","1","5","4","6","6","3","1","10","5","5","2","15","3","10","5","4","C03","7","9","1","10","2","11","","24","24","1","13","4","120.675788","24.142878","2"
"6382","66000","387130000C","(04)23274275","(04)23288582","2026","2","15","13","35","臺中市","北區","0","0","0","7","3","6","50","4","1","1","5","4","6","6","2","1","10","5","5","2","17","","","","","C03","","","1","","2","","","40","40","1","13","4","120.690207","24.156245","3"
"6383","66000","387130000C","(04)23274275","(04)23288582","2026","2","15","13","41","臺中市","太平區","0","1","0","7","3","6","50","13","9","1","5","4","6","6","4","4","9","5","5","2","12","2","8","6","1","F01","7","9","7","21","9","12","","84","84","1","12","4","120.720808","24.151211","2"
"6384","66000","387130000C","(04)23274275","(04)23288582","2026","2","15","13","42","臺中市","龍井區","0","0","0","7","","","50","","","","","","","","","","","","","","13","","","","","B12","","","1","","2","","","56","56","1","13","4","120.543455","24.190314","3"
"6385","66000","387130000C","(04)23274275","(04)23288582","2026","2","15","13","44","臺中市","北區","0","1","0","7","3","6","50","18","24","1","5","4","6","6","2","1","10","5","5","2","17","3","10","5","4","B03","7","9","1","8","2","2","","59","59","1","13","4","120.683438","24.153692","2"
"6386","66000","387130000C","(04)23274275","(04)23288582","2026","2","15","13","49","臺中市","西區","0","0","0","7","","","50","","","","","","","","","","","","","","17","","","","","B03","","","1","","9","","","8","8","1","12","4","120.663879","24.147882","3"
"6387","66000","387130000C","(04)23274275","(04)23288582","2026","2","15","13","51","臺中市","烏日區","0","0","0","7","","","50","","","","","","","","","","","","","","14","","","","","B03","","","1","","1","","","49","49","1","6","4","120.618489","24.103539","3"
"6388","66000","387130000C","(04)23274275","(04)23288582","2026","2","15","13","54","臺中市","北屯區","0","1","0","7","3","6","50","4","1","1","5","4","6","6","1","1","10","5","5","2","16","2","7","1","1","C03","7","6","1","10","2","14","","48","48","1","12","4","120.702694","24.174642","2"
"6389","66000","387130000C","(04)23274275","(04)23288582","2026","2","15","13","55","臺中市","西區","0","0","0","7","","","40","","","","","","","","","","","","","","12","","","","","C03","","","1","","9","","","40","40","2","12","4","120.663728","24.140008","3"
"6390","66000","387130000C","(04)23274275","(04)23288582","2026","2","15","14","0","臺中市","大里區","0","0","0","7","","","50","","","","","","","","","","","","","","","","","","","B03","","","1","","1","","","50","50","1","12","4","120.709775","24.086443","3"
"6391","66000","387130000C","(04)23274275","(04)23288582","2026","2","15","14","1","臺中市","梧棲區","0","1","0","7","3","6","40","3","1","1","5","4","6","6","4","4","10","5","5","2","16","3","10","3","1","B03","7","5","1","8","2","6","","14","14","1","6","4","120.527855","24.253203","2"
"6392","66000","387130000C","(04)23274275","(04)23288582","2026","2","15","14","4","臺中市","大甲區","0","1","0","7","3","6","50","4","1","1","5","4","6","6","4","4","10","5","5","2","17","2","9","1","1","C03","7","9","1","10","2","11","","12","12","1","6","4","120.618961","24.34651","2"
"6393","66000","387130000C","(04)23274275","(04)23288582","2026","2","15","14","13","臺中市","西屯區","0","2","0","7","3","6","50","13","9","1","5","4","6","6","4","4","5","5","5","2","12","3","10","5","4","C03","7","5","1","10","2","13","","84","84","1","13","4","120.652834","24.166373","2"
"6394","66000","387130000C","(04)23274275","(04)23288582","2026","2","15","14","14","臺中市","北屯區","0","0","0","7","","","50","","","","","","","","","","","","","","17","","","","","B03","","","1","","9","","","76","76","1","12","4","120.715622","24.165016","3"
"6395","66000","387130000C","(04)23274275","(04)23288582","2026","2","15","14","14","臺中市","北屯區","0","0","0","7","","","50","","","","","","","","","","","","","","","","","","","B03","","","1","","1","","","20","20","1","13","4","120.712224","24.182279","3"
"6396","66000","387130000C","(04)23274275","(04)23288582","2026","2","15","14","15","臺中市","西區","0","1","0","7","2","6","50","13","9","1","5","4","6","6","4","4","5","4","5","2","13","2","9","1","1","C03","7","9","1","10","2","11","","7","7","1","6","4","120.676015","24.138973","2"
"6397","66000","387130000C","(04)23274275","(04)23288582","2026","2","15","14","17","臺中市","大雅區","0","1","0","7","3","6","50","3","1","1","5","4","6","6","1","1","1","3","4","2","12","3","10","3","1","B03","7","5","1","8","2","5","","47","47","1","12","4","120.650834","24.209956","2"
"6398","66000","387130000C","(04)23274275","(04)23288582","2026","2","15","14","18","臺中市","西區","0","1","0","7","2","6","50","13","12","1","5","4","6","6","4","4","7","5","4","2","13","2","8","1","1","C03","7","9","1","10","2","11","","84","84","1","13","4","120.665837","24.132122","2"
"6399","66000","387130000C","(04)23274275","(04)23288582","2026","2","15","14","20","臺中市","豐原區","0","0","0","7","","","50","","","","","","","","","","","","","","17","","","","","B03","","","1","","2","","","7","7","1","6","4","120.699248","24.24785","3"
"6400","66000","387130000C","(04)23274275","(04)23288582","2026","2","15","14","21","臺中市","北區","0","0","0","7","","","50","","","","","","","","","","","","","","17","","","","","C03","","","1","","1","","","59","59","1","12","4","120.685001","24.147583","3"
"6401","66000","387130000C","(04)23274275","(04)23288582","2026","2","15","14","24","臺中市","北屯區","0","0","0","7","","","50","","","","","","","","","","","","","","13","","","","","B03","","","1","","1","","","84","84","1","12","4","120.669974","24.176593","3"
"6402","66000","387130000C","(04)23274275","(04)23288582","2026","2","15","14","30","臺中市","豐原區","0","0","0","7","","","50","","","","","","","","","","","","","","17","","","","","B02","","","1","","2","","","50","50","1","12","4","120.70697","24.247239","3"
"6403","66000","387130000C","(04)23274275","(04)23288582","2026","2","15","14","45","臺中市","潭子區","0","0","0","7","","","50","","","","","","","","","","","","","","","","","","","C03","","","1","","2","","","59","59","1","13","4","120.704717","24.219377","3"
"6404","66000","387130000C","(04)23274275","(04)23288582","2026","2","15","14","45","臺中市","大甲區","0","0","0","7","","","70","","","","","","","","","","","","","","","","","","","C03","","","1","","2","","","51","51","1","12","4","120.643726","24.409392","4"
"6405","66000","387130000C","(04)23274275","(04)23288582","2026","2","15","14","50","臺中市","烏日區","0","0","0","7","","","50","","","","","","","","","","","","","","9","","","","","B03","","","1","","1","","","87","87","1","6","4","120.615974","24.113956","4"
"6406","66000","387130000C","(04)23274275","(04)23288582","2026","2","15","14","52","臺中市","大甲區","0","0","0","7","1","6","40","13","24","1","5","4","6","6","4","4","8","3","5","1","25","3","10","3","1","B12","7","1","1","8","2","2","","84","84","1","7","4","120.626778","24.350237","3"
"6407","66000","387130000C","(04)23274275","(04)23288582","2026","2","15","14","55","臺中市","南區","0","0","0","7","","","50","","","","","","","","","","","","","","13","","","","","B03","","","1","","1","","","84","84","1","12","4","120.661195","24.132309","3"
"6408","66000","387130000C","(04)23274275","(04)23288582","2026","2","15","14","57","臺中市","西區","0","2","0","7","2","6","40","13","8","1","5","4","6","6","4","4","1","4","3","2","13","2","9","5","4","C03","7","9","1","10","2","12","","7","7","1","13","4","120.658482","24.157359","2"
"6409","66000","387130000C","(04)23274275","(04)23288582","2026","2","15","14","59","臺中市","東區","0","1","0","7","2","6","50","13","9","1","5","4","6","6","4","4","5","5","5","2","14","3","10","3","1","B02","7","2","1","8","1","3","","49","49","1","13","4","120.694452","24.128119","2"
"6410","66000","387130000C","(04)23274275","(04)23288582","2026","2","15","15","0","臺中市","北屯區","0","2","0","7","2","6","50","4","2","1","5","4","6","6","1","1","9","4","5","2","13","2","9","1","1","C03","7","9","1","10","2","11","","59","59","1","6","4","120.721291","24.162364","2"
"6411","66000","387130000C","(04)23274275","(04)23288582","2026","2","15","15","0","臺中市","太平區","0","1","0","7","3","6","50","13","9","1","5","4","6","6","4","4","5","4","5","2","16","3","10","3","1","B03","7","7","1","8","2","2","","40","40","1","12","4","120.713621","24.158931","2"
"6412","66000","387130000C","(04)23274275","(04)23288582","2026","2","15","15","4","臺中市","北屯區","0","0","0","7","","","50","","","","","","","","","","","","","","","","","","","B03","","","1","","1","","","45","45","1","6","4","120.690731","24.182421","3"
"6413","66000","387130000C","(04)23274275","(04)23288582","2026","2","15","15","6","臺中市","清水區","0","2","0","7","3","6","50","3","2","1","5","4","6","6","4","4","5","5","5","1","9","2","9","2","1","C03","7","9","1","10","2","11","","6","6","1","12","4","120.574449","24.29013","2"
"6414","66000","387130000C","(04)23274275","(04)23288582","2026","2","15","15","9","臺中市","神岡區","0","2","0","7","2","8","25","12","13","1","5","4","6","6","4","4","5","5","5","1","30","2","9","5","4","F01","7","9","7","21","2","16","","82","82","1","12","4","120.656323","24.255977","2"
"6415","66000","387130000C","(04)23274275","(04)23288582","2026","2","15","15","11","臺中市","大雅區","0","0","0","7","","","70","","","","","","","","","","","","","","13","","","","","B03","","","1","","2","","","87","87","1","12","4","120.636136","24.235206","3"
"6416","66000","387130000C","(04)23274275","(04)23288582","2026","2","15","15","11","臺中市","西區","0","2","0","6","2","6","50","4","1","1","5","4","6","6","4","4","9","4","5","2","15","2","9","1","1","C03","7","9","1","10","2","11","","15","15","1","12","4","120.669131","24.152427","2"
"6417","66000","387130000C","(04)23274275","(04)23288582","2026","2","15","15","13","臺中市","西屯區","0","0","0","7","","","60","","","","","","","","","","","","","","12","","","","","B03","","","1","","1","","","8","8","1","13","4","120.628638","24.162773","3"
"6418","66000","387130000C","(04)23274275","(04)23288582","2026","2","15","15","13","臺中市","神岡區","0","1","0","7","1","6","50","3","1","1","5","4","6","6","3","1","10","5","5","1","16","3","10","3","1","B03","7","6","1","8","2","8","","48","48","1","12","4","120.655777","24.267572","2"
"6419","66000","387130000C","(04)23274275","(04)23288582","2026","2","15","15","15","臺中市","大里區","0","2","0","7","3","6","30","11","14","1","5","4","6","6","4","4","1","4","5","1","18","2","9","1","1","C03","7","9","1","10","2","12","","84","84","1","5","4","120.68987","24.120489","2"
"6420","66000","387130000C","(04)23274275","(04)23288582","2026","2","15","15","18","臺中市","西屯區","0","0","0","7","","","50","","","","","","","","","","","","","","13","","","","","B03","","","1","","2","","","84","84","1","12","4","120.656283","24.199114","3"
"6421","66000","387130000C","(04)23274275","(04)23288582","2026","2","15","15","20","臺中市","沙鹿區","0","1","0","7","2","6","50","13","9","1","5","4","6","6","4","4","8","5","5","2","17","3","10","3","1","B02","7","2","1","8","2","3","","49","49","1","6","4","120.567478","24.22467","2"
"6422","66000","387130000C","(04)23274275","(04)23288582","2026","2","15","15","26","臺中市","西區","0","0","0","7","","","50","","","","","","","","","","","","","","","","","","","C03","","","1","","1","","","84","84","1","6","4","120.662643","24.162703","3"
"6423","66000","387130000C","(04)23274275","(04)23288582","2026","2","15","15","32","臺中市","中區","0","0","0","7","","","30","","","","","","","","","","","","","","16","","","","","C03","","","3","","2","","","84","84","1","13","4","120.683674","24.141585","3"
"6424","66000","387130000C","(04)23274275","(04)23288582","2026","2","15","15","33","臺中市","西屯區","0","0","0","7","","","50","","","","","","","","","","","","","","12","","","","","B03","","","1","","1","","","26","26","1","12","4","120.635161","24.179456","3"
"6425","66000","387130000C","(04)23274275","(04)23288582","2026","2","15","15","34","臺中市","西屯區","0","2","0","7","2","6","30","3","1","1","5","4","6","6","2","1","10","5","5","2","16","2","8","1","1","C03","7","6","1","10","2","11","","23","23","1","13","4","120.665724","24.175501","2"
"6426","66000","387130000C","(04)23274275","(04)23288582","2026","2","15","15","36","臺中市","烏日區","0","0","0","7","","","50","","","","","","","","","","","","","","17","","","","","B03","","","1","","1","","","40","40","1","6","4","120.607772","24.111996","3"
"6427","66000","387130000C","(04)23274275","(04)23288582","2026","2","15","15","36","臺中市","沙鹿區","0","1","0","7","2","6","50","3","2","1","5","4","6","6","2","1","7","4","5","2","3","3","10","3","1","B03","7","9","1","8","2","5","","84","84","1","12","4","120.566791","24.236621","2"
"6428","66000","387130000C","(04)23274275","(04)23288582","2026","2","15","15","38","臺中市","北屯區","0","2","0","7","1","6","50","4","2","1","5","4","6","6","1","1","5","4","5","2","11","3","10","1","1","C03","7","6","3","19","9","11","","11","11","1","13","4","120.691745","24.172673","2"
"6429","66000","387130000C","(04)23274275","(04)23288582","2026","2","15","15","38","臺中市","大里區","0","0","0","7","","","50","","","","","","","","","","","","","","","","","","","B03","","","1","","2","","","11","11","1","12","4","120.666314","24.112563","3"
"6430","66000","387130000C","(04)23274275","(04)23288582","2026","2","15","15","39","臺中市","太平區","0","0","0","7","","","30","","","","","","","","","","","","","","14","","","","","B03","","","1","","1","","","49","49","1","12","4","120.732351","24.141313","3"
"6431","66000","387130000C","(04)23274275","(04)23288582","2026","2","15","15","40","臺中市","清水區","0","0","0","7","3","3","70","13","7","1","5","4","6","6","4","4","8","3","5","1","12","","","","","A22","","","1","","1","","","40","40","1","12","4","120.553571","24.298883","3"
"6432","66000","387130000C","(04)23274275","(04)23288582","2026","2","15","15","42","臺中市","西屯區","0","1","0","7","2","6","30","3","1","1","5","4","6","6","4","4","10","5","5","2","18","2","9","1","1","C03","7","5","1","10","2","11","","59","59","1","5","4","120.641688","24.192571","2"
"6433","66000","387130000C","(04)23274275","(04)23288582","2026","2","15","15","43","臺中市","西區","0","1","0","7","2","6","50","13","12","1","5","4","6","6","4","4","5","5","4","2","17","3","10","3","1","B03","7","14","1","8","2","6","","76","76","1","12","4","120.664266","24.132296","2"
"6434","66000","387130000C","(04)23274275","(04)23288582","2026","2","15","15","44","臺中市","北區","0","0","0","7","3","6","50","13","24","1","5","4","6","6","4","4","10","5","5","2","17","","","","","B12","","","1","","1","","","49","49","1","13","4","120.674377","24.154412","4"
"6435","66000","387130000C","(04)23274275","(04)23288582","2026","2","15","15","45","臺中市","東區","0","1","0","7","2","6","50","13","9","1","5","4","6","6","4","4","5","4","5","2","13","2","9","1","1","C03","7","9","1","10","2","11","","7","7","1","12","4","120.697469","24.147945","2"
"6436","66000","387130000C","(04)23274275","(04)23288582","2026","2","15","15","45","臺中市","沙鹿區","0","0","0","7","","","50","","","","","","","","","","","","","","","","","","","B03","","","1","","1","","","43","43","1","6","4","120.565049","24.237206","3"
"6437","66000","387130000C","(04)23274275","(04)23288582","2026","2","15","15","46","臺中市","大肚區","0","0","0","7","","","40","","","","","","","","","","","","","","","","","","","B03","","","1","","2","","","7","7","1","12","4","120.582318","24.168073","3"
"6438","66000","387130000C","(04)23274275","(04)23288582","2026","2","15","15","50","臺中市","西區","0","0","0","7","","","50","","","","","","","","","","","","","","15","","","","","B03","","","1","","1","","","6","6","1","12","4","120.668142","24.150848","3"
"6439","66000","387130000C","(04)23274275","(04)23288582","2026","2","15","15","51","臺中市","南屯區","0","1","0","7","2","6","50","4","1","1","5","4","6","6","4","4","5","5","5","2","16","2","9","2","1","C03","7","6","1","10","2","12","","14","14","1","13","4","120.629338","24.11875","2"
"6440","66000","387130000C","(04)23274275","(04)23288582","2026","2","15","15","51","臺中市","梧棲區","0","0","0","7","","","50","","","","","","","","","","","","","","13","","","","","B03","","","1","","1","","","59","59","1","12","4","120.538942","24.257862","3"
"6441","66000","387130000C","(04)23274275","(04)23288582","2026","2","15","15","54","臺中市","太平區","0","0","0","7","2","6","50","","","","","","","","","","","","","","","","","","","C03","","","1","","2","16","","75","75","1","12","4","120.733131","24.150749","3"
"6442","66000","387130000C","(04)23274275","(04)23288582","2026","2","15","15","55","臺中市","太平區","0","0","0","7","","","40","","","","","","","","","","","","","","","","","","","F01","","","7","","9","","","40","40","1","12","4","120.718145","24.148859","3"
"6443","66000","387130000C","(04)23274275","(04)23288582","2026","2","15","15","57","臺中市","北屯區","0","0","0","7","","","50","","","","","","","","","","","","","","13","","","","","B03","","","1","","2","","","7","7","1","6","4","120.701694","24.181249","3"
"6444","66000","387130000C","(04)23274275","(04)23288582","2026","2","15","15","57","臺中市","大里區","0","0","0","7","","","50","","","","","","","","","","","","","","","","","","","B03","","","1","","2","","","84","84","1","12","4","120.716767","24.101759","3"
"6445","66000","387130000C","(04)23274275","(04)23288582","2026","2","15","15","59","臺中市","中區","0","1","0","7","2","6","50","4","2","1","5","4","6","6","2","1","1","4","5","2","13","3","10","3","1","B03","7","6","1","8","1","8","","48","48","1","13","4","120.684384","24.138494","2"
"6446","66000","387130000C","(04)23274275","(04)23288582","2026","2","15","15","59","臺中市","西區","0","0","0","7","","","50","","","","","","","","","","","","","","","","","","","B03","","","1","","1","","","49","49","1","6","4","120.655495","24.150341","4"
"6447","66000","387130000C","(04)23274275","(04)23288582","2026","2","15","15","59","臺中市","北屯區","0","0","0","7","","","50","","","","","","","","","","","","","","","","","","","B01","","","1","","1","","","7","7","1","6","4","120.686102","24.180218","3"
"6448","66000","387130000C","(04)23274275","(04)23288582","2026","2","15","16","7","臺中市","東勢區","0","1","0","7","3","6","30","11","9","1","5","4","5","6","4","4","10","5","5","2","11","2","9","5","4","C03","7","9","1","10","2","14","","84","84","1","12","4","120.873837","24.239916","2"
"6449","66000","387130000C","(04)23274275","(04)23288582","2026","2","15","16","8","臺中市","后里區","0","0","0","7","1","6","40","11","9","1","5","4","6","6","4","4","10","5","5","1","12","3","10","3","1","B12","7","9","1","8","2","8","","8","8","1","6","4","120.74164","24.314094","3"
"6450","66000","387130000C","(04)23274275","(04)23288582","2026","2","15","16","15","臺中市","豐原區","0","0","0","7","","","50","","","","","","","","","","","","","","13","","","","","B03","","","1","","2","","","59","59","1","13","4","120.722197","24.254016","3"
"6451","66000","387130000C","(04)23274275","(04)23288582","2026","2","15","16","16","臺中市","西屯區","0","1","0","7","2","6","40","13","8","1","5","4","6","6","4","4","1","5","1","2","16","3","10","3","1","B03","7","5","1","8","2","2","","84","84","1","12","4","120.640577","24.157872","2"
"6452","66000","387130000C","(04)23274275","(04)23288582","2026","2","15","16","19","臺中市","大甲區","0","0","0","7","","","50","","","","","","","","","","","","","","","","","","","C03","","","1","","2","","","59","59","1","6","4","120.618173","24.346012","3"
"6453","66000","387130000C","(04)23274275","(04)23288582","2026","2","15","16","20","臺中市","南區","0","0","0","7","","","50","","","","","","","","","","","","","","","","","","","B03","","","1","","2","","","49","49","1","12","4","120.661112","24.128887","3"
"6454","66000","387130000C","(04)23274275","(04)23288582","2026","2","15","16","22","臺中市","北區","0","0","0","7","","","50","","","","","","","","","","","","","","14","","","","","B03","","","1","","1","","","49","49","1","12","4","120.686939","24.155746","3"
"6455","66000","387130000C","(04)23274275","(04)23288582","2026","2","15","16","22","臺中市","大里區","0","1","0","7","2","6","50","3","1","1","5","4","6","6","3","1","10","5","5","2","16","3","10","3","1","B03","7","6","1","8","2","8","","24","24","1","12","4","120.684286","24.11708","2"
"6456","66000","387130000C","(04)23274275","(04)23288582","2026","2","15","16","24","臺中市","北屯區","0","0","0","7","","","30","","","","","","","","","","","","","","13","","","","","B03","","","1","","1","","","59","59","1","12","4","120.698316","24.176066","3"
"6457","66000","387130000C","(04)23274275","(04)23288582","2026","2","15","16","25","臺中市","北區","0","1","0","7","2","6","50","13","9","1","5","4","6","6","4","4","5","4","5","2","18","2","9","5","4","C03","7","9","1","9","2","12","","84","84","1","12","4","120.682342","24.154042","2"
"6458","66000","387130000C","(04)23274275","(04)23288582","2026","2","15","16","25","臺中市","南區","0","0","0","7","","","50","","","","","","","","","","","","","","","","","","","B03","","","1","","2","","","7","7","1","12","4","120.655249","24.12938","3"
"6459","66000","387130000C","(04)23274275","(04)23288582","2026","2","15","16","25","臺中市","北屯區","0","0","0","7","","","50","","","","","","","","","","","","","","12","","","","","B03","","","1","","1","","","40","40","1","12","4","120.700136","24.164975","3"
"6460","66000","387130000C","(04)23274275","(04)23288582","2026","2","15","16","27","臺中市","東區","0","0","0","7","","","50","","","","","","","","","","","","","","","","","","","B03","","","1","","1","","","49","49","1","12","4","120.705891","24.12983","3"
"6461","66000","387130000C","(04)23274275","(04)23288582","2026","2","15","16","29","臺中市","霧峰區","0","1","0","7","2","6","30","13","9","1","5","4","6","6","4","4","10","5","5","2","6","2","9","6","5","H01","8","18","7","21","10","17","","98","98","1","1","5","120.66654","24.072997","2"
"6462","66000","387130000C","(04)23274275","(04)23288582","2026","2","15","16","31","臺中市","東區","0","1","0","7","2","6","50","4","1","1","5","4","6","6","4","4","5","5","5","2","15","2","9","2","1","C03","7","9","1","10","2","12","","15","15","1","13","4","120.695509","24.146319","2"
"6463","66000","387130000C","(04)23274275","(04)23288582","2026","2","15","16","35","臺中市","北區","0","5","0","7","2","6","50","3","1","1","5","4","6","6","4","4","5","5","5","2","17","2","9","1","1","C03","7","9","1","10","2","12","","7","7","1","12","4","120.697983","24.153186","2"
"6464","66000","387130000C","(04)23274275","(04)23288582","2026","2","15","16","37","臺中市","西屯區","0","0","0","7","","","30","","","","","","","","","","","","","","17","","","","","C03","","","1","","2","","","59","59","1","12","4","120.618671","24.195508","3"
"6465","66000","387130000C","(04)23274275","(04)23288582","2026","2","15","16","40","臺中市","北屯區","0","0","0","7","","","30","","","","","","","","","","","","","","14","","","","","B03","","","1","","1","","","49","49","1","12","4","120.697769","24.176756","3"
"6466","66000","387130000C","(04)23274275","(04)23288582","2026","2","15","16","41","臺中市","北屯區","0","0","0","7","","","50","","","","","","","","","","","","","","13","","","","","C03","","","1","","1","","","59","59","1","12","4","120.703752","24.159693","4"
"6467","66000","387130000C","(04)23274275","(04)23288582","2026","2","15","16","45","臺中市","大里區","0","1","0","7","2","6","30","4","1","1","5","4","6","6","4","4","10","5","5","2","15","2","9","1","1","C03","7","9","1","10","2","11","","12","12","1","12","4","120.706252","24.083423","2"
"6468","66000","387130000C","(04)23274275","(04)23288582","2026","2","15","16","47","臺中市","北屯區","0","0","0","7","","","50","","","","","","","","","","","","","","","","","","","A12","","","1","","1","","","68","68","1","6","4","120.685293","24.168766","3"
"6469","66000","387130000C","(04)23274275","(04)23288582","2026","2","15","16","51","臺中市","北屯區","0","1","0","7","2","6","50","13","9","1","5","4","6","6","4","4","1","4","5","2","12","3","10","3","1","B03","7","7","1","8","2","2","","40","40","1","6","4","120.720999","24.175221","2"
"6470","66000","387130000C","(04)23274275","(04)23288582","2026","2","15","16","55","臺中市","太平區","0","1","0","7","3","6","80","13","9","1","5","4","6","6","4","4","1","4","5","1","13","3","10","3","1","B12","7","9","1","8","2","1","","84","84","1","12","4","120.717215","24.156638","2"
"6471","66000","387130000C","(04)23274275","(04)23288582","2026","2","15","17","5","臺中市","大雅區","0","1","0","7","1","6","50","5","1","1","5","4","6","6","1","1","10","5","5","2","17","2","8","2","1","C03","7","9","1","10","2","12","","8","8","1","12","4","120.650523","24.227235","2"
"6472","66000","387130000C","(04)23274275","(04)23288582","2026","2","15","17","5","臺中市","豐原區","0","1","0","7","2","6","50","13","7","1","5","4","6","6","4","4","5","5","4","2","10","3","10","6","1","F01","7","9","7","21","9","11","","39","39","1","12","4","120.719732","24.250835","2"
"6473","66000","387130000C","(04)23274275","(04)23288582","2026","2","15","17","7","臺中市","豐原區","0","2","0","7","2","6","50","13","8","1","5","4","6","6","4","4","1","4","4","1","13","2","9","1","1","C03","7","9","1","10","2","11","","58","58","1","13","4","120.747232","24.266228","2"
"6474","66000","387130000C","(04)23274275","(04)23288582","2026","2","15","17","10","臺中市","西區","0","0","0","7","","","50","","","","","","","","","","","","","","17","","","","","C03","","","1","","1","","","49","49","1","12","4","120.661542","24.142373","3"
"6475","66000","387130000C","(04)23274275","(04)23288582","2026","2","15","17","10","臺中市","烏日區","0","0","0","7","","","30","","","","","","","","","","","","","","","","","","","B03","","","1","","2","","","50","50","1","13","4","120.639185","24.111447","3"
"6476","66000","387130000C","(04)23274275","(04)23288582","2026","2","15","17","15","臺中市","北屯區","0","1","0","7","2","6","50","4","2","1","5","4","6","6","1","1","9","4","4","2","17","3","10","3","1","B03","7","6","1","8","2","8","","34","34","1","6","4","120.676665","24.188839","2"
"6477","66000","387130000C","(04)23274275","(04)23288582","2026","2","15","17","17","臺中市","北屯區","0","2","0","7","2","6","50","4","1","1","5","4","6","6","2","1","10","5","5","2","13","3","10","2","1","C03","7","9","1","10","2","12","","58","58","1","6","4","120.670789","24.175149","2"
"6478","66000","387130000C","(04)23274275","(04)23288582","2026","2","15","17","17","臺中市","大里區","0","0","0","7","","","50","","","","","","","","","","","","","","","","","","","C03","","","1","","2","","","51","51","1","12","4","120.689898","24.109293","3"
"6479","66000","387130000C","(04)23274275","(04)23288582","2026","2","15","17","25","臺中市","中區","0","0","0","7","","","","","","","","","","","","","","","","","17","","","","","","","","","","","","","86","86","1","","","120.681598","24.14051","3"
"6480","66000","387130000C","(04)23274275","(04)23288582","2026","2","15","17","27","臺中市","大里區","0","0","0","7","","","50","","","","","","","","","","","","","","","","","","","B03","","","1","","2","","","7","7","1","12","4","120.688913","24.111831","3"
"6481","66000","387130000C","(04)23274275","(04)23288582","2026","2","15","17","30","臺中市","南屯區","0","0","0","7","","","50","","","","","","","","","","","","","","","","","","","B03","","","1","","1","","","50","50","1","12","4","120.627642","24.143038","3"
"6482","66000","387130000C","(04)23274275","(04)23288582","2026","2","15","17","32","臺中市","西區","0","0","0","7","","","50","","","","","","","","","","","","","","","","","","","B03","","","1","","10","","","87","87","1","6","4","120.663186","24.13698","3"
"6483","66000","387130000C","(04)23274275","(04)23288582","2026","2","15","17","38","臺中市","北區","0","1","0","7","3","6","50","4","1","1","5","4","6","6","1","1","10","5","5","2","16","3","10","3","1","B03","7","5","1","8","2","5","","11","11","1","12","4","120.66823","24.169757","2"
"6484","66000","387130000C","(04)23274275","(04)23288582","2026","2","15","17","41","臺中市","北屯區","0","0","0","7","","","50","","","","","","","","","","","","","","12","","","","","B12","","","1","","1","","","50","50","1","6","4","120.696262","24.176303","3"
"6485","66000","387130000C","(04)23274275","(04)23288582","2026","2","15","17","43","臺中市","太平區","0","0","0","7","2","6","50","","","","","","","","","","","","","","","","","","","B03","","","1","","2","4","","39","39","1","12","4","120.716406","24.148731","3"
"6486","66000","387130000C","(04)23274275","(04)23288582","2026","2","15","17","44","臺中市","西區","0","2","0","7","1","6","50","4","2","1","5","4","6","6","2","1","1","2","4","2","12","3","10","3","1","B03","7","11","1","8","2","7","","48","48","1","13","4","120.671463","24.145768","2"
"6487","66000","387130000C","(04)23274275","(04)23288582","2026","2","15","17","45","臺中市","北屯區","0","0","0","7","","","50","","","","","","","","","","","","","","","","","","","C03","","","2","","2","","","51","51","1","13","4","120.696937","24.182994","3"