序號,縣市別代碼,機關代碼,市話,傳真,年,月,日,時,分,縣市,區,死亡數量,受傷數量,2-30,天候,道路照明設備,道路類別,道路速限,道路型態,事故位置,路面鋪裝,路面狀態,路面缺陷,障礙物,視距,號誌種類,號誌動作,分向設施,快車道或一般車道間,快慢車道間,路面邊線,事故類型及型態,受傷程度,主要傷處,保護裝備,行動電話或功能裝置,當事者區分(類別),車輛用途,當事者行動狀態,駕照狀態,駕照種類,飲酒情形,車輛撞擊部位最初,車輛撞擊部位其他,肇事因素個別,肇事因素主要,肇事逃逸,職業,共享經濟或外送平台,GPS座標X,GPS座標Y,事故類別
"6488","66000","387130000C","(04)23274275","(04)23288582","2026","2","15","17","48","臺中市","北區","0","1","0","7","1","6","50","13","7","1","5","4","6","6","4","4","1","4","4","2","13","2","8","5","4","C03","7","9","1","10","2","11","","58","58","1","12","4","120.674527","24.163835","2"
"6489","66000","387130000C","(04)23274275","(04)23288582","2026","2","15","17","52","臺中市","南區","0","0","0","7","","","50","","","","","","","","","","","","","","17","","","","","","","","","","","","","85","85","1","","","120.658869","24.123927","4"
"6490","66000","387130000C","(04)23274275","(04)23288582","2026","2","15","17","55","臺中市","烏日區","0","0","0","7","","","50","","","","","","","","","","","","","","17","","","","","C03","","","1","","1","","","40","40","1","5","4","120.61553","24.11295","3"
"6491","66000","387130000C","(04)23274275","(04)23288582","2026","2","15","17","55","臺中市","沙鹿區","0","1","0","6","1","6","30","4","1","1","5","4","6","6","4","4","5","5","5","1","15","3","10","1","1","C03","7","9","1","10","2","12","","15","15","1","12","4","120.565255","24.246075","2"
"6492","66000","387130000C","(04)23274275","(04)23288582","2026","2","15","17","58","臺中市","北區","0","0","0","7","","","50","","","","","","","","","","","","","","17","","","","","B03","","","1","","2","","","40","40","1","12","4","120.671848","24.172507","3"
"6493","66000","387130000C","(04)23274275","(04)23288582","2026","2","15","18","2","臺中市","北區","0","1","0","7","1","6","50","4","1","1","5","4","6","6","2","1","10","5","5","2","13","3","10","1","1","C03","7","9","1","10","2","11","","59","59","1","12","4","120.682453","24.153163","2"
"6494","66000","387130000C","(04)23274275","(04)23288582","2026","2","15","18","3","臺中市","北屯區","0","0","0","7","","","50","","","","","","","","","","","","","","17","","","","","B12","","","1","","2","","","51","51","1","6","4","120.72983","24.171078","3"
"6495","66000","387130000C","(04)23274275","(04)23288582","2026","2","15","18","10","臺中市","西屯區","0","0","0","7","","","50","","","","","","","","","","","","","","14","","","","","B03","","","1","","1","","","78","78","1","12","4","120.608815","24.183831","3"
"6496","66000","387130000C","(04)23274275","(04)23288582","2026","2","15","18","14","臺中市","龍井區","0","0","0","7","","","50","","","","","","","","","","","","","","13","","","","","F03","","","7","","2","","","84","84","1","13","4","120.526321","24.216233","3"
"6497","66000","387130000C","(04)23274275","(04)23288582","2026","2","15","18","15","臺中市","東區","0","1","0","7","1","6","40","13","8","1","5","4","6","6","4","4","3","4","4","2","17","2","9","2","1","C03","7","9","1","10","2","11","","82","82","1","12","4","120.694569","24.149405","2"
"6498","66000","387130000C","(04)23274275","(04)23288582","2026","2","15","18","18","臺中市","北區","0","0","0","7","","","50","","","","","","","","","","","","","","17","","","","","","","","","","","","","119","119","1","","","120.685149","24.157558","4"
"6499","66000","387130000C","(04)23274275","(04)23288582","2026","2","15","18","20","臺中市","龍井區","0","1","0","7","1","6","30","3","2","1","5","4","6","6","4","4","10","5","5","2","17","2","8","5","4","C03","7","6","1","10","2","15","","8","8","1","12","4","120.569821","24.175369","2"
"6500","66000","387130000C","(04)23274275","(04)23288582","2026","2","15","18","22","臺中市","北區","0","1","0","7","1","6","50","3","1","1","5","4","6","6","1","1","10","5","5","2","13","2","8","1","1","C03","7","6","1","10","2","11","","7","7","1","12","4","120.668252","24.16683","2"
"6501","66000","387130000C","(04)23274275","(04)23288582","2026","2","15","18","22","臺中市","北區","0","1","0","7","1","6","50","13","9","1","5","4","6","6","4","4","5","5","5","2","17","2","9","1","1","C03","7","1","1","10","2","12","","84","84","1","12","4","120.675545","24.15918","2"
"6502","66000","387130000C","(04)23274275","(04)23288582","2026","2","15","18","26","臺中市","南區","0","0","0","7","","","50","","","","","","","","","","","","","","","","","","","B03","","","1","","1","","","84","84","1","12","4","120.670181","24.118517","3"
"6503","66000","387130000C","(04)23274275","(04)23288582","2026","2","15","18","28","臺中市","北區","0","0","0","7","","","50","","","","","","","","","","","","","","17","","","","","B02","","","1","","2","","","84","84","1","12","4","120.669045","24.155989","3"
"6504","66000","387130000C","(04)23274275","(04)23288582","2026","2","15","18","30","臺中市","北屯區","0","0","0","7","","","50","","","","","","","","","","","","","","17","","","","","B12","","","1","","9","","","84","84","1","12","4","120.699252","24.17903","3"
"6505","66000","387130000C","(04)23274275","(04)23288582","2026","2","15","18","37","臺中市","豐原區","0","0","0","7","","","60","","","","","","","","","","","","","","16","","","","","C03","","","1","","9","","","40","40","2","13","4","120.703397","24.238218","3"
"6506","66000","387130000C","(04)23274275","(04)23288582","2026","2","15","18","49","臺中市","西屯區","0","1","0","7","1","6","50","14","9","1","5","4","6","6","4","4","10","5","5","2","9","3","10","5","4","B03","7","6","1","8","2","8","","84","84","1","13","4","120.618334","24.177226","2"
"6507","66000","387130000C","(04)23274275","(04)23288582","2026","2","15","18","54","臺中市","北屯區","0","1","0","7","1","6","50","4","1","1","5","4","6","6","4","4","10","5","5","2","15","3","10","3","1","B03","7","9","1","8","2","2","","12","12","1","12","4","120.6875","24.171262","2"
"6508","66000","387130000C","(04)23274275","(04)23288582","2026","2","15","19","6","臺中市","西屯區","0","1","0","7","1","6","40","11","8","1","5","4","6","6","4","4","1","4","1","2","16","3","10","3","1","B03","7","5","1","8","2","5","","20","20","1","13","4","120.633776","24.172604","2"
"6509","66000","387130000C","(04)23274275","(04)23288582","2026","2","15","19","10","臺中市","西區","0","0","0","7","","","50","","","","","","","","","","","","","","12","","","","","B03","","","1","","2","","","8","8","1","12","4","120.653965","24.152148","3"
"6510","66000","387130000C","(04)23274275","(04)23288582","2026","2","15","19","10","臺中市","南屯區","0","1","0","7","1","6","50","4","1","1","5","4","6","6","2","1","1","4","5","2","28","3","10","3","1","B03","7","9","1","8","2","5","","84","84","1","12","4","120.640589","24.146813","2"
"6511","66000","387130000C","(04)23274275","(04)23288582","2026","2","15","19","12","臺中市","東區","0","0","0","7","","","30","","","","","","","","","","","","","","","","","","","B03","","","1","","1","","","50","50","1","13","4","120.702209","24.14613","3"
"6512","66000","387130000C","(04)23274275","(04)23288582","2026","2","15","19","17","臺中市","西屯區","0","1","0","7","1","6","50","13","11","1","5","4","6","6","4","4","1","4","1","2","22","2","9","1","1","C03","7","9","1","9","2","11","","59","59","1","12","4","120.632846","24.170738","2"
"6513","66000","387130000C","(04)23274275","(04)23288582","2026","2","15","19","18","臺中市","南屯區","0","0","0","7","","","30","","","","","","","","","","","","","","14","","","","","B03","","","1","","2","","","49","49","1","12","4","120.637018","24.14151","3"
"6514","66000","387130000C","(04)23274275","(04)23288582","2026","2","15","19","21","臺中市","北屯區","0","1","0","7","1","6","50","4","1","1","5","4","6","6","2","1","1","4","5","1","16","3","10","2","1","C03","7","5","1","10","2","12","","87","87","1","12","4","120.676641","24.200772","2"
"6515","66000","387130000C","(04)23274275","(04)23288582","2026","2","15","19","28","臺中市","龍井區","0","1","0","7","1","6","50","13","7","1","5","4","6","6","4","4","1","3","4","1","14","3","10","3","1","B03","7","2","1","7","2","3","","84","84","1","13","4","120.548371","24.204057","2"
"6516","66000","387130000C","(04)23274275","(04)23288582","2026","2","15","19","31","臺中市","北區","0","0","0","7","","","50","","","","","","","","","","","","","","13","","","","","B03","","","1","","1","","","59","59","1","12","4","120.668451","24.169027","3"
"6517","66000","387130000C","(04)23274275","(04)23288582","2026","2","15","19","36","臺中市","西屯區","0","1","0","7","1","6","50","4","1","1","5","4","6","6","2","1","10","5","5","2","16","3","10","5","4","B03","7","5","1","8","2","2","","11","11","1","13","4","120.621907","24.183578","2"
"6518","66000","387130000C","(04)23274275","(04)23288582","2026","2","15","19","37","臺中市","西屯區","0","0","0","7","","","50","","","","","","","","","","","","","","13","","","","","B03","","","1","","1","","","82","82","1","12","4","120.651816","24.165933","3"
"6519","66000","387130000C","(04)23274275","(04)23288582","2026","2","15","19","42","臺中市","豐原區","0","2","0","7","1","6","50","4","1","1","5","4","6","6","1","1","10","5","5","2","16","3","10","5","4","B03","7","5","1","8","2","2","","11","11","1","12","4","120.712668","24.250769","2"
"6520","66000","387130000C","(04)23274275","(04)23288582","2026","2","15","19","43","臺中市","潭子區","0","0","0","6","","","50","","","","","","","","","","","","","","","","","","","C03","","","3","","2","","","7","7","1","13","4","120.705027","24.215588","3"
"6521","66000","387130000C","(04)23274275","(04)23288582","2026","2","15","19","44","臺中市","南屯區","0","4","0","7","2","6","50","13","7","1","5","4","6","6","1","1","5","5","4","1","13","2","9","2","1","C03","7","1","1","10","2","11","","84","84","1","13","4","120.643434","24.153679","2"
"6522","66000","387130000C","(04)23274275","(04)23288582","2026","2","15","19","47","臺中市","北屯區","0","1","0","7","3","6","50","5","1","1","5","4","6","6","4","4","10","5","5","2","18","2","9","2","1","C03","7","9","1","10","2","12","","84","84","1","6","4","120.660814","24.193544","2"
"6523","66000","387130000C","(04)23274275","(04)23288582","2026","2","15","19","48","臺中市","南屯區","0","0","0","7","","","50","","","","","","","","","","","","","","","","","","","B03","","","1","","1","","","8","8","1","12","4","120.624049","24.149409","3"
"6524","66000","387130000C","(04)23274275","(04)23288582","2026","2","15","19","49","臺中市","北屯區","0","1","0","7","2","6","50","4","2","1","5","4","6","6","1","1","9","5","5","2","18","2","9","1","1","C03","7","9","1","10","2","12","","82","82","1","6","4","120.668292","24.174804","2"
"6525","66000","387130000C","(04)23274275","(04)23288582","2026","2","15","19","50","臺中市","西區","0","0","0","7","","","30","","","","","","","","","","","","","","","","","","","B03","","","1","","1","","","15","15","1","6","4","120.663049","24.135197","3"
"6526","66000","387130000C","(04)23274275","(04)23288582","2026","2","15","19","50","臺中市","北區","0","0","0","7","","","50","","","","","","","","","","","","","","17","","","","","B03","","","1","","1","","","84","84","1","12","4","120.674209","24.172406","3"
"6527","66000","387130000C","(04)23274275","(04)23288582","2026","2","15","19","51","臺中市","西屯區","0","0","0","7","","","40","","","","","","","","","","","","","","12","","","","","C03","","","1","","11","","","8","8","2","13","4","120.660225","24.174361","3"
"6528","66000","387130000C","(04)23274275","(04)23288582","2026","2","15","19","55","臺中市","大雅區","0","0","0","7","","","30","","","","","","","","","","","","","","12","","","","","B03","","","1","","1","","","48","48","1","12","4","120.659521","24.2242","3"
"6529","66000","387130000C","(04)23274275","(04)23288582","2026","2","15","19","59","臺中市","北屯區","0","1","0","7","1","6","50","13","9","1","5","4","6","6","4","4","1","4","5","2","13","2","9","2","1","C03","7","9","1","10","1","16","","58","58","1","6","4","120.685827","24.171985","2"
"6530","66000","387130000C","(04)23274275","(04)23288582","2026","2","15","20","2","臺中市","東勢區","0","1","0","7","1","6","50","13","9","1","5","4","6","6","4","4","1","4","5","1","17","3","10","3","1","B03","7","15","1","8","2","7","","87","87","1","12","4","120.827002","24.252668","2"
"6531","66000","387130000C","(04)23274275","(04)23288582","2026","2","15","20","3","臺中市","大雅區","0","0","0","7","","","50","","","","","","","","","","","","","","13","","","","","C03","","","1","","1","","","7","7","1","12","4","120.653583","24.22495","3"
"6532","66000","387130000C","(04)23274275","(04)23288582","2026","2","15","20","3","臺中市","龍井區","0","0","0","7","","","60","","","","","","","","","","","","","","","","","","","B03","","","1","","1","","","84","84","1","12","4","120.580083","24.188857","3"
"6533","66000","387130000C","(04)23274275","(04)23288582","2026","2","15","20","6","臺中市","北區","0","0","0","7","","","50","","","","","","","","","","","","","","17","","","","","B03","","","1","","1","6","","59","59","1","12","4","120.683255","24.157317","3"
"6534","66000","387130000C","(04)23274275","(04)23288582","2026","2","15","20","11","臺中市","西屯區","0","0","0","7","","","50","","","","","","","","","","","","","","12","","","","","C03","","","1","","2","","","8","8","1","13","4","120.647381","24.159077","3"
"6535","66000","387130000C","(04)23274275","(04)23288582","2026","2","15","20","11","臺中市","龍井區","0","0","0","7","","","50","","","","","","","","","","","","","","","","","","","B03","","","1","","2","","","8","8","1","6","4","120.575587","24.182373","3"
"6536","66000","387130000C","(04)23274275","(04)23288582","2026","2","15","20","13","臺中市","南區","0","0","0","7","","","50","","","","","","","","","","","","","","17","","","","","B03","","","1","","1","","","56","56","1","6","4","120.67926","24.119028","3"
"6537","66000","387130000C","(04)23274275","(04)23288582","2026","2","15","20","14","臺中市","太平區","0","0","0","7","1","6","50","3","1","1","5","","6","6","4","4","10","5","","1","12","","","","","B03","","","1","","2","","","84","84","1","12","4","120.721501","24.14924","3"
"6538","66000","387130000C","(04)23274275","(04)23288582","2026","2","15","20","21","臺中市","豐原區","0","1","0","7","2","6","60","3","1","1","5","4","6","6","4","4","10","5","5","2","16","3","10","5","4","B03","7","5","1","8","2","8","","12","12","1","12","4","120.703293","24.243518","2"
"6539","66000","387130000C","(04)23274275","(04)23288582","2026","2","15","20","28","臺中市","南屯區","0","3","0","7","1","6","50","4","1","1","5","4","6","6","2","1","5","4","4","2","16","2","9","1","1","C03","7","6","1","10","2","12","","11","11","1","12","4","120.627499","24.11783","2"
"6540","66000","387130000C","(04)23274275","(04)23288582","2026","2","15","20","35","臺中市","大肚區","0","0","0","7","","","50","","","","","","","","","","","","","","","","","","","B03","","","1","","2","","","49","49","1","11","4","120.538864","24.158662","4"
"6541","66000","387130000C","(04)23274275","(04)23288582","2026","2","15","20","40","臺中市","西屯區","0","0","0","7","","","50","","","","","","","","","","","","","","13","","","","","B03","","","1","","1","","","56","56","1","12","4","120.637934","24.180815","3"
"6542","66000","387130000C","(04)23274275","(04)23288582","2026","2","15","20","45","臺中市","大里區","0","1","0","7","1","6","50","13","9","1","5","4","6","6","3","1","5","4","5","1","3","3","10","1","1","C03","7","9","1","10","2","11","","84","84","1","12","4","120.686581","24.121221","2"
"6543","66000","387130000C","(04)23274275","(04)23288582","2026","2","15","20","53","臺中市","東區","0","0","0","7","","","50","","","","","","","","","","","","","","13","","","","","B03","","","1","","1","","","7","7","1","12","4","120.689165","24.13118","3"
"6544","66000","387130000C","(04)23274275","(04)23288582","2026","2","15","20","55","臺中市","大里區","0","0","0","7","","","50","","","","","","","","","","","","","","","","","","","B03","","","1","","1","","","56","56","1","6","4","120.682132","24.079303","3"
"6545","66000","387130000C","(04)23274275","(04)23288582","2026","2","15","20","57","臺中市","南屯區","0","0","0","7","","","50","","","","","","","","","","","","","","14","","","","","B03","","","1","","1","","","49","49","1","12","4","120.622991","24.148018","3"
"6546","66000","387130000C","(04)23274275","(04)23288582","2026","2","15","20","57","臺中市","烏日區","0","0","0","7","","","30","","","","","","","","","","","","","","12","","","","","B01","","","1","","1","","","8","8","1","6","4","120.616389","24.112313","3"
"6547","66000","387130000C","(04)23274275","(04)23288582","2026","2","15","21","0","臺中市","沙鹿區","0","1","0","6","1","6","50","13","9","1","5","4","6","6","2","1","1","4","5","2","13","3","10","3","1","B03","7","9","1","8","2","1","","7","7","1","12","4","120.565611","24.232322","2"
"6548","66000","387130000C","(04)23274275","(04)23288582","2026","2","15","21","8","臺中市","南區","0","1","0","7","1","6","50","4","1","1","5","4","6","6","1","1","9","4","5","2","15","3","10","3","1","B03","7","9","1","8","2","2","","21","21","1","12","4","120.668778","24.125827","2"
"6549","66000","387130000C","(04)23274275","(04)23288582","2026","2","15","21","13","臺中市","北區","0","0","0","7","","","50","","","","","","","","","","","","","","17","","","","","","","","","","","","","86","86","1","","","120.686508","24.14889","3"
"6550","66000","387130000C","(04)23274275","(04)23288582","2026","2","15","21","14","臺中市","北屯區","0","1","0","7","1","6","50","13","9","1","5","4","6","6","4","4","5","4","5","2","17","3","10","3","1","B03","7","1","1","8","2","8","","51","51","1","12","4","120.665263","24.185936","2"
"6551","66000","387130000C","(04)23274275","(04)23288582","2026","2","15","21","19","臺中市","西屯區","0","0","0","7","","","40","","","","","","","","","","","","","","17","","","","","B03","","","1","","2","","","8","8","1","12","4","120.659487","24.163111","3"
"6552","66000","387130000C","(04)23274275","(04)23288582","2026","2","15","21","20","臺中市","北屯區","0","0","0","7","","","50","","","","","","","","","","","","","","17","","","","","B03","","","1","","2","","","40","40","1","6","4","120.733708","24.176932","3"
"6553","66000","387130000C","(04)23274275","(04)23288582","2026","2","15","21","29","臺中市","西區","0","2","0","7","2","6","50","4","2","1","5","4","6","6","2","1","5","4","5","1","13","2","9","2","1","C03","7","12","1","10","2","11","","7","7","1","13","4","120.675695","24.13873","2"
"6554","66000","387130000C","(04)23274275","(04)23288582","2026","2","15","21","30","臺中市","清水區","0","0","0","7","","","60","","","","","","","","","","","","","","13","","","","","B03","","","1","","2","","","7","7","1","12","4","120.543616","24.26636","3"
"6555","66000","387130000C","(04)23274275","(04)23288582","2026","2","15","21","31","臺中市","南區","0","0","0","7","","","50","","","","","","","","","","","","","","","","","","","C03","","","1","","1","","","84","84","1","13","4","120.68252","24.120881","4"
"6556","66000","387130000C","(04)23274275","(04)23288582","2026","2","15","21","45","臺中市","西屯區","0","1","0","7","1","6","50","4","4","1","5","4","6","6","2","1","5","5","5","2","13","3","10","5","4","B03","7","9","1","8","2","5","","59","59","1","13","4","120.657166","24.163191","2"
"6557","66000","387130000C","(04)23274275","(04)23288582","2026","2","15","21","46","臺中市","北屯區","0","1","0","7","1","6","50","13","8","1","5","4","6","6","4","4","9","5","4","2","17","2","8","6","1","F01","7","9","7","21","1","11","","8","8","1","12","1","120.721827","24.179958","2"
"6558","66000","387130000C","(04)23274275","(04)23288582","2026","2","15","22","5","臺中市","龍井區","0","1","0","7","1","6","50","3","1","1","5","4","6","6","3","1","10","5","5","2","17","3","10","3","1","B03","7","6","1","8","2","16","","11","11","1","6","4","120.574317","24.196123","2"
"6559","66000","387130000C","(04)23274275","(04)23288582","2026","2","15","22","7","臺中市","西屯區","0","1","0","7","1","6","50","13","7","1","5","4","6","6","4","4","1","4","4","2","13","3","10","5","4","B03","7","9","1","8","2","1","","7","7","1","13","4","120.65909","24.193708","2"
"6560","66000","387130000C","(04)23274275","(04)23288582","2026","2","15","22","12","臺中市","大甲區","0","1","0","7","3","6","50","13","14","1","5","4","6","6","4","4","10","3","5","1","9","2","9","1","1","C03","7","9","3","19","9","12","","84","84","2","6","4","120.657819","24.378967","2"
"6561","66000","387130000C","(04)23274275","(04)23288582","2026","2","15","22","15","臺中市","豐原區","0","0","0","7","","","50","","","","","","","","","","","","","","17","","","","","B03","","","1","","2","","","50","50","1","6","4","120.714416","24.250713","3"
"6562","66000","387130000C","(04)23274275","(04)23288582","2026","2","15","22","21","臺中市","大里區","0","1","0","7","2","6","0","13","21","4","5","4","6","6","4","4","10","5","5","2","17","2","9","2","1","C04","7","9","1","10","2","12","","39","39","1","12","4","120.678946","24.111627","2"
"6563","66000","387130000C","(04)23274275","(04)23288582","2026","2","15","22","31","臺中市","潭子區","0","0","0","6","","","60","","","","","","","","","","","","","","","","","","","B03","","","1","","2","","","7","7","1","13","4","120.708082","24.227678","3"
"6564","66000","387130000C","(04)23274275","(04)23288582","2026","2","15","22","36","臺中市","東區","0","0","0","7","","","40","","","","","","","","","","","","","","17","","","","","B03","","","1","","2","","","49","49","1","6","4","120.690799","24.126261","3"
"6565","66000","387130000C","(04)23274275","(04)23288582","2026","2","15","22","37","臺中市","南屯區","0","1","0","7","1","6","50","13","8","1","5","4","6","6","4","4","3","5","2","2","18","2","9","1","1","C03","7","9","1","10","2","14","","59","59","1","12","4","120.598422","24.155204","2"
"6566","66000","387130000C","(04)23274275","(04)23288582","2026","2","15","23","45","臺中市","大安區","0","0","0","7","1","7","50","18","2","1","5","4","6","6","4","4","10","5","5","2","15","3","10","5","1","B03","7","6","1","4","2","8","","14","14","1","13","4","120.593307","24.386475","3"
"6567","66000","387130000C","(04)23274275","(04)23288582","2026","2","15","23","46","臺中市","南區","0","0","0","7","","","30","","","","","","","","","","","","","","","","","","","B03","","","1","","1","","","49","49","1","13","4","120.65035","24.11307","3"
"6568","66000","387130000C","(04)23274275","(04)23288582","2026","2","15","23","47","臺中市","大甲區","0","2","0","7","1","6","50","4","1","1","5","4","6","6","1","1","4","3","5","1","11","3","10","3","1","B03","7","9","1","8","2","8","","87","87","1","12","4","120.619184","24.348572","2"
"6569","66000","387130000C","(04)23274275","(04)23288582","2026","2","15","23","50","臺中市","神岡區","0","1","0","7","3","6","50","13","9","1","5","4","6","6","4","4","5","5","5","1","18","2","9","1","1","C03","7","9","3","19","6","15","","59","59","1","13","4","120.654332","24.27043","2"
"6570","66000","387130000C","(04)23274275","(04)23288582","2026","2","15","23","54","臺中市","東區","0","1","0","7","1","6","40","13","8","1","5","4","6","6","4","4","5","5","4","2","28","2","9","1","1","C03","7","9","1","10","2","11","","6","6","1","6","4","120.699597","24.150066","2"
"6571","66000","387130000C","(04)23274275","(04)23288582","2026","2","16","0","9","臺中市","北區","0","3","0","6","3","6","50","4","2","1","5","4","6","6","4","4","5","5","5","2","13","3","10","5","4","B03","7","9","1","8","2","1","","7","7","1","13","4","120.669579","24.162733","2"
"6572","66000","387130000C","(04)23274275","(04)23288582","2026","2","16","0","15","臺中市","北區","0","0","0","7","","","50","","","","","","","","","","","","","","","","","","","B03","","","1","","2","","","7","7","1","12","4","120.668098","24.173221","3"
"6573","66000","387130000C","(04)23274275","(04)23288582","2026","2","16","0","18","臺中市","北區","0","1","0","7","3","6","50","13","9","1","5","4","6","6","1","1","5","4","5","2","13","2","9","5","4","C03","7","9","1","10","2","11","","84","84","1","12","4","120.681235","24.148895","2"
"6574","66000","387130000C","(04)23274275","(04)23288582","2026","2","16","0","40","臺中市","清水區","0","0","0","7","","","50","","","","","","","","","","","","","","17","","","","","C03","","","1","","9","","","84","84","2","12","4","120.567783","24.270155","3"
"6575","66000","387130000C","(04)23274275","(04)23288582","2026","2","16","0","47","臺中市","太平區","0","2","0","7","1","6","50","4","2","1","5","4","6","6","2","1","10","5","5","2","17","3","10","3","1","B03","7","14","1","8","2","2","","77","77","1","12","4","120.718441","24.153557","2"
"6576","66000","387130000C","(04)23274275","(04)23288582","2026","2","16","0","51","臺中市","潭子區","0","1","0","6","1","6","50","4","4","1","5","4","6","6","1","1","5","5","4","2","13","3","10","3","1","B03","7","9","1","8","2","1","","84","84","1","13","4","120.69127","24.216144","2"
"6577","66000","387130000C","(04)23274275","(04)23288582","2026","2","16","2","20","臺中市","神岡區","0","1","0","7","3","6","50","4","9","1","5","4","6","6","4","4","5","5","5","2","20","2","9","1","1","C03","7","9","5","10","7","11","","6","6","1","13","4","120.699132","24.262972","2"
"6578","66000","387130000C","(04)23274275","(04)23288582","2026","2","16","2","30","臺中市","北屯區","0","0","0","7","","","30","","","","","","","","","","","","","","17","","","","","","","","","","","","","86","86","1","","","120.664316","24.183115","3"
"6579","66000","387130000C","(04)23274275","(04)23288582","2026","2","16","3","26","臺中市","大甲區","0","1","0","7","1","6","50","5","1","1","5","4","6","6","1","1","10","5","5","2","16","3","10","3","1","B12","7","6","1","8","2","8","","11","11","1","6","4","120.623442","24.344114","2"
"6580","66000","387130000C","(04)23274275","(04)23288582","2026","2","16","3","29","臺中市","西屯區","0","2","0","7","1","6","50","4","1","1","5","4","6","6","2","1","1","4","5","1","15","2","7","3","1","B03","7","9","1","8","2","1","","21","21","1","12","4","120.646706","24.155675","2"
"6581","66000","387130000C","(04)23274275","(04)23288582","2026","2","16","4","22","臺中市","沙鹿區","0","1","0","6","1","6","60","3","2","1","5","4","6","6","1","1","3","3","3","1","17","2","9","5","4","B03","7","9","1","7","2","1","","59","59","1","13","4","120.576976","24.225601","2"
"6582","66000","387130000C","(04)23274275","(04)23288582","2026","2","16","4","56","臺中市","西屯區","0","0","0","7","","","50","","","","","","","","","","","","","","17","","","","","B12","","","1","","1","","","84","84","1","13","4","120.657213","24.167251","3"
"6583","66000","387130000C","(04)23274275","(04)23288582","2026","2","16","5","38","臺中市","北區","0","1","0","7","1","6","50","13","9","1","5","4","6","6","4","4","9","5","5","2","18","2","9","1","1","C03","7","9","1","10","2","14","","84","84","1","12","4","120.691057","24.160162","2"
"6584","66000","387130000C","(04)23274275","(04)23288582","2026","2","16","6","4","臺中市","南區","0","0","0","7","","","50","","","","","","","","","","","","","","","","","","","B12","","","3","","9","","","84","84","2","12","4","120.677705","24.124452","3"
"6585","66000","387130000C","(04)23274275","(04)23288582","2026","2","16","6","11","臺中市","神岡區","0","0","0","7","","","30","","","","","","","","","","","","","","11","","","","","B03","","","1","","2","","","87","87","1","13","4","120.683953","24.246366","3"
"6586","66000","387130000C","(04)23274275","(04)23288582","2026","2","16","6","37","臺中市","東區","0","2","0","7","3","6","50","4","1","1","5","4","6","6","1","1","10","5","5","2","16","2","1","3","1","B03","7","5","3","19","2","5","","11","11","1","6","4","120.700029","24.132431","2"
"6587","66000","387130000C","(04)23274275","(04)23288582","2026","2","16","6","45","臺中市","大雅區","0","2","0","7","3","6","50","4","1","1","5","4","6","6","4","4","4","3","5","2","15","2","8","1","1","C03","7","9","1","10","2","14","","12","12","1","12","4","120.666513","24.234579","2"
"6588","66000","387130000C","(04)23274275","(04)23288582","2026","2","16","6","47","臺中市","豐原區","0","1","0","7","2","6","50","4","1","1","5","4","6","6","1","1","5","5","4","2","16","3","10","5","4","B03","7","6","1","8","2","8","","11","11","1","12","4","120.718787","24.25174","2"
"6589","66000","387130000C","(04)23274275","(04)23288582","2026","2","16","7","34","臺中市","西屯區","0","1","0","7","2","6","50","4","1","1","5","4","6","6","2","1","10","5","5","2","16","3","10","3","1","B03","7","6","5","19","2","1","","23","23","1","12","4","120.640939","24.167809","2"
"6590","66000","387130000C","(04)23274275","(04)23288582","2026","2","16","7","50","臺中市","西區","0","1","0","7","3","6","50","4","1","1","5","4","6","6","4","4","10","5","5","2","13","3","10","2","1","C03","7","9","1","10","2","11","","7","7","1","12","4","120.65947","24.14672","2"
"6591","66000","387130000C","(04)23274275","(04)23288582","2026","2","16","8","5","臺中市","大雅區","0","2","0","7","2","6","50","13","9","1","5","4","6","6","4","4","4","1","5","2","13","2","9","1","4","C03","7","9","1","10","2","11","","7","7","1","12","4","120.649476","24.223888","2"
"6592","66000","387130000C","(04)23274275","(04)23288582","2026","2","16","8","29","臺中市","神岡區","0","1","0","7","2","6","50","3","1","1","5","4","6","6","4","4","10","5","5","1","17","2","9","5","4","C03","7","9","1","10","2","11","12","59","59","1","13","4","120.688692","24.261247","2"
"6593","66000","387130000C","(04)23274275","(04)23288582","2026","2","16","8","37","臺中市","北屯區","0","1","0","7","2","6","50","4","1","1","5","4","6","6","4","4","10","5","5","2","17","2","9","1","1","C03","7","9","1","10","2","12","","6","6","1","12","4","120.701175","24.18522","2"
"6594","66000","387130000C","(04)23274275","(04)23288582","2026","2","16","8","44","臺中市","神岡區","0","1","0","7","1","6","50","3","1","1","5","4","6","6","4","4","10","4","5","1","1","3","10","3","1","B12","7","9","1","8","2","2","","8","8","1","12","4","120.683349","24.244453","2"
"6595","66000","387130000C","(04)23274275","(04)23288582","2026","2","16","8","46","臺中市","西屯區","0","0","0","7","","","30","","","","","","","","","","","","","","12","","","","","B03","","","1","","9","","","59","59","1","12","4","120.589524","24.177157","3"
"6596","66000","387130000C","(04)23274275","(04)23288582","2026","2","16","8","49","臺中市","東區","0","2","0","7","2","6","50","13","7","1","5","4","6","6","4","4","5","5","4","2","3","2","7","6","5","H01","8","16","7","21","10","17","","98","98","1","13","5","120.703534","24.12945","2"
"6597","66000","387130000C","(04)23274275","(04)23288582","2026","2","16","8","50","臺中市","豐原區","0","1","0","7","2","6","30","13","9","1","5","4","4","6","4","4","10","5","4","2","17","2","9","5","4","C03","7","1","1","10","2","14","","51","51","1","12","4","120.747581","24.25365","2"