序號,縣市別代碼,機關代碼,市話,傳真,年,月,日,時,分,縣市,區,死亡數量,受傷數量,2-30,天候,道路照明設備,道路類別,道路速限,道路型態,事故位置,路面鋪裝,路面狀態,路面缺陷,障礙物,視距,號誌種類,號誌動作,分向設施,快車道或一般車道間,快慢車道間,路面邊線,事故類型及型態,受傷程度,主要傷處,保護裝備,行動電話或功能裝置,當事者區分(類別),車輛用途,當事者行動狀態,駕照狀態,駕照種類,飲酒情形,車輛撞擊部位最初,車輛撞擊部位其他,肇事因素個別,肇事因素主要,肇事逃逸,職業,共享經濟或外送平台,GPS座標X,GPS座標Y,事故類別
"6598","66000","387130000C","(04)23274275","(04)23288582","2026","2","16","8","53","臺中市","南屯區","0","0","0","7","","","50","","","","","","","","","","","","","","","","","","","B03","","","1","","1","","","51","51","1","12","4","120.630652","24.151946","3"
"6599","66000","387130000C","(04)23274275","(04)23288582","2026","2","16","9","0","臺中市","大雅區","0","0","0","7","","","50","","","","","","","","","","","","","","2","","","","","C03","","","1","","1","","","8","8","1","12","4","120.649043","24.225059","4"
"6600","66000","387130000C","(04)23274275","(04)23288582","2026","2","16","9","0","臺中市","中區","0","1","0","7","2","6","50","4","1","1","5","4","6","6","1","1","10","5","5","2","17","2","7","5","4","C03","7","6","1","10","2","16","","48","48","1","13","4","120.678296","24.146743","2"
"6601","66000","387130000C","(04)23274275","(04)23288582","2026","2","16","9","2","臺中市","大肚區","0","1","0","7","2","6","30","13","9","1","5","4","6","6","4","4","10","5","5","2","8","3","10","3","1","B03","7","3","1","8","2","8","","50","50","1","12","4","120.545231","24.153115","2"
"6602","66000","387130000C","(04)23274275","(04)23288582","2026","2","16","9","10","臺中市","北區","0","0","0","7","","","30","","","","","","","","","","","","","","14","","","","","B03","","","1","","2","","","49","49","1","13","4","120.672193","24.166239","3"
"6603","66000","387130000C","(04)23274275","(04)23288582","2026","2","16","9","10","臺中市","大里區","0","0","0","7","","","50","","","","","","","","","","","","","","","","","","","B03","","","1","","2","","","84","84","1","12","4","120.683674","24.106626","3"
"6604","66000","387130000C","(04)23274275","(04)23288582","2026","2","16","9","13","臺中市","沙鹿區","0","0","0","7","","","30","","","","","","","","","","","","","","14","","","","","A12","","","1","","1","","","49","49","1","6","4","120.561925","24.229738","3"
"6605","66000","387130000C","(04)23274275","(04)23288582","2026","2","16","9","18","臺中市","太平區","0","1","0","7","2","6","30","13","9","1","5","4","6","6","4","4","10","5","5","2","14","3","10","3","1","B03","7","2","1","5","2","3","","49","49","1","13","4","120.723952","24.141803","2"
"6606","66000","387130000C","(04)23274275","(04)23288582","2026","2","16","9","25","臺中市","大里區","0","0","0","7","","","50","","","","","","","","","","","","","","17","","","","","B03","","","1","","1","","","77","77","1","12","4","120.691454","24.107444","3"
"6607","66000","387130000C","(04)23274275","(04)23288582","2026","2","16","9","26","臺中市","西屯區","0","0","0","7","","","50","","","","","","","","","","","","","","13","","","","","B03","","","1","","2","","","84","84","1","12","4","120.667123","24.173226","3"
"6608","66000","387130000C","(04)23274275","(04)23288582","2026","2","16","9","37","臺中市","北屯區","0","1","0","7","3","6","30","3","1","1","5","4","6","6","2","1","10","5","5","2","16","3","10","3","1","B03","7","6","5","7","2","8","","11","11","1","12","4","120.714946","24.174145","2"
"6609","66000","387130000C","(04)23274275","(04)23288582","2026","2","16","9","40","臺中市","梧棲區","0","1","0","7","3","6","50","4","1","1","5","4","6","6","4","4","10","5","5","2","15","2","9","1","1","C03","7","9","1","10","2","12","","15","15","1","6","4","120.533625","24.258126","2"
"6610","66000","387130000C","(04)23274275","(04)23288582","2026","2","16","9","42","臺中市","新社區","0","0","0","7","","","50","","","","","","","","","","","","","","","","","","","C03","","","1","","1","","","45","45","1","12","4","120.808844","24.250964","3"
"6611","66000","387130000C","(04)23274275","(04)23288582","2026","2","16","9","43","臺中市","東區","0","0","0","7","","","50","","","","","","","","","","","","","","13","","","","","B03","","","1","","1","","","84","84","1","13","4","120.699041","24.147835","3"
"6612","66000","387130000C","(04)23274275","(04)23288582","2026","2","16","9","47","臺中市","東區","0","0","0","7","","","50","","","","","","","","","","","","","","17","","","","","B03","","","1","","1","","","51","51","1","12","4","120.689442","24.139009","3"
"6613","66000","387130000C","(04)23274275","(04)23288582","2026","2","16","9","47","臺中市","東勢區","0","0","0","7","","","50","","","","","","","","","","","","","","","","","","","B03","","","1","","2","","","59","59","1","12","4","120.839942","24.207791","3"
"6614","66000","387130000C","(04)23274275","(04)23288582","2026","2","16","9","53","臺中市","太平區","0","0","0","7","","","50","","","","","","","","","","","","","","","","","","","C03","","","1","","2","","","20","20","1","12","4","120.73361","24.134611","3"
"6615","66000","387130000C","(04)23274275","(04)23288582","2026","2","16","9","55","臺中市","北屯區","0","0","0","7","","","50","","","","","","","","","","","","","","17","","","","","","","","","","","","","109","109","1","","","120.666336","24.17831","4"
"6616","66000","387130000C","(04)23274275","(04)23288582","2026","2","16","10","0","臺中市","太平區","0","0","0","7","","","30","","","","","","","","","","","","","","35","","","","","B03","","","1","","11","","","87","87","1","13","4","120.719625","24.151373","3"
"6617","66000","387130000C","(04)23274275","(04)23288582","2026","2","16","10","0","臺中市","烏日區","0","0","0","7","","","50","","","","","","","","","","","","","","13","","","","","C03","","","1","","2","","","7","7","1","6","4","120.607121","24.122816","4"
"6618","66000","387130000C","(04)23274275","(04)23288582","2026","2","16","10","2","臺中市","大甲區","0","0","0","7","","","50","","","","","","","","","","","","","","","","","","","F03","","","1","","2","","","7","7","1","6","4","120.64757","24.406657","3"
"6619","66000","387130000C","(04)23274275","(04)23288582","2026","2","16","10","3","臺中市","大雅區","0","0","0","7","","","50","","","","","","","","","","","","","","","","","","","B03","","","1","","2","","","49","49","1","12","4","120.647416","24.224528","3"
"6620","66000","387130000C","(04)23274275","(04)23288582","2026","2","16","10","5","臺中市","新社區","0","0","0","7","","","50","","","","","","","","","","","","","","","","","","","B03","","","1","","2","","","50","50","1","13","4","120.809291","24.249558","3"
"6621","66000","387130000C","(04)23274275","(04)23288582","2026","2","16","10","10","臺中市","西屯區","0","2","0","7","2","6","40","13","7","1","5","4","6","6","3","1","5","4","4","2","17","2","9","1","1","C03","7","8","3","19","2","14","","40","40","1","12","4","120.653668","24.176208","2"
"6622","66000","387130000C","(04)23274275","(04)23288582","2026","2","16","10","15","臺中市","大肚區","0","1","0","7","2","6","50","3","1","1","5","4","6","6","4","4","8","1","4","1","13","2","8","1","1","C03","7","6","3","19","2","13","","84","84","1","12","4","120.550114","24.147453","2"
"6623","66000","387130000C","(04)23274275","(04)23288582","2026","2","16","10","17","臺中市","大里區","0","1","0","7","2","6","50","3","1","1","5","4","6","6","4","4","10","5","5","2","17","2","9","1","1","C03","7","9","1","10","2","11","","7","7","1","12","4","120.68688","24.105132","2"
"6624","66000","387130000C","(04)23274275","(04)23288582","2026","2","16","10","19","臺中市","西屯區","0","1","0","7","1","6","50","4","1","1","5","4","6","6","2","1","10","5","5","2","13","2","8","1","1","C03","7","9","1","10","2","11","","59","59","1","13","4","120.652164","24.165887","2"
"6625","66000","387130000C","(04)23274275","(04)23288582","2026","2","16","10","25","臺中市","沙鹿區","0","2","0","7","2","6","50","4","1","1","5","4","6","6","1","1","10","5","5","2","2","2","9","2","1","C03","7","6","1","10","2","11","","10","10","1","6","4","120.561251","24.242582","2"
"6626","66000","387130000C","(04)23274275","(04)23288582","2026","2","16","10","30","臺中市","中區","0","1","0","7","1","6","50","4","1","1","5","4","6","6","1","1","5","4","5","2","18","2","9","1","1","C03","7","5","1","10","2","12","","59","59","1","13","4","120.681634","24.1446","2"
"6627","66000","387130000C","(04)23274275","(04)23288582","2026","2","16","10","32","臺中市","東區","0","1","0","7","2","6","50","4","1","1","5","4","6","6","1","1","10","5","5","2","13","2","9","2","1","F03","7","9","7","21","1","14","","7","7","1","13","4","120.689118","24.140146","2"
"6628","66000","387130000C","(04)23274275","(04)23288582","2026","2","16","10","34","臺中市","大甲區","0","1","0","7","3","6","50","13","9","1","5","4","6","6","4","4","5","5","5","1","9","2","9","1","1","C03","7","9","1","10","2","12","","59","59","1","6","4","120.62071","24.346784","2"
"6629","66000","387130000C","(04)23274275","(04)23288582","2026","2","16","10","35","臺中市","北區","0","1","0","7","3","6","50","4","1","1","5","4","6","6","2","1","10","5","5","2","17","2","9","5","4","C03","7","9","1","10","2","14","","7","7","1","13","4","120.676549","24.150256","2"
"6630","66000","387130000C","(04)23274275","(04)23288582","2026","2","16","10","37","臺中市","烏日區","0","0","0","7","","","30","","","","","","","","","","","","","","","","","","","B03","","","1","","1","","","51","51","1","13","4","120.616372","24.110954","3"
"6631","66000","387130000C","(04)23274275","(04)23288582","2026","2","16","10","38","臺中市","清水區","0","0","0","7","3","6","70","13","7","1","5","4","6","6","4","4","8","3","4","1","13","","","","","B03","","","1","","1","","","7","7","1","12","4","120.551396","24.290461","3"
"6632","66000","387130000C","(04)23274275","(04)23288582","2026","2","16","10","40","臺中市","石岡區","0","1","0","7","2","6","50","4","1","1","5","4","6","6","4","4","10","5","5","2","15","2","9","1","1","F01","7","9","7","21","3","12","","15","15","1","12","4","120.807601","24.276582","2"
"6633","66000","387130000C","(04)23274275","(04)23288582","2026","2","16","10","41","臺中市","南區","0","0","0","7","","","50","","","","","","","","","","","","","","","","","","","B12","","","1","","2","","","7","7","1","12","4","120.657763","24.130552","3"
"6634","66000","387130000C","(04)23274275","(04)23288582","2026","2","16","10","47","臺中市","豐原區","0","0","0","7","","","50","","","","","","","","","","","","","","","","","","","B03","","","1","","2","","","58","58","1","13","4","120.719237","24.248116","3"
"6635","66000","387130000C","(04)23274275","(04)23288582","2026","2","16","10","50","臺中市","東區","0","0","0","7","","","50","","","","","","","","","","","","","","","","","","","B03","","","1","","2","","","43","43","1","12","4","120.686933","24.143088","3"
"6636","66000","387130000C","(04)23274275","(04)23288582","2026","2","16","10","50","臺中市","大里區","0","2","0","7","2","6","50","13","8","1","5","4","6","6","4","4","9","4","4","1","13","2","9","2","1","C03","7","9","1","10","3","11","","7","7","1","12","4","120.689768","24.106694","2"
"6637","66000","387130000C","(04)23274275","(04)23288582","2026","2","16","10","52","臺中市","后里區","0","1","0","7","3","6","50","13","7","1","5","4","6","6","4","4","9","4","4","1","17","2","9","1","1","C03","7","1","1","10","2","11","","20","20","1","6","4","120.7181","24.309592","2"
"6638","66000","387130000C","(04)23274275","(04)23288582","2026","2","16","10","57","臺中市","大里區","0","0","0","7","3","6","50","4","1","1","5","4","6","6","1","1","10","5","5","2","16","","","","","C03","","","1","","2","","","20","20","1","12","4","120.67986","24.109369","3"
"6639","66000","387130000C","(04)23274275","(04)23288582","2026","2","16","10","57","臺中市","大甲區","0","0","0","7","","","50","","","","","","","","","","","","","","","","","","","B03","","","1","","1","","","8","8","1","6","4","120.62315","24.349804","3"
"6640","66000","387130000C","(04)23274275","(04)23288582","2026","2","16","11","1","臺中市","太平區","0","2","0","7","2","6","50","13","9","1","5","4","6","6","4","4","5","5","5","2","16","2","8","2","1","C03","7","9","1","10","2","12","","7","7","1","12","4","120.716668","24.118089","2"
"6641","66000","387130000C","(04)23274275","(04)23288582","2026","2","16","11","4","臺中市","霧峰區","0","0","0","7","","3","50","","","","","","","","","","","","","","17","","","","","B03","","","1","","2","","","7","7","1","12","4","120.687009","24.05756","3"
"6642","66000","387130000C","(04)23274275","(04)23288582","2026","2","16","11","7","臺中市","西區","0","0","0","7","","","50","","","","","","","","","","","","","","13","","","","","F01","","","","","","","","84","84","1","13","4","120.65926","24.160091","3"
"6643","66000","387130000C","(04)23274275","(04)23288582","2026","2","16","11","7","臺中市","南區","0","1","0","7","2","6","50","3","1","1","5","4","6","6","4","4","5","4","4","2","12","2","9","2","1","C04","7","6","1","8","2","12","","85","85","1","13","4","120.65964","24.116794","2"
"6644","66000","387130000C","(04)23274275","(04)23288582","2026","2","16","11","9","臺中市","南區","0","0","0","7","","","50","","","","","","","","","","","","","","13","","","","","B03","","","1","","1","","","84","84","1","12","4","120.683453","24.119153","3"
"6645","66000","387130000C","(04)23274275","(04)23288582","2026","2","16","11","9","臺中市","豐原區","0","1","0","7","2","6","50","3","1","1","5","4","6","6","3","1","5","4","4","1","17","2","9","2","4","C04","7","9","1","8","2","14","","24","24","1","12","4","120.719638","24.260072","2"
"6646","66000","387130000C","(04)23274275","(04)23288582","2026","2","16","11","17","臺中市","南屯區","0","1","0","7","2","6","0","18","21","4","5","4","6","6","4","4","10","5","5","2","17","2","7","6","1","F01","7","9","7","21","1","12","","59","59","1","12","4","120.647517","24.12678","2"
"6647","66000","387130000C","(04)23274275","(04)23288582","2026","2","16","11","22","臺中市","烏日區","0","0","0","7","","","30","","","","","","","","","","","","","","","","","","","B03","","","1","","2","","","49","49","1","13","4","120.626665","24.111856","3"
"6648","66000","387130000C","(04)23274275","(04)23288582","2026","2","16","11","23","臺中市","沙鹿區","0","0","0","7","","","60","","","","","","","","","","","","","","","","","","","A11","","","1","","2","","","59","59","1","6","4","120.571187","24.241676","3"
"6649","66000","387130000C","(04)23274275","(04)23288582","2026","2","16","11","28","臺中市","外埔區","0","1","0","7","2","6","30","13","9","1","5","4","6","6","4","4","10","5","5","1","17","3","10","2","1","C03","7","4","1","10","2","12","","84","84","1","12","4","120.625214","24.335682","2"
"6650","66000","387130000C","(04)23274275","(04)23288582","2026","2","16","11","30","臺中市","后里區","0","0","0","7","","","60","","","","","","","","","","","","","","12","","","","","B12","","","1","","1","","","40","40","1","13","4","120.723262","24.311624","3"
"6651","66000","387130000C","(04)23274275","(04)23288582","2026","2","16","11","34","臺中市","清水區","0","1","0","7","3","6","50","3","2","1","5","4","6","6","3","1","5","5","5","1","13","2","8","2","1","C03","7","6","1","10","2","11","","58","58","1","12","4","120.573395","24.274944","2"
"6652","66000","387130000C","(04)23274275","(04)23288582","2026","2","16","11","39","臺中市","南區","0","0","0","7","","","50","","","","","","","","","","","","","","","","","","","","","","","","","","","85","85","1","","","120.658169","24.117222","3"
"6653","66000","387130000C","(04)23274275","(04)23288582","2026","2","16","11","42","臺中市","沙鹿區","0","1","0","7","2","6","50","3","2","1","5","4","6","6","1","1","3","3","3","1","17","3","10","5","4","B03","7","6","1","8","2","2","","11","11","1","13","4","120.570428","24.217229","2"
"6654","66000","387130000C","(04)23274275","(04)23288582","2026","2","16","11","42","臺中市","大甲區","0","1","0","7","2","6","40","3","9","1","5","4","6","6","1","1","6","3","5","1","12","2","9","1","1","C03","7","5","1","10","2","11","","84","84","1","12","4","120.624503","24.347934","2"
"6655","66000","387130000C","(04)23274275","(04)23288582","2026","2","16","11","54","臺中市","梧棲區","0","0","0","7","","","50","","","","","","","","","","","","","","13","","","","","B12","","","1","","2","","","7","7","1","6","4","120.533023","24.260139","3"
"6656","66000","387130000C","(04)23274275","(04)23288582","2026","2","16","11","57","臺中市","北區","0","0","0","7","3","9","50","18","24","1","5","4","6","6","4","4","10","5","5","2","17","","","","","B11","","","1","","2","","","84","84","1","13","4","120.696809","24.152862","3"
"6657","66000","387130000C","(04)23274275","(04)23288582","2026","2","16","12","0","臺中市","西區","0","1","0","7","3","6","40","13","8","1","5","4","6","6","4","4","5","5","4","2","13","3","10","2","1","C03","7","9","1","10","1","11","","7","7","1","12","4","120.665526","24.136517","2"
"6658","66000","387130000C","(04)23274275","(04)23288582","2026","2","16","12","0","臺中市","霧峰區","0","2","0","7","2","6","60","3","1","1","5","4","6","6","1","1","10","5","5","2","13","2","9","2","1","C03","7","9","1","10","2","11","","7","7","1","12","4","120.691789","24.042922","2"
"6659","66000","387130000C","(04)23274275","(04)23288582","2026","2","16","12","1","臺中市","太平區","0","0","0","7","","","50","","","","","","","","","","","","","","14","","","","","B03","","","1","","2","","","49","49","1","13","4","120.717865","24.149178","3"
"6660","66000","387130000C","(04)23274275","(04)23288582","2026","2","16","12","5","臺中市","大里區","0","1","0","7","3","6","60","4","1","1","5","4","6","6","1","1","10","5","4","1","12","3","10","3","1","B03","7","7","1","8","2","2","","84","84","1","12","4","120.681948","24.104808","2"
"6661","66000","387130000C","(04)23274275","(04)23288582","2026","2","16","12","12","臺中市","北屯區","0","2","0","7","1","6","50","3","2","1","5","4","6","6","4","4","5","4","5","2","12","2","9","1","1","C03","7","8","1","10","2","14","","40","40","1","13","4","120.686933","24.18825","2"
"6662","66000","387130000C","(04)23274275","(04)23288582","2026","2","16","12","14","臺中市","烏日區","0","0","0","7","","","30","","","","","","","","","","","","","","17","","","","","B03","","","1","","1","","","51","51","1","6","4","120.616372","24.110954","3"
"6663","66000","387130000C","(04)23274275","(04)23288582","2026","2","16","12","14","臺中市","烏日區","0","1","0","7","2","6","50","3","2","1","5","4","6","6","4","4","1","4","4","1","17","2","9","5","4","C03","7","9","1","10","2","14","","85","85","1","8","4","120.639097","24.108034","2"
"6664","66000","387130000C","(04)23274275","(04)23288582","2026","2","16","12","17","臺中市","太平區","0","1","0","7","3","6","50","5","1","1","5","4","6","6","2","1","10","5","5","1","18","2","8","1","1","C03","7","9","1","10","2","12","","85","85","1","12","4","120.718182","24.12571","2"
"6665","66000","387130000C","(04)23274275","(04)23288582","2026","2","16","12","20","臺中市","大里區","0","1","0","7","2","6","50","4","1","1","5","4","6","6","4","4","10","5","5","2","17","2","9","1","1","C03","7","9","1","10","2","12","","15","15","1","12","4","120.699405","24.109107","2"
"6666","66000","387130000C","(04)23274275","(04)23288582","2026","2","16","12","20","臺中市","龍井區","0","2","0","7","2","6","50","3","1","1","5","4","6","6","4","4","10","5","5","2","16","2","9","1","1","C03","7","6","1","10","2","14","","8","8","1","6","4","120.583755","24.181458","2"
"6667","66000","387130000C","(04)23274275","(04)23288582","2026","2","16","12","23","臺中市","北屯區","0","1","0","7","2","6","50","3","1","1","5","4","6","6","4","4","10","5","5","2","16","3","10","3","1","B03","7","6","1","8","2","8","","14","14","1","12","4","120.717584","24.174928","2"
"6668","66000","387130000C","(04)23274275","(04)23288582","2026","2","16","12","27","臺中市","太平區","0","0","0","7","2","6","30","","","","","","","","","","","","","","","","","","","B03","","","1","","2","7","","49","49","1","12","4","120.715784","24.146188","3"
"6669","66000","387130000C","(04)23274275","(04)23288582","2026","2","16","12","33","臺中市","豐原區","0","0","0","7","","","50","","","","","","","","","","","","","","12","","","","","B03","","","1","","2","","","40","40","1","12","4","120.720104","24.264393","3"
"6670","66000","387130000C","(04)23274275","(04)23288582","2026","2","16","12","39","臺中市","霧峰區","0","0","0","7","","","30","","","","","","","","","","","","","","","","","","","B12","","","1","","1","","","49","49","1","12","4","120.681382","24.062264","3"
"6671","66000","387130000C","(04)23274275","(04)23288582","2026","2","16","12","40","臺中市","豐原區","0","1","0","7","1","6","50","13","7","1","5","4","6","6","4","4","5","4","4","2","17","2","9","1","1","C03","7","6","1","10","2","11","","84","84","1","6","4","120.740999","24.255857","2"
"6672","66000","387130000C","(04)23274275","(04)23288582","2026","2","16","12","45","臺中市","大雅區","0","0","0","7","","","50","","","","","","","","","","","","","","17","","","","","B03","","","1","","1","","","34","34","1","12","4","120.648933","24.224229","3"
"6673","66000","387130000C","(04)23274275","(04)23288582","2026","2","16","12","45","臺中市","大肚區","0","0","0","7","","","50","","","","","","","","","","","","","","13","","","","","B12","","","3","","1","","","7","7","1","12","4","120.569866","24.121243","3"
"6674","66000","387130000C","(04)23274275","(04)23288582","2026","2","16","12","46","臺中市","外埔區","0","0","0","7","3","6","30","11","9","2","5","4","6","6","4","4","10","5","5","2","30","3","10","3","1","B03","7","6","1","8","2","5","","84","84","1","6","4","120.671719","24.331205","3"
"6675","66000","387130000C","(04)23274275","(04)23288582","2026","2","16","12","47","臺中市","潭子區","0","0","0","7","","","50","","","","","","","","","","","","","","","","","","","B03","","","1","","2","","","84","84","1","13","4","120.69755","24.216815","3"
"6676","66000","387130000C","(04)23274275","(04)23288582","2026","2","16","12","55","臺中市","新社區","0","2","0","7","3","6","30","3","1","1","5","4","6","1","4","4","10","5","5","2","16","2","8","5","4","C03","7","6","1","10","2","11","","14","14","1","12","4","120.800172","24.230719","2"
"6677","66000","387130000C","(04)23274275","(04)23288582","2026","2","16","13","0","臺中市","大里區","0","0","0","7","3","6","50","3","2","1","5","4","3","6","4","4","5","5","5","2","12","","","","","B03","","","1","","2","","","84","84","1","12","4","120.701834","24.082934","3"
"6678","66000","387130000C","(04)23274275","(04)23288582","2026","2","16","13","1","臺中市","西區","0","0","0","7","","","50","","","","","","","","","","","","","","14","","","","","B03","","","1","","10","","","49","49","1","13","4","120.661313","24.162699","3"
"6679","66000","387130000C","(04)23274275","(04)23288582","2026","2","16","13","7","臺中市","烏日區","0","0","0","7","","","50","","","","","","","","","","","","","","17","","","","","B03","","","1","","9","","","8","8","1","6","4","120.635226","24.106972","3"
"6680","66000","387130000C","(04)23274275","(04)23288582","2026","2","16","13","7","臺中市","豐原區","0","2","0","7","2","6","50","4","1","1","5","4","6","6","3","1","10","5","5","2","17","2","9","2","1","C03","7","1","1","10","2","12","","51","51","1","13","4","120.739143","24.255786","2"
"6681","66000","387130000C","(04)23274275","(04)23288582","2026","2","16","13","10","臺中市","豐原區","0","1","0","7","1","6","50","13","8","1","5","4","6","6","4","4","1","4","4","1","17","2","9","1","1","C03","7","9","1","10","2","11","","7","7","1","6","4","120.712156","24.240047","2"
"6682","66000","387130000C","(04)23274275","(04)23288582","2026","2","16","13","10","臺中市","豐原區","0","0","0","7","","","30","","","","","","","","","","","","","","12","","","","","C03","","","1","","1","","","8","8","1","12","4","120.718072","24.248595","3"
"6683","66000","387130000C","(04)23274275","(04)23288582","2026","2","16","13","12","臺中市","豐原區","0","0","0","7","","","50","","","","","","","","","","","","","","12","","","","","B03","","","1","","2","","","40","40","1","12","4","120.72241","24.277861","3"
"6684","66000","387130000C","(04)23274275","(04)23288582","2026","2","16","13","27","臺中市","清水區","0","1","0","6","3","6","50","4","1","1","5","4","6","6","2","1","1","4","5","1","17","2","9","2","1","C03","7","9","1","10","2","11","","21","21","1","12","4","120.572911","24.263016","2"
"6685","66000","387130000C","(04)23274275","(04)23288582","2026","2","16","13","28","臺中市","西屯區","0","0","0","7","","","60","","","","","","","","","","","","","","13","","","","","B03","","","1","","1","","","7","7","1","12","4","120.633859","24.17324","3"
"6686","66000","387130000C","(04)23274275","(04)23288582","2026","2","16","13","29","臺中市","西屯區","0","0","0","7","","","50","","","","","","","","","","","","","","13","","","","","B03","","","1","","1","","","7","7","1","12","4","120.636724","24.170849","3"
"6687","66000","387130000C","(04)23274275","(04)23288582","2026","2","16","13","30","臺中市","北屯區","0","0","0","7","","","50","","","","","","","","","","","","","","13","","","","","B03","","","3","","2","","","59","59","1","12","4","120.694178","24.181366","3"
"6688","66000","387130000C","(04)23274275","(04)23288582","2026","2","16","13","34","臺中市","南區","0","1","0","7","2","6","50","4","1","1","5","4","6","6","1","1","10","5","5","2","15","2","9","1","1","C03","7","9","1","10","2","11","12","21","21","1","12","4","120.657641","24.116392","2"
"6689","66000","387130000C","(04)23274275","(04)23288582","2026","2","16","13","35","臺中市","西區","0","1","0","7","2","6","30","3","1","1","5","4","6","6","4","4","9","4","4","2","17","3","10","3","1","B03","7","5","1","8","1","8","","14","14","1","12","4","120.657589","24.157505","2"
"6690","66000","387130000C","(04)23274275","(04)23288582","2026","2","16","13","35","臺中市","南屯區","0","1","0","7","3","6","50","4","1","1","5","4","6","6","1","1","10","5","5","2","16","3","10","3","1","B03","7","6","1","8","2","6","","11","11","1","13","4","120.653827","24.155695","2"
"6691","66000","387130000C","(04)23274275","(04)23288582","2026","2","16","13","35","臺中市","西屯區","0","1","0","7","2","6","50","5","1","1","5","4","6","6","2","1","10","5","5","2","23","2","9","5","4","B03","7","9","1","8","2","1","","59","59","1","13","4","120.659738","24.192984","2"
"6692","66000","387130000C","(04)23274275","(04)23288582","2026","2","16","13","36","臺中市","大雅區","0","0","0","7","","","50","","","","","","","","","","","","","","17","","","","","B03","","","1","","1","","","50","50","1","12","4","120.65039","24.223181","3"
"6693","66000","387130000C","(04)23274275","(04)23288582","2026","2","16","13","42","臺中市","后里區","0","1","0","7","3","6","50","13","7","1","5","4","3","6","4","4","9","4","4","1","12","2","9","1","1","C03","7","1","1","10","2","14","","51","51","1","6","2","120.721407","24.308987","2"
"6694","66000","387130000C","(04)23274275","(04)23288582","2026","2","16","13","45","臺中市","南屯區","0","1","0","7","2","6","40","13","8","1","5","4","6","6","4","4","5","4","4","1","13","2","9","2","1","C03","7","9","1","10","2","11","","84","84","1","13","4","120.614289","24.139037","2"
"6695","66000","387130000C","(04)23274275","(04)23288582","2026","2","16","13","45","臺中市","豐原區","0","0","0","7","","","50","","","","","","","","","","","","","","17","","","","","B03","","","1","","2","","","8","8","1","6","4","120.709006","24.2537","3"
"6696","66000","387130000C","(04)23274275","(04)23288582","2026","2","16","13","45","臺中市","豐原區","0","0","0","7","","","50","","","","","","","","","","","","","","17","","","","","B03","","","1","","1","","","50","50","1","12","4","120.724923","24.246763","3"
"6697","66000","387130000C","(04)23274275","(04)23288582","2026","2","16","13","55","臺中市","沙鹿區","0","1","0","7","2","6","50","4","1","1","5","4","6","6","4","4","5","4","5","2","15","2","8","1","1","C03","7","9","1","10","2","11","","15","15","1","12","2","120.569462","24.258339","2"
"6698","66000","387130000C","(04)23274275","(04)23288582","2026","2","16","13","59","臺中市","東勢區","0","2","0","7","3","6","50","13","9","1","5","4","6","6","4","4","9","5","5","1","13","2","8","5","4","C04","7","9","1","10","2","11","","84","84","1","12","4","120.830253","24.25082","2"
"6699","66000","387130000C","(04)23274275","(04)23288582","2026","2","16","14","2","臺中市","西區","0","0","0","7","","","50","","","","","","","","","","","","","","17","","","","","C03","","","1","","11","","","4","4","2","13","4","120.663743","24.132075","3"
"6700","66000","387130000C","(04)23274275","(04)23288582","2026","2","16","14","11","臺中市","大里區","0","2","0","7","2","6","50","4","1","1","5","4","6","6","1","1","10","5","5","2","17","2","9","1","1","C03","7","6","1","10","2","12","","11","11","1","12","4","120.683828","24.115172","2"
"6701","66000","387130000C","(04)23274275","(04)23288582","2026","2","16","14","13","臺中市","北屯區","0","1","0","7","2","6","50","13","9","1","5","4","6","6","4","4","1","4","5","2","14","3","10","3","1","B03","7","2","1","8","2","7","","49","49","1","12","4","120.721371","24.17864","2"
"6702","66000","387130000C","(04)23274275","(04)23288582","2026","2","16","14","13","臺中市","霧峰區","0","2","0","7","2","6","40","13","9","1","5","4","6","6","4","4","5","5","5","1","17","2","9","2","1","C03","7","1","1","8","2","14","","51","51","1","13","4","120.682552","24.065319","2"
"6703","66000","387130000C","(04)23274275","(04)23288582","2026","2","16","14","15","臺中市","北屯區","0","0","0","7","","","50","","","","","","","","","","","","","","17","","","","","C04","","","1","","1","","","84","84","1","12","4","120.69857","24.164991","3"
"6704","66000","387130000C","(04)23274275","(04)23288582","2026","2","16","14","18","臺中市","北屯區","0","1","0","7","3","6","50","5","1","1","5","4","6","6","1","1","10","5","5","2","17","2","8","1","1","C03","7","1","1","11","2","11","","51","51","1","12","4","120.710956","24.174812","2"
"6705","66000","387130000C","(04)23274275","(04)23288582","2026","2","16","14","20","臺中市","大里區","0","0","0","7","","","30","","","","","","","","","","","","","","","","","","","C03","","","1","","2","","","15","15","1","12","4","120.680235","24.098272","3"
"6706","66000","387130000C","(04)23274275","(04)23288582","2026","2","16","14","21","臺中市","西屯區","0","0","0","7","","","30","","","","","","","","","","","","","","16","","","","","C03","","","1","","1","","","59","59","1","13","4","120.659776","24.192934","3"