序號,縣市別代碼,機關代碼,市話,傳真,年,月,日,時,分,縣市,區,死亡數量,受傷數量,2-30,天候,道路照明設備,道路類別,道路速限,道路型態,事故位置,路面鋪裝,路面狀態,路面缺陷,障礙物,視距,號誌種類,號誌動作,分向設施,快車道或一般車道間,快慢車道間,路面邊線,事故類型及型態,受傷程度,主要傷處,保護裝備,行動電話或功能裝置,當事者區分(類別),車輛用途,當事者行動狀態,駕照狀態,駕照種類,飲酒情形,車輛撞擊部位最初,車輛撞擊部位其他,肇事因素個別,肇事因素主要,肇事逃逸,職業,共享經濟或外送平台,GPS座標X,GPS座標Y,事故類別
"6707","66000","387130000C","(04)23274275","(04)23288582","2026","2","16","14","22","臺中市","豐原區","0","1","0","7","2","6","30","4","1","1","5","4","6","6","4","4","10","5","5","1","15","2","9","1","1","C03","7","9","1","10","2","12","14","12","12","1","13","4","120.708571","24.239465","2"
"6708","66000","387130000C","(04)23274275","(04)23288582","2026","2","16","14","25","臺中市","西屯區","0","0","0","7","","","50","","","","","","","","","","","","","","13","","","","","B03","","","1","","1","","","84","84","1","12","4","120.644326","24.203219","3"
"6709","66000","387130000C","(04)23274275","(04)23288582","2026","2","16","14","30","臺中市","烏日區","0","1","0","7","2","6","50","13","14","1","5","4","6","6","4","4","1","4","5","1","17","2","9","1","1","C03","7","9","1","8","2","14","","4","4","1","6","4","120.632612","24.105448","2"
"6710","66000","387130000C","(04)23274275","(04)23288582","2026","2","16","14","35","臺中市","太平區","0","0","0","7","2","6","50","","","","","","","","","","","","","","","","","","","B03","","","1","","2","2","","84","84","1","12","4","120.720336","24.1231","3"
"6711","66000","387130000C","(04)23274275","(04)23288582","2026","2","16","14","39","臺中市","南屯區","0","0","0","7","","","50","","","","","","","","","","","","","","","","","","","B03","","","1","","11","","","78","78","1","12","4","120.612308","24.137844","3"
"6712","66000","387130000C","(04)23274275","(04)23288582","2026","2","16","14","45","臺中市","北區","0","0","0","7","","","50","","","","","","","","","","","","","","15","","","","","C03","","","1","","1","","","15","15","1","13","4","120.695967","24.15758","3"
"6713","66000","387130000C","(04)23274275","(04)23288582","2026","2","16","14","52","臺中市","東區","0","0","0","7","","","50","","","","","","","","","","","","","","","","","","","B03","","","1","","1","","","84","84","1","12","4","120.710342","24.144491","3"
"6714","66000","387130000C","(04)23274275","(04)23288582","2026","2","16","14","52","臺中市","大甲區","0","0","0","7","","","40","","","","","","","","","","","","","","","","","","","B03","","","1","","2","","","45","45","1","12","4","120.645854","24.404041","3"
"6715","66000","387130000C","(04)23274275","(04)23288582","2026","2","16","14","54","臺中市","北屯區","0","0","0","7","","","50","","","","","","","","","","","","","","14","","","","","B03","","","1","","1","","","49","49","1","6","4","120.725725","24.171548","3"
"6716","66000","387130000C","(04)23274275","(04)23288582","2026","2","16","14","56","臺中市","東區","0","0","0","7","","","30","","","","","","","","","","","","","","12","","","","","B03","","","1","","2","","","8","8","1","13","4","120.701543","24.144798","3"
"6717","66000","387130000C","(04)23274275","(04)23288582","2026","2","16","14","58","臺中市","大肚區","0","0","0","7","","","50","","","","","","","","","","","","","","14","","","","","C03","","","1","","1","","","84","84","1","6","4","120.575927","24.175444","3"
"6718","66000","387130000C","(04)23274275","(04)23288582","2026","2","16","14","59","臺中市","西區","0","0","0","7","","","30","","","","","","","","","","","","","","12","","","","","B03","","","1","","2","","","8","8","1","13","4","120.663019","24.133652","3"
"6719","66000","387130000C","(04)23274275","(04)23288582","2026","2","16","14","59","臺中市","梧棲區","0","1","0","7","2","6","50","13","8","1","5","4","6","6","2","1","5","4","4","2","13","2","9","2","1","C03","7","11","1","10","2","11","","34","34","1","12","4","120.530042","24.253612","2"
"6720","66000","387130000C","(04)23274275","(04)23288582","2026","2","16","14","59","臺中市","神岡區","0","1","0","7","2","6","60","13","7","1","5","4","6","6","4","4","2","4","4","1","18","2","9","5","4","C03","7","9","1","10","2","16","","82","82","1","12","4","120.674554","24.282921","2"
"6721","66000","387130000C","(04)23274275","(04)23288582","2026","2","16","15","10","臺中市","烏日區","0","0","0","7","","","50","","","","","","","","","","","","","","17","","","","","B03","","","1","","1","","","8","8","1","6","4","120.647883","24.053452","3"
"6722","66000","387130000C","(04)23274275","(04)23288582","2026","2","16","15","11","臺中市","西區","0","1","0","7","2","6","50","11","9","1","5","4","6","6","4","4","1","4","5","2","21","2","9","2","1","C03","7","9","1","10","2","11","","84","84","1","12","4","120.665447","24.142085","2"
"6723","66000","387130000C","(04)23274275","(04)23288582","2026","2","16","15","12","臺中市","東勢區","0","0","0","7","","","40","","","","","","","","","","","","","","","","","","","B03","","","1","","9","","","39","39","1","12","4","120.777171","24.286743","3"
"6724","66000","387130000C","(04)23274275","(04)23288582","2026","2","16","15","14","臺中市","北區","0","2","0","7","2","6","50","4","1","1","5","4","6","6","2","1","10","5","5","2","17","2","7","1","1","C03","7","9","1","10","2","14","","59","59","1","12","4","120.677303","24.151254","2"
"6725","66000","387130000C","(04)23274275","(04)23288582","2026","2","16","15","24","臺中市","東區","0","0","0","7","","","50","","","","","","","","","","","","","","12","","","","","B03","","","1","","1","","","40","40","1","13","4","120.689831","24.138006","3"
"6726","66000","387130000C","(04)23274275","(04)23288582","2026","2","16","15","25","臺中市","烏日區","0","0","0","7","","","30","","","","","","","","","","","","","","14","","","","","B03","","","1","","2","","","49","49","1","6","4","120.626672","24.083944","3"
"6727","66000","387130000C","(04)23274275","(04)23288582","2026","2","16","15","26","臺中市","北屯區","0","0","0","7","","","50","","","","","","","","","","","","","","17","","","","","B03","","","1","","2","","","20","20","1","6","4","120.706276","24.197116","3"
"6728","66000","387130000C","(04)23274275","(04)23288582","2026","2","16","15","30","臺中市","清水區","0","0","0","7","3","6","50","3","2","1","5","4","6","6","4","4","8","3","5","1","12","","","","","B03","","","1","","1","","","82","82","1","12","4","120.572179","24.269382","3"
"6729","66000","387130000C","(04)23274275","(04)23288582","2026","2","16","15","31","臺中市","豐原區","0","1","0","7","2","6","30","3","1","1","5","4","6","6","4","4","10","5","5","2","16","3","10","5","4","B03","7","5","1","8","2","8","","14","14","1","6","4","120.726121","24.241434","2"
"6730","66000","387130000C","(04)23274275","(04)23288582","2026","2","16","15","35","臺中市","西屯區","0","0","0","7","","","50","","","","","","","","","","","","","","17","","","","","B03","","","1","","2","","","50","50","1","12","4","120.61975","24.186653","3"
"6731","66000","387130000C","(04)23274275","(04)23288582","2026","2","16","15","41","臺中市","霧峰區","0","0","0","7","","","40","","","","","","","","","","","","","","","","","","","B03","","","1","","2","","","40","40","1","13","4","120.66205","24.068074","3"
"6732","66000","387130000C","(04)23274275","(04)23288582","2026","2","16","15","41","臺中市","豐原區","0","0","0","7","","","50","","","","","","","","","","","","","","14","","","","","B03","","","1","","2","","","50","50","1","12","4","120.723943","24.240988","3"
"6733","66000","387130000C","(04)23274275","(04)23288582","2026","2","16","15","50","臺中市","西屯區","0","2","0","7","2","6","50","4","1","1","5","4","6","6","2","1","10","5","5","2","16","2","8","1","1","C03","7","6","1","10","2","14","","11","11","1","13","4","120.658729","24.166492","2"
"6734","66000","387130000C","(04)23274275","(04)23288582","2026","2","16","15","55","臺中市","西屯區","0","3","0","7","2","6","50","13","9","1","5","4","6","6","4","4","9","4","5","2","16","2","9","1","1","C03","7","1","1","10","2","11","","51","51","1","12","4","120.657233","24.167518","2"
"6735","66000","387130000C","(04)23274275","(04)23288582","2026","2","16","15","55","臺中市","龍井區","0","3","0","7","2","6","50","3","2","1","5","4","6","6","4","4","4","3","4","1","10","2","9","4","1","F01","7","9","7","21","1","11","","4","4","1","2","4","120.549843","24.214244","2"
"6736","66000","387130000C","(04)23274275","(04)23288582","2026","2","16","15","58","臺中市","東區","0","2","0","7","2","6","30","4","1","1","5","4","6","6","4","4","10","5","5","2","15","2","8","1","1","C03","7","9","1","10","2","11","","15","15","1","12","4","120.695536","24.143995","2"
"6737","66000","387130000C","(04)23274275","(04)23288582","2026","2","16","16","7","臺中市","北屯區","0","1","0","7","2","6","30","13","9","1","5","4","6","6","4","4","10","5","5","2","10","2","8","2","1","C03","7","9","1","8","2","11","12","58","58","1","6","4","120.740488","24.180596","2"
"6738","66000","387130000C","(04)23274275","(04)23288582","2026","2","16","16","8","臺中市","北屯區","0","1","0","7","2","6","50","4","2","1","5","4","6","6","4","4","5","5","5","2","13","2","9","2","1","C03","7","9","1","10","2","11","","7","7","1","12","4","120.687759","24.172484","2"
"6739","66000","387130000C","(04)23274275","(04)23288582","2026","2","16","16","9","臺中市","潭子區","0","2","0","7","3","6","30","4","1","1","5","4","6","6","3","1","10","5","5","2","15","3","10","3","1","B03","7","9","1","8","2","1","","20","20","1","13","4","120.696829","24.192398","2"
"6740","66000","387130000C","(04)23274275","(04)23288582","2026","2","16","16","11","臺中市","南屯區","0","1","0","7","2","6","50","5","1","1","5","4","6","6","2","1","1","4","5","2","16","3","10","3","1","B03","7","5","1","8","2","2","","11","11","1","12","4","120.646803","24.142771","2"
"6741","66000","387130000C","(04)23274275","(04)23288582","2026","2","16","16","13","臺中市","北區","0","1","0","7","3","6","50","3","1","1","5","4","6","6","4","4","5","5","5","2","13","3","10","3","1","B03","7","9","1","8","1","8","","59","59","1","12","4","120.676427","24.171292","2"
"6742","66000","387130000C","(04)23274275","(04)23288582","2026","2","16","16","20","臺中市","南區","0","0","0","7","","","30","","","","","","","","","","","","","","17","","","","","B03","","","1","","1","","","43","43","1","12","4","120.64696","24.112302","3"
"6743","66000","387130000C","(04)23274275","(04)23288582","2026","2","16","16","21","臺中市","潭子區","0","2","0","7","2","6","40","4","1","1","5","4","6","6","1","1","1","4","4","1","17","3","10","3","1","B03","7","5","1","8","2","2","","11","11","1","13","4","120.69003","24.225034","2"
"6744","66000","387130000C","(04)23274275","(04)23288582","2026","2","16","16","26","臺中市","北屯區","0","0","0","7","","","50","","","","","","","","","","","","","","17","","","","","B03","","","1","","2","","","51","51","1","6","4","120.661356","24.192466","3"
"6745","66000","387130000C","(04)23274275","(04)23288582","2026","2","16","16","31","臺中市","清水區","0","1","0","6","3","6","50","13","9","1","5","4","6","6","4","4","5","5","5","1","17","3","10","3","1","B03","7","11","1","8","2","4","","45","45","1","12","4","120.564365","24.29213","2"
"6746","66000","387130000C","(04)23274275","(04)23288582","2026","2","16","16","35","臺中市","東勢區","0","1","0","7","2","6","50","3","1","1","5","4","6","6","4","4","10","5","5","2","16","3","10","3","1","B03","7","6","1","8","2","1","","12","12","1","12","4","120.828539","24.25666","2"
"6747","66000","387130000C","(04)23274275","(04)23288582","2026","2","16","16","37","臺中市","神岡區","0","2","0","7","2","6","50","3","1","1","5","4","6","6","4","4","10","5","5","1","17","2","9","5","4","C03","7","6","1","10","2","12","","14","14","1","13","4","120.691094","24.233852","2"
"6748","66000","387130000C","(04)23274275","(04)23288582","2026","2","16","16","38","臺中市","東勢區","0","0","0","7","","","50","","","","","","","","","","","","","","","","","","","B03","","","1","","1","","","84","84","1","12","4","120.830561","24.24991","3"
"6749","66000","387130000C","(04)23274275","(04)23288582","2026","2","16","16","47","臺中市","北屯區","0","0","0","7","","","50","","","","","","","","","","","","","","","","","","","B03","","","1","","1","","","7","7","1","6","4","120.739656","24.178857","3"
"6750","66000","387130000C","(04)23274275","(04)23288582","2026","2","16","16","48","臺中市","大雅區","0","1","0","7","2","6","50","3","1","1","5","4","6","6","4","4","5","5","5","1","16","2","9","1","1","C03","7","9","1","10","2","12","","6","6","1","12","4","120.64459","24.225282","2"
"6751","66000","387130000C","(04)23274275","(04)23288582","2026","2","16","16","49","臺中市","梧棲區","0","1","0","7","2","6","50","13","7","1","5","4","6","6","4","4","9","5","4","2","17","3","10","3","1","B03","7","11","1","8","2","5","","45","45","1","12","4","120.534489","24.261785","2"
"6752","66000","387130000C","(04)23274275","(04)23288582","2026","2","16","16","50","臺中市","西屯區","0","1","0","7","2","6","50","13","9","1","5","4","6","6","4","4","5","4","5","2","17","2","9","2","1","C03","7","9","1","10","2","12","","59","59","1","12","4","120.630095","24.183448","2"
"6753","66000","387130000C","(04)23274275","(04)23288582","2026","2","16","16","57","臺中市","北屯區","0","0","0","7","","","50","","","","","","","","","","","","","","17","","","","","B03","","","1","","1","","","87","87","1","12","4","120.717575","24.17564","3"
"6754","66000","387130000C","(04)23274275","(04)23288582","2026","2","16","16","57","臺中市","北屯區","0","0","0","7","","","50","","","","","","","","","","","","","","","","","","","B03","","","1","","1","","","13","13","1","13","4","120.735932","24.177851","3"
"6755","66000","387130000C","(04)23274275","(04)23288582","2026","2","16","16","57","臺中市","太平區","0","0","0","7","","","30","","","","","","","","","","","","","","","","","","","B03","","","5","","9","","","84","84","2","13","4","120.72682","24.142234","3"
"6756","66000","387130000C","(04)23274275","(04)23288582","2026","2","16","17","1","臺中市","北區","0","0","0","7","","","30","","","","","","","","","","","","","","17","","","","","B03","","","1","","2","","","49","49","1","13","4","120.699957","24.152373","3"
"6757","66000","387130000C","(04)23274275","(04)23288582","2026","2","16","17","2","臺中市","大里區","0","2","0","7","2","6","50","4","1","1","5","4","6","5","4","4","10","5","5","2","15","2","9","2","1","C03","7","9","1","10","2","14","","12","12","1","12","4","120.682563","24.105226","2"
"6758","66000","387130000C","(04)23274275","(04)23288582","2026","2","16","17","7","臺中市","西區","0","0","0","7","","","","","","","","","","","","","","","","","17","","","","","","","","","","","","","86","86","1","","","120.66511","24.132911","3"
"6759","66000","387130000C","(04)23274275","(04)23288582","2026","2","16","17","10","臺中市","西屯區","0","0","0","7","","","60","","","","","","","","","","","","","","12","","","","","B03","","","1","","2","","","40","40","1","13","4","120.633739","24.161616","3"
"6760","66000","387130000C","(04)23274275","(04)23288582","2026","2","16","17","10","臺中市","豐原區","0","3","0","6","1","6","50","3","1","1","5","4","6","6","1","1","1","4","5","1","17","2","9","1","1","C03","7","9","1","10","2","11","","85","85","1","6","4","120.704571","24.249653","2"
"6761","66000","387130000C","(04)23274275","(04)23288582","2026","2","16","17","10","臺中市","神岡區","0","0","0","7","1","6","50","13","14","1","5","4","6","6","4","4","9","4","4","2","14","","","","","B03","","","1","","1","","","49","49","2","12","4","120.663078","24.258538","3"
"6762","66000","387130000C","(04)23274275","(04)23288582","2026","2","16","17","16","臺中市","烏日區","0","2","0","7","2","6","50","4","1","1","5","4","6","6","1","1","10","5","5","2","17","3","10","5","4","B03","7","9","1","8","2","1","","21","21","1","12","4","120.648657","24.09336","2"
"6763","66000","387130000C","(04)23274275","(04)23288582","2026","2","16","17","27","臺中市","沙鹿區","0","0","0","7","","","60","","","","","","","","","","","","","","13","","","","","B03","","","1","","2","","","59","59","1","12","4","120.581331","24.207669","3"
"6764","66000","387130000C","(04)23274275","(04)23288582","2026","2","16","17","29","臺中市","豐原區","0","1","0","7","1","6","30","5","1","1","5","4","6","6","3","1","5","5","4","1","15","3","10","5","4","B01","7","11","1","4","2","5","","20","20","1","13","4","120.714128","24.252687","2"
"6765","66000","387130000C","(04)23274275","(04)23288582","2026","2","16","17","33","臺中市","大里區","0","1","0","7","2","6","50","4","2","1","5","4","6","6","1","1","10","5","5","1","17","3","10","3","1","B03","7","5","1","8","2","16","","22","22","2","12","4","120.691818","24.109766","2"
"6766","66000","387130000C","(04)23274275","(04)23288582","2026","2","16","17","36","臺中市","西屯區","0","0","0","7","","","40","","","","","","","","","","","","","","13","","","","","B03","","","1","","1","","","59","59","1","13","4","120.652263","24.160811","3"
"6767","66000","387130000C","(04)23274275","(04)23288582","2026","2","16","17","37","臺中市","北屯區","0","0","0","7","","","50","","","","","","","","","","","","","","17","","","","","B03","","","1","","2","","","11","11","1","6","4","120.720953","24.169893","3"
"6768","66000","387130000C","(04)23274275","(04)23288582","2026","2","16","17","42","臺中市","潭子區","0","0","0","7","","","50","","","","","","","","","","","","","","","","","","","B03","","","1","","11","","","50","50","1","13","4","120.704164","24.215694","3"
"6769","66000","387130000C","(04)23274275","(04)23288582","2026","2","16","17","45","臺中市","南區","0","1","0","7","1","6","50","4","1","1","5","4","6","6","1","1","9","4","5","2","12","3","10","3","1","B01","7","5","1","4","2","2","","47","47","1","12","4","120.661578","24.132178","2"
"6770","66000","387130000C","(04)23274275","(04)23288582","2026","2","16","17","45","臺中市","霧峰區","0","1","0","7","1","6","50","5","1","1","5","4","6","6","1","1","5","5","5","1","11","3","10","5","1","B03","7","6","6","20","9","4","","11","11","2","13","4","120.69232","24.046449","2"
"6771","66000","387130000C","(04)23274275","(04)23288582","2026","2","16","17","53","臺中市","北屯區","0","0","0","7","","","30","","","","","","","","","","","","","","","","","","","B03","","","1","","2","","","58","58","1","6","4","120.663806","24.195138","3"
"6772","66000","387130000C","(04)23274275","(04)23288582","2026","2","16","18","6","臺中市","南屯區","0","4","0","7","1","6","50","4","1","1","5","4","6","6","2","1","5","4","4","2","16","2","9","2","1","C03","7","6","1","10","2","16","","48","48","1","12","4","120.646765","24.153603","2"
"6773","66000","387130000C","(04)23274275","(04)23288582","2026","2","16","18","13","臺中市","潭子區","0","1","0","6","1","6","40","4","1","1","5","4","6","6","1","1","1","4","4","1","17","2","9","2","1","C03","7","12","1","10","2","12","","7","7","1","13","4","120.709091","24.232871","2"
"6774","66000","387130000C","(04)23274275","(04)23288582","2026","2","16","18","18","臺中市","太平區","0","0","0","7","1","6","30","","","","","","","","","","","","","","","","","","","B03","","","1","","2","3","","50","50","1","12","4","120.731213","24.139565","3"
"6775","66000","387130000C","(04)23274275","(04)23288582","2026","2","16","18","19","臺中市","大里區","0","0","0","7","","","50","","","","","","","","","","","","","","","","","","","B03","","","1","","1","","","49","49","1","12","4","120.698438","24.094921","3"
"6776","66000","387130000C","(04)23274275","(04)23288582","2026","2","16","18","32","臺中市","東區","0","0","0","7","","","50","","","","","","","","","","","","","","13","","","","","B03","","","5","","1","","","7","7","1","12","4","120.699291","24.148478","3"
"6777","66000","387130000C","(04)23274275","(04)23288582","2026","2","16","18","37","臺中市","東區","0","0","0","7","","","0","","","","","","","","","","","","","","25","","","","","B03","","","1","","1","","","84","84","1","13","4","120.705769","24.129784","3"
"6778","66000","387130000C","(04)23274275","(04)23288582","2026","2","16","18","39","臺中市","大雅區","0","0","0","7","","","30","","","","","","","","","","","","","","12","","","","","B03","","","1","","2","","","49","49","1","12","4","120.626529","24.24056","3"
"6779","66000","387130000C","(04)23274275","(04)23288582","2026","2","16","19","1","臺中市","神岡區","0","0","0","7","","","40","","","","","","","","","","","","","","16","","","","","B03","","","1","","2","","","14","14","1","13","4","120.659766","24.257316","3"
"6780","66000","387130000C","(04)23274275","(04)23288582","2026","2","16","19","2","臺中市","西區","0","0","0","7","","","50","","","","","","","","","","","","","","","","","","","B03","","","1","","10","","","87","87","1","6","4","120.655066","24.136216","3"
"6781","66000","387130000C","(04)23274275","(04)23288582","2026","2","16","19","15","臺中市","大雅區","0","2","0","7","1","6","30","4","1","1","5","4","6","6","3","1","10","5","5","1","15","2","9","1","1","C03","7","9","1","10","2","11","","24","24","1","13","4","120.66286","24.22159","2"
"6782","66000","387130000C","(04)23274275","(04)23288582","2026","2","16","19","25","臺中市","北屯區","0","0","0","7","","","50","","","","","","","","","","","","","","","","","","","B03","","","1","","1","","","7","7","1","13","4","120.675008","24.177156","3"
"6783","66000","387130000C","(04)23274275","(04)23288582","2026","2","16","19","28","臺中市","北屯區","0","0","0","7","","","50","","","","","","","","","","","","","","17","","","","","B03","","","1","","2","","","11","11","1","6","4","120.720961","24.169832","3"
"6784","66000","387130000C","(04)23274275","(04)23288582","2026","2","16","19","30","臺中市","豐原區","0","0","0","7","","","50","","","","","","","","","","","","","","13","","","","","B03","","","1","","2","","","57","57","1","13","4","120.725058","24.241206","3"
"6785","66000","387130000C","(04)23274275","(04)23288582","2026","2","16","19","31","臺中市","北區","0","1","0","7","1","6","50","13","7","1","5","4","6","6","2","1","3","4","4","2","12","3","10","3","1","B03","7","9","1","8","2","2","","8","8","1","12","4","120.67168","24.171865","2"
"6786","66000","387130000C","(04)23274275","(04)23288582","2026","2","16","19","33","臺中市","南屯區","0","0","0","7","","","50","","","","","","","","","","","","","","13","","","","","B01","","","1","","2","","","59","59","1","12","4","120.646492","24.150823","3"
"6787","66000","387130000C","(04)23274275","(04)23288582","2026","2","16","19","40","臺中市","北區","0","0","0","7","","","50","","","","","","","","","","","","","","17","","","","","","","","","","","","","86","86","1","","","120.685395","24.152786","4"
"6788","66000","387130000C","(04)23274275","(04)23288582","2026","2","16","19","41","臺中市","大里區","0","0","0","7","","","50","","","","","","","","","","","","","","","","","","","B03","","","1","","2","","","8","8","1","12","4","120.704887","24.107222","3"
"6789","66000","387130000C","(04)23274275","(04)23288582","2026","2","16","19","47","臺中市","神岡區","0","1","0","7","1","6","50","4","2","1","5","4","6","6","4","4","5","5","5","2","30","2","9","5","4","F01","7","9","7","21","2","11","","59","59","1","12","4","120.659306","24.270593","2"
"6790","66000","387130000C","(04)23274275","(04)23288582","2026","2","16","19","49","臺中市","大甲區","0","1","0","7","2","6","50","4","1","1","5","4","6","6","1","1","10","5","5","2","16","3","10","3","1","B03","7","6","1","8","2","5","","20","20","1","6","4","120.626538","24.344554","2"
"6791","66000","387130000C","(04)23274275","(04)23288582","2026","2","16","19","58","臺中市","南屯區","0","0","0","7","","","50","","","","","","","","","","","","","","13","","","","","B03","","","1","","2","","","59","59","1","13","4","120.649416","24.150801","3"
"6792","66000","387130000C","(04)23274275","(04)23288582","2026","2","16","20","20","臺中市","南屯區","0","0","0","7","","","50","","","","","","","","","","","","","","","","","","","B03","","","1","","1","","","59","59","1","12","4","120.649934","24.134814","3"
"6793","66000","387130000C","(04)23274275","(04)23288582","2026","2","16","20","24","臺中市","大里區","0","0","0","7","","","30","","","","","","","","","","","","","","30","","","","","B03","","","1","","2","","","84","84","1","12","4","120.667872","24.108306","3"
"6794","66000","387130000C","(04)23274275","(04)23288582","2026","2","16","20","35","臺中市","東區","0","0","0","7","","","50","","","","","","","","","","","","","","","","","","","B03","","","1","","2","","","8","8","1","6","4","120.702009","24.144837","4"
"6795","66000","387130000C","(04)23274275","(04)23288582","2026","2","16","20","44","臺中市","太平區","0","1","0","7","1","3","80","13","9","1","5","4","6","6","4","4","1","4","5","1","12","3","10","3","1","B03","7","9","1","8","2","1","","7","7","1","13","4","120.713649","24.147438","2"
"6796","66000","387130000C","(04)23274275","(04)23288582","2026","2","16","20","54","臺中市","東區","0","1","0","7","1","6","50","13","9","1","5","4","6","6","4","4","9","4","2","2","12","3","10","3","1","B03","7","8","1","8","2","4","","7","7","1","12","4","120.696328","24.134337","2"
"6797","66000","387130000C","(04)23274275","(04)23288582","2026","2","16","20","59","臺中市","大甲區","0","0","0","7","","","50","","","","","","","","","","","","","","11","","","","","B03","","","1","","1","","","11","11","1","6","4","120.622558","24.342356","3"
"6798","66000","387130000C","(04)23274275","(04)23288582","2026","2","16","21","27","臺中市","大雅區","0","1","0","7","1","6","30","13","9","1","5","4","6","6","1","1","10","5","5","1","13","3","10","1","1","C03","7","9","1","10","2","11","","7","7","1","13","4","120.639342","24.21871","2"
"6799","66000","387130000C","(04)23274275","(04)23288582","2026","2","16","21","29","臺中市","西區","0","0","0","7","","","30","","","","","","","","","","","","","","17","","","","","B03","","","1","","2","","","8","8","1","12","4","120.659515","24.153016","3"
"6800","66000","387130000C","(04)23274275","(04)23288582","2026","2","16","21","31","臺中市","南屯區","0","0","0","7","","","50","","","","","","","","","","","","","","12","","","","","B03","","","5","","2","","","40","40","2","12","4","120.644176","24.138208","3"
"6801","66000","387130000C","(04)23274275","(04)23288582","2026","2","16","21","37","臺中市","西屯區","0","0","0","7","","","50","","","","","","","","","","","","","","12","","","","","B03","","","1","","1","","","84","84","1","13","4","120.637311","24.173064","3"
"6802","66000","387130000C","(04)23274275","(04)23288582","2026","2","16","21","45","臺中市","西屯區","0","1","0","7","1","6","30","13","9","1","5","4","6","6","4","4","10","5","5","2","16","3","10","3","1","B03","7","6","1","8","2","8","","65","65","1","12","4","120.651111","24.175276","2"
"6803","66000","387130000C","(04)23274275","(04)23288582","2026","2","16","21","47","臺中市","北屯區","0","1","0","7","1","6","50","4","1","1","5","4","6","6","1","1","10","5","5","2","15","2","9","2","1","C03","7","9","1","10","2","12","","21","21","1","6","4","120.722489","24.176691","2"
"6804","66000","387130000C","(04)23274275","(04)23288582","2026","2","16","21","51","臺中市","大里區","0","0","0","7","","","50","","","","","","","","","","","","","","","","","","","B02","","","1","","2","","","84","84","1","12","4","120.694032","24.100279","3"
"6805","66000","387130000C","(04)23274275","(04)23288582","2026","2","16","22","1","臺中市","梧棲區","0","0","0","7","","","50","","","","","","","","","","","","","","17","","","","","B03","","","1","","1","","","14","14","1","12","4","120.531616","24.252915","3"
"6806","66000","387130000C","(04)23274275","(04)23288582","2026","2","16","22","11","臺中市","豐原區","0","1","0","7","1","6","50","3","1","1","5","4","5","6","3","1","4","5","4","2","16","3","10","5","4","B03","7","5","1","8","2","5","","20","20","1","13","4","120.719982","24.251784","2"
"6807","66000","387130000C","(04)23274275","(04)23288582","2026","2","16","22","15","臺中市","潭子區","0","0","0","7","","","60","","","","","","","","","","","","","","","","","","","B03","","","1","","2","","","40","40","1","13","4","120.708224","24.228384","3"
"6808","66000","387130000C","(04)23274275","(04)23288582","2026","2","16","22","20","臺中市","沙鹿區","0","1","0","6","1","6","30","11","9","1","5","4","6","6","4","4","10","5","5","1","10","3","10","3","1","B03","7","1","1","8","2","1","","51","51","1","12","4","120.569424","24.25103","2"
"6809","66000","387130000C","(04)23274275","(04)23288582","2026","2","16","22","25","臺中市","北區","0","1","0","7","1","6","50","3","2","1","5","4","6","6","2","1","10","5","5","2","3","3","10","3","1","B03","7","6","1","8","2","8","","48","48","1","12","4","120.690993","24.157857","2"
"6810","66000","387130000C","(04)23274275","(04)23288582","2026","2","16","22","39","臺中市","西屯區","0","0","0","7","","","0","","","","","","","","","","","","","","14","","","","","B03","","","1","","2","","","49","49","1","12","4","120.659982","24.174673","3"
"6811","66000","387130000C","(04)23274275","(04)23288582","2026","2","16","22","40","臺中市","南屯區","0","1","0","7","1","6","40","13","8","1","5","4","6","6","4","4","3","5","3","2","28","2","9","1","1","C03","7","9","1","10","2","11","","87","87","1","12","4","120.610472","24.151424","2"
"6812","66000","387130000C","(04)23274275","(04)23288582","2026","2","16","22","44","臺中市","霧峰區","0","0","0","7","","","50","","","","","","","","","","","","","","","","","","","B03","","","1","","1","","","59","59","1","12","4","120.699905","24.075652","4"
"6813","66000","387130000C","(04)23274275","(04)23288582","2026","2","16","22","52","臺中市","豐原區","0","0","0","7","","","50","","","","","","","","","","","","","","12","","","","","C03","","","1","","2","","","1","1","1","13","4","120.713901","24.253463","3"
"6814","66000","387130000C","(04)23274275","(04)23288582","2026","2","16","22","57","臺中市","西屯區","0","0","0","7","","","30","","","","","","","","","","","","","","17","","","","","","","","","","","","","119","119","1","","","120.64125","24.172781","3"
"6815","66000","387130000C","(04)23274275","(04)23288582","2026","2","16","23","22","臺中市","北屯區","0","0","0","7","","","50","","","","","","","","","","","","","","","","","","","B12","","","1","","9","","","84","84","1","13","4","120.705239","24.195252","3"
"6816","66000","387130000C","(04)23274275","(04)23288582","2026","2","17","0","2","臺中市","太平區","0","1","1","7","1","6","40","3","1","1","5","4","6","6","4","4","10","5","5","2","3","2","9","2","1","C03","7","9","1","10","2","11","","84","84","1","12","4","120.716982","24.110951","2"
"6817","66000","387130000C","(04)23274275","(04)23288582","2026","2","17","1","39","臺中市","西屯區","0","0","0","7","","","50","","","","","","","","","","","","","","15","","","","","F03","","","7","","2","","","21","21","1","12","4","120.660097","24.164318","3"