序號,縣市別代碼,機關代碼,市話,傳真,年,月,日,時,分,縣市,區,死亡數量,受傷數量,2-30,天候,道路照明設備,道路類別,道路速限,道路型態,事故位置,路面鋪裝,路面狀態,路面缺陷,障礙物,視距,號誌種類,號誌動作,分向設施,快車道或一般車道間,快慢車道間,路面邊線,事故類型及型態,受傷程度,主要傷處,保護裝備,行動電話或功能裝置,當事者區分(類別),車輛用途,當事者行動狀態,駕照狀態,駕照種類,飲酒情形,車輛撞擊部位最初,車輛撞擊部位其他,肇事因素個別,肇事因素主要,肇事逃逸,職業,共享經濟或外送平台,GPS座標X,GPS座標Y,事故類別
"6818","66000","387130000C","(04)23274275","(04)23288582","2026","2","17","4","44","臺中市","大甲區","0","0","0","7","","","50","","","","","","","","","","","","","","17","","","","","B03","","","1","","9","","","84","84","1","6","4","120.63723","24.421983","3"
"6819","66000","387130000C","(04)23274275","(04)23288582","2026","2","17","7","31","臺中市","潭子區","0","1","0","7","3","6","40","13","8","1","5","4","6","6","4","4","1","4","4","1","17","3","10","2","1","C03","7","7","1","10","2","11","","7","7","1","13","4","120.705184","24.212834","2"
"6820","66000","387130000C","(04)23274275","(04)23288582","2026","2","17","7","36","臺中市","北屯區","0","1","0","7","2","6","30","13","9","1","5","4","6","6","4","4","10","5","5","2","12","2","7","5","4","B03","7","9","1","8","5","5","","8","8","1","12","4","120.667612","24.186404","2"
"6821","66000","387130000C","(04)23274275","(04)23288582","2026","2","17","8","37","臺中市","北屯區","0","1","0","7","2","6","50","4","1","1","5","4","6","6","1","1","10","5","5","2","18","2","9","1","1","C03","7","9","1","10","2","14","","84","84","1","12","4","120.665562","24.191129","2"
"6822","66000","387130000C","(04)23274275","(04)23288582","2026","2","17","8","40","臺中市","烏日區","0","0","0","7","","","30","","","","","","","","","","","","","","9","","","","","C03","","","1","","2","","","84","84","1","6","4","120.641601","24.097525","3"
"6823","66000","387130000C","(04)23274275","(04)23288582","2026","2","17","8","54","臺中市","北屯區","0","1","0","7","3","6","50","4","2","1","5","4","6","6","2","1","1","2","5","2","13","2","9","1","1","C03","7","9","1","10","2","11","","7","7","1","12","4","120.686726","24.200826","2"
"6824","66000","387130000C","(04)23274275","(04)23288582","2026","2","17","9","0","臺中市","沙鹿區","0","0","0","7","","","60","","","","","","","","","","","","","","","","","","","B03","","","1","","2","","","58","58","1","6","4","120.582903","24.249935","3"
"6825","66000","387130000C","(04)23274275","(04)23288582","2026","2","17","9","3","臺中市","大里區","0","1","0","7","2","6","50","3","1","1","5","4","6","6","1","1","10","5","5","2","17","2","9","1","1","C03","7","9","1","10","2","16","","84","84","1","12","4","120.687146","24.120952","2"
"6826","66000","387130000C","(04)23274275","(04)23288582","2026","2","17","9","4","臺中市","南屯區","0","1","0","7","2","6","50","13","9","1","5","4","6","6","4","4","9","5","5","2","17","3","10","2","1","C03","7","1","1","10","2","11","","51","51","1","12","4","120.638657","24.143405","2"
"6827","66000","387130000C","(04)23274275","(04)23288582","2026","2","17","9","11","臺中市","大里區","0","1","0","7","3","6","50","3","2","1","5","4","6","6","4","4","5","5","4","2","16","3","10","1","1","C03","7","6","1","10","2","12","","48","48","1","12","4","120.709181","24.111245","2"
"6828","66000","387130000C","(04)23274275","(04)23288582","2026","2","17","9","40","臺中市","西區","0","0","0","7","","","50","","","","","","","","","","","","","","14","","","","","B03","","","1","","1","","","49","49","1","10","4","120.655237","24.146609","3"
"6829","66000","387130000C","(04)23274275","(04)23288582","2026","2","17","9","52","臺中市","神岡區","0","0","0","7","2","6","30","13","9","1","5","4","6","6","","4","10","5","5","2","17","3","10","5","4","B12","7","9","1","8","11","5","","8","8","2","12","4","120.656309","24.269909","3"
"6830","66000","387130000C","(04)23274275","(04)23288582","2026","2","17","9","54","臺中市","梧棲區","0","0","0","7","","","50","","","","","","","","","","","","","","17","","","","","C03","","","1","","2","","","59","59","1","6","4","120.54813","24.247367","3"
"6831","66000","387130000C","(04)23274275","(04)23288582","2026","2","17","10","1","臺中市","北屯區","0","0","0","7","","","50","","","","","","","","","","","","","","16","","","","","B03","","","1","","2","","","51","51","1","6","4","120.737276","24.17845","3"
"6832","66000","387130000C","(04)23274275","(04)23288582","2026","2","17","10","2","臺中市","梧棲區","0","0","0","7","","","70","","","","","","","","","","","","","","13","","","","","B03","","","3","","2","","","7","7","2","6","4","120.547421","24.233878","3"
"6833","66000","387130000C","(04)23274275","(04)23288582","2026","2","17","10","3","臺中市","太平區","0","2","0","7","2","6","30","11","9","1","5","4","6","6","4","4","10","5","5","1","11","2","3","2","1","C03","7","9","1","10","2","11","","84","84","1","12","4","120.775102","24.095439","2"
"6834","66000","387130000C","(04)23274275","(04)23288582","2026","2","17","10","5","臺中市","西屯區","0","2","0","7","2","6","50","13","9","1","5","4","6","6","4","4","5","4","5","2","18","2","9","1","1","C03","7","9","1","10","2","14","","90","90","1","12","4","120.64326","24.199884","2"
"6835","66000","387130000C","(04)23274275","(04)23288582","2026","2","17","10","5","臺中市","太平區","0","1","0","7","2","6","30","3","1","1","5","4","6","6","4","4","10","5","5","2","9","3","10","6","5","H04","8","20","7","21","2","17","","109","109","1","13","5","120.727343","24.127275","2"
"6836","66000","387130000C","(04)23274275","(04)23288582","2026","2","17","10","6","臺中市","西屯區","0","1","0","7","2","6","50","4","1","1","5","4","6","6","2","1","10","5","5","2","16","3","10","3","1","B03","7","5","1","8","2","6","","47","47","1","12","4","120.649572","24.163048","2"
"6837","66000","387130000C","(04)23274275","(04)23288582","2026","2","17","10","6","臺中市","霧峰區","0","1","0","7","3","6","50","13","7","1","5","4","6","6","4","4","5","5","4","1","17","2","8","1","1","C03","7","9","1","10","2","11","","7","7","1","12","4","120.698225","24.060262","2"
"6838","66000","387130000C","(04)23274275","(04)23288582","2026","2","17","10","11","臺中市","豐原區","0","0","0","7","","","60","","","","","","","","","","","","","","13","","","","","B03","","","1","","2","","","84","84","1","12","4","120.722882","24.236595","3"
"6839","66000","387130000C","(04)23274275","(04)23288582","2026","2","17","10","19","臺中市","西屯區","0","1","0","7","2","6","50","4","1","1","5","4","6","6","1","1","10","5","5","2","13","3","10","5","4","C03","7","9","1","10","2","11","","7","7","1","12","4","120.641501","24.178357","2"
"6840","66000","387130000C","(04)23274275","(04)23288582","2026","2","17","10","22","臺中市","大雅區","0","0","0","7","","","60","","","","","","","","","","","","","","13","","","","","C04","","","1","","1","","","7","7","1","12","4","120.646582","24.222703","3"
"6841","66000","387130000C","(04)23274275","(04)23288582","2026","2","17","10","30","臺中市","豐原區","0","0","0","7","","","50","","","","","","","","","","","","","","17","","","","","B03","","","1","","2","","","7","7","1","6","4","120.705878","24.251779","3"
"6842","66000","387130000C","(04)23274275","(04)23288582","2026","2","17","10","32","臺中市","北屯區","0","1","0","7","2","6","40","13","8","1","5","4","6","6","4","4","5","5","4","2","17","2","9","2","1","C03","7","9","1","10","2","11","12","84","84","1","12","4","120.741219","24.179683","2"
"6843","66000","387130000C","(04)23274275","(04)23288582","2026","2","17","10","37","臺中市","北屯區","0","1","0","7","2","6","50","3","1","1","5","4","6","6","4","4","10","5","5","2","11","2","9","5","4","C03","7","9","1","10","2","11","","59","59","1","13","4","120.698251","24.182242","2"
"6844","66000","387130000C","(04)23274275","(04)23288582","2026","2","17","10","38","臺中市","北屯區","0","0","0","7","","","50","","","","","","","","","","","","","","17","","","","","B03","","","1","","2","","","50","50","1","12","4","120.68152","24.192587","3"
"6845","66000","387130000C","(04)23274275","(04)23288582","2026","2","17","10","39","臺中市","南區","0","1","0","7","2","6","50","3","1","1","5","4","6","6","3","1","10","5","5","2","16","3","10","3","1","B03","7","6","1","8","2","8","","11","11","1","12","4","120.66822","24.112691","2"
"6846","66000","387130000C","(04)23274275","(04)23288582","2026","2","17","10","41","臺中市","東區","0","2","0","7","2","6","50","5","1","1","5","4","6","6","2","1","10","5","5","2","17","2","9","1","1","C03","7","6","1","10","2","14","","36","36","1","12","4","120.692489","24.140046","2"
"6847","66000","387130000C","(04)23274275","(04)23288582","2026","2","17","10","45","臺中市","太平區","0","1","0","7","2","6","50","4","2","1","5","4","6","6","4","4","5","5","5","2","18","2","9","1","1","C03","7","5","1","10","2","12","","87","87","1","12","4","120.714045","24.123791","2"
"6848","66000","387130000C","(04)23274275","(04)23288582","2026","2","17","10","54","臺中市","西屯區","0","0","0","7","","","40","","","","","","","","","","","","","","13","","","","","C03","","","1","","2","","","84","84","1","12","4","120.615369","24.183119","3"
"6849","66000","387130000C","(04)23274275","(04)23288582","2026","2","17","10","56","臺中市","東勢區","0","2","0","7","2","6","50","13","9","1","4","4","5","6","4","4","8","5","5","1","27","2","9","3","1","B03","7","9","1","8","2","1","","59","59","1","12","4","120.84772","24.273562","2"
"6850","66000","387130000C","(04)23274275","(04)23288582","2026","2","17","10","57","臺中市","太平區","0","0","0","7","","","50","","","","","","","","","","","","","","12","","","","","C03","","","1","","2","","","84","84","1","13","4","120.736119","24.133188","3"
"6851","66000","387130000C","(04)23274275","(04)23288582","2026","2","17","11","4","臺中市","南屯區","0","0","0","7","","","50","","","","","","","","","","","","","","14","","","","","B03","","","1","","9","","","49","49","1","12","4","120.615615","24.152991","3"
"6852","66000","387130000C","(04)23274275","(04)23288582","2026","2","17","11","5","臺中市","龍井區","0","0","0","7","","","30","","","","","","","","","","","","","","9","","","","","B03","","","1","","1","","","76","76","1","13","4","120.547874","24.199311","3"
"6853","66000","387130000C","(04)23274275","(04)23288582","2026","2","17","11","10","臺中市","豐原區","0","0","0","7","","","50","","","","","","","","","","","","","","2","","","","","B03","","","1","","1","","","7","7","1","13","4","120.726102","24.246103","3"
"6854","66000","387130000C","(04)23274275","(04)23288582","2026","2","17","11","12","臺中市","太平區","0","1","0","7","3","6","50","3","1","1","5","4","6","6","4","4","10","5","5","2","16","2","8","1","1","C03","7","9","1","10","2","14","","7","7","1","12","4","120.700918","24.152666","2"
"6855","66000","387130000C","(04)23274275","(04)23288582","2026","2","17","11","13","臺中市","霧峰區","0","1","0","7","2","6","30","3","2","1","5","4","6","6","4","4","1","4","4","1","16","3","10","5","4","C03","7","5","1","10","2","14","","12","12","1","12","4","120.699277","24.072952","2"
"6856","66000","387130000C","(04)23274275","(04)23288582","2026","2","17","11","19","臺中市","霧峰區","0","0","0","7","","","50","","","","","","","","","","","","","","17","","","","","B03","","","1","","2","","","8","8","1","12","4","120.696862","24.069885","3"
"6857","66000","387130000C","(04)23274275","(04)23288582","2026","2","17","11","19","臺中市","大肚區","0","1","0","7","2","6","50","13","9","1","5","4","6","6","4","4","4","4","5","1","12","3","10","3","1","B03","7","9","1","8","2","2","","43","43","1","12","4","120.544908","24.155677","2"
"6858","66000","387130000C","(04)23274275","(04)23288582","2026","2","17","11","22","臺中市","東勢區","0","1","0","6","2","6","50","4","1","1","5","4","6","6","1","1","10","5","5","2","16","3","10","3","1","B03","7","6","1","8","2","1","","11","11","1","12","4","120.828939","24.255761","2"
"6859","66000","387130000C","(04)23274275","(04)23288582","2026","2","17","11","33","臺中市","西屯區","0","0","0","7","","","50","","","","","","","","","","","","","","17","","","","","B03","","","1","","1","","","84","84","1","13","4","120.63814","24.167418","3"
"6860","66000","387130000C","(04)23274275","(04)23288582","2026","2","17","11","36","臺中市","南屯區","0","0","0","7","","","50","","","","","","","","","","","","","","","","","","","B03","","","1","","2","","","8","8","1","13","4","120.637733","24.138037","4"
"6861","66000","387130000C","(04)23274275","(04)23288582","2026","2","17","11","39","臺中市","烏日區","0","1","0","7","2","6","30","13","9","1","5","4","6","6","4","4","10","5","5","1","17","3","10","5","4","B03","7","1","1","8","2","8","","51","51","1","12","4","120.63983","24.100593","2"
"6862","66000","387130000C","(04)23274275","(04)23288582","2026","2","17","11","53","臺中市","太平區","0","3","0","7","2","6","50","4","1","1","5","4","6","6","4","4","10","5","5","2","15","2","9","2","1","C03","7","9","3","19","2","11","","15","15","1","12","4","120.718786","24.11369","2"
"6863","66000","387130000C","(04)23274275","(04)23288582","2026","2","17","12","2","臺中市","西屯區","0","1","0","7","2","6","50","3","2","1","5","4","6","6","4","4","5","5","5","2","12","2","8","1","1","C03","7","1","1","10","2","14","11","51","51","1","12","4","120.645057","24.172628","2"
"6864","66000","387130000C","(04)23274275","(04)23288582","2026","2","17","12","2","臺中市","沙鹿區","0","1","0","7","2","6","50","3","7","1","5","4","6","6","1","1","3","3","3","1","17","2","9","5","4","C03","7","7","1","10","2","12","","42","42","1","13","4","120.570315","24.217544","2"
"6865","66000","387130000C","(04)23274275","(04)23288582","2026","2","17","12","3","臺中市","南屯區","0","1","0","7","2","6","30","4","2","1","5","4","6","6","4","4","10","5","5","2","17","3","10","3","1","B03","7","5","1","8","2","2","","84","84","1","13","4","120.63924","24.137596","2"
"6866","66000","387130000C","(04)23274275","(04)23288582","2026","2","17","12","9","臺中市","北屯區","0","2","0","7","2","6","50","3","1","1","5","4","6","6","4","4","10","5","5","2","16","2","9","2","1","C03","7","6","1","10","2","14","","48","48","1","12","4","120.667188","24.178237","2"
"6867","66000","387130000C","(04)23274275","(04)23288582","2026","2","17","12","10","臺中市","石岡區","0","2","0","7","3","9","15","13","13","1","5","4","6","6","4","4","10","5","5","1","13","2","9","5","4","F02","7","9","7","21","2","11","","7","7","1","12","4","120.766519","24.278761","2"
"6868","66000","387130000C","(04)23274275","(04)23288582","2026","2","17","12","12","臺中市","神岡區","0","0","0","7","","","50","","","","","","","","","","","","","","14","","","","","B12","","","1","","2","","","49","49","1","13","4","120.658692","24.271038","3"
"6869","66000","387130000C","(04)23274275","(04)23288582","2026","2","17","12","15","臺中市","太平區","0","1","0","7","2","6","50","4","1","1","5","4","6","6","4","4","10","5","5","2","18","2","7","2","1","F03","7","9","7","21","8","12","","53","53","1","13","4","120.725468","24.141808","2"
"6870","66000","387130000C","(04)23274275","(04)23288582","2026","2","17","12","15","臺中市","太平區","0","2","0","7","3","6","50","3","1","1","5","4","6","6","4","4","10","5","5","2","16","2","9","2","1","C04","7","6","1","10","2","11","","48","48","1","12","4","120.731936","24.140769","2"
"6871","66000","387130000C","(04)23274275","(04)23288582","2026","2","17","12","30","臺中市","太平區","0","1","0","7","2","6","50","13","9","1","5","4","3","6","4","4","5","5","5","1","7","3","10","3","1","B03","7","9","1","8","9","5","","84","84","1","12","4","120.721877","24.119648","2"
"6872","66000","387130000C","(04)23274275","(04)23288582","2026","2","17","12","35","臺中市","南屯區","0","1","0","7","2","6","50","13","7","1","5","4","6","6","4","4","9","5","4","2","16","3","10","3","1","B03","7","1","1","8","2","8","","51","51","1","13","4","120.611652","24.148121","2"
"6873","66000","387130000C","(04)23274275","(04)23288582","2026","2","17","12","38","臺中市","龍井區","0","0","0","7","","","40","","","","","","","","","","","","","","22","","","","","B03","","","1","","2","","","43","43","1","13","4","120.539769","24.206344","3"
"6874","66000","387130000C","(04)23274275","(04)23288582","2026","2","17","12","39","臺中市","神岡區","0","1","0","7","2","6","50","13","7","1","5","4","6","6","4","4","5","5","4","2","18","2","9","5","4","C03","7","9","1","10","2","16","","82","82","1","12","4","120.686517","24.249378","2"
"6875","66000","387130000C","(04)23274275","(04)23288582","2026","2","17","12","46","臺中市","東區","0","1","0","7","2","6","50","4","2","1","5","4","6","6","2","1","5","5","4","2","13","2","9","2","1","C03","7","5","1","10","2","11","","84","84","1","13","4","120.700123","24.140066","2"
"6876","66000","387130000C","(04)23274275","(04)23288582","2026","2","17","12","49","臺中市","后里區","0","0","0","7","3","6","50","4","9","1","5","4","6","6","1","1","1","4","5","1","13","3","10","3","1","B03","7","9","1","8","2","1","","84","84","1","6","4","120.678783","24.303803","3"
"6877","66000","387130000C","(04)23274275","(04)23288582","2026","2","17","12","55","臺中市","中區","0","0","0","7","","","50","","","","","","","","","","","","","","14","","","","","B03","","","1","","2","","","49","49","1","13","4","120.680577","24.142765","3"
"6878","66000","387130000C","(04)23274275","(04)23288582","2026","2","17","13","3","臺中市","南屯區","0","1","0","7","3","6","50","4","4","1","5","4","6","6","2","1","5","4","5","2","13","3","10","5","4","B03","7","9","1","8","2","5","","59","59","1","6","4","120.646124","24.137536","2"
"6879","66000","387130000C","(04)23274275","(04)23288582","2026","2","17","13","23","臺中市","霧峰區","0","0","0","7","","","50","","","","","","","","","","","","","","17","","","","","B03","","","1","","1","","","51","51","1","12","4","120.702346","24.067205","3"
"6880","66000","387130000C","(04)23274275","(04)23288582","2026","2","17","13","26","臺中市","太平區","0","0","0","6","","","50","","","","","","","","","","","","","","","","","","","C03","","","1","","2","","","58","58","1","12","4","120.707026","24.128963","3"
"6881","66000","387130000C","(04)23274275","(04)23288582","2026","2","17","13","28","臺中市","南區","0","2","0","7","2","6","40","4","1","1","5","4","6","6","1","1","10","5","5","2","13","2","8","1","1","C03","7","9","1","10","2","11","","7","7","1","12","4","120.653428","24.113804","2"
"6882","66000","387130000C","(04)23274275","(04)23288582","2026","2","17","13","28","臺中市","西屯區","0","2","0","7","2","6","50","4","1","1","5","4","6","6","2","1","10","5","5","2","15","2","9","1","1","C03","7","9","1","10","2","11","","21","21","1","12","4","120.646601","24.164598","2"
"6883","66000","387130000C","(04)23274275","(04)23288582","2026","2","17","13","31","臺中市","豐原區","0","0","0","7","","","50","","","","","","","","","","","","","","13","","","","","B03","","","1","","2","","","84","84","1","13","4","120.731261","24.249697","3"
"6884","66000","387130000C","(04)23274275","(04)23288582","2026","2","17","13","35","臺中市","北屯區","0","0","0","7","","","50","","","","","","","","","","","","","","17","","","","","B03","","","1","8","1","","","40","40","1","12","4","120.667052","24.180176","3"
"6885","66000","387130000C","(04)23274275","(04)23288582","2026","2","17","13","38","臺中市","太平區","0","0","0","7","","","30","","","","","","","","","","","","","","17","","","","","B03","","","1","","9","","","85","85","1","12","4","120.711137","24.128826","3"
"6886","66000","387130000C","(04)23274275","(04)23288582","2026","2","17","13","39","臺中市","南屯區","0","1","0","7","2","6","50","13","9","1","5","4","6","6","4","4","9","5","5","1","14","3","10","3","1","B03","7","2","1","8","2","3","","49","49","1","13","4","120.635432","24.145181","2"
"6887","66000","387130000C","(04)23274275","(04)23288582","2026","2","17","13","45","臺中市","北屯區","0","1","0","7","2","6","50","3","1","1","5","4","3","3","4","4","10","5","5","2","16","2","7","1","1","C03","7","6","1","10","1","11","","13","13","1","12","4","120.734591","24.177167","2"
"6888","66000","387130000C","(04)23274275","(04)23288582","2026","2","17","13","46","臺中市","東區","0","1","0","7","1","6","50","4","2","1","5","4","6","6","1","1","9","4","5","2","18","2","9","1","1","C03","7","9","3","19","2","14","","84","84","1","12","4","120.692397","24.142737","2"
"6889","66000","387130000C","(04)23274275","(04)23288582","2026","2","17","13","48","臺中市","大雅區","0","1","0","7","2","6","50","5","2","1","5","4","6","6","2","1","1","4","4","1","12","3","10","3","1","B03","7","5","1","8","2","5","","87","87","1","12","4","120.666053","24.216754","2"
"6890","66000","387130000C","(04)23274275","(04)23288582","2026","2","17","13","50","臺中市","東區","0","0","0","7","","","50","","","","","","","","","","","","","","13","","","","","B03","","","1","","1","","","7","7","1","12","4","120.692393","24.140554","3"
"6891","66000","387130000C","(04)23274275","(04)23288582","2026","2","17","13","50","臺中市","大甲區","0","0","0","7","","","40","","","","","","","","","","","","","","","","","","","A04","","","1","","1","","","8","8","1","12","4","120.622631","24.342402","3"
"6892","66000","387130000C","(04)23274275","(04)23288582","2026","2","17","13","51","臺中市","梧棲區","0","0","0","7","","","50","","","","","","","","","","","","","","17","","","","","B03","","","1","","2","","","50","50","1","6","4","120.551338","24.251976","3"
"6893","66000","387130000C","(04)23274275","(04)23288582","2026","2","17","13","54","臺中市","潭子區","0","0","0","7","","","30","","","","","","","","","","","","","","","","","","","B03","","","1","","2","","","50","50","1","13","4","120.708557","24.201703","3"
"6894","66000","387130000C","(04)23274275","(04)23288582","2026","2","17","14","0","臺中市","大甲區","0","0","0","7","","","50","","","","","","","","","","","","","","","","","","","B03","","","1","","2","","","84","84","1","6","4","120.617182","24.346946","3"
"6895","66000","387130000C","(04)23274275","(04)23288582","2026","2","17","14","4","臺中市","北屯區","0","0","0","7","","","50","","","","","","","","","","","","","","14","","","","","B03","","","1","","1","","","49","49","1","12","4","120.685598","24.190475","3"
"6896","66000","387130000C","(04)23274275","(04)23288582","2026","2","17","14","4","臺中市","后里區","0","0","0","7","2","6","60","3","2","1","5","4","6","6","1","1","5","4","5","1","14","3","10","3","1","B03","7","2","1","8","1","7","","49","49","1","12","4","120.731076","24.337024","3"
"6897","66000","387130000C","(04)23274275","(04)23288582","2026","2","17","14","10","臺中市","和平區","0","0","0","7","","","50","","","","","","","","","","","","","","17","","","","","B03","","","1","","1","","","8","8","1","12","4","120.93829","24.17306","3"
"6898","66000","387130000C","(04)23274275","(04)23288582","2026","2","17","14","13","臺中市","北屯區","0","2","0","7","3","6","50","13","9","1","5","4","6","6","4","4","1","4","5","2","23","2","8","3","1","B03","7","9","1","7","2","1","","59","59","1","12","4","120.66945","24.200731","2"
"6899","66000","387130000C","(04)23274275","(04)23288582","2026","2","17","14","20","臺中市","南區","0","0","0","7","","","40","","","","","","","","","","","","","","14","","","","","B03","","","1","","1","","","49","49","1","12","4","120.680307","24.127646","3"
"6900","66000","387130000C","(04)23274275","(04)23288582","2026","2","17","14","26","臺中市","霧峰區","0","0","0","7","","3","80","","","","","","","","","","","","","","13","","","","","B03","","","1","","2","","","7","7","1","12","4","120.687819","24.073144","3"
"6901","66000","387130000C","(04)23274275","(04)23288582","2026","2","17","14","27","臺中市","東區","0","0","0","7","","","50","","","","","","","","","","","","","","","","","","","B03","","","1","","2","","","84","84","1","12","4","120.710402","24.140972","3"
"6902","66000","387130000C","(04)23274275","(04)23288582","2026","2","17","14","28","臺中市","南區","0","0","0","7","","","50","","","","","","","","","","","","","","14","","","","","B03","","","1","","9","","","49","49","2","13","4","120.670039","24.118998","3"
"6903","66000","387130000C","(04)23274275","(04)23288582","2026","2","17","14","28","臺中市","大里區","0","0","0","7","3","6","50","13","9","1","5","4","6","6","1","1","10","5","5","2","13","","","","","B12","","","1","","2","","","59","59","1","12","4","120.687324","24.093744","3"
"6904","66000","387130000C","(04)23274275","(04)23288582","2026","2","17","14","30","臺中市","和平區","0","0","0","7","","","25","","","","","","","","","","","","","","19","","","","","B03","","","1","","2","","","43","43","1","12","4","120.909983","24.243552","3"
"6905","66000","387130000C","(04)23274275","(04)23288582","2026","2","17","14","34","臺中市","西區","0","0","0","7","","","50","","","","","","","","","","","","","","2","","","","","B03","","","1","","2","","","47","47","1","13","4","120.66387","24.157595","3"
"6906","66000","387130000C","(04)23274275","(04)23288582","2026","2","17","14","41","臺中市","豐原區","0","1","0","7","2","6","60","13","8","1","5","4","6","6","4","4","1","5","4","2","17","3","10","1","1","C03","7","1","1","10","2","13","","51","51","1","12","4","120.719389","24.236922","2"
"6907","66000","387130000C","(04)23274275","(04)23288582","2026","2","17","14","45","臺中市","清水區","0","0","0","7","2","6","50","4","1","1","5","4","6","6","3","1","8","3","4","2","15","","","","","B03","","","1","","2","","","15","15","1","12","4","120.575186","24.271905","3"
"6908","66000","387130000C","(04)23274275","(04)23288582","2026","2","17","14","47","臺中市","潭子區","0","0","0","7","","","50","","","","","","","","","","","","","","","","","","","B03","","","1","","9","","","51","51","1","13","4","120.703448","24.211345","3"
"6909","66000","387130000C","(04)23274275","(04)23288582","2026","2","17","14","47","臺中市","神岡區","0","0","0","7","1","6","50","13","14","1","5","4","6","6","4","4","1","4","5","1","12","","","","","B03","","","1","","1","","","8","8","1","12","4","120.687653","24.24737","3"
"6910","66000","387130000C","(04)23274275","(04)23288582","2026","2","17","14","53","臺中市","北區","0","1","0","7","2","6","50","4","1","1","5","4","6","6","1","1","10","5","5","2","17","2","9","5","4","C03","7","1","3","19","2","12","","84","84","1","13","4","120.677154","24.150953","2"
"6911","66000","387130000C","(04)23274275","(04)23288582","2026","2","17","14","56","臺中市","外埔區","0","1","0","7","3","6","50","4","1","1","5","4","6","6","1","1","4","4","4","1","13","3","10","3","1","B03","7","9","1","8","2","1","","59","59","1","6","4","120.63539","24.343831","2"
"6912","66000","387130000C","(04)23274275","(04)23288582","2026","2","17","14","58","臺中市","北屯區","0","2","0","7","2","6","50","13","9","1","5","4","6","6","4","4","9","5","5","2","13","3","10","5","4","B03","7","9","1","8","2","1","","7","7","1","12","4","120.777436","24.198789","2"
"6913","66000","387130000C","(04)23274275","(04)23288582","2026","2","17","15","5","臺中市","龍井區","0","0","0","7","","","50","","","","","","","","","","","","","","15","","","","","B03","","","1","","1","","","14","14","1","13","4","120.566205","24.189503","3"
"6914","66000","387130000C","(04)23274275","(04)23288582","2026","2","17","15","5","臺中市","大甲區","0","0","0","7","","","40","","","","","","","","","","","","","","","","","","","C03","","","1","","1","","","8","8","1","12","4","120.624921","24.346924","3"
"6915","66000","387130000C","(04)23274275","(04)23288582","2026","2","17","15","6","臺中市","西區","0","0","0","7","","","50","","","","","","","","","","","","","","12","","","","","B01","","","1","","2","","","8","8","1","13","4","120.658616","24.148301","3"
"6916","66000","387130000C","(04)23274275","(04)23288582","2026","2","17","15","10","臺中市","龍井區","0","0","0","7","","","40","","","","","","","","","","","","","","11","","","","","B03","","","1","","9","","","8","8","1","6","4","120.583294","24.186912","3"
"6917","66000","387130000C","(04)23274275","(04)23288582","2026","2","17","15","12","臺中市","北區","0","0","0","7","","","60","","","","","","","","","","","","","","13","","","","","B03","","","1","","1","","","84","84","1","12","4","120.665175","24.154221","3"
"6918","66000","387130000C","(04)23274275","(04)23288582","2026","2","17","15","14","臺中市","外埔區","0","6","0","7","2","6","30","3","1","1","5","4","6","6","4","4","5","5","5","2","16","2","3","3","1","B03","7","6","1","8","2","8","","12","12","1","12","4","120.68838","24.321645","2"
"6919","66000","387130000C","(04)23274275","(04)23288582","2026","2","17","15","16","臺中市","西屯區","0","1","0","7","1","6","30","13","9","1","5","4","6","6","4","4","4","5","5","2","13","2","8","1","4","C03","7","9","1","10","2","11","","7","7","1","12","4","120.650803","24.18199","2"
"6920","66000","387130000C","(04)23274275","(04)23288582","2026","2","17","15","17","臺中市","北區","0","0","0","7","","","50","","","","","","","","","","","","","","17","","","","","C03","","","1","","1","13","","84","84","1","12","4","120.66521","24.160219","3"
"6921","66000","387130000C","(04)23274275","(04)23288582","2026","2","17","15","19","臺中市","太平區","0","1","0","7","2","6","50","3","1","1","5","4","6","6","4","4","10","5","5","2","16","3","10","3","1","B03","7","6","1","8","2","1","","12","12","1","13","4","120.747964","24.126414","2"
"6922","66000","387130000C","(04)23274275","(04)23288582","2026","2","17","15","20","臺中市","豐原區","0","2","0","7","1","6","50","4","1","1","5","4","6","6","4","4","5","5","5","2","17","3","10","3","1","B03","7","6","1","8","2","2","","20","20","1","6","4","120.73636","24.236138","2"
"6923","66000","387130000C","(04)23274275","(04)23288582","2026","2","17","15","30","臺中市","北屯區","0","1","0","7","2","6","50","4","2","1","5","4","6","6","2","1","10","4","4","2","13","3","10","3","1","B03","7","9","1","8","2","1","","84","84","1","6","4","120.682182","24.180443","2"
"6924","66000","387130000C","(04)23274275","(04)23288582","2026","2","17","15","30","臺中市","東勢區","0","0","0","7","","","30","","","","","","","","","","","","","","","","","","","B03","","","1","","1","","","49","49","1","12","4","120.827887","24.266693","3"
"6925","66000","387130000C","(04)23274275","(04)23288582","2026","2","17","15","32","臺中市","中區","0","0","0","7","","","50","","","","","","","","","","","","","","","","","","","B03","","","1","","2","","","50","50","1","6","4","120.680778","24.141614","3"
"6926","66000","387130000C","(04)23274275","(04)23288582","2026","2","17","15","32","臺中市","大甲區","0","0","0","7","","","50","","","","","","","","","","","","","","","","","","","A02","","","1","","2","","","7","7","1","6","4","120.623001","24.341883","3"