序號,縣市別代碼,機關代碼,市話,傳真,年,月,日,時,分,縣市,區,死亡數量,受傷數量,2-30,天候,道路照明設備,道路類別,道路速限,道路型態,事故位置,路面鋪裝,路面狀態,路面缺陷,障礙物,視距,號誌種類,號誌動作,分向設施,快車道或一般車道間,快慢車道間,路面邊線,事故類型及型態,受傷程度,主要傷處,保護裝備,行動電話或功能裝置,當事者區分(類別),車輛用途,當事者行動狀態,駕照狀態,駕照種類,飲酒情形,車輛撞擊部位最初,車輛撞擊部位其他,肇事因素個別,肇事因素主要,肇事逃逸,職業,共享經濟或外送平台,GPS座標X,GPS座標Y,事故類別
"6927","66000","387130000C","(04)23274275","(04)23288582","2026","2","17","15","34","臺中市","西區","0","0","0","7","","","50","","","","","","","","","","","","","","14","","","","","B03","","","1","","2","","","49","49","1","13","4","120.663827","24.139867","3"
"6928","66000","387130000C","(04)23274275","(04)23288582","2026","2","17","15","50","臺中市","中區","0","0","0","7","","","50","","","","","","","","","","","","","","15","","","","","C02","","","1","","1","","","13","13","1","12","4","120.684439","24.140786","3"
"6929","66000","387130000C","(04)23274275","(04)23288582","2026","2","17","15","52","臺中市","北區","0","0","0","7","","","50","","","","","","","","","","","","","","13","","","","","C03","","","1","","1","","","7","7","1","12","4","120.684799","24.151661","3"
"6930","66000","387130000C","(04)23274275","(04)23288582","2026","2","17","15","55","臺中市","龍井區","0","0","0","7","","3","90","","","","","","","","","","","","","","13","","","","","B03","","","1","","1","","","7","7","1","13","4","120.516919","24.204975","3"
"6931","66000","387130000C","(04)23274275","(04)23288582","2026","2","17","15","58","臺中市","北區","0","0","0","7","","","50","","","","","","","","","","","","","","13","","","","","B01","","","1","","1","","","59","59","1","13","4","120.682894","24.143682","3"
"6932","66000","387130000C","(04)23274275","(04)23288582","2026","2","17","16","0","臺中市","后里區","0","0","0","7","3","6","30","4","1","1","5","4","6","6","","4","5","5","5","2","14","3","10","3","1","B03","7","2","1","8","2","3","","49","49","1","6","4","120.733408","24.311582","3"
"6933","66000","387130000C","(04)23274275","(04)23288582","2026","2","17","16","3","臺中市","北區","0","0","0","7","","","30","","","","","","","","","","","","","","17","","","","","B03","","","1","","1","","","58","58","1","12","4","120.695509","24.157702","3"
"6934","66000","387130000C","(04)23274275","(04)23288582","2026","2","17","16","6","臺中市","大甲區","0","0","0","7","","","40","","","","","","","","","","","","","","","","","","","B12","","","1","","2","","","4","4","1","12","4","120.623574","24.344705","3"
"6935","66000","387130000C","(04)23274275","(04)23288582","2026","2","17","16","6","臺中市","豐原區","0","1","0","7","2","6","50","4","1","1","5","4","6","6","1","1","1","4","5","1","18","2","9","2","4","C03","7","12","1","10","2","16","","11","11","1","12","4","120.729909","24.243819","2"
"6936","66000","387130000C","(04)23274275","(04)23288582","2026","2","17","16","10","臺中市","西屯區","0","0","0","7","","","50","","","","","","","","","","","","","","13","","","","","B03","","","1","","1","","","51","51","1","12","4","120.635715","24.168693","3"
"6937","66000","387130000C","(04)23274275","(04)23288582","2026","2","17","16","17","臺中市","東區","0","3","0","7","2","6","50","4","2","1","5","4","6","6","2","1","5","4","5","2","17","2","9","1","1","C03","7","5","1","10","2","13","","22","22","1","12","4","120.69231","24.142834","2"
"6938","66000","387130000C","(04)23274275","(04)23288582","2026","2","17","16","21","臺中市","西區","0","2","0","7","2","6","50","4","1","1","5","4","6","6","1","1","10","5","5","2","16","2","9","2","1","C03","7","6","1","10","2","11","","36","36","1","12","4","120.652945","24.146725","2"
"6939","66000","387130000C","(04)23274275","(04)23288582","2026","2","17","16","29","臺中市","北屯區","0","1","0","7","2","6","50","3","2","1","5","4","6","6","1","1","1","4","5","2","12","3","10","3","1","B03","7","9","1","8","2","6","","1","1","1","6","4","120.696857","24.16914","2"
"6940","66000","387130000C","(04)23274275","(04)23288582","2026","2","17","16","30","臺中市","南屯區","0","1","0","7","2","6","50","4","1","1","5","4","6","6","2","1","1","4","4","2","16","3","10","3","1","B03","7","6","1","8","2","1","","25","25","1","12","4","120.608012","24.15118","2"
"6941","66000","387130000C","(04)23274275","(04)23288582","2026","2","17","16","32","臺中市","東區","0","0","0","7","","","50","","","","","","","","","","","","","","12","","","","","B03","","","1","","1","","","84","84","1","13","4","120.697425","24.140895","3"
"6942","66000","387130000C","(04)23274275","(04)23288582","2026","2","17","16","35","臺中市","大甲區","0","0","0","7","","","50","","","","","","","","","","","","","","","","","","","C03","","","1","","7","","","7","7","1","6","4","120.628368","24.346549","3"
"6943","66000","387130000C","(04)23274275","(04)23288582","2026","2","17","16","38","臺中市","南區","0","1","0","7","2","6","50","4","1","1","5","4","6","6","4","4","10","5","5","2","18","2","9","1","1","C03","7","6","1","10","2","14","","84","84","1","12","4","120.676047","24.125625","2"
"6944","66000","387130000C","(04)23274275","(04)23288582","2026","2","17","16","38","臺中市","清水區","0","0","0","7","","","50","","","","","","","","","","","","","","","","","","","B03","","","1","","2","","","58","58","1","12","4","120.570029","24.271519","3"
"6945","66000","387130000C","(04)23274275","(04)23288582","2026","2","17","16","44","臺中市","大安區","0","0","0","7","","","40","","","","","","","","","","","","","","","","","","","B03","","","1","","2","","","8","8","1","12","4","120.586556","24.343601","3"
"6946","66000","387130000C","(04)23274275","(04)23288582","2026","2","17","16","45","臺中市","龍井區","0","0","0","7","","3","90","","","","","","","","","","","","","","13","","","","","B03","","","1","","1","","","56","56","1","13","4","120.511172","24.196186","3"
"6947","66000","387130000C","(04)23274275","(04)23288582","2026","2","17","17","0","臺中市","豐原區","0","0","0","7","","","50","","","","","","","","","","","","","","13","","","","","B03","","","1","","2","","","59","59","1","13","4","120.72869","24.257395","3"
"6948","66000","387130000C","(04)23274275","(04)23288582","2026","2","17","17","30","臺中市","大里區","0","1","0","7","2","6","50","4","2","1","5","4","6","6","4","4","5","5","5","1","17","3","10","3","1","B03","7","1","1","8","2","8","","51","51","1","12","4","120.689269","24.116479","2"
"6949","66000","387130000C","(04)23274275","(04)23288582","2026","2","17","17","49","臺中市","北屯區","0","0","0","7","","","40","","","","","","","","","","","","","","","","","","","B03","","","1","","1","","","48","48","1","6","4","120.723038","24.164912","3"
"6950","66000","387130000C","(04)23274275","(04)23288582","2026","2","17","17","50","臺中市","南區","0","0","0","7","","","50","","","","","","","","","","","","","","9","","","","","B03","","","1","","2","","","84","84","1","12","4","120.668854","24.1172","3"
"6951","66000","387130000C","(04)23274275","(04)23288582","2026","2","17","17","50","臺中市","南屯區","0","0","0","7","","","0","","","","","","","","","","","","","","14","","","","","B03","","","1","","2","","","49","49","1","13","4","120.635067","24.148545","3"
"6952","66000","387130000C","(04)23274275","(04)23288582","2026","2","17","17","51","臺中市","東區","0","1","0","7","1","6","50","3","1","1","5","4","6","6","4","4","9","4","5","2","12","3","10","3","1","B03","7","11","1","8","2","4","","85","85","1","12","4","120.701099","24.13187","2"
"6953","66000","387130000C","(04)23274275","(04)23288582","2026","2","17","17","55","臺中市","龍井區","0","0","0","7","","","50","","","","","","","","","","","","","","14","","","","","B03","","","1","","1","","","43","43","1","13","4","120.534586","24.177289","3"
"6954","66000","387130000C","(04)23274275","(04)23288582","2026","2","17","17","59","臺中市","北屯區","0","0","0","7","","","40","","","","","","","","","","","","","","17","","","","","","","","","","","","","119","119","1","","","120.727582","24.176712","3"
"6955","66000","387130000C","(04)23274275","(04)23288582","2026","2","17","17","59","臺中市","大甲區","0","0","0","7","","","50","","","","","","","","","","","","","","","","","","","B03","","","1","","2","","","59","59","1","6","4","120.627137","24.348806","3"
"6956","66000","387130000C","(04)23274275","(04)23288582","2026","2","17","18","14","臺中市","北區","0","1","0","7","1","6","50","13","9","1","5","4","6","6","4","4","7","4","5","2","17","2","9","5","4","C03","7","9","1","10","8","14","","53","53","1","12","4","120.696739","24.155222","2"
"6957","66000","387130000C","(04)23274275","(04)23288582","2026","2","17","18","15","臺中市","大雅區","0","1","0","7","1","6","50","3","1","1","5","4","6","6","3","1","5","5","5","1","17","2","9","1","1","C03","7","9","1","10","2","12","","82","82","1","13","4","120.67309","24.231308","2"
"6958","66000","387130000C","(04)23274275","(04)23288582","2026","2","17","18","15","臺中市","太平區","0","0","0","7","1","6","50","","","","","","","","","","","","","","","","","","","C01","","","1","","2","11","","58","58","1","12","4","120.734403","24.144893","3"
"6959","66000","387130000C","(04)23274275","(04)23288582","2026","2","17","18","15","臺中市","大肚區","0","0","0","1","","","30","","","","","","","","","","","","","","11","","","","","B03","","","1","","2","","","8","8","1","12","4","120.552135","24.130842","3"
"6960","66000","387130000C","(04)23274275","(04)23288582","2026","2","17","18","18","臺中市","豐原區","0","0","0","7","","","50","","","","","","","","","","","","","","13","","","","","B03","","","1","","2","","","59","59","1","13","4","120.721736","24.273086","3"
"6961","66000","387130000C","(04)23274275","(04)23288582","2026","2","17","18","27","臺中市","霧峰區","0","1","0","7","1","6","30","4","1","1","5","4","6","6","1","1","10","5","5","2","17","3","10","5","4","B03","7","9","1","8","2","8","","21","21","1","6","4","120.690234","24.048971","2"
"6962","66000","387130000C","(04)23274275","(04)23288582","2026","2","17","18","28","臺中市","南區","0","0","0","7","","","50","","","","","","","","","","","","","","13","","","","","B01","","","1","","1","","","84","84","1","12","4","120.660269","24.113193","3"
"6963","66000","387130000C","(04)23274275","(04)23288582","2026","2","17","18","42","臺中市","東區","0","0","0","7","","","50","","","","","","","","","","","","","","16","","","","","C03","","","1","","1","","","12","12","1","13","4","120.692377","24.140675","3"
"6964","66000","387130000C","(04)23274275","(04)23288582","2026","2","17","18","43","臺中市","豐原區","0","2","0","7","2","6","50","4","1","1","5","4","6","6","1","1","5","5","5","2","16","2","9","5","4","C03","7","6","1","10","2","12","","11","11","1","12","4","120.702048","24.244484","2"
"6965","66000","387130000C","(04)23274275","(04)23288582","2026","2","17","19","0","臺中市","北屯區","0","1","0","7","1","6","50","13","9","1","5","4","6","6","4","4","9","4","5","2","30","","","","","","","","","","","","","119","119","1","","","120.719496","24.179575","2"
"6966","66000","387130000C","(04)23274275","(04)23288582","2026","2","17","19","2","臺中市","西屯區","0","0","0","7","","","40","","","","","","","","","","","","","","13","","","","","B03","","","1","","1","","","7","7","1","12","4","120.637778","24.17289","3"
"6967","66000","387130000C","(04)23274275","(04)23288582","2026","2","17","19","2","臺中市","西屯區","0","0","0","7","","","40","","","","","","","","","","","","","","13","","","","","B03","","","1","","1","","","59","59","1","12","4","120.610112","24.18679","3"
"6968","66000","387130000C","(04)23274275","(04)23288582","2026","2","17","19","3","臺中市","霧峰區","0","1","0","7","1","6","50","4","1","1","5","4","6","6","1","1","5","5","5","1","16","3","10","2","1","C03","7","5","1","10","2","12","","20","20","1","13","4","120.696789","24.070088","2"
"6969","66000","387130000C","(04)23274275","(04)23288582","2026","2","17","19","10","臺中市","西屯區","0","1","0","7","1","6","60","5","1","1","5","4","6","6","2","1","10","5","5","2","11","3","10","3","4","B03","7","11","1","8","2","1","","38","38","1","12","4","120.635316","24.181953","2"
"6970","66000","387130000C","(04)23274275","(04)23288582","2026","2","17","19","10","臺中市","西屯區","0","1","0","7","1","6","50","5","1","1","5","4","6","6","1","1","5","5","5","2","16","3","10","3","1","B03","7","6","1","8","2","6","","11","11","1","12","4","120.648819","24.168748","2"
"6971","66000","387130000C","(04)23274275","(04)23288582","2026","2","17","19","19","臺中市","南屯區","0","0","0","7","","","50","","","","","","","","","","","","","","13","","","","","B03","","","1","","2","","","7","7","1","6","4","120.620662","24.152217","3"
"6972","66000","387130000C","(04)23274275","(04)23288582","2026","2","17","19","26","臺中市","北區","0","0","0","7","","","50","","","","","","","","","","","","","","13","","","","","B03","","","1","","1","","","59","59","1","13","4","120.678071","24.148908","3"
"6973","66000","387130000C","(04)23274275","(04)23288582","2026","2","17","19","40","臺中市","新社區","0","0","0","7","","","40","","","","","","","","","","","","","","","","","","","C01","","","1","","1","","","84","84","1","13","4","120.7976","24.203109","3"
"6974","66000","387130000C","(04)23274275","(04)23288582","2026","2","17","19","41","臺中市","大里區","0","0","0","7","","","50","","","","","","","","","","","","","","","","","","","B03","","","1","","2","","","24","24","1","12","4","120.684287","24.117095","3"
"6975","66000","387130000C","(04)23274275","(04)23288582","2026","2","17","19","42","臺中市","東區","0","0","0","7","","","50","","","","","","","","","","","","","","14","","","","","B03","","","1","","2","","","49","49","1","6","4","120.69239","24.141899","3"
"6976","66000","387130000C","(04)23274275","(04)23288582","2026","2","17","19","48","臺中市","東區","0","1","0","7","1","6","50","4","1","1","5","4","6","6","2","1","3","4","4","2","12","3","10","3","1","B03","7","5","1","8","2","2","","11","11","1","6","4","120.692423","24.147882","2"
"6977","66000","387130000C","(04)23274275","(04)23288582","2026","2","17","19","48","臺中市","西屯區","0","1","0","7","1","6","50","4","1","1","5","4","6","6","2","1","10","5","5","2","16","2","9","1","1","C03","7","6","1","9","2","14","","36","36","1","13","4","120.644164","24.201417","2"
"6978","66000","387130000C","(04)23274275","(04)23288582","2026","2","17","19","51","臺中市","北屯區","0","1","0","7","1","6","40","3","1","1","5","4","6","6","4","4","10","5","5","2","13","2","9","2","1","C03","7","9","1","10","2","11","","7","7","1","6","4","120.664593","24.184598","2"
"6979","66000","387130000C","(04)23274275","(04)23288582","2026","2","17","20","7","臺中市","沙鹿區","0","1","0","7","1","6","60","4","1","1","5","4","6","6","2","1","10","5","5","2","16","3","10","3","1","B03","7","5","1","8","2","5","","38","38","1","6","4","120.571621","24.242324","2"
"6980","66000","387130000C","(04)23274275","(04)23288582","2026","2","17","20","20","臺中市","清水區","0","0","0","7","","","30","","","","","","","","","","","","","","17","","","","","B03","","","1","","2","","","43","43","1","12","4","120.586978","24.292813","3"
"6981","66000","387130000C","(04)23274275","(04)23288582","2026","2","17","20","29","臺中市","霧峰區","0","2","0","7","2","6","50","13","7","1","5","4","6","6","4","4","5","4","4","1","17","2","9","5","4","C03","7","11","1","10","2","14","","34","34","1","6","4","120.698748","24.064827","2"
"6982","66000","387130000C","(04)23274275","(04)23288582","2026","2","17","20","55","臺中市","潭子區","0","0","0","7","","","50","","","","","","","","","","","","","","9","","","","","B03","","","1","","2","","","45","45","1","12","4","120.706085","24.201362","3"
"6983","66000","387130000C","(04)23274275","(04)23288582","2026","2","17","21","15","臺中市","西屯區","0","1","0","7","1","6","50","13","9","1","5","4","6","6","4","4","4","5","5","2","9","2","9","1","4","C03","7","9","1","10","8","12","","53","53","1","12","4","120.638763","24.180176","2"
"6984","66000","387130000C","(04)23274275","(04)23288582","2026","2","17","21","17","臺中市","南區","0","0","0","7","","","50","","","","","","","","","","","","","","","","","","","B03","","","1","","1","","","7","7","1","12","4","120.657407","24.125094","3"
"6985","66000","387130000C","(04)23274275","(04)23288582","2026","2","17","21","20","臺中市","南屯區","0","2","0","7","1","6","50","13","9","1","5","4","6","6","4","4","1","4","5","2","13","2","9","2","1","F03","7","9","7","21","2","11","","7","7","1","12","4","120.6465","24.13856","2"
"6986","66000","387130000C","(04)23274275","(04)23288582","2026","2","17","21","33","臺中市","霧峰區","0","0","0","7","","","50","","","","","","","","","","","","","","","","","","","C03","","","1","","2","","","84","84","1","13","4","120.704409","24.076242","3"
"6987","66000","387130000C","(04)23274275","(04)23288582","2026","2","17","21","37","臺中市","北屯區","0","0","0","7","","","50","","","","","","","","","","","","","","","","","","","B03","","","1","","1","","","50","50","1","12","4","120.71047","24.169422","3"
"6988","66000","387130000C","(04)23274275","(04)23288582","2026","2","17","21","38","臺中市","西屯區","0","1","0","7","1","6","50","3","1","1","5","4","6","6","4","4","5","5","5","2","13","3","10","3","1","B03","7","5","1","8","2","3","","14","14","1","12","4","120.648576","24.16907","2"
"6989","66000","387130000C","(04)23274275","(04)23288582","2026","2","17","21","39","臺中市","后里區","0","0","0","7","","","30","","","","","","","","","","","","","","12","","","","","B03","","","1","","1","","","51","51","1","6","4","120.718441","24.310028","3"
"6990","66000","387130000C","(04)23274275","(04)23288582","2026","2","17","21","41","臺中市","東區","0","0","0","7","","","50","","","","","","","","","","","","","","17","","","","","B03","","","1","","2","","","84","84","1","12","4","120.701392","24.140214","3"
"6991","66000","387130000C","(04)23274275","(04)23288582","2026","2","17","21","45","臺中市","北區","0","1","0","7","1","6","50","3","1","1","5","4","6","6","4","4","10","5","5","2","18","2","9","5","4","C03","7","9","1","10","2","12","","84","84","1","12","4","120.682918","24.145569","2"
"6992","66000","387130000C","(04)23274275","(04)23288582","2026","2","17","22","2","臺中市","南屯區","0","0","0","7","","","50","","","","","","","","","","","","","","13","","","","","C03","","","1","","2","","","59","59","1","12","4","120.638083","24.148596","3"
"6993","66000","387130000C","(04)23274275","(04)23288582","2026","2","17","22","5","臺中市","北區","0","1","0","7","3","6","50","4","2","1","5","4","6","6","4","4","5","4","5","2","16","3","10","5","4","B03","7","5","1","8","2","2","","84","84","1","13","4","120.68618","24.141731","2"
"6994","66000","387130000C","(04)23274275","(04)23288582","2026","2","17","22","9","臺中市","潭子區","0","1","0","7","1","6","40","13","7","1","5","4","6","6","4","4","5","5","4","2","17","3","10","3","1","B03","7","1","1","8","2","4","","51","51","1","12","4","120.701221","24.208712","2"
"6995","66000","387130000C","(04)23274275","(04)23288582","2026","2","17","22","10","臺中市","北屯區","0","0","0","7","","","50","","","","","","","","","","","","","","9","","","","","B03","","","1","","1","","","84","84","1","6","4","120.733413","24.162339","3"
"6996","66000","387130000C","(04)23274275","(04)23288582","2026","2","17","22","30","臺中市","豐原區","0","0","0","7","","","50","","","","","","","","","","","","","","13","","","","","B03","","","1","","2","","","82","82","1","13","4","120.706413","24.243894","3"
"6997","66000","387130000C","(04)23274275","(04)23288582","2026","2","17","22","50","臺中市","南區","0","2","0","7","1","6","50","13","9","1","5","4","6","6","4","4","9","5","5","2","17","3","10","3","1","B03","7","1","1","8","2","1","","51","51","1","6","4","120.659637","24.110383","2"
"6998","66000","387130000C","(04)23274275","(04)23288582","2026","2","17","22","50","臺中市","北屯區","0","1","0","7","1","6","50","11","9","1","5","4","6","6","4","4","1","4","4","2","20","2","9","1","1","C03","7","9","1","10","2","14","","84","84","1","6","4","120.787036","24.205122","2"
"6999","66000","387130000C","(04)23274275","(04)23288582","2026","2","17","23","0","臺中市","潭子區","0","0","0","7","","","0","","","","","","","","","","","","","","14","","","","","B03","","","1","","2","","","49","49","1","12","4","120.709799","24.204674","3"
"7000","66000","387130000C","(04)23274275","(04)23288582","2026","2","17","23","11","臺中市","西屯區","0","0","0","7","","","50","","","","","","","","","","","","","","17","","","","","B03","","","1","","2","","","8","8","1","13","4","120.590062","24.176996","3"
"7001","66000","387130000C","(04)23274275","(04)23288582","2026","2","17","23","13","臺中市","西屯區","0","0","0","7","","","50","","","","","","","","","","","","","","12","","","","","B03","","","1","","2","","","51","51","1","12","4","120.647723","24.174011","3"
"7002","66000","387130000C","(04)23274275","(04)23288582","2026","2","17","23","44","臺中市","東區","0","0","0","7","","","50","","","","","","","","","","","","","","","","","","","B03","","","1","","2","","","15","15","1","6","4","120.70855","24.142191","3"
"7003","66000","387130000C","(04)23274275","(04)23288582","2026","2","17","23","49","臺中市","北屯區","0","0","0","7","","","50","","","","","","","","","","","","","","16","","","","","B01","","","1","","1","","","48","48","1","6","4","120.70819","24.170222","3"
"7004","66000","387130000C","(04)23274275","(04)23288582","2026","2","18","0","4","臺中市","北屯區","0","0","0","7","","","50","","","","","","","","","","","","","","","","","","","B03","","","1","","2","","","49","49","1","13","4","120.712739","24.160731","3"
"7005","66000","387130000C","(04)23274275","(04)23288582","2026","2","18","0","8","臺中市","大雅區","0","1","0","7","1","6","60","13","14","1","5","4","6","6","4","4","8","3","4","1","26","2","9","3","4","B03","7","9","3","19","4","1","","53","53","1","12","4","120.645999","24.224278","2"
"7006","66000","387130000C","(04)23274275","(04)23288582","2026","2","18","0","24","臺中市","北區","0","2","0","7","1","6","50","4","1","1","5","4","6","6","4","4","10","5","5","2","15","3","10","1","1","C03","7","9","1","10","2","14","","12","12","1","12","4","120.692644","24.156589","2"
"7007","66000","387130000C","(04)23274275","(04)23288582","2026","2","18","0","35","臺中市","清水區","0","0","0","7","","","30","","","","","","","","","","","","","","17","","","","","B03","","","1","","9","","","8","8","1","12","4","120.574243","24.291074","3"
"7008","66000","387130000C","(04)23274275","(04)23288582","2026","2","18","1","32","臺中市","大甲區","0","1","0","7","1","6","50","13","9","1","5","4","6","6","4","4","8","3","5","1","17","2","1","3","1","B03","7","9","1","8","2","5","","59","59","1","6","4","120.620763","24.344586","2"
"7009","66000","387130000C","(04)23274275","(04)23288582","2026","2","18","2","40","臺中市","神岡區","0","0","0","7","","","50","","","","","","","","","","","","","","12","","","","","B03","","","1","","2","","","84","84","1","13","4","120.684996","24.246108","3"
"7010","66000","387130000C","(04)23274275","(04)23288582","2026","2","18","3","29","臺中市","西屯區","0","1","0","7","1","6","50","4","1","1","5","4","6","6","2","1","10","5","5","2","16","3","10","5","4","B03","7","6","1","8","2","5","","11","11","1","13","4","120.645066","24.178844","2"
"7011","66000","387130000C","(04)23274275","(04)23288582","2026","2","18","4","54","臺中市","潭子區","0","0","0","7","","","","","","","","","","","","","","","","","","","","","","","","","","","","","","119","119","1","","","120.677804","24.205588","3"
"7012","66000","387130000C","(04)23274275","(04)23288582","2026","2","18","4","56","臺中市","南區","0","1","0","7","1","6","50","18","9","1","5","4","6","6","4","4","1","4","4","2","17","2","9","2","1","C03","7","9","1","10","2","11","","59","59","1","6","4","120.681075","24.12779","2"
"7013","66000","387130000C","(04)23274275","(04)23288582","2026","2","18","5","19","臺中市","北屯區","0","2","0","7","1","6","50","4","2","1","5","4","6","6","4","4","5","4","5","2","15","2","9","1","1","C03","7","9","1","10","2","14","","20","20","1","13","4","120.71581","24.17303","2"
"7014","66000","387130000C","(04)23274275","(04)23288582","2026","2","18","6","30","臺中市","大肚區","0","0","0","7","","","50","","","","","","","","","","","","","","","","","","","B03","","","1","","2","","","49","49","1","6","4","120.547697","24.151173","3"
"7015","66000","387130000C","(04)23274275","(04)23288582","2026","2","18","6","33","臺中市","大安區","0","0","0","7","","","30","","","","","","","","","","","","","","30","","","","","B03","","","1","","2","","","56","56","1","6","4","120.603201","24.361992","3"
"7016","66000","387130000C","(04)23274275","(04)23288582","2026","2","18","7","2","臺中市","烏日區","0","0","0","7","2","6","40","13","8","1","5","4","6","6","4","4","1","3","4","1","26","3","10","3","1","B01","7","9","1","8","2","2","","55","55","1","6","4","120.621028","24.109645","3"
"7017","66000","387130000C","(04)23274275","(04)23288582","2026","2","18","7","39","臺中市","霧峰區","0","0","0","7","","","50","","","","","","","","","","","","","","13","","","","","B03","","","1","","2","","","84","84","1","6","4","120.699189","24.06835","3"
"7018","66000","387130000C","(04)23274275","(04)23288582","2026","2","18","7","49","臺中市","外埔區","0","0","0","7","2","6","50","13","9","1","5","4","6","6","4","4","9","4","5","1","12","","","","","C03","","","1","","2","","","20","20","1","6","4","120.682333","24.333989","3"
"7019","66000","387130000C","(04)23274275","(04)23288582","2026","2","18","7","52","臺中市","梧棲區","0","3","0","7","3","6","30","4","1","1","5","4","6","6","4","4","10","5","5","2","16","2","8","1","1","C03","7","5","1","10","2","14","","20","20","1","6","4","120.558022","24.242177","2"
"7020","66000","387130000C","(04)23274275","(04)23288582","2026","2","18","7","58","臺中市","豐原區","0","0","0","7","","","50","","","","","","","","","","","","","","13","","","","","B03","","","1","","2","","","59","59","1","12","4","120.720582","24.266975","3"
"7021","66000","387130000C","(04)23274275","(04)23288582","2026","2","18","8","13","臺中市","豐原區","0","1","0","7","2","6","50","13","9","1","5","4","6","6","4","4","1","4","5","1","12","2","9","1","1","C03","7","9","3","19","2","14","","85","85","1","12","4","120.744894","24.265002","2"
"7022","66000","387130000C","(04)23274275","(04)23288582","2026","2","18","8","15","臺中市","大甲區","0","1","0","7","3","6","50","13","9","1","5","4","6","6","1","1","5","5","5","1","18","2","9","5","4","C03","7","9","1","10","2","15","","84","84","1","6","4","120.629525","24.35053","2"
"7023","66000","387130000C","(04)23274275","(04)23288582","2026","2","18","8","33","臺中市","南區","0","2","0","7","2","6","40","13","12","1","5","4","6","6","4","4","5","4","4","2","12","3","10","2","1","C03","7","7","1","10","2","13","","84","84","1","6","4","120.669207","24.114725","2"
"7024","66000","387130000C","(04)23274275","(04)23288582","2026","2","18","8","37","臺中市","西屯區","0","0","0","7","","","60","","","","","","","","","","","","","","13","","","","","B03","","","1","","1","","","59","59","1","12","4","120.639008","24.16913","3"
"7025","66000","387130000C","(04)23274275","(04)23288582","2026","2","18","8","53","臺中市","西屯區","0","1","0","7","2","6","40","13","8","1","5","4","6","6","4","4","1","5","1","2","30","2","9","1","1","C03","7","9","1","9","2","14","","84","84","1","12","4","120.622286","24.17944","2"
"7026","66000","387130000C","(04)23274275","(04)23288582","2026","2","18","8","55","臺中市","南區","0","0","0","7","","","50","","","","","","","","","","","","","","17","","","","","B03","","","1","","2","","","59","59","1","12","4","120.666688","24.118497","3"
"7027","66000","387130000C","(04)23274275","(04)23288582","2026","2","18","8","55","臺中市","南屯區","0","1","0","7","2","6","50","13","9","1","5","4","6","6","4","4","3","4","5","2","17","2","9","1","1","C03","7","9","1","10","2","11","","84","84","1","13","4","120.652647","24.140309","2"
"7028","66000","387130000C","(04)23274275","(04)23288582","2026","2","18","9","3","臺中市","南屯區","0","1","0","7","2","6","50","4","1","1","5","4","6","6","2","1","1","5","5","2","16","3","10","1","1","C03","7","5","5","19","5","12","","47","47","1","6","4","120.640757","24.153643","2"
"7029","66000","387130000C","(04)23274275","(04)23288582","2026","2","18","9","16","臺中市","大雅區","0","1","0","7","2","6","50","4","1","1","5","4","6","6","1","1","5","5","5","1","11","3","10","3","1","B03","7","6","1","8","2","6","","48","48","1","12","4","120.648638","24.225859","2"
"7030","66000","387130000C","(04)23274275","(04)23288582","2026","2","18","9","35","臺中市","北屯區","0","0","0","7","","","50","","","","","","","","","","","","","","16","","","","","C03","","","1","","2","","","13","13","1","13","4","120.739853","24.177766","3"
"7031","66000","387130000C","(04)23274275","(04)23288582","2026","2","18","9","44","臺中市","豐原區","0","0","0","7","","","50","","","","","","","","","","","","","","17","","","","","B03","","","1","","1","","","84","84","1","12","4","120.717308","24.258311","3"
"7032","66000","387130000C","(04)23274275","(04)23288582","2026","2","18","9","49","臺中市","外埔區","0","2","0","7","3","6","50","13","9","1","5","4","6","6","4","4","10","5","5","2","20","2","9","3","1","B03","7","9","1","8","2","5","","6","6","1","6","4","120.689878","24.329964","2"
"7033","66000","387130000C","(04)23274275","(04)23288582","2026","2","18","9","50","臺中市","大里區","0","0","0","7","","","50","","","","","","","","","","","","","","13","","","","","B03","","","1","","1","","","7","7","1","6","4","120.67617","24.10356","3"
"7034","66000","387130000C","(04)23274275","(04)23288582","2026","2","18","9","50","臺中市","梧棲區","0","1","0","7","3","6","50","4","1","1","5","4","6","6","1","1","10","5","5","2","16","3","10","3","1","B03","7","6","1","8","2","8","","11","11","1","6","4","120.55869","24.256709","2"
"7035","66000","387130000C","(04)23274275","(04)23288582","2026","2","18","10","0","臺中市","北屯區","0","0","0","7","","","","","","","","","","","","","","","","","17","","","","","","","","","","","","","86","86","1","","","120.681634","24.190899","3"
"7036","66000","387130000C","(04)23274275","(04)23288582","2026","2","18","10","5","臺中市","霧峰區","0","1","0","7","3","6","50","3","2","1","5","4","6","6","1","1","9","4","4","1","13","3","10","1","1","C03","7","9","1","10","2","11","","7","7","1","13","4","120.697669","24.057188","2"
"7037","66000","387130000C","(04)23274275","(04)23288582","2026","2","18","10","6","臺中市","太平區","0","0","0","7","","","50","","","","","","","","","","","","","","17","","","","","B03","","","1","","2","","","84","84","1","12","4","120.717834","24.112338","3"