序號,縣市別代碼,機關代碼,市話,傳真,年,月,日,時,分,縣市,區,死亡數量,受傷數量,2-30,天候,道路照明設備,道路類別,道路速限,道路型態,事故位置,路面鋪裝,路面狀態,路面缺陷,障礙物,視距,號誌種類,號誌動作,分向設施,快車道或一般車道間,快慢車道間,路面邊線,事故類型及型態,受傷程度,主要傷處,保護裝備,行動電話或功能裝置,當事者區分(類別),車輛用途,當事者行動狀態,駕照狀態,駕照種類,飲酒情形,車輛撞擊部位最初,車輛撞擊部位其他,肇事因素個別,肇事因素主要,肇事逃逸,職業,共享經濟或外送平台,GPS座標X,GPS座標Y,事故類別
"7038","66000","387130000C","(04)23274275","(04)23288582","2026","2","18","10","8","臺中市","清水區","0","0","0","7","","","60","","","","","","","","","","","","","","","","","","","B03","","","1","","1","","","7","7","1","12","4","120.552015","24.294046","3"
"7039","66000","387130000C","(04)23274275","(04)23288582","2026","2","18","10","10","臺中市","大里區","0","1","0","7","2","6","50","4","1","1","5","4","6","6","1","1","10","5","5","2","17","2","7","2","1","C03","7","9","1","10","2","11","","84","84","1","6","4","120.694125","24.083605","2"
"7040","66000","387130000C","(04)23274275","(04)23288582","2026","2","18","10","11","臺中市","南屯區","0","1","0","7","2","6","30","4","1","1","5","4","6","6","4","4","9","5","5","2","15","2","9","1","1","C03","7","9","3","19","2","12","","12","12","1","12","4","120.636004","24.139472","2"
"7041","66000","387130000C","(04)23274275","(04)23288582","2026","2","18","10","16","臺中市","西區","0","1","0","7","2","6","50","4","1","1","5","4","6","6","1","1","10","5","5","2","16","3","10","3","1","B03","7","6","1","8","2","8","","11","11","1","12","4","120.657394","24.136524","2"
"7042","66000","387130000C","(04)23274275","(04)23288582","2026","2","18","10","17","臺中市","東勢區","0","1","0","7","2","6","40","4","1","1","5","4","6","6","1","1","10","5","5","2","12","2","9","1","1","C03","7","9","1","10","2","14","","84","84","1","12","4","120.837433","24.224264","2"
"7043","66000","387130000C","(04)23274275","(04)23288582","2026","2","18","10","18","臺中市","東區","0","1","0","7","3","6","50","13","9","1","5","4","6","6","4","4","5","5","5","2","13","2","9","5","4","C03","7","9","2","19","2","11","","7","7","1","12","4","120.701034","24.144264","2"
"7044","66000","387130000C","(04)23274275","(04)23288582","2026","2","18","10","19","臺中市","南屯區","0","1","0","7","2","6","40","4","1","1","5","4","6","6","1","1","5","4","4","2","17","2","9","1","1","C03","7","6","1","10","2","14","","48","48","1","13","4","120.637436","24.138089","2"
"7045","66000","387130000C","(04)23274275","(04)23288582","2026","2","18","10","20","臺中市","清水區","0","1","0","7","3","6","50","13","24","1","5","4","6","6","4","4","9","5","5","2","18","2","9","1","1","C03","7","9","1","10","2","14","","59","59","1","12","4","120.571964","24.271096","2"
"7046","66000","387130000C","(04)23274275","(04)23288582","2026","2","18","10","22","臺中市","東區","0","1","0","7","2","6","50","4","1","1","5","4","6","6","4","4","10","5","5","2","15","2","9","5","4","C03","7","9","3","19","2","12","","15","15","1","13","4","120.703975","24.135707","2"
"7047","66000","387130000C","(04)23274275","(04)23288582","2026","2","18","10","22","臺中市","北屯區","0","0","0","7","","","50","","","","","","","","","","","","","","13","","","","","B03","","","1","8","2","","","7","7","1","12","4","120.698924","24.170283","3"
"7048","66000","387130000C","(04)23274275","(04)23288582","2026","2","18","10","29","臺中市","西區","0","2","0","7","2","6","50","4","1","1","5","4","6","6","1","1","10","5","5","2","17","3","10","1","1","C03","7","9","1","10","2","11","","7","7","1","12","4","120.655081","24.150801","2"
"7049","66000","387130000C","(04)23274275","(04)23288582","2026","2","18","10","29","臺中市","大里區","0","0","0","7","","","30","","","","","","","","","","","","","","","","","","","B01","","","1","","2","","","51","51","1","13","4","120.701568","24.096122","3"
"7050","66000","387130000C","(04)23274275","(04)23288582","2026","2","18","10","30","臺中市","大里區","0","1","0","7","2","6","30","3","1","1","5","4","6","6","4","4","10","5","5","2","16","2","9","2","1","C03","7","6","1","10","2","11","","14","14","1","6","4","120.701694","24.082733","2"
"7051","66000","387130000C","(04)23274275","(04)23288582","2026","2","18","10","30","臺中市","神岡區","0","1","0","7","1","6","50","3","1","1","5","4","6","6","4","4","5","4","4","2","16","2","9","1","4","C03","7","6","1","10","2","11","","48","48","1","12","4","120.656142","24.250507","2"
"7052","66000","387130000C","(04)23274275","(04)23288582","2026","2","18","10","31","臺中市","潭子區","0","1","0","7","3","6","60","3","2","1","5","4","6","6","4","4","1","4","4","1","17","3","10","3","1","B03","7","5","1","8","2","5","","47","47","1","13","4","120.705279","24.21087","2"
"7053","66000","387130000C","(04)23274275","(04)23288582","2026","2","18","10","36","臺中市","南屯區","0","0","0","6","","","50","","","","","","","","","","","","","","17","","","","","B02","","","1","","2","","","50","50","1","6","4","120.610094","24.135479","3"
"7054","66000","387130000C","(04)23274275","(04)23288582","2026","2","18","10","41","臺中市","西屯區","0","0","0","7","","","60","","","","","","","","","","","","","","13","","","","","B03","","","1","","2","","","40","40","1","12","4","120.641658","24.167328","3"
"7055","66000","387130000C","(04)23274275","(04)23288582","2026","2","18","10","41","臺中市","烏日區","0","0","0","7","","","50","","","","","","","","","","","","","","12","","","","","B03","","","1","","2","","","50","50","1","13","4","120.627825","24.10436","3"
"7056","66000","387130000C","(04)23274275","(04)23288582","2026","2","18","10","43","臺中市","西屯區","0","0","0","7","","","60","","","","","","","","","","","","","","2","","","","","B03","","","1","","1","","","8","8","1","13","4","120.646474","24.164367","3"
"7057","66000","387130000C","(04)23274275","(04)23288582","2026","2","18","10","49","臺中市","南屯區","0","1","0","7","2","6","50","13","7","1","5","4","6","6","1","1","9","4","4","2","17","3","10","1","1","C03","7","9","1","10","2","11","","7","7","1","12","4","120.636675","24.153355","2"
"7058","66000","387130000C","(04)23274275","(04)23288582","2026","2","18","10","50","臺中市","大里區","0","1","0","7","3","6","50","13","9","1","5","4","6","6","3","1","5","4","5","1","16","3","10","5","4","C03","7","11","1","10","2","11","","45","45","1","13","4","120.689464","24.117184","2"
"7059","66000","387130000C","(04)23274275","(04)23288582","2026","2","18","10","54","臺中市","西屯區","0","0","0","7","","","60","","","","","","","","","","","","","","12","","","","","B03","","","1","","2","","","40","40","1","12","4","120.649487","24.1629","3"
"7060","66000","387130000C","(04)23274275","(04)23288582","2026","2","18","11","2","臺中市","梧棲區","0","0","0","7","","","40","","","","","","","","","","","","","","17","","","","","C03","","","1","","2","","","59","59","1","6","4","120.542249","24.248088","3"
"7061","66000","387130000C","(04)23274275","(04)23288582","2026","2","18","11","4","臺中市","豐原區","0","0","0","7","","","50","","","","","","","","","","","","","","13","","","","","B03","","","1","","1","","","59","59","1","12","4","120.742045","24.263388","3"
"7062","66000","387130000C","(04)23274275","(04)23288582","2026","2","18","11","6","臺中市","神岡區","0","0","0","7","2","6","50","11","7","1","5","4","6","6","4","4","1","4","4","1","17","3","10","3","1","B03","7","9","1","8","2","1","1","7","7","1","12","4","120.69165","24.231644","3"
"7063","66000","387130000C","(04)23274275","(04)23288582","2026","2","18","11","9","臺中市","龍井區","0","1","0","7","2","6","50","3","1","1","5","4","6","6","1","1","3","4","5","2","16","2","8","1","1","C03","7","8","1","10","2","13","","84","84","1","12","4","120.543823","24.189635","2"
"7064","66000","387130000C","(04)23274275","(04)23288582","2026","2","18","11","12","臺中市","霧峰區","0","1","0","7","3","6","40","13","9","1","5","4","6","6","4","4","9","5","5","1","16","3","10","1","1","C03","7","9","1","10","2","16","","8","8","1","13","4","120.703454","24.070783","2"
"7065","66000","387130000C","(04)23274275","(04)23288582","2026","2","18","11","15","臺中市","南屯區","0","0","0","7","","","50","","","","","","","","","","","","","","13","","","","","B03","","","1","","2","","","7","7","1","6","4","120.62339","24.1497","3"
"7066","66000","387130000C","(04)23274275","(04)23288582","2026","2","18","11","16","臺中市","西屯區","0","1","0","7","2","6","50","3","1","1","5","4","6","6","4","4","5","5","5","2","17","3","10","5","4","B03","7","1","1","8","2","8","","51","51","1","12","4","120.644467","24.17405","2"
"7067","66000","387130000C","(04)23274275","(04)23288582","2026","2","18","11","22","臺中市","西區","0","1","0","7","3","6","50","13","8","1","5","4","6","6","1","1","5","4","4","2","13","2","9","1","1","C03","7","9","3","19","2","11","","84","84","1","13","4","120.68073","24.137164","2"
"7068","66000","387130000C","(04)23274275","(04)23288582","2026","2","18","11","22","臺中市","外埔區","0","1","0","7","2","6","40","3","9","1","5","4","6","6","4","4","10","4","5","2","14","3","10","3","1","B03","7","2","1","8","2","7","","49","49","1","6","4","120.634274","24.34252","2"
"7069","66000","387130000C","(04)23274275","(04)23288582","2026","2","18","11","25","臺中市","烏日區","0","0","0","7","2","6","30","3","2","1","5","4","6","6","4","4","10","3","5","1","11","3","10","3","1","B03","7","9","1","8","1","4","","8","8","1","6","4","120.610764","24.117454","3"
"7070","66000","387130000C","(04)23274275","(04)23288582","2026","2","18","11","26","臺中市","東區","0","1","0","7","2","6","50","4","1","1","5","4","6","6","1","1","9","4","4","2","17","3","10","3","1","B03","7","6","1","8","2","2","","48","48","1","12","4","120.700104","24.138866","2"
"7071","66000","387130000C","(04)23274275","(04)23288582","2026","2","18","11","34","臺中市","南屯區","0","0","0","7","","","30","","","","","","","","","","","","","","","","","","","B02","","","3","","9","","","8","8","1","6","4","120.635495","24.152906","3"
"7072","66000","387130000C","(04)23274275","(04)23288582","2026","2","18","11","34","臺中市","西屯區","0","0","0","7","","","60","","","","","","","","","","","","","","13","","","","","B03","","","1","","1","","","7","7","1","12","4","120.646454","24.164454","3"
"7073","66000","387130000C","(04)23274275","(04)23288582","2026","2","18","11","35","臺中市","神岡區","0","0","0","7","","","50","","","","","","","","","","","","","","15","","","","","B03","","","1","","1","","","21","21","1","12","4","120.70202","24.27336","3"
"7074","66000","387130000C","(04)23274275","(04)23288582","2026","2","18","11","36","臺中市","神岡區","0","3","0","7","2","6","50","5","1","1","5","4","6","6","1","1","1","4","5","1","17","2","9","1","1","C03","7","9","1","10","2","11","11","87","87","1","12","4","120.662348","24.272046","2"
"7075","66000","387130000C","(04)23274275","(04)23288582","2026","2","18","11","42","臺中市","豐原區","0","0","0","7","","","50","","","","","","","","","","","","","","17","","","","","B03","","","1","","2","","","22","22","1","12","4","120.744618","24.264725","3"
"7076","66000","387130000C","(04)23274275","(04)23288582","2026","2","18","11","48","臺中市","北屯區","0","0","0","7","","","40","","","","","","","","","","","","","","13","","","","","C03","","","1","","1","","","59","59","1","12","2","120.723469","24.165377","3"
"7077","66000","387130000C","(04)23274275","(04)23288582","2026","2","18","11","48","臺中市","新社區","0","2","0","7","2","6","50","13","9","1","5","4","6","6","4","4","5","5","5","1","13","2","9","1","1","C03","7","9","1","10","2","11","","7","7","1","12","4","120.808388","24.244978","2"
"7078","66000","387130000C","(04)23274275","(04)23288582","2026","2","18","11","51","臺中市","西區","0","0","0","7","","","50","","","","","","","","","","","","","","17","","","","","B03","","","1","","1","","","84","84","1","13","4","120.68171","24.141774","4"
"7079","66000","387130000C","(04)23274275","(04)23288582","2026","2","18","11","53","臺中市","豐原區","0","2","0","7","3","6","30","13","9","1","5","4","6","6","4","4","10","5","5","1","14","3","10","5","4","B03","7","2","1","8","2","3","","49","49","1","12","4","120.753951","24.274194","2"
"7080","66000","387130000C","(04)23274275","(04)23288582","2026","2","18","11","56","臺中市","豐原區","0","3","0","7","2","6","50","3","1","1","5","4","6","6","2","1","5","5","5","1","12","2","9","1","1","C03","7","9","1","10","2","14","","87","87","1","12","4","120.727904","24.254952","2"
"7081","66000","387130000C","(04)23274275","(04)23288582","2026","2","18","11","58","臺中市","北屯區","0","0","0","7","","","50","","","","","","","","","","","","","","9","","","","","B03","","","1","","2","","","1","1","1","12","4","120.727973","24.176825","3"
"7082","66000","387130000C","(04)23274275","(04)23288582","2026","2","18","12","11","臺中市","烏日區","0","1","0","7","2","6","50","3","2","1","5","4","6","6","4","4","1","4","4","1","12","3","10","5","4","B03","7","5","1","8","2","2","","14","14","1","13","4","120.600917","24.110419","2"
"7083","66000","387130000C","(04)23274275","(04)23288582","2026","2","18","12","18","臺中市","北屯區","0","1","0","7","2","6","50","3","1","1","5","4","6","6","1","1","10","5","5","2","16","2","9","1","1","C03","7","6","3","19","5","12","","85","85","1","12","4","120.699066","24.161797","2"
"7084","66000","387130000C","(04)23274275","(04)23288582","2026","2","18","12","19","臺中市","北區","0","1","0","7","2","6","50","13","9","1","5","4","6","6","4","4","5","4","5","2","17","2","9","1","1","C03","7","15","1","10","2","11","","84","84","1","12","2","120.673968","24.166375","2"
"7085","66000","387130000C","(04)23274275","(04)23288582","2026","2","18","12","24","臺中市","南屯區","0","0","0","7","","","50","","","","","","","","","","","","","","13","","","","","B03","","","1","","1","","","7","7","1","12","4","120.610651","24.132587","3"
"7086","66000","387130000C","(04)23274275","(04)23288582","2026","2","18","12","27","臺中市","潭子區","0","1","0","7","2","6","50","13","7","1","5","4","6","6","4","4","9","5","4","2","16","2","9","1","1","C03","7","9","1","10","2","11","","7","7","1","13","4","120.714252","24.22947","2"
"7087","66000","387130000C","(04)23274275","(04)23288582","2026","2","18","12","30","臺中市","北區","0","0","0","7","","","50","","","","","","","","","","","","","","17","","","","","A04","","","1","","2","","","84","84","1","13","4","120.691035","24.158746","3"
"7088","66000","387130000C","(04)23274275","(04)23288582","2026","2","18","12","35","臺中市","北屯區","0","3","0","7","2","6","1","13","8","1","5","4","6","6","4","4","1","4","4","2","16","2","8","1","1","C03","7","1","1","10","2","14","","51","51","1","12","4","120.686185","24.186774","2"
"7089","66000","387130000C","(04)23274275","(04)23288582","2026","2","18","12","35","臺中市","烏日區","0","0","0","7","2","6","70","13","7","1","5","4","6","6","1","1","1","4","4","1","13","3","10","3","1","B03","7","9","1","8","1","1","","7","7","1","6","4","120.594146","24.112675","3"
"7090","66000","387130000C","(04)23274275","(04)23288582","2026","2","18","12","40","臺中市","大肚區","0","0","0","7","","","30","","","","","","","","","","","","","","","","","","","B01","","","1","","2","","","58","58","1","6","4","120.530387","24.157357","3"
"7091","66000","387130000C","(04)23274275","(04)23288582","2026","2","18","12","45","臺中市","豐原區","0","0","0","7","","","50","","","","","","","","","","","","","","17","","","","","C03","","","1","","2","","","85","85","1","12","4","120.717162","24.243888","4"
"7092","66000","387130000C","(04)23274275","(04)23288582","2026","2","18","12","47","臺中市","大甲區","0","0","0","7","","","50","","","","","","","","","","","","","","12","","","","","B03","","","1","","1","","","8","8","1","6","4","120.624984","24.348656","3"
"7093","66000","387130000C","(04)23274275","(04)23288582","2026","2","18","12","48","臺中市","后里區","0","0","0","7","2","6","50","4","1","1","5","4","6","6","4","4","5","4","5","1","15","","","","","B01","","","1","","2","","","12","12","1","6","4","120.707431","24.314209","3"
"7094","66000","387130000C","(04)23274275","(04)23288582","2026","2","18","12","50","臺中市","西屯區","0","1","0","7","2","6","30","13","9","1","5","4","6","6","4","4","10","5","5","2","16","3","10","5","4","B03","7","9","1","8","2","5","","59","59","1","12","4","120.634828","24.171823","2"
"7095","66000","387130000C","(04)23274275","(04)23288582","2026","2","18","12","55","臺中市","梧棲區","0","1","0","7","3","6","50","13","8","1","5","4","6","6","4","4","5","4","4","2","17","3","10","5","4","B03","7","13","1","8","2","4","","76","76","1","6","4","120.531994","24.258506","2"
"7096","66000","387130000C","(04)23274275","(04)23288582","2026","2","18","12","57","臺中市","西屯區","0","0","0","7","","","40","","","","","","","","","","","","","","14","","","","","B03","","","1","","1","","","49","49","1","13","4","120.666181","24.169607","3"
"7097","66000","387130000C","(04)23274275","(04)23288582","2026","2","18","13","0","臺中市","大甲區","0","0","0","7","","","40","","","","","","","","","","","","","","14","","","","","B12","","","1","","2","","","84","84","1","6","4","120.649661","24.377678","3"
"7098","66000","387130000C","(04)23274275","(04)23288582","2026","2","18","13","1","臺中市","后里區","0","0","0","7","","","50","","","","","","","","","","","","","","11","","","","","B03","","","1","","1","","","6","6","1","6","4","120.724527","24.323774","3"
"7099","66000","387130000C","(04)23274275","(04)23288582","2026","2","18","13","4","臺中市","大里區","0","0","0","7","","","30","","","","","","","","","","","","","","14","","","","","B03","","","1","","9","","","49","49","2","6","4","120.701786","24.092238","3"
"7100","66000","387130000C","(04)23274275","(04)23288582","2026","2","18","13","5","臺中市","西屯區","0","0","0","7","","","50","","","","","","","","","","","","","","12","","","","","B03","","","1","","2","","","40","40","1","13","4","120.643313","24.158097","3"
"7101","66000","387130000C","(04)23274275","(04)23288582","2026","2","18","13","15","臺中市","梧棲區","0","1","0","7","3","6","50","13","9","1","5","4","6","6","4","4","5","5","5","1","17","2","9","4","1","F03","7","9","7","21","2","11","","84","84","1","6","4","120.528652","24.241239","2"
"7102","66000","387130000C","(04)23274275","(04)23288582","2026","2","18","13","18","臺中市","西屯區","0","0","0","7","","","50","","","","","","","","","","","","","","17","","","","","B03","","","1","","1","","","51","51","1","12","4","120.621842","24.186172","3"
"7103","66000","387130000C","(04)23274275","(04)23288582","2026","2","18","13","24","臺中市","太平區","0","1","0","7","2","6","25","11","9","1","5","4","6","6","4","4","5","5","5","1","18","2","9","1","1","C03","7","9","1","10","2","14","","84","84","1","12","4","120.805384","24.101669","2"
"7104","66000","387130000C","(04)23274275","(04)23288582","2026","2","18","13","30","臺中市","豐原區","0","0","0","7","2","6","30","13","9","1","5","4","6","6","4","4","10","4","5","2","14","3","10","3","1","B12","7","2","1","8","9","9","","49","49","2","12","4","120.723941","24.239785","3"
"7105","66000","387130000C","(04)23274275","(04)23288582","2026","2","18","13","31","臺中市","北屯區","0","0","0","7","","","50","","","","","","","","","","","","","","","","","","","B03","","","1","","2","","","7","7","1","12","4","120.680034","24.182503","3"
"7106","66000","387130000C","(04)23274275","(04)23288582","2026","2","18","13","33","臺中市","清水區","0","0","0","7","","","30","","","","","","","","","","","","","","","","","","","B03","","","1","","2","","","51","51","1","12","4","120.580196","24.271533","3"
"7107","66000","387130000C","(04)23274275","(04)23288582","2026","2","18","13","46","臺中市","沙鹿區","0","1","0","7","2","6","30","5","1","1","5","4","6","6","1","1","10","5","5","2","16","3","10","3","1","B03","7","6","1","5","2","8","","11","11","1","6","4","120.564841","24.244386","2"
"7108","66000","387130000C","(04)23274275","(04)23288582","2026","2","18","13","53","臺中市","霧峰區","0","1","0","7","2","6","50","3","1","1","5","4","6","6","2","1","10","5","5","2","3","3","10","3","1","B03","7","6","1","8","2","1","","10","10","1","6","4","120.699156","24.068485","2"
"7109","66000","387130000C","(04)23274275","(04)23288582","2026","2","18","14","0","臺中市","潭子區","0","0","0","7","","","30","","","","","","","","","","","","","","","","","","","B03","","","1","","2","","","15","15","1","13","4","120.707466","24.228851","3"
"7110","66000","387130000C","(04)23274275","(04)23288582","2026","2","18","14","5","臺中市","南屯區","0","1","0","7","3","6","50","13","9","1","5","4","6","6","1","1","5","4","5","2","9","2","9","6","5","H04","8","20","7","21","10","17","","109","109","1","12","5","120.630797","24.150145","2"
"7111","66000","387130000C","(04)23274275","(04)23288582","2026","2","18","14","6","臺中市","豐原區","0","1","0","7","3","6","50","13","7","1","5","4","6","6","4","4","5","5","4","2","17","3","10","5","4","B03","7","14","1","8","2","2","","87","87","1","12","4","120.719565","24.251525","2"
"7112","66000","387130000C","(04)23274275","(04)23288582","2026","2","18","14","18","臺中市","西區","0","0","0","7","","","40","","","","","","","","","","","","","","14","","","","","B03","","","1","","1","","","49","49","1","12","4","120.666011","24.139616","3"
"7113","66000","387130000C","(04)23274275","(04)23288582","2026","2","18","14","19","臺中市","東勢區","0","0","0","7","3","5","50","13","9","1","5","4","6","6","4","4","5","5","5","1","10","3","10","5","4","B03","7","9","1","8","4","1","","41","41","1","13","4","120.850181","24.2553","3"
"7114","66000","387130000C","(04)23274275","(04)23288582","2026","2","18","14","20","臺中市","南區","0","1","0","7","3","6","50","13","9","1","5","4","6","6","4","4","1","5","5","2","18","2","9","2","1","C03","7","5","1","10","2","16","","84","84","1","6","2","120.664504","24.119034","2"
"7115","66000","387130000C","(04)23274275","(04)23288582","2026","2","18","14","21","臺中市","清水區","0","0","0","7","","","50","","","","","","","","","","","","","","","","","","","B03","","","1","","2","","","50","50","1","12","4","120.575173","24.267733","3"
"7116","66000","387130000C","(04)23274275","(04)23288582","2026","2","18","14","23","臺中市","南屯區","0","0","0","7","","","50","","","","","","","","","","","","","","","","","","","B02","","","1","","1","","","50","50","1","13","4","120.627259","24.152552","3"
"7117","66000","387130000C","(04)23274275","(04)23288582","2026","2","18","14","23","臺中市","北屯區","0","1","0","7","2","6","30","4","1","1","5","4","6","6","4","4","10","5","5","2","15","3","10","3","1","B03","7","9","1","8","2","8","","12","12","1","12","4","120.685004","24.18981","2"
"7118","66000","387130000C","(04)23274275","(04)23288582","2026","2","18","14","23","臺中市","北屯區","0","0","0","7","","","30","","","","","","","","","","","","","","14","","","","","B03","","","1","","2","","","49","49","1","13","4","120.700345","24.179964","3"
"7119","66000","387130000C","(04)23274275","(04)23288582","2026","2","18","14","26","臺中市","西屯區","0","2","0","7","2","6","50","5","1","1","5","4","6","6","1","1","10","5","5","2","17","2","9","5","4","C03","7","1","1","10","2","11","","51","51","1","12","4","120.64614","24.171733","2"
"7120","66000","387130000C","(04)23274275","(04)23288582","2026","2","18","14","28","臺中市","北屯區","0","0","0","7","","","50","","","","","","","","","","","","","","13","","","","","B03","","","1","8","2","","","59","59","1","12","4","120.703948","24.175696","3"
"7121","66000","387130000C","(04)23274275","(04)23288582","2026","2","18","14","33","臺中市","梧棲區","0","2","0","7","3","6","30","3","1","1","5","4","6","6","4","4","10","5","5","2","16","2","8","1","1","F01","7","1","7","21","2","13","","51","51","1","2","4","120.557153","24.240791","2"
"7122","66000","387130000C","(04)23274275","(04)23288582","2026","2","18","14","49","臺中市","東區","0","1","0","7","2","6","0","3","1","1","5","4","6","6","4","4","10","5","5","2","15","3","10","1","1","C03","7","11","1","10","2","11","","39","39","1","12","4","120.688719","24.143114","2"
"7123","66000","387130000C","(04)23274275","(04)23288582","2026","2","18","14","50","臺中市","太平區","0","2","0","7","3","6","30","4","2","1","5","4","6","6","4","4","10","5","5","2","15","2","9","1","1","C03","7","9","1","10","2","11","","15","15","1","12","4","120.728361","24.102937","2"
"7124","66000","387130000C","(04)23274275","(04)23288582","2026","2","18","14","51","臺中市","東區","0","0","0","7","","","50","","","","","","","","","","","","","","13","","","","","C03","","","1","","1","","","7","7","1","12","4","120.688804","24.134571","3"
"7125","66000","387130000C","(04)23274275","(04)23288582","2026","2","18","15","8","臺中市","南屯區","0","0","0","7","3","6","50","13","9","1","5","4","6","6","4","4","1","4","5","2","14","","","","","B03","","","1","","1","","","49","49","1","12","4","120.646508","24.130785","3"
"7126","66000","387130000C","(04)23274275","(04)23288582","2026","2","18","15","16","臺中市","豐原區","0","0","0","7","","","50","","","","","","","","","","","","","","15","","","","","B03","","","1","","2","","","21","21","1","12","4","120.712773","24.250817","3"
"7127","66000","387130000C","(04)23274275","(04)23288582","2026","2","18","15","18","臺中市","北區","0","1","0","7","2","6","50","13","9","1","5","4","6","6","4","4","5","4","5","2","17","3","10","3","1","B03","7","7","1","8","2","16","","40","40","1","12","4","120.686368","24.147113","2"
"7128","66000","387130000C","(04)23274275","(04)23288582","2026","2","18","15","32","臺中市","后里區","0","2","0","7","2","6","50","13","8","1","5","4","6","6","4","4","5","4","4","1","12","3","10","3","1","B03","7","5","1","8","2","2","6","20","20","1","6","4","120.710041","24.310786","2"
"7129","66000","387130000C","(04)23274275","(04)23288582","2026","2","18","15","34","臺中市","龍井區","0","0","0","7","","","50","","","","","","","","","","","","","","","","","","","B03","","","1","","2","","","8","8","1","12","4","120.550058","24.193525","3"
"7130","66000","387130000C","(04)23274275","(04)23288582","2026","2","18","15","43","臺中市","南屯區","0","1","0","7","3","6","50","13","9","1","5","4","6","6","4","4","1","4","5","2","12","2","9","5","4","C03","7","8","1","10","2","14","","40","40","1","6","4","120.615657","24.146927","2"
"7131","66000","387130000C","(04)23274275","(04)23288582","2026","2","18","15","44","臺中市","烏日區","0","0","0","7","2","6","40","13","9","1","5","4","6","6","4","4","8","3","5","1","12","3","10","3","1","B03","7","8","1","8","1","2","","8","8","1","6","4","120.616565","24.113821","3"
"7132","66000","387130000C","(04)23274275","(04)23288582","2026","2","18","15","48","臺中市","大雅區","0","0","0","7","","","60","","","","","","","","","","","","","","","","","","","B03","","","1","","1","","","7","7","1","12","4","120.65013","24.2122","3"
"7133","66000","387130000C","(04)23274275","(04)23288582","2026","2","18","15","53","臺中市","東區","0","0","0","7","","","50","","","","","","","","","","","","","","13","","","","","C03","","","1","","2","","","84","84","1","12","4","120.696646","24.140096","3"
"7134","66000","387130000C","(04)23274275","(04)23288582","2026","2","18","15","56","臺中市","豐原區","0","2","0","7","2","6","50","4","1","1","5","4","6","6","2","1","5","5","5","2","17","2","8","6","1","F01","7","6","7","21","2","14","","48","48","1","12","4","120.714232","24.259414","2"
"7135","66000","387130000C","(04)23274275","(04)23288582","2026","2","18","16","0","臺中市","北屯區","0","0","0","7","","","30","","","","","","","","","","","","","","25","","","","","B03","","","1","","1","","","84","84","1","6","4","120.703276","24.169726","3"
"7136","66000","387130000C","(04)23274275","(04)23288582","2026","2","18","16","3","臺中市","西區","0","1","0","7","2","6","50","5","1","1","5","4","6","6","1","1","10","5","5","2","17","3","10","1","1","C03","7","5","1","10","2","12","","47","47","1","12","4","120.668766","24.132048","2"
"7137","66000","387130000C","(04)23274275","(04)23288582","2026","2","18","16","4","臺中市","新社區","0","0","0","7","3","6","50","3","2","1","5","4","6","6","4","4","4","4","5","1","16","3","10","5","4","B03","7","6","1","8","2","8","","12","12","1","13","4","120.807076","24.241336","3"
"7138","66000","387130000C","(04)23274275","(04)23288582","2026","2","18","16","5","臺中市","北區","0","0","0","7","","","50","","","","","","","","","","","","","","12","","","","","C03","","","1","","1","","","42","42","1","13","4","120.685414","24.152379","3"
"7139","66000","387130000C","(04)23274275","(04)23288582","2026","2","18","16","12","臺中市","外埔區","0","0","0","7","","","50","","","","","","","","","","","","","","17","","","","","B03","","","1","","2","","","59","59","1","6","4","120.657623","24.331425","3"
"7140","66000","387130000C","(04)23274275","(04)23288582","2026","2","18","16","18","臺中市","大甲區","0","1","0","7","3","6","50","13","9","1","5","4","6","6","4","4","9","5","5","1","17","3","10","5","4","B12","7","11","1","8","2","5","","45","45","1","6","4","120.624671","24.347031","2"
"7141","66000","387130000C","(04)23274275","(04)23288582","2026","2","18","16","20","臺中市","大里區","0","0","0","7","","","50","","","","","","","","","","","","","","","","","","","C03","","","1","","2","","","7","7","1","12","4","120.665223","24.106301","3"
"7142","66000","387130000C","(04)23274275","(04)23288582","2026","2","18","16","23","臺中市","東勢區","0","0","0","7","3","6","50","13","9","1","5","4","6","6","4","4","5","3","5","1","14","3","10","5","4","B03","7","2","1","8","1","7","","49","49","1","13","4","120.831006","24.25628","3"
"7143","66000","387130000C","(04)23274275","(04)23288582","2026","2","18","16","24","臺中市","潭子區","0","3","0","7","2","6","50","3","1","1","5","4","6","6","1","1","5","4","5","1","16","2","9","3","1","B03","7","6","1","8","2","1","","11","11","1","13","4","120.722061","24.199129","2"
"7144","66000","387130000C","(04)23274275","(04)23288582","2026","2","18","16","25","臺中市","霧峰區","0","0","0","7","","","40","","","","","","","","","","","","","","17","","","","","C03","","","1","","6","","","7","7","1","13","4","120.708208","24.076659","3"
"7145","66000","387130000C","(04)23274275","(04)23288582","2026","2","18","16","25","臺中市","后里區","0","0","0","7","2","6","50","13","2","1","5","4","6","6","1","1","3","2","4","2","12","","","","","B03","","","1","","2","","","35","35","1","6","4","120.687022","24.317401","3"
"7146","66000","387130000C","(04)23274275","(04)23288582","2026","2","18","16","26","臺中市","大里區","0","0","0","7","","","30","","","","","","","","","","","","","","17","","","","","B03","","","1","","2","","","7","7","1","12","4","120.683912","24.118635","3"