序號,縣市別代碼,機關代碼,市話,傳真,年,月,日,時,分,縣市,區,死亡數量,受傷數量,2-30,天候,道路照明設備,道路類別,道路速限,道路型態,事故位置,路面鋪裝,路面狀態,路面缺陷,障礙物,視距,號誌種類,號誌動作,分向設施,快車道或一般車道間,快慢車道間,路面邊線,事故類型及型態,受傷程度,主要傷處,保護裝備,行動電話或功能裝置,當事者區分(類別),車輛用途,當事者行動狀態,駕照狀態,駕照種類,飲酒情形,車輛撞擊部位最初,車輛撞擊部位其他,肇事因素個別,肇事因素主要,肇事逃逸,職業,共享經濟或外送平台,GPS座標X,GPS座標Y,事故類別
"7147","66000","387130000C","(04)23274275","(04)23288582","2026","2","18","16","28","臺中市","烏日區","0","0","0","7","","","40","","","","","","","","","","","","","","12","","","","","B03","","","1","","1","","","76","76","1","13","4","120.616454","24.113206","3"
"7148","66000","387130000C","(04)23274275","(04)23288582","2026","2","18","16","30","臺中市","神岡區","0","0","0","7","","","30","","","","","","","","","","","","","","12","","","","","B03","","","1","","1","","","8","8","1","12","4","120.652633","24.263831","3"
"7149","66000","387130000C","(04)23274275","(04)23288582","2026","2","18","16","33","臺中市","后里區","0","1","0","7","3","6","50","4","1","1","5","4","6","6","1","1","10","5","5","2","30","2","9","1","1","C03","7","5","1","10","2","14","","59","59","1","6","4","120.721622","24.306322","2"
"7150","66000","387130000C","(04)23274275","(04)23288582","2026","2","18","16","41","臺中市","北屯區","0","0","0","7","","","50","","","","","","","","","","","","","","","","","","","B03","","","1","","2","","","84","84","1","12","4","120.737446","24.178897","3"
"7151","66000","387130000C","(04)23274275","(04)23288582","2026","2","18","16","44","臺中市","南屯區","0","1","0","7","3","6","50","3","2","1","5","4","6","6","4","4","1","4","5","2","17","2","9","1","1","C03","7","9","1","10","2","16","","6","6","1","6","4","120.64636","24.140744","2"
"7152","66000","387130000C","(04)23274275","(04)23288582","2026","2","18","16","45","臺中市","后里區","0","0","0","7","","","40","","","","","","","","","","","","","","11","","","","","B03","","","1","","1","","","8","8","1","13","4","120.750252","24.323303","3"
"7153","66000","387130000C","(04)23274275","(04)23288582","2026","2","18","16","47","臺中市","大里區","0","1","0","7","2","6","50","13","9","1","5","4","6","6","4","4","5","5","5","2","17","2","8","5","4","C03","7","9","1","10","2","11","","84","84","1","13","4","120.702568","24.081591","2"
"7154","66000","387130000C","(04)23274275","(04)23288582","2026","2","18","16","56","臺中市","北區","0","2","0","7","3","6","50","4","1","1","5","4","6","6","1","1","5","5","4","2","17","2","8","1","1","C03","7","9","1","10","2","16","","84","84","1","12","4","120.679801","24.148119","2"
"7155","66000","387130000C","(04)23274275","(04)23288582","2026","2","18","17","8","臺中市","大里區","0","0","0","7","","3","80","","","","","","","","","","","","","","17","","","","","B03","","","1","8","1","","","84","84","1","13","4","120.682615","24.078032","3"
"7156","66000","387130000C","(04)23274275","(04)23288582","2026","2","18","17","10","臺中市","沙鹿區","0","1","0","7","2","6","40","5","4","1","5","4","6","6","2","1","1","4","5","1","13","3","10","1","4","C03","7","9","1","10","2","11","","7","7","1","6","4","120.561009","24.241055","2"
"7157","66000","387130000C","(04)23274275","(04)23288582","2026","2","18","17","13","臺中市","中區","0","2","0","7","2","6","50","4","1","1","5","4","6","6","1","1","10","5","5","2","17","3","10","3","1","B03","7","5","1","8","2","2","","11","11","1","13","4","120.681859","24.144517","2"
"7158","66000","387130000C","(04)23274275","(04)23288582","2026","2","18","17","20","臺中市","豐原區","0","0","0","7","","","30","","","","","","","","","","","","","","14","","","","","B03","","","1","","2","","","49","49","1","13","4","120.723759","24.25183","4"
"7159","66000","387130000C","(04)23274275","(04)23288582","2026","2","18","17","21","臺中市","大甲區","0","0","0","7","","","50","","","","","","","","","","","","","","14","","","","","B03","","","1","","2","","","49","49","1","6","4","120.626371","24.347998","3"
"7160","66000","387130000C","(04)23274275","(04)23288582","2026","2","18","17","24","臺中市","北屯區","0","0","0","7","","","50","","","","","","","","","","","","","","17","","","","","B03","","","1","","2","","","50","50","1","6","4","120.673675","24.190287","3"
"7161","66000","387130000C","(04)23274275","(04)23288582","2026","2","18","17","29","臺中市","龍井區","0","0","0","7","","","","","","","","","","","","","","","","","","","","","","","","","","","","","","86","86","1","","","120.530053","24.184695","3"
"7162","66000","387130000C","(04)23274275","(04)23288582","2026","2","18","17","32","臺中市","北屯區","0","0","0","7","","","50","","","","","","","","","","","","","","12","","","","","A05","","","1","","2","","","84","84","1","6","4","120.702131","24.182156","3"
"7163","66000","387130000C","(04)23274275","(04)23288582","2026","2","18","17","39","臺中市","龍井區","0","0","0","7","","3","70","","","","","","","","","","","","","","","","","","","C01","","","1","","2","","","7","7","1","12","4","120.512715","24.197349","3"
"7164","66000","387130000C","(04)23274275","(04)23288582","2026","2","18","17","45","臺中市","外埔區","0","0","0","7","1","6","40","13","9","1","5","4","6","6","4","4","10","4","5","1","12","","","","","B03","","","1","","8","","","59","59","1","6","4","120.634763","24.332068","3"
"7165","66000","387130000C","(04)23274275","(04)23288582","2026","2","18","17","52","臺中市","大里區","0","0","0","7","","","50","","","","","","","","","","","","","","","","","","","B03","","","1","","2","","","59","59","1","12","4","120.682219","24.10052","3"
"7166","66000","387130000C","(04)23274275","(04)23288582","2026","2","18","17","59","臺中市","太平區","0","1","0","6","1","6","50","4","1","1","5","4","6","6","4","4","10","5","5","2","17","2","8","1","1","C03","7","9","1","10","2","14","","84","84","1","12","4","120.707599","24.151035","2"
"7167","66000","387130000C","(04)23274275","(04)23288582","2026","2","18","18","0","臺中市","后里區","0","0","0","7","","","30","","","","","","","","","","","","","","14","","","","","B03","","","1","","1","","","49","49","1","6","4","120.698316","24.309959","3"
"7168","66000","387130000C","(04)23274275","(04)23288582","2026","2","18","18","6","臺中市","霧峰區","0","1","0","6","1","6","50","4","1","1","5","4","6","6","4","4","10","5","5","1","17","2","9","1","1","C03","7","6","1","10","2","13","","84","84","1","13","4","120.699671","24.072815","2"
"7169","66000","387130000C","(04)23274275","(04)23288582","2026","2","18","18","13","臺中市","東區","0","0","0","7","","","50","","","","","","","","","","","","","","","","","","","B03","","","1","","1","","","8","8","1","6","4","120.701516","24.125441","3"
"7170","66000","387130000C","(04)23274275","(04)23288582","2026","2","18","18","24","臺中市","西區","0","2","0","7","1","6","50","4","1","1","5","4","6","6","1","1","10","5","5","2","17","2","9","5","4","C03","7","5","1","10","2","11","","84","84","1","12","4","120.667546","24.131096","2"
"7171","66000","387130000C","(04)23274275","(04)23288582","2026","2","18","18","26","臺中市","大甲區","0","2","0","7","1","6","50","3","1","1","5","4","6","6","2","1","10","5","5","2","11","2","9","5","4","C03","7","6","1","10","2","11","","48","48","1","10","4","120.627294","24.35072","2"
"7172","66000","387130000C","(04)23274275","(04)23288582","2026","2","18","18","30","臺中市","南區","0","2","0","7","1","6","50","4","1","1","5","4","6","6","1","1","10","5","5","2","17","2","8","1","1","C03","7","6","1","10","2","14","","36","36","1","12","4","120.662651","24.12697","2"
"7173","66000","387130000C","(04)23274275","(04)23288582","2026","2","18","18","42","臺中市","西屯區","0","0","0","7","","","50","","","","","","","","","","","","","","13","","","","","C03","","","1","","1","","","49","49","1","12","4","120.649395","24.162133","3"
"7174","66000","387130000C","(04)23274275","(04)23288582","2026","2","18","18","43","臺中市","龍井區","0","1","0","7","1","6","50","4","1","1","5","4","6","6","4","4","10","5","5","1","11","2","8","1","1","C03","7","9","1","10","2","11","","15","15","1","6","2","120.53311","24.187184","2"
"7175","66000","387130000C","(04)23274275","(04)23288582","2026","2","18","19","0","臺中市","東區","0","0","0","7","","","50","","","","","","","","","","","","","","12","","","","","B03","","","1","","1","","","51","51","1","13","4","120.686687","24.136657","3"
"7176","66000","387130000C","(04)23274275","(04)23288582","2026","2","18","19","3","臺中市","北區","0","0","0","7","1","6","50","4","9","1","5","4","6","6","1","1","5","4","5","2","13","3","10","1","1","C03","7","9","1","10","1","11","","84","84","1","12","4","120.697366","24.159819","3"
"7177","66000","387130000C","(04)23274275","(04)23288582","2026","2","18","19","6","臺中市","大甲區","0","0","0","7","","","50","","","","","","","","","","","","","","","","","","","","","","","","","","","86","86","1","","","120.623624","24.343422","3"
"7178","66000","387130000C","(04)23274275","(04)23288582","2026","2","18","19","8","臺中市","北區","0","0","0","7","","","50","","","","","","","","","","","","","","16","","","","","F01","","","7","","1","","","48","48","1","13","4","120.703838","24.159537","3"
"7179","66000","387130000C","(04)23274275","(04)23288582","2026","2","18","19","8","臺中市","豐原區","0","0","0","7","","","50","","","","","","","","","","","","","","11","","","","","B03","","","1","","9","","","26","26","1","12","4","120.718685","24.25104","3"
"7180","66000","387130000C","(04)23274275","(04)23288582","2026","2","18","19","10","臺中市","南屯區","0","1","0","7","1","6","50","4","1","1","5","4","6","6","2","1","10","5","5","2","12","3","10","3","1","B03","7","7","1","8","2","2","","35","35","1","13","4","120.649789","24.148846","2"
"7181","66000","387130000C","(04)23274275","(04)23288582","2026","2","18","19","17","臺中市","南區","0","1","0","7","1","6","50","4","1","1","5","4","6","6","4","4","10","5","5","2","17","2","9","5","4","C03","7","6","1","10","2","11","","84","84","1","12","4","120.660081","24.116945","2"
"7182","66000","387130000C","(04)23274275","(04)23288582","2026","2","18","19","18","臺中市","外埔區","0","2","0","7","1","6","50","4","1","1","5","4","3","6","4","4","5","4","4","1","16","3","10","3","1","B03","7","6","1","8","2","4","","12","12","1","12","4","120.653719","24.331334","2"
"7183","66000","387130000C","(04)23274275","(04)23288582","2026","2","18","19","22","臺中市","潭子區","0","1","0","7","1","6","50","4","2","1","5","4","6","6","3","1","5","2","4","2","13","3","10","2","1","C03","7","9","1","10","2","11","","7","7","1","13","4","120.700547","24.211877","2"
"7184","66000","387130000C","(04)23274275","(04)23288582","2026","2","18","19","23","臺中市","烏日區","0","0","0","7","1","6","50","3","1","1","5","4","6","6","1","1","1","4","5","2","14","3","10","3","1","B03","7","2","1","8","1","3","","49","49","1","6","4","120.612881","24.115446","3"
"7185","66000","387130000C","(04)23274275","(04)23288582","2026","2","18","19","30","臺中市","清水區","0","0","0","7","","","50","","","","","","","","","","","","","","","","","","","B03","","","1","","1","","","82","82","1","12","4","120.591073","24.296295","3"
"7186","66000","387130000C","(04)23274275","(04)23288582","2026","2","18","19","41","臺中市","西屯區","0","0","0","6","","","50","","","","","","","","","","","","","","","","","","","C03","","","1","","2","","","7","7","1","13","4","120.65681","24.184602","3"
"7187","66000","387130000C","(04)23274275","(04)23288582","2026","2","18","20","9","臺中市","南屯區","0","1","0","7","2","6","40","13","7","1","5","4","6","6","4","4","9","4","4","2","12","3","10","3","1","B03","7","1","1","8","2","2","","51","51","1","12","4","120.635723","24.150445","2"
"7188","66000","387130000C","(04)23274275","(04)23288582","2026","2","18","20","10","臺中市","南屯區","0","0","0","7","1","6","50","13","9","1","5","4","6","6","1","1","5","5","4","2","12","","","","","B03","","","1","","2","","","47","47","1","12","4","120.643777","24.147733","3"
"7189","66000","387130000C","(04)23274275","(04)23288582","2026","2","18","20","13","臺中市","沙鹿區","0","0","0","7","","","50","","","","","","","","","","","","","","14","","","","","E02","","","1","","2","","","49","49","1","8","4","120.567477","24.219982","3"
"7190","66000","387130000C","(04)23274275","(04)23288582","2026","2","18","20","14","臺中市","沙鹿區","0","0","0","7","","","50","","","","","","","","","","","","","","12","","","","","B01","","","1","","2","","","40","40","1","6","4","120.56891","24.202645","3"
"7191","66000","387130000C","(04)23274275","(04)23288582","2026","2","18","20","17","臺中市","西屯區","0","0","0","7","","","30","","","","","","","","","","","","","","14","","","","","B03","","","1","","1","","","49","49","1","13","4","120.646999","24.176426","3"
"7192","66000","387130000C","(04)23274275","(04)23288582","2026","2","18","20","18","臺中市","神岡區","0","0","0","7","","","40","","","","","","","","","","","","","","17","","","","","C03","","","1","","2","","","84","84","1","6","4","120.686008","24.250916","3"
"7193","66000","387130000C","(04)23274275","(04)23288582","2026","2","18","20","19","臺中市","南屯區","0","0","0","7","","","50","","","","","","","","","","","","","","13","","","","","B03","","","1","","1","","","59","59","1","6","4","120.61653","24.153576","3"
"7194","66000","387130000C","(04)23274275","(04)23288582","2026","2","18","20","20","臺中市","北屯區","0","0","0","7","","","50","","","","","","","","","","","","","","13","","","","","C03","","","1","","1","","","59","59","1","6","4","120.691287","24.170528","3"
"7195","66000","387130000C","(04)23274275","(04)23288582","2026","2","18","20","30","臺中市","大雅區","0","0","0","7","","","70","","","","","","","","","","","","","","13","","","","","B03","","","1","","2","","","59","59","1","12","4","120.640781","24.23046","3"
"7196","66000","387130000C","(04)23274275","(04)23288582","2026","2","18","20","31","臺中市","東區","0","2","0","7","1","6","50","4","1","1","5","4","6","6","1","1","5","5","5","2","12","2","9","2","1","C03","7","6","1","10","2","14","","48","48","1","6","4","120.697676","24.150747","2"
"7197","66000","387130000C","(04)23274275","(04)23288582","2026","2","18","20","31","臺中市","西屯區","0","0","0","7","","","50","","","","","","","","","","","","","","","","","","","B03","","","1","","1","","","59","59","1","12","4","120.642535","24.164224","3"
"7198","66000","387130000C","(04)23274275","(04)23288582","2026","2","18","20","34","臺中市","太平區","0","0","0","7","","","50","","","","","","","","","","","","","","13","","","","","B03","","","1","","2","","","7","7","1","12","4","120.7139","24.145009","3"
"7199","66000","387130000C","(04)23274275","(04)23288582","2026","2","18","20","37","臺中市","西區","0","0","0","6","","","50","","","","","","","","","","","","","","","","","","","B03","","","1","","1","","","11","11","1","13","4","120.670716","24.146132","3"
"7200","66000","387130000C","(04)23274275","(04)23288582","2026","2","18","20","38","臺中市","豐原區","0","0","0","7","","","40","","","","","","","","","","","","","","14","","","","","B03","","","1","","2","","","49","49","1","13","4","120.725751","24.241687","3"
"7201","66000","387130000C","(04)23274275","(04)23288582","2026","2","18","20","41","臺中市","后里區","0","0","0","7","1","6","30","13","9","1","5","4","6","6","4","4","10","5","5","2","14","3","10","3","1","B03","7","2","1","8","2","3","","49","49","1","12","4","120.691881","24.29634","3"
"7202","66000","387130000C","(04)23274275","(04)23288582","2026","2","18","20","47","臺中市","潭子區","0","1","0","7","1","6","50","13","9","1","5","4","6","6","4","4","9","5","5","1","28","","","","","","","","","","","","","118","118","1","","","120.694866","24.193761","2"
"7203","66000","387130000C","(04)23274275","(04)23288582","2026","2","18","20","59","臺中市","東區","0","1","0","7","1","6","50","3","1","1","5","4","6","6","2","1","5","2","5","2","16","3","10","3","1","B03","7","6","1","8","2","2","","11","11","1","13","4","120.689159","24.141447","2"
"7204","66000","387130000C","(04)23274275","(04)23288582","2026","2","18","21","12","臺中市","西屯區","0","0","0","7","","","40","","","","","","","","","","","","","","13","","","","","B03","","","1","","1","","","7","7","1","12","4","120.636661","24.170979","3"
"7205","66000","387130000C","(04)23274275","(04)23288582","2026","2","18","21","17","臺中市","西屯區","0","0","0","7","","","50","","","","","","","","","","","","","","14","","","","","B01","","","1","","1","","","49","49","1","12","4","120.649362","24.16834","3"
"7206","66000","387130000C","(04)23274275","(04)23288582","2026","2","18","21","21","臺中市","北屯區","0","2","0","7","1","6","50","13","9","1","5","4","6","6","4","4","10","5","5","2","17","2","1","3","1","B12","7","9","1","8","2","4","","84","84","1","12","4","120.663496","24.195704","2"
"7207","66000","387130000C","(04)23274275","(04)23288582","2026","2","18","21","22","臺中市","北區","0","0","0","7","","","50","","","","","","","","","","","","","","","","","","","B03","","","1","","1","","","7","7","1","12","4","120.671782","24.171704","4"
"7208","66000","387130000C","(04)23274275","(04)23288582","2026","2","18","21","26","臺中市","大里區","0","1","0","7","2","6","50","4","1","1","5","4","6","6","2","1","10","5","5","2","17","2","8","5","4","F03","7","9","7","21","2","11","","85","85","1","13","4","120.689202","24.078086","2"
"7209","66000","387130000C","(04)23274275","(04)23288582","2026","2","18","21","35","臺中市","南屯區","0","0","0","7","","","50","","","","","","","","","","","","","","12","3","10","3","1","B03","7","8","1","8","1","4","","40","40","1","12","4","120.623654","24.150086","3"
"7210","66000","387130000C","(04)23274275","(04)23288582","2026","2","18","21","47","臺中市","太平區","0","0","0","7","","","50","","","","","","","","","","","","","","13","","","","","C03","","","1","","2","","","84","84","1","12","4","120.713054","24.159266","3"
"7211","66000","387130000C","(04)23274275","(04)23288582","2026","2","18","21","48","臺中市","大里區","0","3","0","6","1","6","40","3","1","1","5","4","6","6","4","4","10","5","5","1","17","2","9","1","1","C03","7","6","1","10","2","11","","48","48","1","13","4","120.719264","24.097652","2"
"7212","66000","387130000C","(04)23274275","(04)23288582","2026","2","18","22","4","臺中市","太平區","0","3","0","7","1","6","40","13","8","1","5","4","6","6","4","4","5","5","4","2","16","2","7","2","3","C03","7","1","1","10","2","13","","51","51","1","12","2","120.713124","24.159349","2"
"7213","66000","387130000C","(04)23274275","(04)23288582","2026","2","18","22","6","臺中市","南屯區","0","0","0","7","","","50","","","","","","","","","","","","","","12","","","","","C03","","","1","","2","","","8","8","1","12","4","120.638775","24.14726","3"
"7214","66000","387130000C","(04)23274275","(04)23288582","2026","2","18","22","9","臺中市","大甲區","0","0","0","7","","","50","","","","","","","","","","","","","","17","","","","","C03","","","1","","2","","","49","49","1","12","4","120.622826","24.344452","3"
"7215","66000","387130000C","(04)23274275","(04)23288582","2026","2","18","22","21","臺中市","北屯區","0","1","0","7","1","6","50","4","1","1","5","4","6","6","4","4","10","5","5","2","15","2","7","1","1","C03","7","1","1","10","2","11","","51","51","1","6","4","120.696892","24.167411","2"
"7216","66000","387130000C","(04)23274275","(04)23288582","2026","2","18","22","25","臺中市","東區","0","1","0","7","1","6","50","5","9","1","5","4","6","6","2","1","5","4","5","2","18","2","9","2","1","C03","7","9","1","10","2","14","","84","84","1","13","4","120.693914","24.132844","2"
"7217","66000","387130000C","(04)23274275","(04)23288582","2026","2","18","22","29","臺中市","南屯區","0","0","0","7","","","40","","","","","","","","","","","","","","12","3","10","3","1","B03","7","9","1","8","2","2","","7","7","1","12","4","120.612379","24.159665","3"
"7218","66000","387130000C","(04)23274275","(04)23288582","2026","2","18","23","9","臺中市","烏日區","0","0","0","7","1","6","30","13","9","1","5","4","6","6","4","4","10","5","5","2","14","","","","","B03","","","1","","1","","","49","49","2","6","4","120.635664","24.108873","3"
"7219","66000","387130000C","(04)23274275","(04)23288582","2026","2","19","0","10","臺中市","西屯區","0","0","0","7","","","50","","","","","","","","","","","","","","13","","","","","B03","","","3","","2","","","59","59","1","12","4","120.623102","24.179198","3"
"7220","66000","387130000C","(04)23274275","(04)23288582","2026","2","19","0","34","臺中市","南區","0","2","0","7","1","6","50","3","1","1","5","4","6","6","2","1","5","2","4","2","12","2","3","3","1","B01","7","6","1","8","2","4","","85","85","1","13","4","120.656765","24.124063","2"
"7221","66000","387130000C","(04)23274275","(04)23288582","2026","2","19","0","35","臺中市","大安區","1","0","0","7","1","6","50","13","24","1","5","4","6","6","4","4","9","5","5","1","30","1","1","5","4","C03","7","15","5","19","9","15","","84","84","1","13","4","120.579203","24.34998","1"
"7222","66000","387130000C","(04)23274275","(04)23288582","2026","2","19","0","36","臺中市","新社區","0","0","0","7","","","50","","","","","","","","","","","","","","","","","","","C03","","","1","","1","","","84","84","1","12","4","120.807116","24.241369","3"
"7223","66000","387130000C","(04)23274275","(04)23288582","2026","2","19","1","29","臺中市","梧棲區","0","1","0","7","1","6","30","4","1","1","5","4","6","6","4","4","10","5","5","2","15","2","9","3","1","B03","7","9","5","19","2","2","","15","15","1","12","4","120.552889","24.248587","2"
"7224","66000","387130000C","(04)23274275","(04)23288582","2026","2","19","4","12","臺中市","大雅區","0","1","0","7","1","6","50","13","9","1","5","4","6","6","4","4","9","5","5","1","17","2","9","5","4","C03","7","4","1","10","2","11","","84","84","1","12","4","120.651278","24.246218","2"
"7225","66000","387130000C","(04)23274275","(04)23288582","2026","2","19","5","50","臺中市","沙鹿區","0","1","0","7","1","6","40","13","8","1","5","4","6","6","4","4","1","3","1","2","18","2","9","2","1","C03","7","9","1","10","1","14","","59","59","1","12","4","120.595067","24.249879","2"
"7226","66000","387130000C","(04)23274275","(04)23288582","2026","2","19","5","51","臺中市","東勢區","0","1","0","7","1","6","50","11","24","1","5","4","6","6","4","4","5","5","5","1","20","2","9","5","4","B03","7","6","1","7","2","8","","34","34","1","13","4","120.865974","24.166481","2"
"7227","66000","387130000C","(04)23274275","(04)23288582","2026","2","19","6","10","臺中市","東勢區","0","0","0","7","","","20","","","","","","","","","","","","","","14","","","","","B03","","","1","","1","","","49","49","1","13","4","120.83453","24.250626","3"
"7228","66000","387130000C","(04)23274275","(04)23288582","2026","2","19","6","11","臺中市","北屯區","0","0","0","7","","","50","","","","","","","","","","","","","","","","","","","B03","","","1","","2","","","51","51","1","12","4","120.705727","24.175267","3"
"7229","66000","387130000C","(04)23274275","(04)23288582","2026","2","19","6","14","臺中市","太平區","0","1","0","7","1","6","50","4","2","1","5","4","6","6","4","4","5","5","5","2","28","","","","","","","","","","","","","118","118","1","","","120.711833","24.139814","2"
"7230","66000","387130000C","(04)23274275","(04)23288582","2026","2","19","6","22","臺中市","西屯區","0","0","0","7","","","50","","","","","","","","","","","","","","13","","","","","B03","","","1","","1","","","59","59","1","13","4","120.669325","24.177196","3"
"7231","66000","387130000C","(04)23274275","(04)23288582","2026","2","19","6","50","臺中市","西屯區","0","2","0","7","2","6","50","3","2","1","5","4","6","6","1","1","1","4","4","2","13","2","7","2","1","C03","7","9","1","9","7","11","","59","59","1","12","4","120.66015","24.174207","2"
"7232","66000","387130000C","(04)23274275","(04)23288582","2026","2","19","7","22","臺中市","清水區","0","0","0","7","","","50","","","","","","","","","","","","","","","","","","","B03","","","1","","2","","","49","49","1","12","4","120.576582","24.269235","3"
"7233","66000","387130000C","(04)23274275","(04)23288582","2026","2","19","7","28","臺中市","東區","0","1","0","7","2","6","50","3","1","1","5","4","6","6","4","4","9","4","5","2","17","3","10","3","1","B03","7","1","1","8","2","8","","51","51","1","12","4","120.697618","24.140086","2"
"7234","66000","387130000C","(04)23274275","(04)23288582","2026","2","19","7","28","臺中市","龍井區","0","1","0","7","2","6","50","4","1","1","5","4","6","6","4","4","10","5","5","1","11","2","9","1","1","C03","7","6","1","10","2","11","","48","48","1","6","4","120.549764","24.188642","2"
"7235","66000","387130000C","(04)23274275","(04)23288582","2026","2","19","8","1","臺中市","龍井區","0","2","0","6","2","6","50","3","1","1","5","4","6","6","4","4","10","5","5","2","16","2","8","2","1","C04","7","11","1","8","2","14","","8","8","1","6","4","120.584591","24.183189","2"
"7236","66000","387130000C","(04)23274275","(04)23288582","2026","2","19","8","6","臺中市","北屯區","0","0","0","7","","","50","","","","","","","","","","","","","","13","","","","","B03","","","1","","1","","","7","7","1","6","4","120.694672","24.16561","3"
"7237","66000","387130000C","(04)23274275","(04)23288582","2026","2","19","8","22","臺中市","北屯區","0","0","0","7","","","50","","","","","","","","","","","","","","12","","","","","B03","","","1","","2","","","8","8","1","13","4","120.690249","24.165067","3"
"7238","66000","387130000C","(04)23274275","(04)23288582","2026","2","19","8","46","臺中市","太平區","0","2","0","7","2","6","50","13","9","1","5","4","6","6","4","4","5","4","5","1","13","2","9","2","1","C03","7","9","1","10","2","11","","59","59","1","12","4","120.715673","24.133492","2"
"7239","66000","387130000C","(04)23274275","(04)23288582","2026","2","19","9","0","臺中市","霧峰區","0","0","0","7","","3","80","","","","","","","","","","","","","","13","","","","","B03","","","1","","1","","","7","7","1","6","4","120.688006","24.058976","3"
"7240","66000","387130000C","(04)23274275","(04)23288582","2026","2","19","9","2","臺中市","北屯區","0","0","0","7","","","50","","","","","","","","","","","","","","16","","","","","B03","","","1","8","1","","","20","20","1","12","4","120.685396","24.172306","3"
"7241","66000","387130000C","(04)23274275","(04)23288582","2026","2","19","9","19","臺中市","霧峰區","0","0","0","7","","","50","","","","","","","","","","","","","","13","","","","","B03","","","1","","1","","","84","84","1","6","4","120.69238","24.066157","3"
"7242","66000","387130000C","(04)23274275","(04)23288582","2026","2","19","9","21","臺中市","潭子區","0","0","0","7","","","","","","","","","","","","","","","","","","","","","","","","","","","","","","119","119","1","","","120.700035","24.211715","3"
"7243","66000","387130000C","(04)23274275","(04)23288582","2026","2","19","9","23","臺中市","東區","0","1","0","7","2","6","50","4","1","1","5","4","6","6","2","1","10","5","5","2","17","3","10","3","1","B03","7","9","1","8","2","6","","85","85","1","6","4","120.706283","24.129694","2"
"7244","66000","387130000C","(04)23274275","(04)23288582","2026","2","19","9","25","臺中市","南屯區","0","1","0","7","2","6","50","13","8","1","5","4","6","6","4","4","1","4","4","2","17","3","10","3","1","B12","7","1","1","8","2","4","","51","51","1","6","4","120.648101","24.15096","2"
"7245","66000","387130000C","(04)23274275","(04)23288582","2026","2","19","9","30","臺中市","霧峰區","0","0","0","7","","","30","","","","","","","","","","","","","","30","","","","","F03","","","7","","9","","","85","85","2","6","4","120.709581","24.075836","3"
"7246","66000","387130000C","(04)23274275","(04)23288582","2026","2","19","9","36","臺中市","東區","0","1","0","7","2","6","50","13","9","1","5","4","6","6","1","1","5","4","5","2","16","2","9","5","4","C03","7","9","1","10","2","11","12","59","59","1","12","4","120.688916","24.142972","2"
"7247","66000","387130000C","(04)23274275","(04)23288582","2026","2","19","9","47","臺中市","清水區","0","2","0","7","3","6","50","13","9","1","5","4","6","6","4","4","5","5","5","2","16","2","9","1","1","C03","7","11","1","10","2","12","","85","85","1","12","4","120.572518","24.26439","2"
"7248","66000","387130000C","(04)23274275","(04)23288582","2026","2","19","10","10","臺中市","豐原區","0","1","0","7","2","6","30","5","1","1","5","4","6","6","2","1","5","4","4","2","15","3","10","3","1","B03","7","9","1","8","2","1","","12","12","1","12","4","120.719333","24.257604","2"
"7249","66000","387130000C","(04)23274275","(04)23288582","2026","2","19","10","15","臺中市","南屯區","0","0","0","7","","","40","","","","","","","","","","","","","","12","","","","","B03","","","1","","2","","","59","59","1","12","4","120.648939","24.153685","4"
"7250","66000","387130000C","(04)23274275","(04)23288582","2026","2","19","10","16","臺中市","北區","0","0","0","7","","","30","","","","","","","","","","","","","","15","","","","","B03","","","1","","2","","","85","85","1","13","4","120.679248","24.152835","3"
"7251","66000","387130000C","(04)23274275","(04)23288582","2026","2","19","10","17","臺中市","霧峰區","0","1","0","7","3","6","40","13","12","1","5","4","6","6","4","4","1","4","4","1","12","3","10","3","1","B03","7","7","1","8","2","5","","40","40","1","6","4","120.695712","24.015511","2"
"7252","66000","387130000C","(04)23274275","(04)23288582","2026","2","19","10","18","臺中市","沙鹿區","0","0","0","7","","","50","","","","","","","","","","","","","","","","","","","B03","","","1","","1","","","78","78","1","6","4","120.5608","24.234298","3"
"7253","66000","387130000C","(04)23274275","(04)23288582","2026","2","19","10","21","臺中市","大里區","0","0","0","7","","","50","","","","","","","","","","","","","","17","","","","","B03","","","1","","2","","","49","49","1","6","4","120.679819","24.101375","3"
"7254","66000","387130000C","(04)23274275","(04)23288582","2026","2","19","10","23","臺中市","梧棲區","0","0","0","7","","","30","","","","","","","","","","","","","","14","","","","","B13","","","1","","1","","","49","49","1","6","4","120.536822","24.256692","3"
"7255","66000","387130000C","(04)23274275","(04)23288582","2026","2","19","10","28","臺中市","西屯區","0","0","0","7","","","40","","","","","","","","","","","","","","12","","","","","B03","","","1","","2","","","40","40","1","12","4","120.635623","24.171961","3"
"7256","66000","387130000C","(04)23274275","(04)23288582","2026","2","19","10","30","臺中市","沙鹿區","0","1","0","7","2","6","50","3","9","1","5","4","6","6","4","4","4","4","4","2","11","2","8","2","1","C03","7","6","5","19","2","11","","48","48","1","12","4","120.562841","24.23609","2"