序號,縣市別代碼,機關代碼,市話,傳真,年,月,日,時,分,縣市,區,死亡數量,受傷數量,2-30,天候,道路照明設備,道路類別,道路速限,道路型態,事故位置,路面鋪裝,路面狀態,路面缺陷,障礙物,視距,號誌種類,號誌動作,分向設施,快車道或一般車道間,快慢車道間,路面邊線,事故類型及型態,受傷程度,主要傷處,保護裝備,行動電話或功能裝置,當事者區分(類別),車輛用途,當事者行動狀態,駕照狀態,駕照種類,飲酒情形,車輛撞擊部位最初,車輛撞擊部位其他,肇事因素個別,肇事因素主要,肇事逃逸,職業,共享經濟或外送平台,GPS座標X,GPS座標Y,事故類別
"7257","66000","387130000C","(04)23274275","(04)23288582","2026","2","19","10","30","臺中市","東勢區","0","1","0","7","3","6","50","4","9","1","5","4","6","6","4","4","4","3","5","1","15","2","7","5","4","C03","7","9","1","10","2","11","","2","2","1","13","4","120.829439","24.254598","2"
"7258","66000","387130000C","(04)23274275","(04)23288582","2026","2","19","10","36","臺中市","北區","0","0","0","7","","","","","","","","","","","","","","","","","17","","","","","","","","","","","","","119","119","1","","","120.678934","24.161004","3"
"7259","66000","387130000C","(04)23274275","(04)23288582","2026","2","19","10","43","臺中市","南屯區","0","0","0","7","","","50","","","","","","","","","","","","","","","","","","","B03","","","1","","1","","","7","7","1","13","4","120.598422","24.155204","3"
"7260","66000","387130000C","(04)23274275","(04)23288582","2026","2","19","10","44","臺中市","南屯區","0","0","0","7","","","50","","","","","","","","","","","","","","","","","","","B03","","","1","","1","","","7","7","1","13","4","120.587233","24.161093","3"
"7261","66000","387130000C","(04)23274275","(04)23288582","2026","2","19","10","45","臺中市","潭子區","0","0","0","7","","","30","","","","","","","","","","","","","","","","","","","B03","","","1","","2","","","56","56","1","13","4","120.687926","24.225577","3"
"7262","66000","387130000C","(04)23274275","(04)23288582","2026","2","19","10","45","臺中市","沙鹿區","0","1","0","7","2","6","50","3","1","1","5","4","6","6","4","4","10","5","5","2","17","3","10","3","1","B03","7","6","1","8","2","8","","14","14","1","12","4","120.561089","24.206705","2"
"7263","66000","387130000C","(04)23274275","(04)23288582","2026","2","19","10","48","臺中市","大里區","0","1","0","7","3","6","30","3","1","1","5","4","6","6","4","4","10","5","5","2","16","3","10","3","1","B03","7","6","1","8","2","1","","14","14","1","6","4","120.706067","24.096006","2"
"7264","66000","387130000C","(04)23274275","(04)23288582","2026","2","19","10","49","臺中市","西屯區","0","0","0","7","","","50","","","","","","","","","","","","","","16","","","","","B03","","","1","","1","","","45","45","1","12","4","120.6333","24.167161","3"
"7265","66000","387130000C","(04)23274275","(04)23288582","2026","2","19","10","51","臺中市","烏日區","0","1","0","7","2","6","40","4","2","1","5","4","6","6","4","4","10","5","5","1","15","3","10","3","1","B03","7","21","1","8","2","1","","12","12","1","6","4","120.626531","24.107771","2"
"7266","66000","387130000C","(04)23274275","(04)23288582","2026","2","19","10","59","臺中市","西屯區","0","0","0","7","","","50","","","","","","","","","","","","","","2","","","","","B03","","","1","","9","","","40","40","1","13","4","120.630311","24.180448","3"
"7267","66000","387130000C","(04)23274275","(04)23288582","2026","2","19","11","2","臺中市","南屯區","0","2","0","7","2","6","50","13","9","1","5","4","6","6","4","4","1","4","5","2","17","3","10","4","1","B03","7","13","1","8","2","4","","76","76","1","6","4","120.64053","24.147332","2"
"7268","66000","387130000C","(04)23274275","(04)23288582","2026","2","19","11","9","臺中市","北屯區","0","0","0","7","","3","80","","","","","","","","","","","","","","13","","","","","B03","","","1","","2","","","84","84","1","13","4","120.720904","24.172243","3"
"7269","66000","387130000C","(04)23274275","(04)23288582","2026","2","19","11","11","臺中市","西屯區","0","0","0","7","","","50","","","","","","","","","","","","","","13","","","","","B03","","","1","","2","","","7","7","1","12","4","120.635483","24.17611","3"
"7270","66000","387130000C","(04)23274275","(04)23288582","2026","2","19","11","11","臺中市","太平區","0","0","0","7","","","50","","","","","","","","","","","","","","","","","","","B03","","","1","","2","","","11","11","1","12","4","120.7162","24.13346","3"
"7271","66000","387130000C","(04)23274275","(04)23288582","2026","2","19","11","12","臺中市","北屯區","0","1","0","7","2","6","50","13","8","1","5","4","6","6","4","4","1","2","1","2","18","2","9","1","1","C03","7","12","1","10","2","14","","84","84","1","12","4","120.723554","24.162146","2"
"7272","66000","387130000C","(04)23274275","(04)23288582","2026","2","19","11","13","臺中市","北區","0","0","0","7","","","50","","","","","","","","","","","","","","17","","","","","B12","","","1","","1","","","40","40","1","13","4","120.670523","24.173135","3"
"7273","66000","387130000C","(04)23274275","(04)23288582","2026","2","19","11","16","臺中市","大里區","0","0","0","7","","","50","","","","","","","","","","","","","","17","","","","","B11","","","1","","2","","","84","84","1","6","4","120.702572","24.09623","3"
"7274","66000","387130000C","(04)23274275","(04)23288582","2026","2","19","11","16","臺中市","梧棲區","0","1","0","7","3","6","70","4","2","1","5","4","6","6","1","1","10","5","5","2","16","2","8","1","1","C03","7","5","1","10","2","14","","22","22","1","6","4","120.549891","24.239302","2"
"7275","66000","387130000C","(04)23274275","(04)23288582","2026","2","19","11","17","臺中市","大里區","0","0","0","7","","","50","","","","","","","","","","","","","","16","","","","","B03","","","1","","2","","","51","51","1","13","4","120.681351","24.103458","3"
"7276","66000","387130000C","(04)23274275","(04)23288582","2026","2","19","11","17","臺中市","清水區","0","0","0","7","","","50","","","","","","","","","","","","","","","","","","","B03","","","1","","11","","","12","12","1","12","4","120.563008","24.275422","3"
"7277","66000","387130000C","(04)23274275","(04)23288582","2026","2","19","11","22","臺中市","烏日區","0","2","0","7","2","6","30","13","9","1","5","4","6","6","4","4","8","3","5","1","12","2","8","1","1","C03","7","9","1","10","2","13","","87","87","1","6","4","120.638954","24.107226","2"
"7278","66000","387130000C","(04)23274275","(04)23288582","2026","2","19","11","23","臺中市","霧峰區","0","0","0","7","","","30","","","","","","","","","","","","","","17","","","","","B03","","","1","","2","","","58","58","1","6","4","120.679058","24.063904","3"
"7279","66000","387130000C","(04)23274275","(04)23288582","2026","2","19","11","23","臺中市","外埔區","0","1","0","7","2","6","30","4","1","1","5","4","6","6","4","4","10","5","5","2","17","3","10","4","1","C03","7","6","1","10","2","11","","14","14","1","6","4","120.636605","24.34403","2"
"7280","66000","387130000C","(04)23274275","(04)23288582","2026","2","19","11","25","臺中市","南區","0","0","0","7","","","50","","","","","","","","","","","","","","14","","","","","B03","","","1","","2","","","49","49","1","12","4","120.669336","24.112857","3"
"7281","66000","387130000C","(04)23274275","(04)23288582","2026","2","19","11","27","臺中市","豐原區","0","1","0","7","3","6","10","13","13","1","5","4","6","6","4","4","8","5","5","1","9","3","10","4","4","F02","7","15","7","21","2","12","","84","84","1","12","4","120.746618","24.274192","2"
"7282","66000","387130000C","(04)23274275","(04)23288582","2026","2","19","11","28","臺中市","北屯區","0","1","0","7","2","6","50","4","1","1","5","4","6","6","4","4","10","5","5","2","15","2","9","5","4","C03","7","9","1","10","2","12","","20","20","1","12","4","120.715878","24.170899","2"
"7283","66000","387130000C","(04)23274275","(04)23288582","2026","2","19","11","30","臺中市","豐原區","0","0","0","7","","","50","","","","","","","","","","","","","","12","","","","","B03","","","1","","1","","","51","51","1","12","4","120.720828","24.251691","3"
"7284","66000","387130000C","(04)23274275","(04)23288582","2026","2","19","11","30","臺中市","豐原區","0","0","0","7","","","50","","","","","","","","","","","","","","16","","","","","B03","","","1","","2","","","20","20","1","12","4","120.699271","24.24908","3"
"7285","66000","387130000C","(04)23274275","(04)23288582","2026","2","19","11","35","臺中市","東區","0","3","0","7","2","6","50","3","1","1","5","4","6","6","3","1","5","4","5","2","16","2","9","5","4","C03","7","9","1","10","2","11","","39","39","1","13","4","120.686832","24.140174","2"
"7286","66000","387130000C","(04)23274275","(04)23288582","2026","2","19","11","41","臺中市","北屯區","0","0","0","7","","","50","","","","","","","","","","","","","","12","","","","","C03","","","1","","1","","","8","8","1","13","4","120.732449","24.176974","3"
"7287","66000","387130000C","(04)23274275","(04)23288582","2026","2","19","11","42","臺中市","霧峰區","0","0","0","7","","","70","","","","","","","","","","","","","","13","","","","","B03","","","1","","1","","","7","7","1","6","4","120.682655","24.015798","3"
"7288","66000","387130000C","(04)23274275","(04)23288582","2026","2","19","11","44","臺中市","西區","0","1","0","7","3","6","50","3","1","5","5","4","6","6","4","4","10","5","5","2","16","3","10","3","1","B03","7","11","1","8","2","4","","45","45","1","13","4","120.663108","24.144335","2"
"7289","66000","387130000C","(04)23274275","(04)23288582","2026","2","19","11","46","臺中市","西屯區","0","0","0","7","","","60","","","","","","","","","","","","","","12","","","","","B03","","","1","","1","","","40","40","1","12","4","120.646454","24.164454","3"
"7290","66000","387130000C","(04)23274275","(04)23288582","2026","2","19","11","47","臺中市","烏日區","0","0","0","7","2","6","40","13","9","1","5","4","6","6","1","1","10","3","5","1","13","3","10","3","1","B03","7","9","1","8","1","8","","7","7","1","6","4","120.618565","24.111547","3"
"7291","66000","387130000C","(04)23274275","(04)23288582","2026","2","19","11","47","臺中市","大甲區","0","0","0","7","","","50","","","","","","","","","","","","","","12","","","","","B03","","","1","","2","","","77","77","1","6","4","120.617373","24.347818","3"
"7292","66000","387130000C","(04)23274275","(04)23288582","2026","2","19","11","53","臺中市","東勢區","0","2","0","7","3","8","30","13","13","1","5","4","6","6","4","4","4","4","5","1","11","2","8","5","4","F01","7","9","7","21","1","14","","1","1","1","13","4","120.810864","24.278747","2"
"7293","66000","387130000C","(04)23274275","(04)23288582","2026","2","19","11","53","臺中市","豐原區","0","0","0","7","","","50","","","","","","","","","","","","","","17","","","","","B03","","","1","","2","","","51","51","1","12","4","120.736165","24.251124","3"
"7294","66000","387130000C","(04)23274275","(04)23288582","2026","2","19","11","55","臺中市","中區","0","1","0","7","2","6","50","4","1","1","5","4","6","6","1","1","10","5","5","2","16","3","10","3","1","B03","7","6","1","8","2","3","6","11","11","1","12","4","120.678595","24.143341","2"
"7295","66000","387130000C","(04)23274275","(04)23288582","2026","2","19","11","58","臺中市","北屯區","0","0","0","7","","3","50","","","","","","","","","","","","","","13","","","","","B03","","","1","","1","","","59","59","1","13","4","120.694144","24.201018","3"
"7296","66000","387130000C","(04)23274275","(04)23288582","2026","2","19","11","58","臺中市","大肚區","0","0","0","7","","","50","","","","","","","","","","","","","","","","","","","B03","","","1","","2","","","39","39","1","6","4","120.543222","24.161654","3"
"7297","66000","387130000C","(04)23274275","(04)23288582","2026","2","19","12","3","臺中市","烏日區","0","0","0","7","2","6","50","3","1","1","5","4","6","6","4","4","10","5","5","2","16","3","10","3","1","B03","7","6","1","8","1","5","","14","14","1","6","4","120.647573","24.109859","3"
"7298","66000","387130000C","(04)23274275","(04)23288582","2026","2","19","12","17","臺中市","西區","0","0","0","7","3","6","50","4","9","1","5","4","6","6","4","4","8","3","5","2","14","","","","","B03","","","1","","2","","","49","49","1","13","4","120.673571","24.14675","3"
"7299","66000","387130000C","(04)23274275","(04)23288582","2026","2","19","12","20","臺中市","西屯區","0","2","0","7","3","6","50","13","9","1","5","4","6","6","4","4","4","3","5","1","13","2","8","1","1","C03","7","9","1","10","2","11","","7","7","1","13","4","120.616092","24.188961","2"
"7300","66000","387130000C","(04)23274275","(04)23288582","2026","2","19","12","22","臺中市","東區","0","0","0","7","","","50","","","","","","","","","","","","","","","","","","","B03","","","1","","1","","","84","84","1","13","4","120.703626","24.138833","3"
"7301","66000","387130000C","(04)23274275","(04)23288582","2026","2","19","12","23","臺中市","霧峰區","0","1","0","7","3","6","40","4","1","1","5","4","6","6","4","4","10","5","5","2","16","3","10","3","1","B03","7","5","1","8","2","6","","11","11","1","6","4","120.662992","24.059675","2"
"7302","66000","387130000C","(04)23274275","(04)23288582","2026","2","19","12","24","臺中市","西區","0","1","0","7","1","6","50","3","1","1","5","4","6","6","4","4","10","5","5","2","17","3","10","5","4","B03","7","5","1","8","2","5","","84","84","1","12","4","120.655141","24.151278","2"
"7303","66000","387130000C","(04)23274275","(04)23288582","2026","2","19","12","30","臺中市","東勢區","0","0","0","7","","","50","","","","","","","","","","","","","","17","","","","","B03","","","1","","1","","","51","51","1","12","4","120.831859","24.244595","3"
"7304","66000","387130000C","(04)23274275","(04)23288582","2026","2","19","12","30","臺中市","豐原區","0","0","0","7","2","6","30","13","9","1","5","4","6","6","4","4","10","5","5","1","11","3","10","3","1","B03","7","9","1","8","2","4","","87","87","1","12","4","120.722342","24.268976","3"
"7305","66000","387130000C","(04)23274275","(04)23288582","2026","2","19","12","32","臺中市","清水區","0","1","0","7","3","6","50","3","1","1","5","4","6","6","4","4","9","4","5","2","16","3","10","3","1","B03","7","5","1","8","2","8","","14","14","1","12","4","120.55562","24.281697","2"
"7306","66000","387130000C","(04)23274275","(04)23288582","2026","2","19","12","34","臺中市","清水區","0","2","0","7","3","6","50","4","2","1","5","4","6","6","2","1","5","5","5","2","13","2","7","1","1","C03","7","9","1","10","2","11","","7","7","1","12","4","120.571677","24.271216","2"
"7307","66000","387130000C","(04)23274275","(04)23288582","2026","2","19","12","35","臺中市","南屯區","0","0","0","7","","","50","","","","","","","","","","","","","","13","","","","","B03","","","1","","1","","","59","59","1","12","4","120.623241","24.137107","3"
"7308","66000","387130000C","(04)23274275","(04)23288582","2026","2","19","12","40","臺中市","大雅區","0","0","0","7","","","50","","","","","","","","","","","","","","","","","","","A04","","","1","","2","","","84","84","1","12","4","120.646762","24.224906","3"
"7309","66000","387130000C","(04)23274275","(04)23288582","2026","2","19","12","45","臺中市","西區","0","1","0","7","3","6","50","4","1","5","5","4","6","6","1","1","10","5","5","2","16","3","10","3","1","B03","7","5","1","8","2","2","","11","11","1","13","4","120.665226","24.147865","2"
"7310","66000","387130000C","(04)23274275","(04)23288582","2026","2","19","12","47","臺中市","北區","0","0","0","7","","","30","","","","","","","","","","","","","","14","","","","","C03","","","1","","1","","","84","84","1","12","4","120.684366","24.153132","3"
"7311","66000","387130000C","(04)23274275","(04)23288582","2026","2","19","12","50","臺中市","烏日區","0","1","0","7","2","6","40","11","9","1","5","4","6","6","4","4","4","3","5","1","18","2","7","1","1","C03","7","9","1","10","2","14","","87","87","1","6","4","120.608147","24.106724","2"
"7312","66000","387130000C","(04)23274275","(04)23288582","2026","2","19","12","51","臺中市","豐原區","0","1","0","7","2","6","50","3","1","1","5","4","6","6","2","1","1","4","4","1","17","3","10","3","1","B03","7","7","1","8","2","5","","84","84","1","12","4","120.751525","24.270437","2"
"7313","66000","387130000C","(04)23274275","(04)23288582","2026","2","19","12","54","臺中市","大甲區","0","0","0","7","","","50","","","","","","","","","","","","","","12","","","","","F01","","","7","","2","","","8","8","1","4","1","120.617908","24.347651","3"
"7314","66000","387130000C","(04)23274275","(04)23288582","2026","2","19","12","56","臺中市","清水區","0","2","0","7","3","6","50","13","9","1","5","4","6","6","1","1","5","5","5","1","16","2","8","1","1","C03","7","11","1","10","2","14","","39","39","1","12","4","120.574628","24.269253","2"
"7315","66000","387130000C","(04)23274275","(04)23288582","2026","2","19","13","3","臺中市","西屯區","0","1","0","7","2","6","50","3","1","1","5","4","6","6","1","1","1","4","5","2","13","3","10","3","1","B03","7","5","1","8","2","5","","58","58","1","12","4","120.639231","24.168797","2"
"7316","66000","387130000C","(04)23274275","(04)23288582","2026","2","19","13","6","臺中市","東區","0","1","0","7","2","6","50","13","9","1","5","4","6","6","4","4","10","4","5","2","17","3","10","3","1","B03","7","2","1","8","2","3","","49","49","1","12","4","120.686694","24.136655","2"
"7317","66000","387130000C","(04)23274275","(04)23288582","2026","2","19","13","11","臺中市","大雅區","0","0","0","7","","","30","","","","","","","","","","","","","","","","","","","B03","","","1","","1","","","39","39","1","12","4","120.651628","24.249718","3"
"7318","66000","387130000C","(04)23274275","(04)23288582","2026","2","19","13","14","臺中市","北區","0","1","0","7","2","6","50","3","1","1","5","4","6","6","4","4","5","5","5","2","17","2","9","5","1","C03","7","6","1","10","2","14","","12","12","1","13","4","120.688697","24.152433","2"
"7319","66000","387130000C","(04)23274275","(04)23288582","2026","2","19","13","14","臺中市","北屯區","0","0","0","7","","","50","","","","","","","","","","","","","","17","","","","","C03","","","1","","9","","","84","84","2","12","4","120.722111","24.160821","3"
"7320","66000","387130000C","(04)23274275","(04)23288582","2026","2","19","13","14","臺中市","西屯區","0","0","0","7","","","50","","","","","","","","","","","","","","12","","","","","B03","","","1","","1","","","35","35","1","12","4","120.646276","24.164064","3"
"7321","66000","387130000C","(04)23274275","(04)23288582","2026","2","19","13","16","臺中市","西屯區","0","0","0","7","","","50","","","","","","","","","","","","","","14","","","","","B03","","","1","","1","","","49","49","1","12","4","120.64002","24.166481","3"
"7322","66000","387130000C","(04)23274275","(04)23288582","2026","2","19","13","16","臺中市","霧峰區","0","0","0","7","","","40","","","","","","","","","","","","","","17","","","","","B02","","","1","","2","","","48","48","1","6","4","120.662623","24.068416","3"
"7323","66000","387130000C","(04)23274275","(04)23288582","2026","2","19","13","18","臺中市","清水區","0","0","0","7","","","50","","","","","","","","","","","","","","","","","","","B03","","","1","","11","","","7","7","1","12","4","120.591003","24.304357","3"
"7324","66000","387130000C","(04)23274275","(04)23288582","2026","2","19","13","23","臺中市","西屯區","0","1","0","7","2","6","50","4","1","1","5","4","6","6","1","1","10","5","5","2","16","3","10","5","4","B03","7","6","1","8","2","1","","11","11","1","12","4","120.642257","24.177761","2"
"7325","66000","387130000C","(04)23274275","(04)23288582","2026","2","19","13","30","臺中市","龍井區","0","4","0","7","2","6","50","4","9","1","5","4","6","6","4","4","5","5","5","1","11","2","9","3","1","B03","7","9","1","8","2","1","","12","12","1","6","4","120.535798","24.211242","2"
"7326","66000","387130000C","(04)23274275","(04)23288582","2026","2","19","13","31","臺中市","北區","0","0","0","7","","","30","","","","","","","","","","","","","","17","","","","","C03","","","6","","2","","","85","85","1","13","4","120.666452","24.1555","4"
"7327","66000","387130000C","(04)23274275","(04)23288582","2026","2","19","13","35","臺中市","西區","0","0","0","7","","","50","","","","","","","","","","","","","","","","","","","B03","","","1","","1","","","7","7","1","12","4","120.660381","24.150285","4"
"7328","66000","387130000C","(04)23274275","(04)23288582","2026","2","19","13","36","臺中市","西區","0","0","0","7","","","50","","","","","","","","","","","","","","","","","","","B03","","","1","","1","","","20","20","1","12","4","120.657194","24.140026","3"
"7329","66000","387130000C","(04)23274275","(04)23288582","2026","2","19","13","37","臺中市","南區","0","1","0","7","2","6","40","13","8","1","5","4","6","6","4","4","1","4","4","2","18","2","9","1","1","C03","7","9","1","10","2","12","","84","84","1","12","4","120.656721","24.116524","2"
"7330","66000","387130000C","(04)23274275","(04)23288582","2026","2","19","13","39","臺中市","大甲區","0","1","0","7","2","6","50","11","9","1","5","4","6","2","4","4","10","5","5","2","11","2","9","2","1","C03","7","9","1","10","2","11","","6","6","1","6","4","120.61519","24.365373","2"
"7331","66000","387130000C","(04)23274275","(04)23288582","2026","2","19","13","43","臺中市","梧棲區","0","1","0","7","3","6","50","3","1","1","5","4","6","6","4","4","10","5","5","2","1","3","10","3","1","B03","7","2","1","8","2","3","","49","49","1","6","4","120.555057","24.240015","2"
"7332","66000","387130000C","(04)23274275","(04)23288582","2026","2","19","13","46","臺中市","龍井區","0","0","0","7","","","40","","","","","","","","","","","","","","11","","","","","B03","","","1","","9","","","8","8","1","6","4","120.587442","24.190677","3"
"7333","66000","387130000C","(04)23274275","(04)23288582","2026","2","19","13","48","臺中市","南屯區","0","1","0","7","3","6","50","13","9","1","5","4","6","6","4","4","1","4","5","2","12","2","9","1","1","C03","7","9","1","10","2","12","","84","84","2","12","4","120.646581","24.142513","2"
"7334","66000","387130000C","(04)23274275","(04)23288582","2026","2","19","13","52","臺中市","豐原區","0","0","0","7","","","30","","","","","","","","","","","","","","16","","","","","B03","","","1","","2","","","14","14","1","13","4","120.706924","24.25169","3"
"7335","66000","387130000C","(04)23274275","(04)23288582","2026","2","19","13","53","臺中市","龍井區","0","0","0","7","","3","60","","","","","","","","","","","","","","","","","","","B03","","","1","","2","","","7","7","1","6","4","120.516666","24.204344","3"
"7336","66000","387130000C","(04)23274275","(04)23288582","2026","2","19","13","55","臺中市","大甲區","0","0","0","7","","","50","","","","","","","","","","","","","","12","","","","","B03","","","1","","1","","","8","8","1","13","4","120.620123","24.342015","3"
"7337","66000","387130000C","(04)23274275","(04)23288582","2026","2","19","13","57","臺中市","梧棲區","0","1","0","7","3","6","70","4","1","1","5","4","6","6","1","1","10","5","5","2","16","3","10","3","1","B03","7","5","1","8","2","2","","47","47","1","6","4","120.536501","24.250017","2"
"7338","66000","387130000C","(04)23274275","(04)23288582","2026","2","19","13","58","臺中市","大里區","0","0","0","7","","","50","","","","","","","","","","","","","","17","","","","","C03","","","1","","2","","","21","21","1","6","4","120.681066","24.104641","3"
"7339","66000","387130000C","(04)23274275","(04)23288582","2026","2","19","14","4","臺中市","北區","0","2","0","7","2","6","30","3","1","1","5","4","6","6","4","4","10","5","5","2","17","3","10","1","1","C03","7","1","1","10","2","14","","51","51","1","12","4","120.672116","24.165937","2"
"7340","66000","387130000C","(04)23274275","(04)23288582","2026","2","19","14","7","臺中市","太平區","0","1","0","7","3","6","50","12","9","1","5","4","6","6","4","4","5","2","5","1","18","2","9","1","1","C03","7","9","1","10","2","14","","84","84","1","12","4","120.815862","24.090897","2"
"7341","66000","387130000C","(04)23274275","(04)23288582","2026","2","19","14","8","臺中市","大雅區","0","0","0","7","","","60","","","","","","","","","","","","","","13","","","","","B03","","","1","","1","","","7","7","1","12","4","120.64995","24.213362","3"
"7342","66000","387130000C","(04)23274275","(04)23288582","2026","2","19","14","10","臺中市","大雅區","0","2","0","7","2","6","60","4","2","1","5","4","6","6","4","4","8","3","4","1","17","2","9","3","4","B03","7","5","1","8","2","2","","84","84","1","12","4","120.649374","24.216142","2"
"7343","66000","387130000C","(04)23274275","(04)23288582","2026","2","19","14","16","臺中市","大甲區","0","1","0","7","2","6","50","4","1","1","5","4","6","6","4","4","5","5","4","1","15","2","9","2","1","C03","7","9","1","10","2","14","","12","12","1","6","2","120.617978","24.34834","2"
"7344","66000","387130000C","(04)23274275","(04)23288582","2026","2","19","14","24","臺中市","霧峰區","0","2","0","7","3","6","40","13","12","1","5","4","6","6","4","4","1","4","4","1","13","2","8","1","1","C04","7","9","5","19","2","11","","85","85","1","6","4","120.693681","24.036018","2"
"7345","66000","387130000C","(04)23274275","(04)23288582","2026","2","19","14","32","臺中市","大里區","0","1","0","7","3","6","50","3","2","1","5","4","6","6","4","4","5","4","5","2","12","3","10","5","4","B03","7","9","1","8","2","2","","84","84","1","13","4","120.687595","24.115284","2"
"7346","66000","387130000C","(04)23274275","(04)23288582","2026","2","19","14","35","臺中市","南區","0","0","0","7","","","50","","","","","","","","","","","","","","13","","","","","B03","","","1","","1","","","7","7","1","6","4","120.670266","24.113095","3"
"7347","66000","387130000C","(04)23274275","(04)23288582","2026","2","19","14","37","臺中市","西區","0","0","0","7","","","30","","","","","","","","","","","","","","","","","","","B03","","","1","","1","","","49","49","1","12","4","120.66573","24.143456","3"
"7348","66000","387130000C","(04)23274275","(04)23288582","2026","2","19","14","38","臺中市","東區","0","1","0","7","2","6","50","13","9","1","5","4","6","6","4","4","5","5","5","2","16","3","10","5","4","B03","7","1","1","8","2","7","","51","51","1","12","4","120.702972","24.140367","2"
"7349","66000","387130000C","(04)23274275","(04)23288582","2026","2","19","14","40","臺中市","東勢區","0","0","0","7","3","6","50","13","9","2","5","4","6","6","4","4","5","5","5","2","14","3","10","5","4","B03","7","2","1","8","2","6","","49","49","1","13","4","120.84094","24.203529","3"
"7350","66000","387130000C","(04)23274275","(04)23288582","2026","2","19","14","41","臺中市","南區","0","2","0","7","3","6","50","3","1","1","5","4","6","6","4","4","10","5","5","2","13","2","9","5","4","C03","7","9","1","10","2","11","","7","7","1","12","4","120.657334","24.129476","2"
"7351","66000","387130000C","(04)23274275","(04)23288582","2026","2","19","14","41","臺中市","西屯區","0","1","0","7","3","6","50","4","2","1","5","4","6","6","1","1","4","3","4","2","16","2","9","1","1","C03","7","1","1","10","2","11","","51","51","1","13","4","120.664475","24.178174","2"
"7352","66000","387130000C","(04)23274275","(04)23288582","2026","2","19","14","42","臺中市","潭子區","0","0","0","7","","","50","","","","","","","","","","","","","","","","","","","A04","","","1","","2","","","8","8","1","13","4","120.723942","24.203806","3"
"7353","66000","387130000C","(04)23274275","(04)23288582","2026","2","19","14","45","臺中市","南屯區","0","1","0","7","3","6","50","4","1","1","5","4","6","6","1","1","10","5","5","2","16","2","9","2","1","C03","7","6","1","10","2","11","","11","11","1","13","4","120.643783","24.150963","2"
"7354","66000","387130000C","(04)23274275","(04)23288582","2026","2","19","14","45","臺中市","神岡區","0","0","0","7","","","50","","","","","","","","","","","","","","13","","","","","B03","","","1","","1","","","59","59","1","12","4","120.66073","24.27159","3"
"7355","66000","387130000C","(04)23274275","(04)23288582","2026","2","19","14","46","臺中市","東區","0","0","0","7","","","50","","","","","","","","","","","","","","13","","","","","B01","","","1","","1","","","7","7","1","13","4","120.69139","24.134831","3"
"7356","66000","387130000C","(04)23274275","(04)23288582","2026","2","19","14","49","臺中市","大安區","0","1","0","7","2","6","60","3","2","1","5","4","6","6","4","4","1","4","5","1","17","2","9","2","1","C03","7","9","1","10","2","14","","7","7","1","6","4","120.592184","24.379008","2"
"7357","66000","387130000C","(04)23274275","(04)23288582","2026","2","19","14","57","臺中市","太平區","0","0","0","7","","","30","","","","","","","","","","","","","","13","","","","","B03","","","1","","2","","","7","7","1","12","4","120.73772","24.14775","3"
"7358","66000","387130000C","(04)23274275","(04)23288582","2026","2","19","15","2","臺中市","烏日區","0","1","0","7","2","6","50","13","7","1","5","4","6","6","4","4","9","5","4","1","13","2","9","5","4","C03","7","9","1","10","2","11","","7","7","1","13","4","120.626923","24.105926","2"
"7359","66000","387130000C","(04)23274275","(04)23288582","2026","2","19","15","8","臺中市","大雅區","0","0","0","7","","","60","","","","","","","","","","","","","","14","","","","","B03","","","1","","1","","","78","78","1","12","4","120.645653","24.225279","3"
"7360","66000","387130000C","(04)23274275","(04)23288582","2026","2","19","15","10","臺中市","梧棲區","0","0","0","7","","","30","","","","","","","","","","","","","","17","","","","","B03","","","1","","1","","","50","50","1","12","4","120.531765","24.24099","3"
"7361","66000","387130000C","(04)23274275","(04)23288582","2026","2","19","15","12","臺中市","北屯區","0","2","0","7","2","6","50","4","1","1","5","4","6","6","4","4","10","5","5","2","15","2","9","1","1","C03","7","9","1","10","2","11","","15","15","1","6","4","120.725371","24.165362","2"
"7362","66000","387130000C","(04)23274275","(04)23288582","2026","2","19","15","15","臺中市","北屯區","0","0","0","7","","","50","","","","","","","","","","","","","","12","","","","","B03","","","1","","1","","","8","8","1","6","4","120.691824","24.173835","3"
"7363","66000","387130000C","(04)23274275","(04)23288582","2026","2","19","15","18","臺中市","東區","0","0","0","7","","","50","","","","","","","","","","","","","","","","","","","B03","","","1","","2","","","84","84","1","13","4","120.685116","24.129611","3"
"7364","66000","387130000C","(04)23274275","(04)23288582","2026","2","19","15","19","臺中市","南屯區","0","1","0","7","3","6","50","3","9","1","5","4","6","6","4","4","1","4","5","2","12","2","8","2","4","C03","7","9","1","10","2","12","","8","8","1","6","4","120.64659","24.148013","2"
"7365","66000","387130000C","(04)23274275","(04)23288582","2026","2","19","15","22","臺中市","沙鹿區","0","1","0","7","2","6","40","13","8","1","5","4","6","6","4","4","1","5","5","2","13","2","9","2","1","C03","7","9","1","10","2","11","","59","59","1","6","4","120.59469","24.250197","2"
"7366","66000","387130000C","(04)23274275","(04)23288582","2026","2","19","15","25","臺中市","龍井區","0","0","0","7","","","50","","","","","","","","","","","","","","16","","","","","B01","","","1","","1","","","85","85","1","6","4","120.581104","24.182565","4"