序號,縣市別代碼,機關代碼,市話,傳真,年,月,日,時,分,縣市,區,死亡數量,受傷數量,2-30,天候,道路照明設備,道路類別,道路速限,道路型態,事故位置,路面鋪裝,路面狀態,路面缺陷,障礙物,視距,號誌種類,號誌動作,分向設施,快車道或一般車道間,快慢車道間,路面邊線,事故類型及型態,受傷程度,主要傷處,保護裝備,行動電話或功能裝置,當事者區分(類別),車輛用途,當事者行動狀態,駕照狀態,駕照種類,飲酒情形,車輛撞擊部位最初,車輛撞擊部位其他,肇事因素個別,肇事因素主要,肇事逃逸,職業,共享經濟或外送平台,GPS座標X,GPS座標Y,事故類別
"7367","66000","387130000C","(04)23274275","(04)23288582","2026","2","19","15","27","臺中市","后里區","0","0","0","7","","","50","","","","","","","","","","","","","","14","","","","","B03","","","1","","2","","","49","49","1","6","4","120.723608","24.29454","3"
"7368","66000","387130000C","(04)23274275","(04)23288582","2026","2","19","15","30","臺中市","西屯區","0","0","0","7","","","50","","","","","","","","","","","","","","","","","","","C03","","","1","","2","","","50","50","1","13","4","120.636445","24.164968","3"
"7369","66000","387130000C","(04)23274275","(04)23288582","2026","2","19","15","34","臺中市","霧峰區","0","0","0","7","","","30","","","","","","","","","","","","","","1","","","","","B01","","","1","","2","","","7","7","1","13","4","120.69933","24.070063","3"
"7370","66000","387130000C","(04)23274275","(04)23288582","2026","2","19","15","35","臺中市","潭子區","0","1","0","7","2","6","25","13","9","1","5","2","6","6","4","4","9","5","5","1","18","2","1","6","1","F02","7","9","7","21","2","16","","84","84","1","13","4","120.702771","24.221195","2"
"7371","66000","387130000C","(04)23274275","(04)23288582","2026","2","19","15","38","臺中市","龍井區","0","1","0","7","1","6","30","13","9","1","5","4","3","6","4","4","10","5","5","2","9","3","10","3","1","B03","7","9","1","8","2","5","","8","8","1","6","4","120.591902","24.181667","2"
"7372","66000","387130000C","(04)23274275","(04)23288582","2026","2","19","15","40","臺中市","北區","0","0","0","7","","","50","","","","","","","","","","","","","","17","","","","","B12","","","1","","1","","","84","84","1","13","4","120.684399","24.150027","3"
"7373","66000","387130000C","(04)23274275","(04)23288582","2026","2","19","15","48","臺中市","新社區","0","1","0","7","2","6","30","4","1","1","5","4","6","6","4","4","10","5","5","2","15","2","8","3","1","B03","7","9","1","8","2","2","","15","15","1","12","4","120.797746","24.223191","2"
"7374","66000","387130000C","(04)23274275","(04)23288582","2026","2","19","16","0","臺中市","霧峰區","0","1","0","7","2","6","50","4","1","1","5","4","6","6","1","1","10","5","5","2","17","3","10","5","4","B03","7","5","1","8","2","5","","84","84","1","13","4","120.693129","24.037925","2"
"7375","66000","387130000C","(04)23274275","(04)23288582","2026","2","19","16","5","臺中市","北屯區","0","0","0","7","","","50","","","","","","","","","","","","","","17","","","","","B03","","","1","","9","","","84","84","2","12","4","120.693992","24.171902","3"
"7376","66000","387130000C","(04)23274275","(04)23288582","2026","2","19","16","9","臺中市","北區","0","1","0","7","2","6","50","13","9","1","5","4","6","6","4","4","5","5","5","2","9","3","10","3","1","B03","7","1","1","3","2","5","","51","51","1","12","4","120.686301","24.152327","2"
"7377","66000","387130000C","(04)23274275","(04)23288582","2026","2","19","16","15","臺中市","大里區","0","1","0","7","3","6","40","13","17","1","5","4","6","6","4","4","1","5","1","1","12","3","10","3","1","B03","7","15","1","8","2","5","","39","39","1","12","4","120.664027","24.085617","2"
"7378","66000","387130000C","(04)23274275","(04)23288582","2026","2","19","16","15","臺中市","大肚區","0","2","0","7","2","6","50","13","8","1","5","4","6","6","4","4","1","4","4","1","17","3","10","3","1","B03","7","7","1","8","2","3","","20","20","1","6","4","120.556178","24.128282","2"
"7379","66000","387130000C","(04)23274275","(04)23288582","2026","2","19","16","17","臺中市","東區","0","1","0","7","2","6","50","4","1","1","5","4","6","6","1","1","10","5","5","2","16","3","10","3","1","B03","7","5","1","8","2","5","","11","11","1","12","4","120.711268","24.144465","2"
"7380","66000","387130000C","(04)23274275","(04)23288582","2026","2","19","16","20","臺中市","西屯區","0","0","0","7","","","50","","","","","","","","","","","","","","12","","","","","B03","","","1","","1","","","40","40","1","13","4","120.645187","24.162802","3"
"7381","66000","387130000C","(04)23274275","(04)23288582","2026","2","19","16","27","臺中市","北屯區","0","0","0","7","","","50","","","","","","","","","","","","","","13","","","","","C03","","","1","","1","","","7","7","1","12","4","120.698453","24.17034","3"
"7382","66000","387130000C","(04)23274275","(04)23288582","2026","2","19","16","27","臺中市","豐原區","0","1","0","7","2","6","50","13","7","1","5","4","6","6","4","4","5","5","4","1","17","3","10","5","4","B03","7","1","1","8","2","7","","51","51","1","12","4","120.730856","24.249966","2"
"7383","66000","387130000C","(04)23274275","(04)23288582","2026","2","19","16","28","臺中市","太平區","0","0","0","7","","","50","","","","","","","","","","","","","","","","","","","B03","","","1","","9","","","49","49","2","12","4","120.716088","24.148726","3"
"7384","66000","387130000C","(04)23274275","(04)23288582","2026","2","19","16","35","臺中市","大肚區","0","2","0","7","2","6","30","4","1","1","5","4","6","6","4","4","10","5","5","2","15","2","9","1","1","C03","7","9","1","10","2","12","","15","15","1","7","4","120.565719","24.124508","2"
"7385","66000","387130000C","(04)23274275","(04)23288582","2026","2","19","16","35","臺中市","后里區","0","0","0","7","2","6","50","13","14","1","5","4","6","6","4","4","9","4","5","1","12","","","","","B03","","","1","","2","","","59","59","1","6","4","120.702487","24.286786","3"
"7386","66000","387130000C","(04)23274275","(04)23288582","2026","2","19","16","38","臺中市","南屯區","0","0","0","7","","","50","","","","","","","","","","","","","","","","","","","B03","","","1","","1","","","84","84","1","6","4","120.643378","24.145452","3"
"7387","66000","387130000C","(04)23274275","(04)23288582","2026","2","19","16","41","臺中市","北區","0","0","0","7","","","50","","","","","","","","","","","","","","13","","","","","B03","","","1","","2","","","84","84","1","13","4","120.698244","24.155281","3"
"7388","66000","387130000C","(04)23274275","(04)23288582","2026","2","19","16","48","臺中市","南屯區","0","0","0","7","","","50","","","","","","","","","","","","","","13","","","","","B03","","","1","","2","","","59","59","1","12","4","120.649821","24.146767","3"
"7389","66000","387130000C","(04)23274275","(04)23288582","2026","2","19","16","49","臺中市","北屯區","0","1","0","7","2","6","50","13","9","1","5","4","6","6","4","4","5","5","5","2","12","3","10","3","1","B03","7","9","1","8","2","5","","1","1","1","6","4","120.709055","24.180111","2"
"7390","66000","387130000C","(04)23274275","(04)23288582","2026","2","19","17","1","臺中市","西屯區","0","1","0","7","2","6","40","4","1","1","5","4","6","6","1","1","10","5","5","1","17","3","10","3","1","B03","7","5","1","8","2","16","","47","47","1","12","4","120.635952","24.160393","2"
"7391","66000","387130000C","(04)23274275","(04)23288582","2026","2","19","17","3","臺中市","南區","0","0","0","7","","","50","","","","","","","","","","","","","","17","","","","","B03","","","1","","2","","","47","47","1","12","4","120.665585","24.113143","3"
"7392","66000","387130000C","(04)23274275","(04)23288582","2026","2","19","17","5","臺中市","北區","0","0","0","7","","","50","","","","","","","","","","","","","","13","","","","","B03","","","1","","1","","","7","7","1","13","4","120.669888","24.159058","3"
"7393","66000","387130000C","(04)23274275","(04)23288582","2026","2","19","17","6","臺中市","西屯區","0","0","0","7","","","50","","","","","","","","","","","","","","13","","","","","B03","","","1","","1","","","59","59","1","12","4","120.654345","24.194323","3"
"7394","66000","387130000C","(04)23274275","(04)23288582","2026","2","19","17","7","臺中市","西屯區","0","0","0","7","","","50","","","","","","","","","","","","","","16","","","","","C03","","","1","","1","","","48","48","1","12","4","120.641684","24.178203","3"
"7395","66000","387130000C","(04)23274275","(04)23288582","2026","2","19","17","8","臺中市","南區","0","1","0","7","2","6","50","4","1","1","5","4","6","6","2","1","10","5","5","2","16","3","10","3","1","B03","7","6","5","19","2","2","","11","11","1","6","4","120.669979","24.112757","2"
"7396","66000","387130000C","(04)23274275","(04)23288582","2026","2","19","17","8","臺中市","西屯區","0","0","0","7","","","60","","","","","","","","","","","","","","","","","","","B03","","","1","","1","","","7","7","1","13","4","120.640435","24.167671","3"
"7397","66000","387130000C","(04)23274275","(04)23288582","2026","2","19","17","10","臺中市","新社區","0","0","0","7","","","40","","","","","","","","","","","","","","20","","","","","B03","","","1","","2","","","84","84","1","13","4","120.841281","24.151448","3"
"7398","66000","387130000C","(04)23274275","(04)23288582","2026","2","19","17","19","臺中市","大里區","0","1","0","7","2","6","30","13","9","1","5","4","6","6","4","4","10","5","5","2","10","3","10","3","1","B03","7","9","1","8","2","8","","41","41","1","12","4","120.705596","24.109278","2"
"7399","66000","387130000C","(04)23274275","(04)23288582","2026","2","19","17","20","臺中市","東區","0","0","0","7","","","50","","","","","","","","","","","","","","","","","","","B01","","","1","","2","","","84","84","1","6","4","120.693226","24.133349","4"
"7400","66000","387130000C","(04)23274275","(04)23288582","2026","2","19","17","21","臺中市","北屯區","0","1","0","7","3","6","50","5","1","1","5","4","6","6","1","1","10","5","5","2","12","3","10","2","1","C03","7","6","1","10","2","13","","87","87","1","6","4","120.711881","24.182274","2"
"7401","66000","387130000C","(04)23274275","(04)23288582","2026","2","19","17","24","臺中市","清水區","0","1","0","7","3","6","50","4","1","1","5","4","6","6","4","4","9","4","5","2","15","3","10","3","1","B03","7","9","1","8","2","5","","12","12","1","12","4","120.576943","24.26895","2"
"7402","66000","387130000C","(04)23274275","(04)23288582","2026","2","19","17","32","臺中市","東區","0","1","0","7","2","6","50","4","1","1","5","4","6","6","1","1","10","5","5","2","16","3","10","3","1","B03","7","6","1","6","2","2","","48","48","1","12","4","120.689721","24.132902","2"
"7403","66000","387130000C","(04)23274275","(04)23288582","2026","2","19","17","35","臺中市","太平區","0","0","0","7","","","50","","","","","","","","","","","","","","","","","","","C03","","","1","","2","","","7","7","1","12","4","120.701791","24.153605","3"
"7404","66000","387130000C","(04)23274275","(04)23288582","2026","2","19","17","48","臺中市","西屯區","0","0","0","7","","","0","","","","","","","","","","","","","","17","","","","","C03","","","1","","1","","","51","51","1","13","4","120.625109","24.200527","3"
"7405","66000","387130000C","(04)23274275","(04)23288582","2026","2","19","17","52","臺中市","大里區","0","0","0","7","","","60","","","","","","","","","","","","","","13","","","","","B03","","","1","","1","","","84","84","1","13","4","120.68849","24.081183","3"
"7406","66000","387130000C","(04)23274275","(04)23288582","2026","2","19","18","5","臺中市","西區","0","1","0","7","1","6","50","4","1","1","5","4","6","6","1","1","10","5","5","2","17","3","10","5","4","B03","7","5","1","8","2","2","","20","20","1","12","4","120.657397","24.146799","2"
"7407","66000","387130000C","(04)23274275","(04)23288582","2026","2","19","18","5","臺中市","北屯區","0","0","0","7","","","50","","","","","","","","","","","","","","12","","","","","B03","","","1","","2","","","84","84","1","6","4","120.722342","24.176064","3"
"7408","66000","387130000C","(04)23274275","(04)23288582","2026","2","19","18","10","臺中市","東區","0","0","0","7","","","50","","","","","","","","","","","","","","17","","","","","B03","","","1","","2","","","47","47","1","6","4","120.69993","24.132386","3"
"7409","66000","387130000C","(04)23274275","(04)23288582","2026","2","19","18","14","臺中市","東區","0","0","0","7","","","50","","","","","","","","","","","","","","","","","","","B03","","","1","","1","","","7","7","1","13","4","120.700424","24.133833","3"
"7410","66000","387130000C","(04)23274275","(04)23288582","2026","2","19","18","26","臺中市","中區","0","0","0","7","","","50","","","","","","","","","","","","","","13","","","","","B01","","","1","","1","","","84","84","1","12","4","120.677235","24.140258","3"
"7411","66000","387130000C","(04)23274275","(04)23288582","2026","2","19","18","30","臺中市","北屯區","0","0","0","7","","","50","","","","","","","","","","","","","","14","","","","","B03","","","1","","2","","","50","50","1","6","4","120.70904","24.172748","3"
"7412","66000","387130000C","(04)23274275","(04)23288582","2026","2","19","18","31","臺中市","西區","0","1","0","6","1","6","50","13","9","1","5","4","6","6","4","4","5","5","5","2","17","3","10","3","1","B03","7","6","1","8","2","8","","34","34","1","12","4","120.671399","24.15166","2"
"7413","66000","387130000C","(04)23274275","(04)23288582","2026","2","19","18","31","臺中市","南區","0","0","0","7","","","50","","","","","","","","","","","","","","12","","","","","A04","","","1","","9","","","8","8","1","12","4","120.679344","24.124062","3"
"7414","66000","387130000C","(04)23274275","(04)23288582","2026","2","19","18","39","臺中市","北屯區","0","1","0","7","1","6","50","4","1","1","5","4","6","6","2","1","10","5","5","2","12","3","10","3","1","B03","7","5","1","8","2","2","","11","11","1","6","4","120.694672","24.16561","2"
"7415","66000","387130000C","(04)23274275","(04)23288582","2026","2","19","18","42","臺中市","豐原區","0","1","0","7","1","6","30","4","1","1","5","4","6","6","4","4","10","5","5","2","15","2","9","5","4","C03","7","9","1","10","2","11","","12","12","1","13","4","120.719529","24.237609","2"
"7416","66000","387130000C","(04)23274275","(04)23288582","2026","2","19","18","52","臺中市","龍井區","0","0","0","7","","","50","","","","","","","","","","","","","","","","","","","B03","","","1","","2","","","39","39","1","12","4","120.536725","24.193948","3"
"7417","66000","387130000C","(04)23274275","(04)23288582","2026","2","19","18","55","臺中市","中區","0","0","0","6","","","50","","","","","","","","","","","","","","","","","","","C03","","","1","","1","","","49","49","1","12","4","120.684456","24.139589","3"
"7418","66000","387130000C","(04)23274275","(04)23288582","2026","2","19","18","55","臺中市","北屯區","0","0","0","7","","","50","","","","","","","","","","","","","","17","","","","","B03","","","1","","2","","","48","48","1","6","4","120.697535","24.16218","3"
"7419","66000","387130000C","(04)23274275","(04)23288582","2026","2","19","18","56","臺中市","神岡區","0","1","0","7","2","6","50","4","1","1","5","4","6","6","1","1","10","5","5","2","17","3","10","2","1","C03","7","5","1","10","2","13","","47","47","1","6","4","120.682751","24.24658","2"
"7420","66000","387130000C","(04)23274275","(04)23288582","2026","2","19","18","57","臺中市","西屯區","0","0","0","7","","","30","","","","","","","","","","","","","","","","","","","B03","","","1","","2","","","59","59","1","12","4","120.64111","24.173543","3"
"7421","66000","387130000C","(04)23274275","(04)23288582","2026","2","19","19","1","臺中市","北屯區","0","0","0","7","","","50","","","","","","","","","","","","","","11","","","","","B03","","","1","","2","","","8","8","1","6","4","120.672999","24.174607","3"
"7422","66000","387130000C","(04)23274275","(04)23288582","2026","2","19","19","5","臺中市","東區","0","1","0","7","1","6","50","3","1","1","5","4","6","6","4","4","10","5","5","2","18","2","9","2","1","C03","7","6","1","9","2","14","","11","11","1","13","4","120.688799","24.127657","2"
"7423","66000","387130000C","(04)23274275","(04)23288582","2026","2","19","19","8","臺中市","太平區","0","1","0","7","1","6","30","3","1","1","5","4","6","6","4","4","5","5","5","1","16","3","10","2","1","C03","7","6","1","10","2","11","","14","14","1","12","4","120.720592","24.120637","2"
"7424","66000","387130000C","(04)23274275","(04)23288582","2026","2","19","19","11","臺中市","北區","0","0","0","7","1","6","50","3","2","1","5","4","6","6","4","4","1","4","5","2","16","3","10","3","1","B03","7","5","1","8","1","5","","14","14","1","12","4","120.685798","24.1554","3"
"7425","66000","387130000C","(04)23274275","(04)23288582","2026","2","19","19","14","臺中市","烏日區","0","2","0","6","1","6","50","13","9","1","5","4","6","6","4","4","3","4","5","1","13","2","9","2","1","C03","7","9","1","10","2","11","","8","8","1","6","4","120.642819","24.109362","2"
"7426","66000","387130000C","(04)23274275","(04)23288582","2026","2","19","19","15","臺中市","北屯區","0","1","0","7","3","6","50","13","7","1","5","4","6","6","4","4","9","5","4","2","17","3","10","3","1","B03","7","1","1","8","2","4","","51","51","1","6","4","120.689938","24.170208","2"
"7427","66000","387130000C","(04)23274275","(04)23288582","2026","2","19","19","15","臺中市","后里區","0","0","0","7","1","6","50","13","7","1","5","4","6","6","4","4","1","4","4","1","13","3","10","1","1","F03","7","9","7","21","2","11","","7","7","1","12","4","120.723479","24.3128","3"
"7428","66000","387130000C","(04)23274275","(04)23288582","2026","2","19","19","21","臺中市","豐原區","0","0","0","7","","","50","","","","","","","","","","","","","","17","","","","","B03","","","1","","2","","","59","59","1","12","4","120.707491","24.237343","3"
"7429","66000","387130000C","(04)23274275","(04)23288582","2026","2","19","19","28","臺中市","大甲區","0","0","0","7","","","50","","","","","","","","","","","","","","","","","","","B03","","","1","","2","","","49","49","1","6","4","120.628309","24.344946","3"
"7430","66000","387130000C","(04)23274275","(04)23288582","2026","2","19","19","48","臺中市","龍井區","0","1","0","6","1","6","60","5","1","1","5","4","6","6","2","1","10","5","5","2","16","3","10","3","1","B03","7","6","3","19","2","8","","25","25","1","5","4","120.585748","24.18628","2"
"7431","66000","387130000C","(04)23274275","(04)23288582","2026","2","19","19","56","臺中市","北屯區","0","0","0","7","","","30","","","","","","","","","","","","","","","","","","","B03","","","1","","1","","","50","50","1","12","4","120.685155","24.194366","3"
"7432","66000","387130000C","(04)23274275","(04)23288582","2026","2","19","20","1","臺中市","烏日區","0","0","0","7","1","6","30","13","9","1","5","4","6","6","4","4","10","5","5","2","12","","","","","B03","","","1","","1","","","7","7","2","6","4","120.603909","24.11505","3"
"7433","66000","387130000C","(04)23274275","(04)23288582","2026","2","19","20","5","臺中市","東區","0","0","0","7","","","50","","","","","","","","","","","","","","","","","","","B03","","","1","","1","","","15","15","1","6","4","120.710007","24.143313","3"
"7434","66000","387130000C","(04)23274275","(04)23288582","2026","2","19","20","6","臺中市","潭子區","0","0","0","6","","","60","","","","","","","","","","","","","","","","","","","B03","","","1","","2","","","50","50","1","13","4","120.705466","24.210912","3"
"7435","66000","387130000C","(04)23274275","(04)23288582","2026","2","19","20","7","臺中市","北區","0","1","0","7","1","6","40","13","8","1","5","4","6","6","4","4","1","4","4","2","13","2","9","1","1","C03","7","9","1","10","2","11","14","7","7","1","13","2","120.673884","24.164173","2"
"7436","66000","387130000C","(04)23274275","(04)23288582","2026","2","19","20","19","臺中市","南屯區","0","3","0","7","1","6","50","4","1","1","5","4","6","6","1","1","10","5","5","2","13","2","9","2","1","C03","7","9","1","10","2","11","","7","7","1","13","4","120.634807","24.148468","2"
"7437","66000","387130000C","(04)23274275","(04)23288582","2026","2","19","20","22","臺中市","西區","0","0","0","6","","","50","","","","","","","","","","","","","","","","","","","F03","","","7","","2","","","84","84","1","13","4","120.684063","24.139918","3"
"7438","66000","387130000C","(04)23274275","(04)23288582","2026","2","19","20","25","臺中市","南屯區","0","2","0","7","1","6","50","13","9","1","5","4","6","6","4","4","5","4","5","2","12","2","9","1","1","C03","7","9","1","10","2","12","","20","20","1","12","4","120.643893","24.146693","2"
"7439","66000","387130000C","(04)23274275","(04)23288582","2026","2","19","20","26","臺中市","豐原區","0","0","0","7","","","50","","","","","","","","","","","","","","17","","","","","B03","","","1","","2","","","56","56","1","13","4","120.728685","24.251594","3"
"7440","66000","387130000C","(04)23274275","(04)23288582","2026","2","19","20","38","臺中市","豐原區","0","0","0","7","","","50","","","","","","","","","","","","","","17","","","","","B03","","","1","","1","","","85","85","1","12","4","120.708241","24.246236","4"
"7441","66000","387130000C","(04)23274275","(04)23288582","2026","2","19","20","39","臺中市","東區","0","1","0","7","1","6","50","3","1","1","5","4","6","6","4","4","5","2","5","2","16","3","10","3","1","B03","7","6","1","8","2","4","","14","14","1","13","4","120.70138","24.141551","2"
"7442","66000","387130000C","(04)23274275","(04)23288582","2026","2","19","20","41","臺中市","南屯區","0","0","0","7","1","6","50","13","9","1","5","4","6","6","4","4","3","4","5","2","14","","","","","B03","","","1","","1","","","50","50","1","12","4","120.653178","24.128685","3"
"7443","66000","387130000C","(04)23274275","(04)23288582","2026","2","19","20","48","臺中市","北屯區","0","1","0","7","1","6","50","4","1","1","5","4","6","6","1","1","10","5","5","2","16","3","10","3","1","B12","7","5","1","8","2","2","","47","47","1","6","4","120.713467","24.160704","2"
"7444","66000","387130000C","(04)23274275","(04)23288582","2026","2","19","20","50","臺中市","北屯區","0","0","0","7","","","50","","","","","","","","","","","","","","12","","","","","A05","","","1","","1","","","1","1","1","6","4","120.686216","24.181487","3"
"7445","66000","387130000C","(04)23274275","(04)23288582","2026","2","19","20","53","臺中市","豐原區","0","1","0","6","1","6","30","11","9","1","5","4","6","6","4","4","10","5","5","2","12","3","10","5","4","C03","7","6","1","10","2","11","","41","41","1","13","4","120.724171","24.238516","2"
"7446","66000","387130000C","(04)23274275","(04)23288582","2026","2","19","20","54","臺中市","南區","0","1","0","7","1","6","50","4","1","1","5","4","6","6","1","1","5","5","5","2","15","3","10","3","1","B03","7","9","1","8","2","5","","21","21","1","6","4","120.662628","24.126967","2"
"7447","66000","387130000C","(04)23274275","(04)23288582","2026","2","19","20","54","臺中市","南屯區","0","0","0","7","","","50","","","","","","","","","","","","","","","","","","","C03","","","1","","1","","","84","84","1","13","4","120.646537","24.132033","3"
"7448","66000","387130000C","(04)23274275","(04)23288582","2026","2","19","20","54","臺中市","豐原區","0","0","0","7","","","50","","","","","","","","","","","","","","13","","","","","B03","","","1","","1","","","59","59","1","12","4","120.704476","24.23962","3"
"7449","66000","387130000C","(04)23274275","(04)23288582","2026","2","19","20","58","臺中市","西屯區","0","1","0","7","1","6","50","13","9","1","5","4","6","6","4","4","5","5","5","2","12","3","10","5","4","B03","7","1","1","8","2","8","","51","51","1","12","4","120.657955","24.171489","2"
"7450","66000","387130000C","(04)23274275","(04)23288582","2026","2","19","21","8","臺中市","南屯區","0","0","0","7","","","40","","","","","","","","","","","","","","15","","","","","C03","","","1","","1","","","12","12","1","6","4","120.632131","24.152129","3"
"7451","66000","387130000C","(04)23274275","(04)23288582","2026","2","19","21","12","臺中市","大雅區","0","1","0","7","3","6","50","3","1","1","5","4","6","6","3","1","10","5","5","2","17","3","10","5","4","B03","7","6","1","8","2","8","","48","48","1","12","4","120.623965","24.230967","2"
"7452","66000","387130000C","(04)23274275","(04)23288582","2026","2","19","21","15","臺中市","大里區","0","0","0","7","","","50","","","","","","","","","","","","","","17","","","","","B03","","","1","4","2","","","49","49","1","13","4","120.693012","24.091152","3"
"7453","66000","387130000C","(04)23274275","(04)23288582","2026","2","19","21","22","臺中市","西屯區","0","1","0","7","1","6","50","13","9","1","5","4","6","6","2","1","5","4","5","2","18","2","7","1","1","C03","7","12","1","10","2","16","","84","84","1","12","4","120.615715","24.189085","2"
"7454","66000","387130000C","(04)23274275","(04)23288582","2026","2","19","21","30","臺中市","南屯區","0","0","0","7","","","50","","","","","","","","","","","","","","","","","","","C03","","","1","","1","","","85","85","1","13","4","120.647506","24.151005","3"
"7455","66000","387130000C","(04)23274275","(04)23288582","2026","2","19","21","30","臺中市","大里區","0","0","0","7","","","30","","","","","","","","","","","","","","","","","","","B03","","","1","","2","","","49","49","1","12","4","120.659268","24.100334","3"
"7456","66000","387130000C","(04)23274275","(04)23288582","2026","2","19","21","33","臺中市","北屯區","0","1","0","7","2","6","40","11","8","1","5","4","6","6","4","4","1","4","4","1","18","2","9","1","1","C03","7","9","1","10","2","12","","84","84","1","4","4","120.766284","24.197175","2"
"7457","66000","387130000C","(04)23274275","(04)23288582","2026","2","19","21","34","臺中市","東區","0","0","0","7","","","50","","","","","","","","","","","","","","","","","","","B03","","","1","","2","","","8","8","1","13","4","120.702904","24.135348","3"
"7458","66000","387130000C","(04)23274275","(04)23288582","2026","2","19","21","36","臺中市","東區","0","1","0","7","1","6","50","4","1","1","5","4","6","6","1","1","10","5","5","2","17","3","10","5","4","B03","7","6","1","10","2","8","","11","11","1","12","4","120.708692","24.142722","2"
"7459","66000","387130000C","(04)23274275","(04)23288582","2026","2","19","22","6","臺中市","新社區","0","0","0","7","","","50","","","","","","","","","","","","","","27","","","","","B02","","","1","","2","","","8","8","1","13","4","120.822595","24.1701","3"
"7460","66000","387130000C","(04)23274275","(04)23288582","2026","2","19","22","13","臺中市","北屯區","0","1","0","7","3","6","50","4","1","1","5","4","6","6","1","1","10","5","5","2","12","3","10","3","1","B12","7","5","1","8","2","5","","11","11","1","6","4","120.694259","24.16491","2"
"7461","66000","387130000C","(04)23274275","(04)23288582","2026","2","19","22","33","臺中市","西屯區","0","0","0","6","","","50","","","","","","","","","","","","","","","","","","","B03","","","1","","1","","","49","49","1","13","4","120.624316","24.194298","3"
"7462","66000","387130000C","(04)23274275","(04)23288582","2026","2","19","22","53","臺中市","東區","0","1","0","7","1","6","50","4","1","1","5","4","6","6","1","1","10","5","5","2","17","2","7","2","1","C03","7","9","1","10","2","11","","7","7","1","13","4","120.701668","24.131761","2"
"7463","66000","387130000C","(04)23274275","(04)23288582","2026","2","19","23","14","臺中市","西區","0","2","0","7","1","6","50","4","1","1","5","4","6","6","1","1","10","5","5","2","13","2","7","1","1","C03","7","9","1","10","2","11","","7","7","1","13","4","120.677215","24.14021","2"
"7464","66000","387130000C","(04)23274275","(04)23288582","2026","2","19","23","15","臺中市","南區","0","0","0","7","","","50","","","","","","","","","","","","","","","","","","","B03","","","1","","1","","","56","56","1","12","4","120.679099","24.126956","3"
"7465","66000","387130000C","(04)23274275","(04)23288582","2026","2","19","23","29","臺中市","霧峰區","0","2","0","7","1","6","40","3","1","1","5","4","6","6","4","4","10","5","4","1","16","2","9","1","1","C03","7","6","1","10","2","14","","84","84","1","6","2","120.663594","24.076555","2"
"7466","66000","387130000C","(04)23274275","(04)23288582","2026","2","19","23","40","臺中市","大里區","0","0","0","7","1","6","50","13","9","1","5","4","6","6","4","4","9","5","5","2","17","","","","","B03","","","1","","2","","","50","50","1","13","4","120.708853","24.110315","3"
"7467","66000","387130000C","(04)23274275","(04)23288582","2026","2","20","0","25","臺中市","大肚區","0","1","0","7","1","6","60","4","1","1","5","4","6","6","1","1","2","4","4","1","21","2","9","5","4","B12","7","9","1","8","7","1","","53","53","1","12","4","120.55065","24.138484","2"
"7468","66000","387130000C","(04)23274275","(04)23288582","2026","2","20","0","47","臺中市","豐原區","0","1","0","7","1","6","50","5","9","1","5","4","6","6","2","1","5","5","5","1","17","3","10","5","4","B03","7","5","1","8","2","8","","59","59","1","12","4","120.720513","24.240611","2"
"7469","66000","387130000C","(04)23274275","(04)23288582","2026","2","20","0","52","臺中市","烏日區","0","1","0","7","1","6","50","13","9","1","5","4","6","6","4","4","9","4","4","1","27","2","9","3","1","B03","7","9","1","8","2","1","","59","59","1","6","4","120.651025","24.09394","2"
"7470","66000","387130000C","(04)23274275","(04)23288582","2026","2","20","0","56","臺中市","中區","0","0","0","7","","","0","","","","","","","","","","","","","","14","","","","","B03","","","1","","2","","","49","49","1","13","4","120.676645","24.143448","3"
"7471","66000","387130000C","(04)23274275","(04)23288582","2026","2","20","1","34","臺中市","南屯區","0","0","0","7","","","50","","","","","","","","","","","","","","22","3","10","3","1","B03","7","9","1","8","2","1","","56","56","1","12","4","120.621306","24.134999","3"
"7472","66000","387130000C","(04)23274275","(04)23288582","2026","2","20","2","56","臺中市","大甲區","0","1","0","7","1","6","50","13","9","1","5","4","6","6","4","4","5","5","5","1","17","2","9","1","1","C03","7","9","1","10","8","14","","53","53","1","12","4","120.62201","24.348962","2"
"7473","66000","387130000C","(04)23274275","(04)23288582","2026","2","20","3","10","臺中市","東勢區","0","0","0","7","","","50","","","","","","","","","","","","","","17","","","","","B03","","","1","","1","","","87","87","1","13","4","120.807334","24.305366","3"
"7474","66000","387130000C","(04)23274275","(04)23288582","2026","2","20","3","50","臺中市","北區","0","0","0","7","1","6","50","3","9","1","5","4","6","6","4","4","5","5","5","2","14","3","10","3","1","B03","7","2","1","8","7","7","","84","84","1","13","4","120.674288","24.146535","3"
"7475","66000","387130000C","(04)23274275","(04)23288582","2026","2","20","4","11","臺中市","西屯區","0","0","0","7","","","50","","","","","","","","","","","","","","16","3","10","5","4","B03","7","9","1","19","6","1","8","85","85","1","12","4","120.632597","24.1701","3"