序號,縣市別代碼,機關代碼,市話,傳真,年,月,日,時,分,縣市,區,死亡數量,受傷數量,2-30,天候,道路照明設備,道路類別,道路速限,道路型態,事故位置,路面鋪裝,路面狀態,路面缺陷,障礙物,視距,號誌種類,號誌動作,分向設施,快車道或一般車道間,快慢車道間,路面邊線,事故類型及型態,受傷程度,主要傷處,保護裝備,行動電話或功能裝置,當事者區分(類別),車輛用途,當事者行動狀態,駕照狀態,駕照種類,飲酒情形,車輛撞擊部位最初,車輛撞擊部位其他,肇事因素個別,肇事因素主要,肇事逃逸,職業,共享經濟或外送平台,GPS座標X,GPS座標Y,事故類別
"7476","66000","387130000C","(04)23274275","(04)23288582","2026","2","20","4","13","臺中市","東區","0","2","0","6","1","6","50","4","1","1","4","4","6","6","1","1","10","5","5","2","15","3","10","5","4","B03","7","9","6","20","9","4","","21","21","2","13","4","120.689671","24.132827","2"
"7477","66000","387130000C","(04)23274275","(04)23288582","2026","2","20","5","40","臺中市","大甲區","0","0","0","7","","","60","","","","","","","","","","","","","","","","","","","B03","","","1","","2","","","59","59","1","6","4","120.61717","24.348904","3"
"7478","66000","387130000C","(04)23274275","(04)23288582","2026","2","20","5","48","臺中市","石岡區","0","0","0","5","","","30","","","","","","","","","","","","","","","","","","","B03","","","1","","1","","","84","84","1","12","4","120.803913","24.272893","3"
"7479","66000","387130000C","(04)23274275","(04)23288582","2026","2","20","6","30","臺中市","中區","0","1","0","6","1","6","50","4","1","1","4","4","6","6","1","1","10","5","5","2","18","2","9","1","1","C03","7","5","1","10","2","12","","84","84","1","13","4","120.683617","24.141493","2"
"7480","66000","387130000C","(04)23274275","(04)23288582","2026","2","20","6","30","臺中市","北屯區","0","0","0","7","","","50","","","","","","","","","","","","","","13","","","","","B01","","","1","","1","","","59","59","1","12","4","120.71946","24.162942","3"
"7481","66000","387130000C","(04)23274275","(04)23288582","2026","2","20","6","32","臺中市","神岡區","0","1","0","5","2","6","30","13","9","1","4","4","6","6","4","4","5","5","5","2","17","2","7","1","1","C03","7","6","1","10","2","11","","48","48","1","6","4","120.657581","24.271356","2"
"7482","66000","387130000C","(04)23274275","(04)23288582","2026","2","20","7","5","臺中市","西屯區","0","3","0","6","2","6","40","4","1","1","4","4","6","6","2","1","10","5","5","2","16","2","9","5","4","B03","7","6","1","8","2","2","","25","25","1","12","4","120.6363","24.15827","2"
"7483","66000","387130000C","(04)23274275","(04)23288582","2026","2","20","7","18","臺中市","龍井區","0","2","0","7","2","6","50","13","8","1","4","4","6","6","4","4","3","4","4","2","12","2","8","1","1","C03","7","1","1","10","2","14","","51","51","1","12","4","120.546474","24.195653","2"
"7484","66000","387130000C","(04)23274275","(04)23288582","2026","2","20","7","31","臺中市","西屯區","0","1","0","6","2","6","50","13","9","1","4","4","6","6","4","4","5","5","5","2","13","3","10","1","1","C03","7","12","1","10","2","12","","75","75","1","12","4","120.652815","24.166371","2"
"7485","66000","387130000C","(04)23274275","(04)23288582","2026","2","20","7","45","臺中市","龍井區","0","2","0","7","2","6","50","13","7","1","4","4","6","6","4","4","3","4","4","2","13","2","8","1","1","C03","7","9","1","10","2","11","","7","7","1","6","4","120.546451","24.195649","2"
"7486","66000","387130000C","(04)23274275","(04)23288582","2026","2","20","7","47","臺中市","潭子區","0","1","0","5","2","6","50","4","1","1","4","4","6","6","1","1","10","5","5","1","16","3","10","3","1","B12","7","5","1","8","2","2","","65","65","1","12","4","120.715283","24.204789","2"
"7487","66000","387130000C","(04)23274275","(04)23288582","2026","2","20","7","58","臺中市","西屯區","0","1","0","7","2","6","50","3","2","1","5","4","6","6","2","1","10","5","5","2","17","2","9","1","1","C03","7","12","1","10","2","14","","6","6","1","12","4","120.663987","24.176201","2"
"7488","66000","387130000C","(04)23274275","(04)23288582","2026","2","20","8","0","臺中市","大安區","0","0","0","7","","","50","","","","","","","","","","","","","","","","","","","B03","","","1","","10","","","85","85","1","6","4","120.597047","24.345736","3"
"7489","66000","387130000C","(04)23274275","(04)23288582","2026","2","20","8","18","臺中市","霧峰區","0","0","0","7","","","30","","","","","","","","","","","","","","27","","","","","B03","","","1","","2","","","84","84","1","6","4","120.658962","24.072071","3"
"7490","66000","387130000C","(04)23274275","(04)23288582","2026","2","20","8","20","臺中市","東勢區","0","1","0","6","2","6","50","13","9","1","4","4","6","6","4","4","9","5","5","1","17","2","9","1","1","C03","7","9","1","10","2","16","","84","84","1","12","4","120.787978","24.285414","2"
"7491","66000","387130000C","(04)23274275","(04)23288582","2026","2","20","8","25","臺中市","北區","0","0","0","7","","","50","","","","","","","","","","","","","","17","","","","","B03","","","1","","2","","","84","84","1","13","4","120.685456","24.150493","3"
"7492","66000","387130000C","(04)23274275","(04)23288582","2026","2","20","8","31","臺中市","沙鹿區","0","1","0","6","2","6","50","4","1","1","4","4","6","6","1","1","10","5","5","2","18","2","9","2","1","C03","7","9","1","10","2","14","","21","21","1","6","4","120.569003","24.198362","2"
"7493","66000","387130000C","(04)23274275","(04)23288582","2026","2","20","8","54","臺中市","北屯區","0","0","0","7","","","50","","","","","","","","","","","","","","13","","","","","C03","","","1","","1","","","7","7","1","13","4","120.694296","24.172439","3"
"7494","66000","387130000C","(04)23274275","(04)23288582","2026","2","20","9","5","臺中市","沙鹿區","0","0","0","7","","","50","","","","","","","","","","","","","","","","","","","B01","","","1","","2","","","85","85","1","6","4","120.558141","24.237019","3"
"7495","66000","387130000C","(04)23274275","(04)23288582","2026","2","20","9","8","臺中市","龍井區","0","1","0","6","2","6","50","13","9","1","5","4","6","6","4","4","9","5","5","1","17","2","9","2","1","C03","7","11","3","19","2","14","","42","42","1","6","4","120.582329","24.177143","2"
"7496","66000","387130000C","(04)23274275","(04)23288582","2026","2","20","9","14","臺中市","大肚區","0","0","0","7","","","50","","","","","","","","","","","","","","","","","","","B03","","","1","","2","","","8","8","1","6","4","120.555108","24.141974","3"
"7497","66000","387130000C","(04)23274275","(04)23288582","2026","2","20","9","26","臺中市","太平區","0","2","0","7","2","6","50","13","9","1","5","4","6","6","4","4","5","5","5","1","16","2","9","2","1","C03","7","9","1","10","2","14","","84","84","1","12","4","120.714707","24.140936","2"
"7498","66000","387130000C","(04)23274275","(04)23288582","2026","2","20","9","29","臺中市","西區","0","1","0","6","3","9","0","18","21","4","4","4","6","6","4","4","10","5","5","2","18","2","8","1","1","F03","7","9","7","21","2","16","","84","84","1","13","4","120.661523","24.154863","2"
"7499","66000","387130000C","(04)23274275","(04)23288582","2026","2","20","9","45","臺中市","太平區","0","0","0","7","","","50","","","","","","","","","","","","","","13","","","","","B02","","","1","","1","","","7","7","1","12","4","120.713872","24.140107","3"
"7500","66000","387130000C","(04)23274275","(04)23288582","2026","2","20","9","46","臺中市","大安區","0","0","0","7","","","50","","","","","","","","","","","","","","","","","","","B03","","","1","","1","","","49","49","1","13","4","120.588232","24.344179","3"
"7501","66000","387130000C","(04)23274275","(04)23288582","2026","2","20","9","52","臺中市","南屯區","0","1","0","7","2","6","50","13","9","1","5","4","6","6","4","4","5","4","5","2","18","2","9","1","1","C03","7","9","1","10","2","16","","59","59","1","6","4","120.639619","24.134926","2"
"7502","66000","387130000C","(04)23274275","(04)23288582","2026","2","20","9","53","臺中市","大甲區","0","0","0","6","","","50","","","","","","","","","","","","","","12","","","","","C03","","","1","","2","","","84","84","1","13","4","120.618571","24.348799","3"
"7503","66000","387130000C","(04)23274275","(04)23288582","2026","2","20","9","59","臺中市","清水區","0","0","0","7","","","50","","","","","","","","","","","","","","","","","","","B03","","","1","","2","","","26","26","1","12","4","120.572435","24.264136","3"
"7504","66000","387130000C","(04)23274275","(04)23288582","2026","2","20","10","6","臺中市","豐原區","0","0","0","7","","","50","","","","","","","","","","","","","","12","","","","","B03","","","1","","2","","","8","8","1","6","4","120.721159","24.258251","3"
"7505","66000","387130000C","(04)23274275","(04)23288582","2026","2","20","10","14","臺中市","大里區","0","1","0","7","3","6","30","4","1","1","5","4","6","6","4","4","10","5","5","2","16","2","7","1","1","C03","7","5","1","10","2","14","","14","14","1","6","4","120.708924","24.083107","2"
"7506","66000","387130000C","(04)23274275","(04)23288582","2026","2","20","10","15","臺中市","清水區","0","0","0","7","","","40","","","","","","","","","","","","","","","","","","","B12","","","1","","2","","","78","78","1","12","4","120.575274","24.268058","3"
"7507","66000","387130000C","(04)23274275","(04)23288582","2026","2","20","10","19","臺中市","南屯區","0","0","0","7","","","50","","","","","","","","","","","","","","12","","","","","C03","","","1","","1","","","7","7","1","12","4","120.625818","24.140633","3"
"7508","66000","387130000C","(04)23274275","(04)23288582","2026","2","20","10","22","臺中市","烏日區","0","0","0","7","2","6","60","3","1","1","5","4","6","6","1","1","8","3","4","1","12","3","10","3","1","B03","7","5","1","8","1","2","","87","87","1","6","4","120.618699","24.116043","3"
"7509","66000","387130000C","(04)23274275","(04)23288582","2026","2","20","10","23","臺中市","大安區","0","1","0","7","3","3","90","13","9","1","5","4","5","6","4","4","1","4","5","1","5","3","10","5","4","B03","7","9","1","8","2","2","","84","84","2","12","4","120.5857","24.366433","2"
"7510","66000","387130000C","(04)23274275","(04)23288582","2026","2","20","11","11","臺中市","北屯區","0","0","0","7","","","50","","","","","","","","","","","","","","13","","","","","B03","","","1","8","1","","","7","7","1","12","4","120.747615","24.196378","3"
"7511","66000","387130000C","(04)23274275","(04)23288582","2026","2","20","11","11","臺中市","北屯區","0","2","0","7","2","6","30","4","1","1","5","4","6","6","1","1","8","5","5","2","15","2","9","2","1","C03","7","9","1","10","2","14","","21","21","1","13","4","120.670884","24.17747","2"
"7512","66000","387130000C","(04)23274275","(04)23288582","2026","2","20","11","14","臺中市","西區","0","1","0","7","3","6","40","4","1","1","5","4","6","6","4","4","5","5","5","2","15","3","10","3","1","B03","7","9","1","8","2","8","4","84","84","1","13","4","120.658041","24.145623","2"
"7513","66000","387130000C","(04)23274275","(04)23288582","2026","2","20","11","14","臺中市","南區","0","0","0","7","","","50","","","","","","","","","","","","","","12","","","","","B03","","","1","","1","","","84","84","1","13","4","120.655817","24.124094","3"
"7514","66000","387130000C","(04)23274275","(04)23288582","2026","2","20","11","18","臺中市","龍井區","0","0","0","7","","","50","","","","","","","","","","","","","","","","","","","B03","","","1","","1","","","7","7","1","6","4","120.546199","24.196146","3"
"7515","66000","387130000C","(04)23274275","(04)23288582","2026","2","20","11","20","臺中市","北屯區","0","0","0","7","","","50","","","","","","","","","","","","","","12","","","","","B02","","","1","","2","","","51","51","1","12","4","120.700888","24.169579","3"
"7516","66000","387130000C","(04)23274275","(04)23288582","2026","2","20","11","21","臺中市","南區","0","1","0","7","2","6","50","3","1","1","5","4","6","6","1","1","9","4","4","2","17","3","10","3","1","B03","7","11","1","8","2","8","","45","45","1","12","4","120.651995","24.121094","2"
"7517","66000","387130000C","(04)23274275","(04)23288582","2026","2","20","11","23","臺中市","豐原區","0","1","0","7","3","6","50","4","1","1","5","4","6","6","2","1","5","4","4","2","16","3","10","5","4","B03","7","11","1","8","2","5","","45","45","1","12","4","120.715728","24.251405","2"
"7518","66000","387130000C","(04)23274275","(04)23288582","2026","2","20","11","39","臺中市","外埔區","0","0","0","7","2","6","50","13","7","1","5","4","6","6","1","1","5","4","4","1","13","","","","","B03","","","1","","1","","","59","59","1","6","4","120.636762","24.342874","3"
"7519","66000","387130000C","(04)23274275","(04)23288582","2026","2","20","11","40","臺中市","南屯區","0","2","0","7","2","6","50","13","9","1","5","4","6","6","4","4","3","4","5","2","17","3","10","3","1","B03","7","13","1","8","2","4","","76","76","1","13","4","120.646223","24.128094","2"
"7520","66000","387130000C","(04)23274275","(04)23288582","2026","2","20","11","43","臺中市","新社區","0","0","0","7","","","40","","","","","","","","","","","","","","","","","","","B03","","","1","","2","","","34","34","1","12","4","120.836835","24.162573","3"
"7521","66000","387130000C","(04)23274275","(04)23288582","2026","2","20","11","51","臺中市","神岡區","0","0","0","7","","","40","","","","","","","","","","","","","","13","","","","","C03","","","1","","2","","","7","7","1","12","4","120.673757","24.268422","4"
"7522","66000","387130000C","(04)23274275","(04)23288582","2026","2","20","11","54","臺中市","大雅區","0","1","0","7","2","6","50","3","1","1","5","4","6","6","2","1","10","5","5","2","17","2","9","2","1","C03","7","9","1","10","2","12","","21","21","1","12","4","120.634451","24.233492","2"
"7523","66000","387130000C","(04)23274275","(04)23288582","2026","2","20","12","2","臺中市","南屯區","0","1","0","7","2","6","50","5","1","1","5","4","6","6","2","1","1","4","5","2","16","3","10","3","1","B03","7","5","1","8","2","6","","39","39","1","6","4","120.633353","24.124376","2"
"7524","66000","387130000C","(04)23274275","(04)23288582","2026","2","20","12","11","臺中市","梧棲區","0","1","0","7","3","6","50","13","9","1","5","4","6","6","4","4","5","5","5","1","12","3","10","3","1","B03","7","9","1","8","2","2","","8","8","1","6","4","120.538655","24.247413","2"
"7525","66000","387130000C","(04)23274275","(04)23288582","2026","2","20","12","11","臺中市","豐原區","0","0","0","7","","","50","","","","","","","","","","","","","","13","","","","","B03","","","1","","2","","","7","7","1","13","4","120.712994","24.262379","3"
"7526","66000","387130000C","(04)23274275","(04)23288582","2026","2","20","12","15","臺中市","清水區","0","0","0","7","","","60","","","","","","","","","","","","","","","","","","","B01","","","1","","2","","","7","7","1","12","4","120.553882","24.274968","3"
"7527","66000","387130000C","(04)23274275","(04)23288582","2026","2","20","12","16","臺中市","西屯區","0","0","0","7","","","50","","","","","","","","","","","","","","12","","","","","H04","","","7","","2","","","109","109","1","12","4","120.6318","24.170467","3"
"7528","66000","387130000C","(04)23274275","(04)23288582","2026","2","20","12","17","臺中市","梧棲區","0","0","0","7","","","70","","","","","","","","","","","","","","13","","","","","B03","","","1","","1","","","59","59","1","6","4","120.551137","24.244715","3"
"7529","66000","387130000C","(04)23274275","(04)23288582","2026","2","20","12","19","臺中市","外埔區","0","1","0","7","3","6","50","4","1","1","5","4","6","6","1","1","10","5","5","2","15","3","10","3","1","B03","7","9","1","8","2","8","","21","21","1","6","4","120.652771","24.332252","2"
"7530","66000","387130000C","(04)23274275","(04)23288582","2026","2","20","12","20","臺中市","北屯區","0","2","0","7","2","6","50","4","1","1","5","4","6","6","2","1","10","5","5","2","16","2","8","1","1","C03","7","6","1","10","2","14","","11","11","1","13","4","120.704837","24.16935","2"
"7531","66000","387130000C","(04)23274275","(04)23288582","2026","2","20","12","24","臺中市","北區","0","0","0","7","","","50","","","","","","","","","","","","","","13","","","","","B03","","","1","","1","","","7","7","1","13","4","120.683767","24.15524","3"
"7532","66000","387130000C","(04)23274275","(04)23288582","2026","2","20","12","24","臺中市","北屯區","0","2","0","7","2","6","30","13","9","1","5","4","6","6","4","4","10","5","5","2","17","3","10","5","4","B03","7","13","1","8","2","4","","76","76","1","12","4","120.745036","24.182854","2"
"7533","66000","387130000C","(04)23274275","(04)23288582","2026","2","20","12","25","臺中市","豐原區","0","1","0","7","2","6","50","3","1","1","5","4","6","6","4","4","5","4","4","2","13","2","9","1","1","C03","7","9","1","10","2","11","","7","7","1","12","4","120.699372","24.248501","2"
"7534","66000","387130000C","(04)23274275","(04)23288582","2026","2","20","12","30","臺中市","外埔區","0","2","0","7","2","6","40","4","1","1","5","4","6","6","4","4","10","4","5","1","17","3","10","3","1","B03","7","9","1","8","2","1","","15","15","1","6","4","120.628286","24.329636","2"
"7535","66000","387130000C","(04)23274275","(04)23288582","2026","2","20","12","35","臺中市","北屯區","0","0","0","7","","","50","","","","","","","","","","","","","","13","","","","","B03","","","1","","2","","","84","84","1","13","4","120.668615","24.192796","3"
"7536","66000","387130000C","(04)23274275","(04)23288582","2026","2","20","12","35","臺中市","神岡區","0","0","0","7","","","30","","","","","","","","","","","","","","20","","","","","B02","","","1","","2","","","8","8","1","12","4","120.680954","24.262453","3"
"7537","66000","387130000C","(04)23274275","(04)23288582","2026","2","20","12","40","臺中市","豐原區","0","0","0","7","","","50","","","","","","","","","","","","","","17","","","","","C03","","","1","","2","","","59","59","1","12","4","120.721531","24.246705","4"
"7538","66000","387130000C","(04)23274275","(04)23288582","2026","2","20","12","43","臺中市","和平區","0","0","0","6","3","7","20","12","14","1","5","4","6","6","4","4","10","3","5","1","14","3","10","5","1","B03","7","2","1","8","2","3","","49","49","1","13","4","120.924302","24.318571","3"
"7539","66000","387130000C","(04)23274275","(04)23288582","2026","2","20","12","45","臺中市","豐原區","0","1","0","7","2","6","50","3","1","1","5","4","6","6","4","4","5","5","5","1","16","2","9","5","4","C03","7","6","1","10","2","12","","14","14","1","13","4","120.718879","24.245436","2"
"7540","66000","387130000C","(04)23274275","(04)23288582","2026","2","20","12","55","臺中市","豐原區","0","0","0","7","","","50","","","","","","","","","","","","","","12","","","","","B03","","","1","","2","","","40","40","1","12","4","120.728616","24.25803","3"
"7541","66000","387130000C","(04)23274275","(04)23288582","2026","2","20","12","57","臺中市","北區","0","0","0","7","","","50","","","","","","","","","","","","","","17","","","","","B03","","","1","","1","","","77","77","1","13","4","120.699213","24.152074","3"
"7542","66000","387130000C","(04)23274275","(04)23288582","2026","2","20","12","58","臺中市","梧棲區","0","1","0","7","3","6","40","13","8","1","5","4","6","6","4","4","1","4","1","1","17","2","9","1","1","C03","7","9","1","10","2","11","","59","59","1","6","4","120.545028","24.246562","2"
"7543","66000","387130000C","(04)23274275","(04)23288582","2026","2","20","12","58","臺中市","清水區","0","1","0","7","3","6","50","13","9","1","5","4","6","6","4","4","9","5","5","1","17","3","10","3","1","B03","7","1","1","8","2","8","","51","51","1","12","4","120.55734","24.272113","2"
"7544","66000","387130000C","(04)23274275","(04)23288582","2026","2","20","13","3","臺中市","西屯區","0","0","0","7","","","50","","","","","","","","","","","","","","13","","","","","B03","","","1","","1","","","59","59","1","12","4","120.630602","24.183336","3"
"7545","66000","387130000C","(04)23274275","(04)23288582","2026","2","20","13","10","臺中市","龍井區","0","0","0","7","","","50","","","","","","","","","","","","","","","","","","","B03","","","1","","1","","","8","8","1","6","4","120.5497","24.208274","3"
"7546","66000","387130000C","(04)23274275","(04)23288582","2026","2","20","13","17","臺中市","大里區","0","1","0","7","3","6","40","13","9","1","5","4","6","6","4","4","9","5","5","2","16","2","9","1","1","C03","7","9","1","10","2","11","","84","84","1","13","4","120.694987","24.081295","2"
"7547","66000","387130000C","(04)23274275","(04)23288582","2026","2","20","13","18","臺中市","北屯區","0","4","0","7","2","3","80","13","9","1","5","4","6","6","4","4","10","5","5","2","13","2","9","5","4","B03","7","9","1","8","2","8","","7","7","1","12","4","120.694144","24.201018","2"
"7548","66000","387130000C","(04)23274275","(04)23288582","2026","2","20","13","25","臺中市","北屯區","0","0","0","7","","","50","","","","","","","","","","","","","","12","","","","","B03","","","1","","2","","","40","40","1","6","4","120.699946","24.164761","3"
"7549","66000","387130000C","(04)23274275","(04)23288582","2026","2","20","13","25","臺中市","神岡區","0","0","0","7","","","60","","","","","","","","","","","","","","13","","","","","A11","","","1","","1","","","59","59","1","12","4","120.708994","24.260041","3"
"7550","66000","387130000C","(04)23274275","(04)23288582","2026","2","20","13","37","臺中市","北區","0","1","0","7","2","6","50","5","1","1","5","4","6","6","1","1","1","4","5","2","17","3","10","3","1","B03","7","15","1","8","2","3","","42","42","1","12","4","120.67597","24.158281","2"
"7551","66000","387130000C","(04)23274275","(04)23288582","2026","2","20","13","40","臺中市","后里區","0","0","0","7","","","60","","","","","","","","","","","","","","13","","","","","B03","","","1","","2","","","7","7","1","6","4","120.722667","24.283099","3"
"7552","66000","387130000C","(04)23274275","(04)23288582","2026","2","20","13","49","臺中市","大里區","0","0","0","7","","","50","","","","","","","","","","","","","","13","","","","","B03","","","1","","1","","","58","58","1","6","4","120.699145","24.096488","3"
"7553","66000","387130000C","(04)23274275","(04)23288582","2026","2","20","13","50","臺中市","豐原區","0","3","0","7","2","6","50","4","1","1","5","4","6","6","2","1","5","5","4","2","17","2","9","6","1","F01","7","6","7","21","2","14","","48","48","1","12","4","120.710613","24.250572","2"
"7554","66000","387130000C","(04)23274275","(04)23288582","2026","2","20","13","56","臺中市","西屯區","0","0","0","7","","","0","","","","","","","","","","","","","","16","","","","","B03","","","1","","9","","","51","51","2","12","4","120.66615","24.16958","3"
"7555","66000","387130000C","(04)23274275","(04)23288582","2026","2","20","14","0","臺中市","東區","0","0","0","7","","","50","","","","","","","","","","","","","","17","","","","","B03","","","1","","2","","","49","49","1","6","4","120.694339","24.127623","3"
"7556","66000","387130000C","(04)23274275","(04)23288582","2026","2","20","14","0","臺中市","東區","0","0","0","7","","","50","","","","","","","","","","","","","","17","","","","","B02","","","1","","9","","","87","87","1","13","4","120.695092","24.135901","3"
"7557","66000","387130000C","(04)23274275","(04)23288582","2026","2","20","14","0","臺中市","和平區","0","1","0","7","1","6","30","13","9","1","5","4","6","6","4","4","5","3","5","1","6","2","9","6","5","H01","8","18","7","21","10","17","","109","109","1","1","5","121.004983","24.203052","2"
"7558","66000","387130000C","(04)23274275","(04)23288582","2026","2","20","14","7","臺中市","沙鹿區","0","1","0","7","2","6","1","3","1","1","5","4","6","6","1","1","10","5","5","2","16","2","9","2","1","C03","7","9","1","10","2","11","","39","39","1","6","4","120.598669","24.252846","2"
"7559","66000","387130000C","(04)23274275","(04)23288582","2026","2","20","14","7","臺中市","大甲區","0","0","0","7","","","50","","","","","","","","","","","","","","12","","","","","B03","","","1","","1","","","84","84","1","6","4","120.625999","24.345772","3"
"7560","66000","387130000C","(04)23274275","(04)23288582","2026","2","20","14","19","臺中市","大里區","0","2","0","7","2","6","50","4","1","1","5","4","6","6","2","1","1","4","4","1","16","3","10","1","1","C03","7","9","1","10","2","12","","7","7","1","6","4","120.667132","24.105307","2"
"7561","66000","387130000C","(04)23274275","(04)23288582","2026","2","20","14","20","臺中市","潭子區","0","1","0","7","2","6","40","4","2","1","5","4","6","6","1","1","5","5","4","2","16","2","9","2","1","C03","7","6","1","10","2","14","","48","48","1","13","4","120.678865","24.204406","2"
"7562","66000","387130000C","(04)23274275","(04)23288582","2026","2","20","14","20","臺中市","潭子區","0","1","0","7","3","6","30","13","9","1","5","4","6","6","4","4","10","5","5","1","9","3","10","2","1","C03","7","9","1","10","2","16","","84","84","1","13","4","120.68045","24.220091","2"
"7563","66000","387130000C","(04)23274275","(04)23288582","2026","2","20","14","21","臺中市","大里區","0","0","0","7","","","50","","","","","","","","","","","","","","15","","","","","C03","","","1","","2","","","12","12","1","13","4","120.700075","24.108872","3"
"7564","66000","387130000C","(04)23274275","(04)23288582","2026","2","20","14","21","臺中市","豐原區","0","1","0","7","3","9","10","13","13","1","5","4","6","6","4","4","9","5","5","1","11","4","11","5","4","F01","7","9","7","21","2","11","","41","41","1","13","4","120.697012","24.22892","2"
"7565","66000","387130000C","(04)23274275","(04)23288582","2026","2","20","14","24","臺中市","新社區","0","0","0","7","3","6","50","13","9","1","5","4","6","6","4","4","4","3","5","1","13","3","10","5","4","C03","7","1","1","10","2","1","","84","84","1","13","4","120.797396","24.203078","3"
"7566","66000","387130000C","(04)23274275","(04)23288582","2026","2","20","14","24","臺中市","豐原區","0","0","0","7","","","50","","","","","","","","","","","","","","13","","","","","B03","","","1","","2","","","59","59","1","12","4","120.714874","24.244909","3"
"7567","66000","387130000C","(04)23274275","(04)23288582","2026","2","20","14","27","臺中市","北屯區","0","0","0","7","","","50","","","","","","","","","","","","","","13","","","","","B03","","","1","","1","","","84","84","1","13","4","120.725856","24.180404","3"
"7568","66000","387130000C","(04)23274275","(04)23288582","2026","2","20","14","30","臺中市","大雅區","0","0","0","7","","","30","","","","","","","","","","","","","","","","","","","B03","","","1","","1","","","49","49","1","12","4","120.64129","24.212554","3"
"7569","66000","387130000C","(04)23274275","(04)23288582","2026","2","20","14","34","臺中市","南區","0","3","0","7","2","6","40","4","4","1","5","4","6","6","1","1","5","4","4","2","13","2","9","5","4","C03","7","9","1","10","2","11","","7","7","1","12","4","120.68168","24.133843","2"
"7570","66000","387130000C","(04)23274275","(04)23288582","2026","2","20","14","35","臺中市","北屯區","0","0","0","7","","3","80","","","","","","","","","","","","","","13","","","","","B03","","","1","","1","","","84","84","1","6","4","120.701285","24.201544","3"
"7571","66000","387130000C","(04)23274275","(04)23288582","2026","2","20","14","38","臺中市","清水區","0","1","0","7","3","6","50","13","9","1","5","4","6","6","4","4","9","4","5","1","12","3","10","3","1","B03","7","3","1","8","2","2","","50","50","1","12","4","120.575339","24.279359","2"
"7572","66000","387130000C","(04)23274275","(04)23288582","2026","2","20","14","40","臺中市","南屯區","0","0","0","7","","","30","","","","","","","","","","","","","","17","","","","","B03","","","1","","1","","","51","51","1","12","4","120.635313","24.143326","3"
"7573","66000","387130000C","(04)23274275","(04)23288582","2026","2","20","14","41","臺中市","西屯區","0","1","0","7","3","6","30","13","9","1","5","4","6","6","4","4","8","5","5","2","17","3","10","3","1","B03","7","3","1","8","2","1","","50","50","1","13","4","120.640863","24.185753","2"
"7574","66000","387130000C","(04)23274275","(04)23288582","2026","2","20","14","45","臺中市","西區","0","1","0","7","2","6","40","4","1","1","5","4","6","6","4","4","10","5","5","2","15","2","9","1","1","C03","7","9","1","8","2","12","","15","15","1","12","4","120.655644","24.13582","2"
"7575","66000","387130000C","(04)23274275","(04)23288582","2026","2","20","14","53","臺中市","沙鹿區","0","1","0","7","2","6","50","3","1","1","5","4","6","6","1","1","10","5","5","2","16","3","10","3","1","B03","7","5","1","8","2","6","","11","11","1","6","4","120.556135","24.220955","2"
"7576","66000","387130000C","(04)23274275","(04)23288582","2026","2","20","14","53","臺中市","清水區","0","0","0","7","","","40","","","","","","","","","","","","","","","","","","","B03","","","1","","1","","","8","8","1","12","4","120.576204","24.27069","3"
"7577","66000","387130000C","(04)23274275","(04)23288582","2026","2","20","14","54","臺中市","東區","0","0","0","7","","","50","","","","","","","","","","","","","","12","","","","","B03","","","1","","2","","","35","35","1","12","4","120.698757","24.132983","3"
"7578","66000","387130000C","(04)23274275","(04)23288582","2026","2","20","14","56","臺中市","大雅區","0","1","0","7","2","6","30","13","9","1","5","4","6","6","4","4","10","5","5","2","11","3","10","2","1","C03","7","9","1","10","2","14","","41","41","1","12","4","120.646292","24.21898","2"
"7579","66000","387130000C","(04)23274275","(04)23288582","2026","2","20","14","58","臺中市","北屯區","0","0","0","7","","","50","","","","","","","","","","","","","","16","","","","","B03","","","1","","1","","","11","11","1","6","4","120.720707","24.1712","3"
"7580","66000","387130000C","(04)23274275","(04)23288582","2026","2","20","14","59","臺中市","梧棲區","0","0","0","7","","","50","","","","","","","","","","","","","","14","","","","","B03","","","1","","2","","","49","49","1","6","4","120.531841","24.265663","3"
"7581","66000","387130000C","(04)23274275","(04)23288582","2026","2","20","15","13","臺中市","南區","0","1","0","7","2","6","50","13","9","1","5","4","6","6","4","4","5","4","5","2","12","3","10","3","1","B03","7","9","1","8","2","2","","7","7","1","12","4","120.671312","24.114878","2"
"7582","66000","387130000C","(04)23274275","(04)23288582","2026","2","20","15","15","臺中市","北區","0","0","0","7","","","0","","","","","","","","","","","","","","17","","","","","C03","","","1","","9","","","8","8","2","13","4","120.683689","24.146481","3"
"7583","66000","387130000C","(04)23274275","(04)23288582","2026","2","20","15","18","臺中市","南屯區","0","0","0","7","","","40","","","","","","","","","","","","","","","","","","","B03","","","1","","1","","","84","84","1","13","4","120.628343","24.120452","3"
"7584","66000","387130000C","(04)23274275","(04)23288582","2026","2","20","15","20","臺中市","大甲區","0","1","0","7","3","6","50","13","9","1","5","4","6","6","4","4","5","5","5","1","14","3","10","5","4","B03","7","2","1","8","2","6","","49","49","1","6","4","120.625425","24.346213","2"
"7585","66000","387130000C","(04)23274275","(04)23288582","2026","2","20","15","22","臺中市","南區","0","0","0","7","","","50","","","","","","","","","","","","","","","","","","","B03","","","1","","1","","","50","50","1","6","4","120.654415","24.121019","4"