序號,縣市別代碼,機關代碼,市話,傳真,年,月,日,時,分,縣市,區,死亡數量,受傷數量,2-30,天候,道路照明設備,道路類別,道路速限,道路型態,事故位置,路面鋪裝,路面狀態,路面缺陷,障礙物,視距,號誌種類,號誌動作,分向設施,快車道或一般車道間,快慢車道間,路面邊線,事故類型及型態,受傷程度,主要傷處,保護裝備,行動電話或功能裝置,當事者區分(類別),車輛用途,當事者行動狀態,駕照狀態,駕照種類,飲酒情形,車輛撞擊部位最初,車輛撞擊部位其他,肇事因素個別,肇事因素主要,肇事逃逸,職業,共享經濟或外送平台,GPS座標X,GPS座標Y,事故類別
"7586","66000","387130000C","(04)23274275","(04)23288582","2026","2","20","15","23","臺中市","豐原區","0","0","0","7","","","50","","","","","","","","","","","","","","13","","","","","B03","","","1","","1","","","7","7","1","12","4","120.726314","24.242306","3"
"7587","66000","387130000C","(04)23274275","(04)23288582","2026","2","20","15","25","臺中市","大里區","0","0","0","7","","","50","","","","","","","","","","","","","","","","","","","C03","","","1","","2","","","50","50","1","12","4","120.690038","24.109832","3"
"7588","66000","387130000C","(04)23274275","(04)23288582","2026","2","20","15","28","臺中市","北區","0","0","0","7","","","50","","","","","","","","","","","","","","","","","","","B01","","","1","","2","","","7","7","1","12","4","120.680858","24.149175","3"
"7589","66000","387130000C","(04)23274275","(04)23288582","2026","2","20","15","28","臺中市","西屯區","0","0","0","7","","","50","","","","","","","","","","","","","","13","","","","","B03","","","1","","1","","","82","82","1","12","4","120.64941","24.162134","3"
"7590","66000","387130000C","(04)23274275","(04)23288582","2026","2","20","15","28","臺中市","梧棲區","0","0","0","7","","","70","","","","","","","","","","","","","","16","","","","","B03","","","1","","1","","","11","11","1","6","4","120.546818","24.232474","3"
"7591","66000","387130000C","(04)23274275","(04)23288582","2026","2","20","15","30","臺中市","南屯區","0","0","0","7","","","50","","","","","","","","","","","","","","","","","","","B03","","","1","","1","","","78","78","1","13","4","120.645358","24.146951","3"
"7592","66000","387130000C","(04)23274275","(04)23288582","2026","2","20","15","35","臺中市","北區","0","1","0","7","2","6","50","3","2","1","5","4","6","6","2","1","10","5","5","2","12","2","9","2","1","C03","7","6","1","10","2","12","","48","48","1","13","4","120.687134","24.148847","2"
"7593","66000","387130000C","(04)23274275","(04)23288582","2026","2","20","15","37","臺中市","大肚區","0","0","0","7","","","30","","","","","","","","","","","","","","","","","","","B03","","","1","","1","","","59","59","1","6","4","120.542858","24.156625","3"
"7594","66000","387130000C","(04)23274275","(04)23288582","2026","2","20","15","37","臺中市","清水區","0","0","0","7","","","50","","","","","","","","","","","","","","","","","","","B03","","","1","","2","","","84","84","1","12","4","120.59938","24.305353","3"
"7595","66000","387130000C","(04)23274275","(04)23288582","2026","2","20","15","41","臺中市","沙鹿區","0","1","0","7","2","6","40","13","8","1","5","4","6","6","4","4","9","5","4","2","17","2","9","2","1","C03","7","9","1","10","2","11","12","59","59","1","6","4","120.562174","24.251773","2"
"7596","66000","387130000C","(04)23274275","(04)23288582","2026","2","20","15","44","臺中市","大雅區","0","0","0","7","","","50","","","","","","","","","","","","","","","","","","","B03","","","1","","8","","","59","59","1","12","4","120.636494","24.245235","3"
"7597","66000","387130000C","(04)23274275","(04)23288582","2026","2","20","15","44","臺中市","新社區","0","1","0","7","3","6","30","13","9","1","5","4","6","6","4","4","10","5","5","2","18","2","9","5","4","C03","7","9","1","10","7","14","","53","53","1","13","4","120.814812","24.245428","2"
"7598","66000","387130000C","(04)23274275","(04)23288582","2026","2","20","15","50","臺中市","大甲區","0","0","0","7","","","50","","","","","","","","","","","","","","16","","","","","B03","","","1","","1","","","14","14","1","6","4","120.630299","24.348682","3"
"7599","66000","387130000C","(04)23274275","(04)23288582","2026","2","20","15","51","臺中市","清水區","0","1","0","7","3","6","50","4","1","1","5","4","6","6","4","4","5","5","5","1","15","2","9","1","1","C03","7","9","1","10","2","11","","12","12","1","12","4","120.572417","24.273826","2"
"7600","66000","387130000C","(04)23274275","(04)23288582","2026","2","20","15","53","臺中市","潭子區","0","0","0","7","","","60","","","","","","","","","","","","","","","","","","","B03","","","1","","2","","","84","84","1","13","4","120.688235","24.21574","3"
"7601","66000","387130000C","(04)23274275","(04)23288582","2026","2","20","15","54","臺中市","太平區","0","1","0","7","2","6","50","3","1","1","5","4","6","6","1","1","10","5","5","2","16","3","10","3","1","B03","7","5","1","8","2","5","","47","47","1","12","4","120.735894","24.129871","2"
"7602","66000","387130000C","(04)23274275","(04)23288582","2026","2","20","16","1","臺中市","新社區","0","0","0","7","3","6","30","13","9","1","5","4","6","6","4","4","5","5","5","2","11","3","10","5","4","B03","7","9","1","8","1","6","","7","7","1","13","4","120.809848","24.253176","3"
"7603","66000","387130000C","(04)23274275","(04)23288582","2026","2","20","16","2","臺中市","豐原區","0","2","0","7","2","6","50","4","9","1","5","4","6","6","1","1","1","5","5","1","12","3","10","3","1","B03","7","9","1","8","2","1","","7","7","1","12","4","120.749314","24.268305","2"
"7604","66000","387130000C","(04)23274275","(04)23288582","2026","2","20","16","4","臺中市","神岡區","0","1","0","7","1","6","30","3","1","1","5","4","6","6","4","4","10","5","5","2","16","2","9","6","4","F01","7","5","7","21","2","14","","14","14","1","12","4","120.653094","24.251256","2"
"7605","66000","387130000C","(04)23274275","(04)23288582","2026","2","20","16","6","臺中市","大甲區","0","0","0","7","","","50","","","","","","","","","","","","","","12","","","","","C03","","","1","","2","","","51","51","1","12","4","120.62423","24.346558","3"
"7606","66000","387130000C","(04)23274275","(04)23288582","2026","2","20","16","8","臺中市","后里區","0","0","0","7","2","6","30","13","9","1","5","4","6","","4","4","10","5","5","2","26","","","","","C03","","","1","","11","","","59","59","1","6","4","120.739198","24.33882","3"
"7607","66000","387130000C","(04)23274275","(04)23288582","2026","2","20","16","10","臺中市","西屯區","0","1","0","7","2","6","50","13","9","1","5","4","6","6","4","4","5","4","5","2","12","2","8","5","4","C03","7","9","1","10","2","11","","59","59","1","12","4","120.611513","24.190792","2"
"7608","66000","387130000C","(04)23274275","(04)23288582","2026","2","20","16","11","臺中市","南區","0","1","0","7","2","6","50","4","1","1","5","4","6","6","1","1","9","4","4","2","30","2","9","2","1","F03","7","9","7","21","2","16","","7","7","1","12","4","120.65322","24.117814","2"
"7609","66000","387130000C","(04)23274275","(04)23288582","2026","2","20","16","18","臺中市","豐原區","0","1","0","7","3","6","30","5","1","1","5","4","6","6","4","4","3","5","5","2","11","3","10","5","4","B03","7","9","1","8","2","5","","59","59","1","13","4","120.743972","24.273683","2"
"7610","66000","387130000C","(04)23274275","(04)23288582","2026","2","20","16","20","臺中市","北區","0","0","0","7","2","6","50","3","2","1","5","4","6","6","4","4","5","4","4","2","16","3","10","1","1","C04","7","5","1","8","1","14","","12","12","1","12","4","120.670565","24.170056","3"
"7611","66000","387130000C","(04)23274275","(04)23288582","2026","2","20","16","22","臺中市","豐原區","0","0","0","7","","","50","","","","","","","","","","","","","","12","","","","","A12","","","1","","2","","","7","7","1","12","4","120.701222","24.249186","3"
"7612","66000","387130000C","(04)23274275","(04)23288582","2026","2","20","16","23","臺中市","南屯區","0","1","0","7","3","6","50","13","9","1","5","4","6","6","1","1","5","2","5","2","12","3","10","3","1","B03","7","5","1","8","2","5","","20","20","1","12","4","120.640679","24.14542","2"
"7613","66000","387130000C","(04)23274275","(04)23288582","2026","2","20","16","27","臺中市","霧峰區","0","2","0","6","2","6","50","4","1","1","5","4","6","6","4","4","10","5","5","1","17","2","9","1","1","C03","7","6","1","10","2","13","","14","14","1","13","4","120.696382","24.068602","2"
"7614","66000","387130000C","(04)23274275","(04)23288582","2026","2","20","16","30","臺中市","北屯區","0","0","0","7","","","50","","","","","","","","","","","","","","9","","","","","B12","","","1","","9","","","40","40","1","6","4","120.728749","24.176672","3"
"7615","66000","387130000C","(04)23274275","(04)23288582","2026","2","20","16","30","臺中市","西屯區","0","3","0","7","2","6","50","4","1","1","5","4","6","6","2","1","10","5","5","2","17","2","7","3","1","B03","7","6","1","8","2","1","","48","48","1","13","4","120.617365","24.185539","2"
"7616","66000","387130000C","(04)23274275","(04)23288582","2026","2","20","16","31","臺中市","北屯區","0","0","0","7","","","50","","","","","","","","","","","","","","","","","","","B03","","","1","","2","","","84","84","1","12","4","120.699589","24.176451","3"
"7617","66000","387130000C","(04)23274275","(04)23288582","2026","2","20","16","34","臺中市","太平區","0","1","0","7","3","6","30","11","9","1","5","4","6","6","4","4","5","2","5","1","17","3","10","1","1","C03","7","9","1","10","1","16","","84","84","1","12","4","120.801522","24.103067","2"
"7618","66000","387130000C","(04)23274275","(04)23288582","2026","2","20","16","48","臺中市","東區","0","0","0","7","","","50","","","","","","","","","","","","","","16","","","","","B03","","","1","","1","","","47","47","1","6","4","120.699655","24.144697","3"
"7619","66000","387130000C","(04)23274275","(04)23288582","2026","2","20","16","48","臺中市","太平區","0","1","0","7","2","6","50","13","9","1","2","4","6","6","4","4","5","2","5","2","17","2","9","1","1","C03","7","9","1","10","2","12","","84","84","1","12","4","120.700481","24.148243","2"
"7620","66000","387130000C","(04)23274275","(04)23288582","2026","2","20","16","51","臺中市","北屯區","0","1","0","7","2","3","80","13","7","1","5","4","6","6","4","4","1","4","5","1","13","2","9","2","1","C02","7","9","1","9","1","11","","7","7","1","6","4","120.72221","24.186204","2"
"7621","66000","387130000C","(04)23274275","(04)23288582","2026","2","20","16","52","臺中市","西屯區","0","0","0","7","","","50","","","","","","","","","","","","","","13","","","","","B01","","","1","","1","","","84","84","1","13","4","120.625284","24.18209","3"
"7622","66000","387130000C","(04)23274275","(04)23288582","2026","2","20","16","53","臺中市","西屯區","0","0","0","7","","","50","","","","","","","","","","","","","","12","","","","","B03","","","1","","1","","","42","42","1","12","4","120.649033","24.193495","3"
"7623","66000","387130000C","(04)23274275","(04)23288582","2026","2","20","16","58","臺中市","西區","0","1","0","7","1","6","50","13","9","1","5","4","6","6","1","1","10","5","5","2","17","3","10","5","4","B03","7","9","1","8","2","1","","7","7","1","12","4","120.673969","24.148223","2"
"7624","66000","387130000C","(04)23274275","(04)23288582","2026","2","20","16","59","臺中市","烏日區","0","1","0","7","2","6","50","4","1","1","5","4","6","6","1","1","10","5","5","2","16","3","10","5","4","C03","7","5","1","10","2","12","","11","11","1","13","4","120.624649","24.104288","2"
"7625","66000","387130000C","(04)23274275","(04)23288582","2026","2","20","17","8","臺中市","北區","0","0","0","7","","","50","","","","","","","","","","","","","","","","","","","C03","","","1","","1","","","84","84","1","12","4","120.684542","24.150682","3"
"7626","66000","387130000C","(04)23274275","(04)23288582","2026","2","20","17","8","臺中市","北屯區","0","2","0","7","3","6","50","3","1","1","5","4","6","6","1","1","10","5","5","2","17","2","9","1","1","C03","7","9","1","10","2","12","","7","7","1","12","4","120.668477","24.199274","2"
"7627","66000","387130000C","(04)23274275","(04)23288582","2026","2","20","17","10","臺中市","南屯區","0","0","0","7","","","50","","","","","","","","","","","","","","","","","","","B03","","","1","","1","","","21","21","1","13","4","120.64872","24.14775","3"
"7628","66000","387130000C","(04)23274275","(04)23288582","2026","2","20","17","21","臺中市","東區","0","2","0","7","2","6","50","4","1","1","5","4","6","6","1","1","10","5","5","2","17","2","9","1","1","C03","7","9","1","10","2","12","14","84","84","1","12","4","120.710504","24.149626","2"
"7629","66000","387130000C","(04)23274275","(04)23288582","2026","2","20","17","26","臺中市","清水區","0","2","0","7","3","6","50","13","9","1","5","4","6","6","4","4","1","4","4","1","17","2","9","1","1","C03","7","9","1","10","2","12","","59","59","1","12","4","120.571919","24.275237","2"
"7630","66000","387130000C","(04)23274275","(04)23288582","2026","2","20","17","28","臺中市","大甲區","0","0","0","7","","","50","","","","","","","","","","","","","","13","","","","","B03","","","1","","1","","","7","7","1","6","4","120.626661","24.344868","3"
"7631","66000","387130000C","(04)23274275","(04)23288582","2026","2","20","17","29","臺中市","北屯區","0","0","0","7","","","50","","","","","","","","","","","","","","16","","","","","B03","","","1","","1","","","11","11","1","6","4","120.683664","24.176075","3"
"7632","66000","387130000C","(04)23274275","(04)23288582","2026","2","20","17","36","臺中市","西屯區","0","0","0","7","","","50","","","","","","","","","","","","","","13","","","","","C03","","","1","","1","","","7","7","1","12","4","120.644969","24.181596","3"
"7633","66000","387130000C","(04)23274275","(04)23288582","2026","2","20","17","39","臺中市","北屯區","0","0","0","7","","","50","","","","","","","","","","","","","","","","","","","B03","","","1","","2","","","11","11","1","6","4","120.74107","24.179966","3"
"7634","66000","387130000C","(04)23274275","(04)23288582","2026","2","20","17","39","臺中市","太平區","0","0","0","7","","","50","","","","","","","","","","","","","","","","","","","C03","","","1","","2","","","84","84","1","12","4","120.706899","24.153251","3"
"7635","66000","387130000C","(04)23274275","(04)23288582","2026","2","20","17","43","臺中市","大甲區","0","0","0","7","","","50","","","","","","","","","","","","","","12","","","","","B03","","","1","","2","","","45","45","1","6","4","120.626944","24.350159","3"
"7636","66000","387130000C","(04)23274275","(04)23288582","2026","2","20","17","49","臺中市","北屯區","0","2","0","7","1","6","50","3","1","1","5","4","6","6","4","4","10","5","5","2","16","2","7","1","1","C03","7","6","1","10","2","12","","14","14","1","12","4","120.659911","24.189782","2"
"7637","66000","387130000C","(04)23274275","(04)23288582","2026","2","20","17","50","臺中市","西屯區","0","1","0","7","1","6","50","4","1","1","5","4","6","6","2","1","10","5","5","2","13","3","10","5","4","C03","7","9","1","10","2","11","","59","59","1","12","4","120.644183","24.171428","2"
"7638","66000","387130000C","(04)23274275","(04)23288582","2026","2","20","17","56","臺中市","大雅區","0","1","0","7","3","6","40","13","8","1","5","4","6","6","4","4","3","4","4","1","12","3","10","5","4","B03","7","1","1","8","1","4","","51","51","1","12","4","120.642479","24.228891","2"
"7639","66000","387130000C","(04)23274275","(04)23288582","2026","2","20","18","14","臺中市","北區","0","1","0","7","1","6","50","4","2","1","5","4","6","6","2","1","10","5","5","2","12","3","10","3","1","B01","7","1","1","4","1","6","","51","51","1","13","4","120.685011","24.167116","2"
"7640","66000","387130000C","(04)23274275","(04)23288582","2026","2","20","18","14","臺中市","北屯區","0","2","0","7","1","6","50","13","9","1","5","4","6","6","4","4","1","4","5","2","13","2","9","1","1","C03","7","9","1","10","2","11","","7","7","1","6","4","120.661","24.184981","2"
"7641","66000","387130000C","(04)23274275","(04)23288582","2026","2","20","18","15","臺中市","北屯區","0","2","0","7","3","6","50","3","2","1","5","4","6","6","4","4","7","5","4","2","13","2","9","2","1","C03","7","9","1","10","2","14","","7","7","1","6","4","120.680884","24.189695","2"
"7642","66000","387130000C","(04)23274275","(04)23288582","2026","2","20","18","20","臺中市","大甲區","0","0","0","7","","","40","","","","","","","","","","","","","","14","","","","","B03","","","1","","1","","","7","7","1","13","4","120.624769","24.343732","3"
"7643","66000","387130000C","(04)23274275","(04)23288582","2026","2","20","18","21","臺中市","大里區","0","2","0","7","1","6","30","4","1","1","5","4","6","6","4","4","10","5","5","2","15","2","2","3","1","B03","7","9","1","8","2","6","","15","15","1","12","4","120.704104","24.10495","2"
"7644","66000","387130000C","(04)23274275","(04)23288582","2026","2","20","18","23","臺中市","烏日區","0","2","0","7","1","6","40","4","1","1","5","4","6","6","4","4","10","5","5","2","15","2","9","1","1","F03","7","9","7","21","3","12","","15","15","1","6","4","120.645258","24.084607","2"
"7645","66000","387130000C","(04)23274275","(04)23288582","2026","2","20","18","24","臺中市","北屯區","0","0","0","7","","","50","","","","","","","","","","","","","","","","","","","B03","","","1","","1","","","51","51","1","13","4","120.707429","24.192611","3"
"7646","66000","387130000C","(04)23274275","(04)23288582","2026","2","20","18","24","臺中市","太平區","0","2","0","7","1","6","50","3","1","1","5","4","6","6","4","4","10","5","5","2","16","2","9","1","1","C03","7","5","1","10","2","11","","14","14","1","11","4","120.720343","24.132675","2"
"7647","66000","387130000C","(04)23274275","(04)23288582","2026","2","20","18","25","臺中市","南屯區","0","0","0","7","","","50","","","","","","","","","","","","","","17","","","","","B03","","","1","","9","","","59","59","2","13","4","120.642569","24.140661","3"
"7648","66000","387130000C","(04)23274275","(04)23288582","2026","2","20","18","30","臺中市","太平區","0","0","0","7","","","50","","","","","","","","","","","","","","","","","","","B03","","","1","","1","","","49","49","1","12","4","120.700719","24.147733","3"
"7649","66000","387130000C","(04)23274275","(04)23288582","2026","2","20","18","32","臺中市","北區","0","1","0","7","1","6","50","3","2","1","5","4","6","6","1","1","1","4","4","2","17","3","10","3","1","B01","7","11","1","4","2","5","","45","45","1","12","4","120.687106","24.154296","2"
"7650","66000","387130000C","(04)23274275","(04)23288582","2026","2","20","18","35","臺中市","神岡區","0","1","0","7","1","6","60","13","9","1","5","4","6","6","4","4","1","4","5","1","12","3","10","5","4","B03","7","8","1","8","2","4","","85","85","1","12","4","120.672051","24.280267","2"
"7651","66000","387130000C","(04)23274275","(04)23288582","2026","2","20","18","39","臺中市","大里區","0","1","0","7","1","6","50","13","9","1","5","4","6","6","4","4","5","4","5","1","17","3","10","3","1","B03","7","6","1","8","2","1","","20","20","1","12","4","120.689248","24.105243","2"
"7652","66000","387130000C","(04)23274275","(04)23288582","2026","2","20","18","40","臺中市","西屯區","0","0","0","7","","","50","","","","","","","","","","","","","","14","","","","","B03","","","1","","1","","","49","49","1","12","4","120.611928","24.191779","3"
"7653","66000","387130000C","(04)23274275","(04)23288582","2026","2","20","18","55","臺中市","大里區","0","0","0","7","","","50","","","","","","","","","","","","","","13","","","","","B03","","","1","","2","","","84","84","1","12","4","120.674713","24.100532","3"
"7654","66000","387130000C","(04)23274275","(04)23288582","2026","2","20","19","10","臺中市","西屯區","0","0","0","7","","","0","","","","","","","","","","","","","","14","","","","","B03","","","1","","2","","","49","49","1","13","4","120.641011","24.186116","3"
"7655","66000","387130000C","(04)23274275","(04)23288582","2026","2","20","19","11","臺中市","西區","0","0","0","7","","","50","","","","","","","","","","","","","","17","","","","","C03","","","1","","1","","","87","87","1","13","4","120.667307","24.140614","3"
"7656","66000","387130000C","(04)23274275","(04)23288582","2026","2","20","19","13","臺中市","西屯區","0","0","0","7","","","50","","","","","","","","","","","","","","","","","","","B03","","","1","","2","","","49","49","1","12","4","120.613678","24.190059","3"
"7657","66000","387130000C","(04)23274275","(04)23288582","2026","2","20","19","14","臺中市","霧峰區","0","1","0","7","1","6","30","11","9","1","5","4","6","6","4","4","10","5","5","1","11","3","10","2","1","F03","7","9","7","21","2","11","","41","41","1","13","4","120.686793","24.040791","2"
"7658","66000","387130000C","(04)23274275","(04)23288582","2026","2","20","19","16","臺中市","后里區","0","1","0","7","1","6","50","3","2","1","5","4","5","6","4","4","5","5","5","1","13","2","9","1","1","C03","7","9","1","10","4","11","","7","7","1","12","4","120.736484","24.341175","2"
"7659","66000","387130000C","(04)23274275","(04)23288582","2026","2","20","19","20","臺中市","清水區","0","0","0","7","","","40","","","","","","","","","","","","","","","","","","","C03","","","1","","1","","","8","8","1","12","4","120.575556","24.269449","3"
"7660","66000","387130000C","(04)23274275","(04)23288582","2026","2","20","19","23","臺中市","北屯區","0","1","0","7","1","6","30","3","9","1","5","4","6","6","4","4","10","5","5","2","17","2","9","1","1","C03","7","9","5","10","2","11","","59","59","1","6","4","120.66882","24.185519","2"
"7661","66000","387130000C","(04)23274275","(04)23288582","2026","2","20","19","26","臺中市","龍井區","0","1","0","7","1","6","70","4","1","1","5","4","6","6","2","1","1","4","5","1","16","3","10","3","1","B03","7","5","5","19","2","5","","47","47","1","12","4","120.514083","24.198565","2"
"7662","66000","387130000C","(04)23274275","(04)23288582","2026","2","20","19","27","臺中市","南屯區","0","1","0","7","1","6","50","4","1","1","5","4","6","6","2","1","1","4","4","2","11","3","10","5","4","B03","7","6","1","8","2","8","","48","48","1","13","4","120.635244","24.151305","2"
"7663","66000","387130000C","(04)23274275","(04)23288582","2026","2","20","19","29","臺中市","南屯區","0","0","0","7","1","6","50","13","9","1","5","4","6","6","4","4","9","5","5","2","14","","","","","B03","","","1","","2","","","49","49","1","12","4","120.626271","24.113436","3"
"7664","66000","387130000C","(04)23274275","(04)23288582","2026","2","20","19","29","臺中市","北屯區","0","0","0","7","","3","80","","","","","","","","","","","","","","17","","","","","B03","","","5","","1","","","40","40","1","6","4","120.692794","24.201132","3"
"7665","66000","387130000C","(04)23274275","(04)23288582","2026","2","20","19","35","臺中市","梧棲區","0","0","0","7","","","40","","","","","","","","","","","","","","13","","","","","B03","","","1","","1","","","7","7","1","6","4","120.526548","24.222335","3"
"7666","66000","387130000C","(04)23274275","(04)23288582","2026","2","20","19","41","臺中市","北屯區","0","0","0","7","","","50","","","","","","","","","","","","","","","","","","","B03","","","1","","1","","","59","59","1","12","4","120.671268","24.173885","3"
"7667","66000","387130000C","(04)23274275","(04)23288582","2026","2","20","19","46","臺中市","潭子區","0","0","0","6","","","50","","","","","","","","","","","","","","","","","","","C03","","","1","","2","","","84","84","1","13","4","120.70359","24.201162","3"
"7668","66000","387130000C","(04)23274275","(04)23288582","2026","2","20","19","47","臺中市","清水區","0","0","0","7","","","40","","","","","","","","","","","","","","","","","","","B03","","","1","","1","","","49","49","1","12","4","120.560441","24.277616","3"
"7669","66000","387130000C","(04)23274275","(04)23288582","2026","2","20","19","51","臺中市","烏日區","0","0","0","7","1","6","30","13","24","1","5","4","6","6","4","4","10","4","5","2","12","3","10","3","1","B01","7","1","1","4","2","8","","51","51","1","6","4","120.616262","24.11148","3"
"7670","66000","387130000C","(04)23274275","(04)23288582","2026","2","20","19","58","臺中市","太平區","0","2","0","7","1","6","50","4","1","1","5","4","6","6","2","1","10","5","5","2","16","2","9","1","1","C03","7","9","1","10","2","12","","36","36","1","12","4","120.716182","24.133387","2"
"7671","66000","387130000C","(04)23274275","(04)23288582","2026","2","20","20","0","臺中市","大雅區","0","0","0","7","","","30","","","","","","","","","","","","","","","","","","","C03","","","1","","10","","","84","84","1","13","4","120.635744","24.215596","3"
"7672","66000","387130000C","(04)23274275","(04)23288582","2026","2","20","20","10","臺中市","西區","0","0","0","6","","","50","","","","","","","","","","","","","","","","","","","B03","","","1","","1","","","84","84","1","12","4","120.676939","24.144552","3"
"7673","66000","387130000C","(04)23274275","(04)23288582","2026","2","20","20","20","臺中市","南屯區","0","0","0","7","","","50","","","","","","","","","","","","","","12","3","10","1","1","C03","7","6","1","10","2","14","","48","48","1","12","4","120.646607","24.146837","3"
"7674","66000","387130000C","(04)23274275","(04)23288582","2026","2","20","20","24","臺中市","西屯區","0","2","0","7","1","6","50","13","9","1","5","4","6","6","2","1","1","4","5","2","17","2","7","1","1","C03","7","9","1","10","2","12","","43","43","1","12","4","120.65252","24.166705","2"
"7675","66000","387130000C","(04)23274275","(04)23288582","2026","2","20","20","30","臺中市","沙鹿區","0","1","0","7","1","6","50","4","7","1","5","4","6","6","1","1","1","3","4","2","18","2","9","2","1","C01","7","6","1","9","1","12","","84","84","1","12","4","120.56073","24.240824","2"
"7676","66000","387130000C","(04)23274275","(04)23288582","2026","2","20","20","50","臺中市","太平區","0","0","0","7","","","50","","","","","","","","","","","","","","13","","","","","B03","","","1","","2","","","84","84","1","12","4","120.709648","24.121668","3"
"7677","66000","387130000C","(04)23274275","(04)23288582","2026","2","20","20","54","臺中市","沙鹿區","0","0","0","7","","","50","","","","","","","","","","","","","","","","","","","B03","","","1","","2","","","50","50","1","12","4","120.560172","24.239927","3"
"7678","66000","387130000C","(04)23274275","(04)23288582","2026","2","20","20","55","臺中市","豐原區","0","0","0","7","","","50","","","","","","","","","","","","","","17","","","","","C03","","","1","","2","","","85","85","1","12","4","120.733272","24.251379","4"
"7679","66000","387130000C","(04)23274275","(04)23288582","2026","2","20","21","1","臺中市","豐原區","0","0","0","7","1","6","50","4","9","1","5","4","6","6","2","1","5","2","5","2","12","3","10","3","1","B03","7","9","1","8","2","2","","8","8","1","12","4","120.720456","24.249641","3"
"7680","66000","387130000C","(04)23274275","(04)23288582","2026","2","20","21","6","臺中市","太平區","0","0","0","7","1","6","50","3","2","1","5","4","6","6","4","4","5","5","5","1","11","3","10","2","1","C03","7","9","3","19","6","14","","84","84","1","6","4","120.711498","24.116007","3"
"7681","66000","387130000C","(04)23274275","(04)23288582","2026","2","20","21","20","臺中市","北屯區","0","0","0","7","","","50","","","","","","","","","","","","","","12","","","","","B03","","","1","","1","","","8","8","1","6","4","120.694259","24.16491","3"
"7682","66000","387130000C","(04)23274275","(04)23288582","2026","2","20","21","20","臺中市","大肚區","0","0","0","7","","","50","","","","","","","","","","","","","","","","","","","B03","","","1","","2","","","87","87","1","12","4","120.556393","24.128143","3"
"7683","66000","387130000C","(04)23274275","(04)23288582","2026","2","20","21","23","臺中市","西屯區","0","0","0","7","","","50","","","","","","","","","","","","","","14","","","","","B03","","","1","","1","","","49","49","1","12","4","120.639967","24.185145","3"
"7684","66000","387130000C","(04)23274275","(04)23288582","2026","2","20","21","24","臺中市","大肚區","0","0","0","7","","","50","","","","","","","","","","","","","","","","","","","B03","","","1","","9","","","56","56","1","12","4","120.563722","24.123801","3"
"7685","66000","387130000C","(04)23274275","(04)23288582","2026","2","20","21","26","臺中市","梧棲區","0","0","0","7","","","70","","","","","","","","","","","","","","13","","","","","B03","","","1","","1","","","59","59","1","12","4","120.531081","24.269045","3"
"7686","66000","387130000C","(04)23274275","(04)23288582","2026","2","20","21","42","臺中市","烏日區","0","0","0","6","1","6","50","13","9","1","5","4","6","6","4","4","9","5","5","2","14","","","","","B03","","","1","","1","","","49","49","1","6","4","120.616372","24.110954","3"
"7687","66000","387130000C","(04)23274275","(04)23288582","2026","2","20","21","44","臺中市","南屯區","0","1","0","7","1","6","50","4","1","1","5","4","6","6","1","1","10","5","5","2","16","3","10","3","1","B03","7","5","1","8","2","5","","20","20","1","13","4","120.640905","24.14145","2"
"7688","66000","387130000C","(04)23274275","(04)23288582","2026","2","20","21","46","臺中市","大里區","0","1","0","7","2","6","50","4","1","1","5","4","6","6","1","1","5","2","5","1","13","2","9","2","1","C03","7","9","1","10","2","11","","7","7","1","13","4","120.703413","24.096013","2"
"7689","66000","387130000C","(04)23274275","(04)23288582","2026","2","20","21","46","臺中市","太平區","0","1","0","7","1","6","50","3","2","1","5","4","3","6","4","4","5","5","5","2","10","2","1","2","1","C03","7","9","1","10","2","11","","54","54","1","12","4","120.71769","24.146391","2"
"7690","66000","387130000C","(04)23274275","(04)23288582","2026","2","20","21","51","臺中市","后里區","0","0","0","7","1","6","50","4","2","1","5","4","6","6","1","1","5","4","5","2","12","3","10","1","1","C03","7","9","1","10","2","14","","8","8","2","12","4","120.70939","24.310996","3"
"7691","66000","387130000C","(04)23274275","(04)23288582","2026","2","20","21","54","臺中市","北屯區","0","0","0","7","","","50","","","","","","","","","","","","","","13","","","","","B01","","","1","","1","","","51","51","1","6","4","120.714712","24.200132","3"
"7692","66000","387130000C","(04)23274275","(04)23288582","2026","2","20","22","2","臺中市","西屯區","0","2","0","7","1","6","50","4","1","1","5","4","6","6","3","1","10","5","5","2","16","3","10","3","1","B03","7","6","1","8","2","2","","11","11","1","12","4","120.651873","24.170094","2"
"7693","66000","387130000C","(04)23274275","(04)23288582","2026","2","20","22","10","臺中市","西屯區","0","0","0","6","","","50","","","","","","","","","","","","","","","","","","","B03","","","1","","1","","","59","59","1","13","4","120.650213","24.166468","3"
"7694","66000","387130000C","(04)23274275","(04)23288582","2026","2","20","22","11","臺中市","烏日區","0","2","0","7","1","6","30","3","1","1","5","4","6","6","4","4","10","5","5","1","16","2","9","2","1","C03","7","1","1","10","2","11","","51","51","1","6","4","120.655086","24.09653","2"
"7695","66000","387130000C","(04)23274275","(04)23288582","2026","2","20","22","17","臺中市","西屯區","0","0","0","7","","","50","","","","","","","","","","","","","","17","","","","","C03","","","1","","2","","","8","8","1","13","4","120.615478","24.188562","3"