序號,縣市別代碼,機關代碼,市話,傳真,年,月,日,時,分,縣市,區,死亡數量,受傷數量,2-30,天候,道路照明設備,道路類別,道路速限,道路型態,事故位置,路面鋪裝,路面狀態,路面缺陷,障礙物,視距,號誌種類,號誌動作,分向設施,快車道或一般車道間,快慢車道間,路面邊線,事故類型及型態,受傷程度,主要傷處,保護裝備,行動電話或功能裝置,當事者區分(類別),車輛用途,當事者行動狀態,駕照狀態,駕照種類,飲酒情形,車輛撞擊部位最初,車輛撞擊部位其他,肇事因素個別,肇事因素主要,肇事逃逸,職業,共享經濟或外送平台,GPS座標X,GPS座標Y,事故類別
"7696","66000","387130000C","(04)23274275","(04)23288582","2026","2","20","22","28","臺中市","烏日區","0","1","0","7","1","6","50","4","9","1","5","4","6","6","2","1","3","4","4","2","28","2","9","2","1","C03","7","9","1","10","2","11","","59","59","1","6","4","120.614116","24.106514","2"
"7697","66000","387130000C","(04)23274275","(04)23288582","2026","2","20","22","31","臺中市","大里區","0","0","0","7","","","60","","","","","","","","","","","","","","","","","","","B03","","","5","","9","","","40","40","2","12","4","120.670017","24.08367","3"
"7698","66000","387130000C","(04)23274275","(04)23288582","2026","2","20","22","31","臺中市","豐原區","0","0","0","7","","","50","","","","","","","","","","","","","","30","","","","","B03","","","1","","2","","","49","49","1","12","4","120.723634","24.253489","3"
"7699","66000","387130000C","(04)23274275","(04)23288582","2026","2","20","22","33","臺中市","南區","0","1","0","7","1","6","50","13","7","1","5","4","6","6","4","4","9","4","4","2","13","2","8","2","1","C03","7","9","1","10","2","11","","84","84","1","6","4","120.679154","24.128544","2"
"7700","66000","387130000C","(04)23274275","(04)23288582","2026","2","20","22","43","臺中市","大肚區","0","1","0","7","1","9","30","11","9","1","5","4","6","6","4","4","10","5","5","2","20","2","9","1","4","C03","7","9","1","10","5","11","","53","53","1","12","4","120.536492","24.140298","2"
"7701","66000","387130000C","(04)23274275","(04)23288582","2026","2","20","22","58","臺中市","西區","0","2","0","7","1","6","50","13","7","1","5","4","6","6","4","4","5","4","4","2","13","2","5","1","1","C03","7","15","3","19","2","14","","84","84","1","6","4","120.665064","24.150393","2"
"7702","66000","387130000C","(04)23274275","(04)23288582","2026","2","20","23","29","臺中市","南區","0","0","0","7","","","50","","","","","","","","","","","","","","13","","","","","B03","","","1","","2","","","56","56","1","13","4","120.65669","24.112429","4"
"7703","66000","387130000C","(04)23274275","(04)23288582","2026","2","20","23","40","臺中市","北屯區","0","1","0","7","1","6","50","13","9","1","5","4","6","6","4","4","1","4","5","2","18","2","9","1","1","C03","7","9","1","10","2","14","","59","59","1","12","4","120.678296","24.173229","2"
"7704","66000","387130000C","(04)23274275","(04)23288582","2026","2","20","23","40","臺中市","東勢區","0","0","0","7","","","30","","","","","","","","","","","","","","30","","","","","B03","","","1","","2","","","8","8","2","13","4","120.79229","24.287299","3"
"7705","66000","387130000C","(04)23274275","(04)23288582","2026","2","21","0","5","臺中市","烏日區","0","0","0","7","1","6","50","13","9","1","5","4","6","6","4","4","9","4","5","2","12","","","","","B03","","","1","","1","","","40","40","1","6","4","120.616485","24.113277","3"
"7706","66000","387130000C","(04)23274275","(04)23288582","2026","2","21","0","43","臺中市","北區","0","1","0","7","1","6","50","13","9","1","5","4","6","6","4","4","3","4","5","1","17","2","9","1","1","C03","7","9","1","10","2","11","","84","84","1","13","4","120.679332","24.162933","2"
"7707","66000","387130000C","(04)23274275","(04)23288582","2026","2","21","1","6","臺中市","西區","0","1","0","7","1","6","50","4","1","1","5","4","6","6","2","1","10","5","5","2","16","3","10","3","1","A12","7","6","1","7","2","4","","48","48","1","13","4","120.66974","24.149585","2"
"7708","66000","387130000C","(04)23274275","(04)23288582","2026","2","21","1","10","臺中市","豐原區","0","2","0","7","1","6","50","4","9","1","5","4","6","6","2","1","1","4","5","1","12","3","10","3","1","B03","7","9","1","8","3","2","","87","87","1","12","4","120.720082","24.263151","2"
"7709","66000","387130000C","(04)23274275","(04)23288582","2026","2","21","1","20","臺中市","西區","0","1","0","7","1","6","50","13","9","1","5","4","6","6","4","4","5","5","5","2","13","2","9","6","1","F01","7","9","7","21","3","11","","84","84","1","6","4","120.651801","24.147958","2"
"7710","66000","387130000C","(04)23274275","(04)23288582","2026","2","21","1","39","臺中市","太平區","0","1","0","7","1","6","50","4","9","1","5","4","6","6","2","1","10","5","5","2","16","3","10","3","1","B03","7","6","1","8","2","4","","48","48","1","12","4","120.71786","24.128764","2"
"7711","66000","387130000C","(04)23274275","(04)23288582","2026","2","21","2","6","臺中市","大雅區","0","0","0","7","","","30","","","","","","","","","","","","","","","","","","","B03","","","1","","2","","","49","49","1","12","4","120.667415","24.238992","3"
"7712","66000","387130000C","(04)23274275","(04)23288582","2026","2","21","2","8","臺中市","北屯區","0","0","0","7","","","50","","","","","","","","","","","","","","15","","","","","B01","","","1","","1","","","24","24","1","12","4","120.719252","24.15945","3"
"7713","66000","387130000C","(04)23274275","(04)23288582","2026","2","21","2","25","臺中市","西屯區","0","0","0","7","","","30","","","","","","","","","","","","","","17","","","","","C03","","","1","","1","","","59","59","1","13","4","120.661765","24.167842","3"
"7714","66000","387130000C","(04)23274275","(04)23288582","2026","2","21","2","59","臺中市","北區","0","0","0","7","","","50","","","","","","","","","","","","","","17","","","","","B03","","","1","","2","","","84","84","1","13","4","120.6932","24.161086","3"
"7715","66000","387130000C","(04)23274275","(04)23288582","2026","2","21","3","1","臺中市","大里區","0","0","0","6","1","6","50","4","1","1","5","4","6","6","1","1","5","4","5","2","16","","","","","B01","","","1","","2","","","47","47","1","13","4","120.680064","24.095572","3"
"7716","66000","387130000C","(04)23274275","(04)23288582","2026","2","21","3","23","臺中市","北區","0","0","0","7","","","50","","","","","","","","","","","","","","17","","","","","A12","","","1","","2","","","84","84","1","13","4","120.683626","24.167592","3"
"7717","66000","387130000C","(04)23274275","(04)23288582","2026","2","21","4","25","臺中市","西屯區","0","0","0","7","","","50","","","","","","","","","","","","","","16","","","","","B03","","","1","","2","","","24","24","1","13","4","120.647007","24.165643","3"
"7718","66000","387130000C","(04)23274275","(04)23288582","2026","2","21","4","55","臺中市","西屯區","0","1","0","7","1","6","50","13","7","1","5","4","6","6","4","4","1","4","1","1","3","2","9","6","5","H01","8","16","7","21","10","17","","95","95","1","13","5","120.637876","24.164272","2"
"7719","66000","387130000C","(04)23274275","(04)23288582","2026","2","21","5","19","臺中市","西屯區","0","0","0","7","","","50","","","","","","","","","","","","","","13","","","","","B03","","","1","","1","","","7","7","1","13","4","120.637546","24.185697","3"
"7720","66000","387130000C","(04)23274275","(04)23288582","2026","2","21","5","44","臺中市","潭子區","0","0","0","6","","","30","","","","","","","","","","","","","","","","","","","B03","","","1","","9","","","8","8","2","13","4","120.694929","24.219054","3"
"7721","66000","387130000C","(04)23274275","(04)23288582","2026","2","21","5","50","臺中市","西屯區","0","0","0","7","","","50","","","","","","","","","","","","","","17","","","","","B03","","","1","","1","","","59","59","1","12","4","120.59357","24.180614","3"
"7722","66000","387130000C","(04)23274275","(04)23288582","2026","2","21","5","57","臺中市","北屯區","0","0","0","7","","","50","","","","","","","","","","","","","","17","","","","","B03","","","1","","2","","","50","50","1","12","4","120.688351","24.177414","3"
"7723","66000","387130000C","(04)23274275","(04)23288582","2026","2","21","6","9","臺中市","龍井區","0","0","0","7","","","30","","","","","","","","","","","","","","","","","","","B12","","","1","","2","","","49","49","1","12","4","120.539417","24.199138","3"
"7724","66000","387130000C","(04)23274275","(04)23288582","2026","2","21","6","16","臺中市","北屯區","0","0","0","7","","","50","","","","","","","","","","","","","","16","","","","","B03","","","1","","1","","","11","11","1","12","4","120.720967","24.169838","3"
"7725","66000","387130000C","(04)23274275","(04)23288582","2026","2","21","6","23","臺中市","烏日區","0","0","0","6","2","6","50","4","9","1","5","4","6","6","2","1","3","4","4","1","13","","","","","B03","","","1","","2","","","59","59","1","6","4","120.638534","24.108035","3"
"7726","66000","387130000C","(04)23274275","(04)23288582","2026","2","21","6","30","臺中市","潭子區","1","0","0","7","3","6","50","5","2","1","5","4","6","6","1","1","1","4","5","1","27","1","1","2","3","C03","7","9","1","10","2","11","","84","84","1","13","4","120.714819","24.200062","1"
"7727","66000","387130000C","(04)23274275","(04)23288582","2026","2","21","6","42","臺中市","南區","0","1","0","7","1","6","50","3","1","1","5","4","6","6","4","4","10","5","5","2","17","3","10","5","4","B03","7","1","1","8","2","1","","84","84","1","12","4","120.660896","24.129983","2"
"7728","66000","387130000C","(04)23274275","(04)23288582","2026","2","21","6","53","臺中市","北區","0","1","0","7","2","6","50","3","9","1","5","4","6","6","1","1","10","4","5","2","17","3","10","5","4","C03","7","9","5","10","2","11","","84","84","1","13","4","120.672411","24.168865","2"
"7729","66000","387130000C","(04)23274275","(04)23288582","2026","2","21","7","3","臺中市","大里區","0","1","0","7","2","6","50","13","9","1","5","4","6","6","4","4","5","5","5","2","16","3","10","3","1","B03","7","1","1","8","2","8","","51","51","1","13","4","120.681954","24.112604","2"
"7730","66000","387130000C","(04)23274275","(04)23288582","2026","2","21","7","19","臺中市","沙鹿區","0","1","0","7","2","6","40","13","8","1","5","4","6","6","4","4","1","4","3","1","17","2","9","2","1","C03","7","9","3","19","2","12","","59","59","1","6","4","120.571615","24.232932","2"
"7731","66000","387130000C","(04)23274275","(04)23288582","2026","2","21","7","21","臺中市","梧棲區","0","0","0","7","","3","90","","","","","","","","","","","","","","","","","","","A31","","","1","","11","","","40","40","1","12","4","120.533257","24.242946","3"
"7732","66000","387130000C","(04)23274275","(04)23288582","2026","2","21","7","24","臺中市","北區","0","1","0","7","2","6","50","11","9","1","5","4","6","6","4","4","5","4","5","2","18","2","9","1","1","C03","7","9","1","10","2","12","","84","84","1","12","4","120.685162","24.143068","2"
"7733","66000","387130000C","(04)23274275","(04)23288582","2026","2","21","7","26","臺中市","大里區","0","1","0","7","3","6","30","4","1","1","5","4","6","6","4","4","10","5","5","2","15","3","10","5","4","B03","7","9","1","8","2","1","","15","15","1","13","4","120.704434","24.104724","2"
"7734","66000","387130000C","(04)23274275","(04)23288582","2026","2","21","7","31","臺中市","清水區","0","0","0","7","","","70","","","","","","","","","","","","","","","","","","","B03","","","1","","11","","","82","82","1","12","4","120.562838","24.263505","3"
"7735","66000","387130000C","(04)23274275","(04)23288582","2026","2","21","7","52","臺中市","新社區","0","1","0","7","2","6","30","5","1","1","5","4","6","6","3","1","10","5","5","2","15","2","9","5","4","C03","7","9","1","10","2","11","","20","20","1","13","4","120.80991","24.247498","2"
"7736","66000","387130000C","(04)23274275","(04)23288582","2026","2","21","7","58","臺中市","大里區","0","0","0","7","","","50","","","","","","","","","","","","","","17","","","","","B03","","","1","","2","","","84","84","1","6","4","120.698617","24.094371","3"
"7737","66000","387130000C","(04)23274275","(04)23288582","2026","2","21","7","59","臺中市","東區","0","0","0","7","","","50","","","","","","","","","","","","","","17","","","","","A12","","","1","","2","","","84","84","1","12","4","120.689398","24.14563","3"
"7738","66000","387130000C","(04)23274275","(04)23288582","2026","2","21","8","9","臺中市","西屯區","0","1","0","7","2","6","50","4","2","1","5","4","6","6","2","1","10","5","5","2","21","2","9","3","1","B12","7","5","1","8","2","8","","59","59","1","13","4","120.631912","24.170529","2"
"7739","66000","387130000C","(04)23274275","(04)23288582","2026","2","21","8","24","臺中市","南屯區","0","0","0","7","","","50","","","","","","","","","","","","","","17","","","","","B03","","","1","","9","","","39","39","1","13","4","120.654616","24.12972","3"
"7740","66000","387130000C","(04)23274275","(04)23288582","2026","2","21","8","43","臺中市","神岡區","0","1","0","7","2","6","50","13","9","1","5","4","6","6","4","4","10","5","5","1","28","","","","","","","","","","","","","118","118","1","","","120.676005","24.242756","2"
"7741","66000","387130000C","(04)23274275","(04)23288582","2026","2","21","8","49","臺中市","南區","0","2","0","7","2","6","50","4","2","1","5","4","6","6","4","4","5","4","5","2","13","2","8","5","4","C03","7","9","1","10","2","11","","7","7","1","13","4","120.662868","24.126485","2"
"7742","66000","387130000C","(04)23274275","(04)23288582","2026","2","21","8","52","臺中市","潭子區","0","2","0","7","2","6","50","3","2","1","5","4","6","6","4","4","5","2","5","1","16","2","8","2","1","C03","7","6","1","10","2","12","","14","14","1","13","4","120.697742","24.223427","2"
"7743","66000","387130000C","(04)23274275","(04)23288582","2026","2","21","8","53","臺中市","大甲區","0","2","0","7","3","6","50","4","1","1","5","4","6","6","1","1","10","5","5","2","17","2","9","5","4","C03","7","14","1","10","2","11","","39","39","1","6","4","120.633248","24.429836","2"
"7744","66000","387130000C","(04)23274275","(04)23288582","2026","2","21","9","0","臺中市","大甲區","0","0","0","7","","","70","","","","","","","","","","","","","","13","","","","","B12","","","1","","2","","","59","59","1","6","4","120.646597","24.404953","3"
"7745","66000","387130000C","(04)23274275","(04)23288582","2026","2","21","9","14","臺中市","西屯區","0","1","0","7","2","6","50","13","9","1","5","4","6","6","4","4","5","5","5","2","18","2","9","2","1","C03","7","9","1","10","2","16","","54","54","1","12","4","120.646224","24.184804","2"
"7746","66000","387130000C","(04)23274275","(04)23288582","2026","2","21","9","17","臺中市","西區","0","2","0","7","2","6","50","4","1","1","5","4","6","6","4","4","10","5","5","2","15","2","9","1","1","C03","7","9","1","10","2","11","","12","12","1","12","4","120.658777","24.139274","2"
"7747","66000","387130000C","(04)23274275","(04)23288582","2026","2","21","9","26","臺中市","南屯區","0","0","0","7","","","50","","","","","","","","","","","","","","12","","","","","B03","","","1","","1","","","58","58","1","12","4","120.635666","24.146591","3"
"7748","66000","387130000C","(04)23274275","(04)23288582","2026","2","21","9","27","臺中市","北屯區","0","0","0","7","","","30","","","","","","","","","","","","","","13","","","","","B12","","","1","","1","","","84","84","1","12","4","120.685036","24.204767","3"
"7749","66000","387130000C","(04)23274275","(04)23288582","2026","2","21","9","33","臺中市","龍井區","0","0","0","7","","","50","","","","","","","","","","","","","","","","","","","C03","","","1","","11","","","39","39","2","12","4","120.584198","24.182103","3"
"7750","66000","387130000C","(04)23274275","(04)23288582","2026","2","21","9","33","臺中市","豐原區","0","0","0","7","","","50","","","","","","","","","","","","","","14","","","","","B03","","","1","","1","","","84","84","1","12","4","120.708661","24.250193","3"
"7751","66000","387130000C","(04)23274275","(04)23288582","2026","2","21","9","42","臺中市","南屯區","0","1","0","7","2","6","50","4","1","1","5","4","6","6","2","1","1","5","5","2","16","3","10","3","1","B03","7","5","1","8","2","2","","47","47","1","6","4","120.646949","24.150923","2"
"7752","66000","387130000C","(04)23274275","(04)23288582","2026","2","21","9","42","臺中市","大甲區","0","0","0","7","","","70","","","","","","","","","","","","","","","","","","","B12","","","1","","9","","","84","84","2","6","4","120.65036","24.380034","3"
"7753","66000","387130000C","(04)23274275","(04)23288582","2026","2","21","9","43","臺中市","大雅區","0","0","0","7","","","50","","","","","","","","","","","","","","13","","","","","C03","","","3","","1","","","7","7","1","12","4","120.615235","24.220095","3"
"7754","66000","387130000C","(04)23274275","(04)23288582","2026","2","21","9","51","臺中市","龍井區","0","0","0","7","","","50","","","","","","","","","","","","","","","","","","","B03","","","1","","1","","","51","51","1","12","4","120.567556","24.195727","3"
"7755","66000","387130000C","(04)23274275","(04)23288582","2026","2","21","9","58","臺中市","新社區","0","0","0","7","","","50","","","","","","","","","","","","","","13","","","","","C03","","","1","","2","","","7","7","1","13","4","120.878813","24.127244","3"
"7756","66000","387130000C","(04)23274275","(04)23288582","2026","2","21","10","0","臺中市","南區","0","2","0","7","2","6","50","4","1","1","5","4","6","6","1","1","9","4","4","2","17","2","9","2","1","C03","7","6","1","10","2","11","","48","48","1","12","4","120.678461","24.133406","2"
"7757","66000","387130000C","(04)23274275","(04)23288582","2026","2","21","10","0","臺中市","清水區","0","1","0","7","3","6","50","4","1","1","5","4","6","6","1","1","1","4","3","1","16","3","10","3","1","B03","7","5","1","8","2","2","","38","38","1","12","4","120.54956","24.27676","2"
"7758","66000","387130000C","(04)23274275","(04)23288582","2026","2","21","10","1","臺中市","西屯區","0","1","0","7","2","6","50","3","1","1","5","4","6","6","4","4","5","5","5","2","13","2","9","2","1","C03","7","9","1","10","2","11","","7","7","1","12","4","120.644445","24.174157","2"
"7759","66000","387130000C","(04)23274275","(04)23288582","2026","2","21","10","3","臺中市","東勢區","0","1","0","7","3","6","50","3","3","1","5","4","6","6","1","1","1","3","4","1","12","2","9","1","4","C03","7","9","1","10","2","11","","21","21","1","13","4","120.834841","24.237705","2"
"7760","66000","387130000C","(04)23274275","(04)23288582","2026","2","21","10","4","臺中市","東勢區","0","0","0","7","3","6","50","13","9","1","5","4","6","6","4","4","4","3","5","1","13","3","10","5","4","B12","7","9","1","8","1","1","","7","7","1","13","4","120.823957","24.261697","3"
"7761","66000","387130000C","(04)23274275","(04)23288582","2026","2","21","10","9","臺中市","南區","0","1","0","7","2","6","50","13","8","1","5","4","6","6","4","4","5","4","4","2","17","3","10","3","1","B03","7","1","1","8","2","1","","51","51","1","6","4","120.664793","24.127918","2"
"7762","66000","387130000C","(04)23274275","(04)23288582","2026","2","21","10","14","臺中市","神岡區","0","1","0","7","1","6","30","13","9","1","5","4","6","6","4","4","10","5","5","1","13","2","8","1","4","C03","7","9","1","10","2","11","","7","7","1","12","4","120.678871","24.242122","2"
"7763","66000","387130000C","(04)23274275","(04)23288582","2026","2","21","10","15","臺中市","烏日區","0","0","0","7","","","50","","","","","","","","","","","","","","11","","","","","C03","","","1","","1","","","59","59","1","13","4","120.642745","24.093695","3"
"7764","66000","387130000C","(04)23274275","(04)23288582","2026","2","21","10","17","臺中市","霧峰區","0","0","0","7","","3","80","","","","","","","","","","","","","","13","","","","","B03","","","1","","2","","","7","7","1","6","4","120.684304","24.05492","3"
"7765","66000","387130000C","(04)23274275","(04)23288582","2026","2","21","10","25","臺中市","大里區","0","0","0","7","","","50","","","","","","","","","","","","","","13","","","","","B13","","","1","","2","","","7","7","1","6","4","120.68157","24.104919","3"
"7766","66000","387130000C","(04)23274275","(04)23288582","2026","2","21","10","27","臺中市","后里區","0","2","0","7","2","6","40","4","1","1","5","4","6","6","4","4","10","4","5","1","15","3","10","1","1","C03","7","9","1","10","2","12","","15","15","1","6","4","120.715849","24.308528","2"
"7767","66000","387130000C","(04)23274275","(04)23288582","2026","2","21","10","29","臺中市","烏日區","0","2","0","7","2","6","30","13","8","1","5","4","6","6","4","4","10","4","5","1","12","2","7","1","1","C03","7","9","1","10","2","12","","8","8","1","6","4","120.617818","24.102678","2"
"7768","66000","387130000C","(04)23274275","(04)23288582","2026","2","21","10","30","臺中市","大雅區","0","2","0","7","3","6","50","13","9","1","5","4","6","6","4","4","8","3","4","2","13","2","9","1","1","C03","7","9","1","10","2","11","","7","7","1","12","4","120.642557","24.219714","2"
"7769","66000","387130000C","(04)23274275","(04)23288582","2026","2","21","10","30","臺中市","北區","0","0","0","7","","","50","","","","","","","","","","","","","","17","","","","","B03","","","1","","2","","","84","84","1","13","4","120.685209","24.161032","3"
"7770","66000","387130000C","(04)23274275","(04)23288582","2026","2","21","10","30","臺中市","豐原區","0","0","0","7","","","50","","","","","","","","","","","","","","14","","","","","B03","","","1","","2","","","49","49","1","13","4","120.722897","24.26523","3"
"7771","66000","387130000C","(04)23274275","(04)23288582","2026","2","21","10","35","臺中市","后里區","0","0","0","7","","","50","","","","","","","","","","","","","","13","","","","","B03","","","1","","1","","","59","59","1","6","4","120.725112","24.323809","3"
"7772","66000","387130000C","(04)23274275","(04)23288582","2026","2","21","10","35","臺中市","神岡區","0","1","0","7","2","6","50","3","2","1","5","4","6","6","4","4","1","4","5","1","17","3","10","1","1","C03","7","9","1","10","2","14","14","84","84","1","12","4","120.691138","24.248121","2"
"7773","66000","387130000C","(04)23274275","(04)23288582","2026","2","21","10","37","臺中市","北屯區","0","2","0","7","2","6","50","4","1","1","5","4","6","6","1","1","10","5","5","2","17","2","8","1","1","C03","7","6","1","10","2","14","","11","11","1","13","4","120.681479","24.171022","2"
"7774","66000","387130000C","(04)23274275","(04)23288582","2026","2","21","10","39","臺中市","西屯區","0","0","0","7","","","40","","","","","","","","","","","","","","12","","","","","A04","","","1","","1","","","51","51","1","12","4","120.61602","24.182558","3"
"7775","66000","387130000C","(04)23274275","(04)23288582","2026","2","21","10","39","臺中市","沙鹿區","0","1","0","7","2","6","30","13","9","1","5","4","6","6","4","4","10","5","5","2","10","3","10","2","1","C03","7","9","1","10","2","11","","41","41","1","6","4","120.561374","24.247504","2"
"7776","66000","387130000C","(04)23274275","(04)23288582","2026","2","21","10","42","臺中市","太平區","0","1","0","7","2","6","50","4","1","1","5","4","6","6","1","1","10","5","5","2","16","3","10","3","1","B03","7","6","5","19","2","5","","11","11","1","12","4","120.717498","24.158445","2"
"7777","66000","387130000C","(04)23274275","(04)23288582","2026","2","21","10","43","臺中市","大肚區","0","0","0","7","","","50","","","","","","","","","","","","","","","","","","","B03","","","1","","2","","","8","8","1","6","4","120.545877","24.149483","3"
"7778","66000","387130000C","(04)23274275","(04)23288582","2026","2","21","10","43","臺中市","大甲區","0","1","0","7","3","6","60","13","8","1","5","4","6","6","4","4","1","4","4","1","13","3","10","5","4","B12","7","9","1","8","2","1","","54","54","1","6","4","120.629706","24.359427","2"
"7779","66000","387130000C","(04)23274275","(04)23288582","2026","2","21","10","48","臺中市","東區","0","0","0","7","","","50","","","","","","","","","","","","","","16","","","","","C03","","","1","","1","","","47","47","1","12","4","120.692398","24.142849","3"
"7780","66000","387130000C","(04)23274275","(04)23288582","2026","2","21","10","53","臺中市","太平區","0","2","0","7","2","6","50","13","9","1","5","4","6","6","4","4","5","5","5","1","16","2","9","1","1","C03","7","1","3","19","2","14","","51","51","1","12","4","120.715435","24.137181","2"
"7781","66000","387130000C","(04)23274275","(04)23288582","2026","2","21","10","58","臺中市","西屯區","0","0","0","7","","","50","","","","","","","","","","","","","","12","","","","","B03","","","1","","1","","","42","42","1","13","4","120.64349","24.165794","3"
"7782","66000","387130000C","(04)23274275","(04)23288582","2026","2","21","11","0","臺中市","西屯區","0","0","0","7","","","50","","","","","","","","","","","","","","13","","","","","C03","","","1","","2","","","7","7","1","12","4","120.64183","24.169671","3"
"7783","66000","387130000C","(04)23274275","(04)23288582","2026","2","21","11","4","臺中市","西區","0","2","0","7","3","6","50","5","2","1","5","4","6","6","1","1","7","5","5","2","12","2","9","1","1","C03","7","6","1","10","2","11","12","7","7","1","13","4","120.669787","24.150697","2"
"7784","66000","387130000C","(04)23274275","(04)23288582","2026","2","21","11","12","臺中市","大雅區","0","1","0","7","3","6","50","4","1","1","5","4","6","6","1","1","10","5","5","2","16","3","10","1","1","C03","7","9","1","9","2","11","","21","21","1","12","4","120.656","24.226881","2"
"7785","66000","387130000C","(04)23274275","(04)23288582","2026","2","21","11","14","臺中市","大里區","0","0","0","7","","3","80","","","","","","","","","","","","","","12","","","","","B03","","","1","","2","","","40","40","1","13","4","120.683104","24.087772","3"
"7786","66000","387130000C","(04)23274275","(04)23288582","2026","2","21","11","16","臺中市","大肚區","0","1","0","7","2","6","40","11","11","1","5","4","6","6","4","4","1","4","3","1","13","3","10","3","1","B03","7","14","1","8","2","7","","39","39","1","6","4","120.583593","24.115683","2"
"7787","66000","387130000C","(04)23274275","(04)23288582","2026","2","21","11","18","臺中市","南屯區","0","0","0","7","","","50","","","","","","","","","","","","","","12","","","","","B03","","","1","","1","","","51","51","1","12","4","120.650658","24.13483","3"
"7788","66000","387130000C","(04)23274275","(04)23288582","2026","2","21","11","20","臺中市","東區","0","1","0","7","3","6","50","5","1","1","5","4","6","6","1","1","10","5","5","2","12","3","10","5","4","B03","7","5","1","8","2","5","","84","84","1","12","4","120.692394","24.140039","2"
"7789","66000","387130000C","(04)23274275","(04)23288582","2026","2","21","11","20","臺中市","霧峰區","0","2","0","7","2","6","40","3","1","1","5","4","6","6","1","1","10","5","5","2","13","2","9","2","1","C03","7","9","1","10","2","11","","7","7","1","6","4","120.697134","24.064915","2"
"7790","66000","387130000C","(04)23274275","(04)23288582","2026","2","21","11","24","臺中市","西屯區","0","0","0","7","","","50","","","","","","","","","","","","","","13","","","","","B12","","","1","","1","","","7","7","1","12","4","120.644913","24.173192","3"
"7791","66000","387130000C","(04)23274275","(04)23288582","2026","2","21","11","24","臺中市","大里區","0","0","0","7","","","50","","","","","","","","","","","","","","","","","","","C03","","","1","","2","","","48","48","1","13","4","120.708741","24.094733","3"
"7792","66000","387130000C","(04)23274275","(04)23288582","2026","2","21","11","37","臺中市","西區","0","1","0","7","2","6","50","4","1","1","5","4","6","6","4","4","10","5","5","2","17","2","9","1","1","C03","7","9","1","10","2","11","","12","12","1","12","4","120.657798","24.1454","2"
"7793","66000","387130000C","(04)23274275","(04)23288582","2026","2","21","11","39","臺中市","豐原區","0","1","0","7","3","6","50","13","7","1","5","4","6","6","4","4","5","5","4","2","17","3","10","1","4","C03","7","1","1","10","2","14","","51","51","1","12","4","120.715138","24.24735","2"
"7794","66000","387130000C","(04)23274275","(04)23288582","2026","2","21","11","40","臺中市","東區","0","0","0","7","","","50","","","","","","","","","","","","","","12","","","","","B03","","","1","","2","","","11","11","1","13","4","120.700178","24.138895","3"
"7795","66000","387130000C","(04)23274275","(04)23288582","2026","2","21","11","42","臺中市","潭子區","0","2","0","6","3","6","50","5","1","1","5","4","6","6","1","1","1","4","5","1","17","2","5","2","1","C03","7","15","1","10","2","13","","84","84","1","13","4","120.703383","24.200654","2"
"7796","66000","387130000C","(04)23274275","(04)23288582","2026","2","21","11","42","臺中市","后里區","0","1","0","7","2","6","50","13","9","1","5","4","6","6","4","4","5","4","5","1","18","2","9","1","1","F03","7","9","7","21","2","12","","59","59","1","6","4","120.710487","24.310555","2"
"7797","66000","387130000C","(04)23274275","(04)23288582","2026","2","21","11","44","臺中市","太平區","0","2","0","7","2","6","50","13","8","1","5","4","6","6","4","4","5","5","4","1","16","2","9","1","1","C03","7","1","1","10","9","11","","51","51","2","12","4","120.73338","24.118673","2"
"7798","66000","387130000C","(04)23274275","(04)23288582","2026","2","21","11","47","臺中市","潭子區","0","0","0","7","","","50","","","","","","","","","","","","","","","","","","","B03","","","1","","2","","","8","8","1","13","4","120.706912","24.228068","3"
"7799","66000","387130000C","(04)23274275","(04)23288582","2026","2","21","11","47","臺中市","潭子區","0","1","0","7","3","6","60","5","1","1","5","4","6","6","1","1","1","4","5","1","17","3","10","3","1","B03","7","5","1","8","2","2","","47","47","1","13","4","120.70348","24.200605","2"
"7800","66000","387130000C","(04)23274275","(04)23288582","2026","2","21","11","47","臺中市","南區","0","3","0","7","2","6","50","13","9","1","5","4","6","6","4","4","9","4","4","2","17","3","10","3","1","B03","7","9","1","8","2","5","","59","59","1","12","4","120.684348","24.131335","2"
"7801","66000","387130000C","(04)23274275","(04)23288582","2026","2","21","11","50","臺中市","清水區","0","0","0","7","","","50","","","","","","","","","","","","","","","","","","","","","","","","","","","119","119","1","","","120.57391","24.267426","3"
"7802","66000","387130000C","(04)23274275","(04)23288582","2026","2","21","11","58","臺中市","西區","0","0","0","7","","","50","","","","","","","","","","","","","","17","","","","","B02","","","1","","1","","","84","84","1","12","4","120.656065","24.150605","3"
"7803","66000","387130000C","(04)23274275","(04)23288582","2026","2","21","11","58","臺中市","南屯區","0","0","0","7","","","50","","","","","","","","","","","","","","","","","","","C03","","","1","","1","","","7","7","1","6","2","120.610578","24.135683","3"
"7804","66000","387130000C","(04)23274275","(04)23288582","2026","2","21","12","0","臺中市","后里區","0","0","0","7","","","30","","","","","","","","","","","","","","17","","","","","B03","","","1","","1","","","87","87","1","6","4","120.719441","24.304451","3"