序號,縣市別代碼,機關代碼,市話,傳真,年,月,日,時,分,縣市,區,死亡數量,受傷數量,2-30,天候,道路照明設備,道路類別,道路速限,道路型態,事故位置,路面鋪裝,路面狀態,路面缺陷,障礙物,視距,號誌種類,號誌動作,分向設施,快車道或一般車道間,快慢車道間,路面邊線,事故類型及型態,受傷程度,主要傷處,保護裝備,行動電話或功能裝置,當事者區分(類別),車輛用途,當事者行動狀態,駕照狀態,駕照種類,飲酒情形,車輛撞擊部位最初,車輛撞擊部位其他,肇事因素個別,肇事因素主要,肇事逃逸,職業,共享經濟或外送平台,GPS座標X,GPS座標Y,事故類別
"7805","66000","387130000C","(04)23274275","(04)23288582","2026","2","21","12","6","臺中市","南屯區","0","1","0","7","2","6","40","4","2","1","5","4","6","6","1","1","9","4","4","2","12","2","9","1","1","C04","7","8","1","11","2","14","","40","40","1","12","4","120.628995","24.121133","2"
"7806","66000","387130000C","(04)23274275","(04)23288582","2026","2","21","12","8","臺中市","北屯區","0","0","0","7","","","50","","","","","","","","","","","","","","9","","","","","B03","","","1","8","1","","","20","20","1","12","4","120.720464","24.162869","3"
"7807","66000","387130000C","(04)23274275","(04)23288582","2026","2","21","12","12","臺中市","沙鹿區","0","0","0","7","","","50","","","","","","","","","","","","","","17","","","","","B03","","","1","","2","","","50","50","1","6","4","120.561672","24.236829","3"
"7808","66000","387130000C","(04)23274275","(04)23288582","2026","2","21","12","15","臺中市","南屯區","0","1","0","7","3","6","50","4","1","1","5","4","6","6","1","1","10","5","5","2","16","2","9","2","1","C03","7","6","1","10","2","14","","84","84","1","13","4","120.643902","24.129623","2"
"7809","66000","387130000C","(04)23274275","(04)23288582","2026","2","21","12","20","臺中市","大雅區","0","0","0","7","","","60","","","","","","","","","","","","","","","","","","","B03","","","1","","1","","","78","78","1","12","4","120.64389","24.227853","3"
"7810","66000","387130000C","(04)23274275","(04)23288582","2026","2","21","12","27","臺中市","南區","0","0","0","7","","","50","","","","","","","","","","","","","","13","","","","","B03","","","1","","1","","","82","82","1","6","4","120.657516","24.129726","3"
"7811","66000","387130000C","(04)23274275","(04)23288582","2026","2","21","12","32","臺中市","后里區","0","1","0","7","2","6","30","3","2","1","5","4","6","6","4","4","10","5","5","2","11","2","9","1","1","F03","7","9","7","21","2","11","14","59","59","1","6","4","120.742181","24.312268","2"
"7812","66000","387130000C","(04)23274275","(04)23288582","2026","2","21","12","34","臺中市","北區","0","0","0","7","","","30","","","","","","","","","","","","","","17","","","","","C03","","","1","","2","","","84","84","1","12","4","120.692989","24.161288","3"
"7813","66000","387130000C","(04)23274275","(04)23288582","2026","2","21","12","40","臺中市","西屯區","0","1","0","7","2","6","50","13","9","1","5","4","6","6","4","4","9","5","5","2","12","3","10","3","1","B03","7","15","1","8","2","2","","42","42","1","12","4","120.625432","24.17964","2"
"7814","66000","387130000C","(04)23274275","(04)23288582","2026","2","21","12","46","臺中市","北區","0","1","0","7","2","6","30","3","1","1","5","4","6","6","4","4","1","4","4","2","16","3","10","5","4","B03","7","5","1","8","1","8","","14","14","1","13","4","120.66775","24.161856","2"
"7815","66000","387130000C","(04)23274275","(04)23288582","2026","2","21","12","47","臺中市","豐原區","0","0","0","7","","","50","","","","","","","","","","","","","","17","","","","","B03","","","1","","2","","","50","50","1","12","4","120.750201","24.269047","4"
"7816","66000","387130000C","(04)23274275","(04)23288582","2026","2","21","12","48","臺中市","中區","0","0","0","7","","","50","","","","","","","","","","","","","","","","","","","B03","","","1","","1","","","45","45","1","12","4","120.681818","24.14026","3"
"7817","66000","387130000C","(04)23274275","(04)23288582","2026","2","21","12","49","臺中市","豐原區","0","0","0","7","","","40","","","","","","","","","","","","","","13","","","","","B03","","","1","","1","","","45","45","1","13","4","120.72241","24.277861","4"
"7818","66000","387130000C","(04)23274275","(04)23288582","2026","2","21","12","53","臺中市","外埔區","0","0","0","7","","","30","","","","","","","","","","","","","","17","","","","","B03","","","1","","1","","","6","6","1","6","4","120.654896","24.32849","3"
"7819","66000","387130000C","(04)23274275","(04)23288582","2026","2","21","12","56","臺中市","南屯區","0","1","0","7","2","6","50","4","1","1","5","4","6","6","2","1","1","4","5","2","16","3","10","3","1","B03","7","5","1","8","2","6","","11","11","1","12","4","120.64094","24.141442","2"
"7820","66000","387130000C","(04)23274275","(04)23288582","2026","2","21","12","56","臺中市","北屯區","0","1","0","7","2","6","50","5","1","1","5","4","6","6","2","1","1","3","1","2","16","3","10","3","1","B03","7","5","1","8","2","2","5","11","11","1","13","4","120.721773","24.181759","2"
"7821","66000","387130000C","(04)23274275","(04)23288582","2026","2","21","12","57","臺中市","南屯區","0","1","0","7","2","6","40","4","1","1","5","4","6","6","1","1","3","4","3","2","17","3","10","3","1","B03","7","6","1","8","2","1","","84","84","1","13","4","120.623141","24.145201","2"
"7822","66000","387130000C","(04)23274275","(04)23288582","2026","2","21","12","59","臺中市","西屯區","0","0","0","7","","","30","","","","","","","","","","","","","","30","","","","","B03","","","1","","1","","","84","84","1","12","4","120.639406","24.180039","3"
"7823","66000","387130000C","(04)23274275","(04)23288582","2026","2","21","13","5","臺中市","東勢區","0","0","0","7","","","60","","","","","","","","","","","","","","17","","","","","B03","","","1","","1","","","84","84","1","12","4","120.827002","24.252668","3"
"7824","66000","387130000C","(04)23274275","(04)23288582","2026","2","21","13","7","臺中市","龍井區","0","2","0","7","2","6","30","13","9","1","5","4","6","6","4","4","10","5","5","2","17","3","10","5","4","B03","7","13","1","8","2","4","","76","76","1","6","4","120.589018","24.182954","2"
"7825","66000","387130000C","(04)23274275","(04)23288582","2026","2","21","13","10","臺中市","北屯區","0","1","0","7","1","6","50","13","9","1","5","4","6","6","4","4","9","4","5","2","13","2","9","1","1","C03","7","9","1","10","2","11","","84","84","1","13","4","120.694432","24.162699","2"
"7826","66000","387130000C","(04)23274275","(04)23288582","2026","2","21","13","11","臺中市","中區","0","0","0","7","","","50","","","","","","","","","","","","","","13","","","","","B03","","","1","","1","","","7","7","1","13","4","120.677911","24.143812","3"
"7827","66000","387130000C","(04)23274275","(04)23288582","2026","2","21","13","13","臺中市","沙鹿區","0","0","0","7","","","50","","","","","","","","","","","","","","","","","","","B03","","","1","","2","","","50","50","1","6","4","120.558944","24.235924","3"
"7828","66000","387130000C","(04)23274275","(04)23288582","2026","2","21","13","13","臺中市","沙鹿區","0","2","0","7","2","6","40","13","8","1","5","4","6","6","4","4","1","4","4","2","13","2","9","2","4","C03","7","9","1","10","2","11","","43","43","1","6","4","120.617028","24.243331","2"
"7829","66000","387130000C","(04)23274275","(04)23288582","2026","2","21","13","18","臺中市","北屯區","0","1","0","7","3","6","50","4","1","1","5","4","6","6","1","1","10","5","5","2","16","3","10","3","1","B03","7","6","1","8","2","6","","11","11","1","6","4","120.711355","24.1722","2"
"7830","66000","387130000C","(04)23274275","(04)23288582","2026","2","21","13","20","臺中市","北屯區","0","0","0","7","","","50","","","","","","","","","","","","","","17","","","","","","","","","","","","","119","119","1","","","120.668662","24.181405","3"
"7831","66000","387130000C","(04)23274275","(04)23288582","2026","2","21","13","21","臺中市","太平區","0","1","0","7","2","6","40","13","9","1","5","4","6","6","1","1","5","5","5","1","13","2","9","1","1","C03","7","9","1","10","2","11","","84","84","1","12","4","120.726217","24.1196","2"
"7832","66000","387130000C","(04)23274275","(04)23288582","2026","2","21","13","23","臺中市","烏日區","0","1","0","7","2","6","30","13","9","1","5","4","6","6","4","4","10","5","5","2","14","3","10","3","1","B03","7","2","1","8","2","7","","49","49","1","6","4","120.640347","24.05821","2"
"7833","66000","387130000C","(04)23274275","(04)23288582","2026","2","21","13","27","臺中市","北區","0","0","0","7","","","50","","","","","","","","","","","","","","17","","","","","B03","","","1","","2","","","40","40","1","13","4","120.68336","24.145853","3"
"7834","66000","387130000C","(04)23274275","(04)23288582","2026","2","21","13","29","臺中市","南屯區","0","0","0","7","","","50","","","","","","","","","","","","","","","","","","","C03","","","1","","2","","","84","84","1","6","4","120.610853","24.144765","3"
"7835","66000","387130000C","(04)23274275","(04)23288582","2026","2","21","13","30","臺中市","北屯區","0","0","0","7","","","50","","","","","","","","","","","","","","9","","","","","B03","","","1","8","1","","","8","8","1","12","4","120.71008","24.171472","3"
"7836","66000","387130000C","(04)23274275","(04)23288582","2026","2","21","13","30","臺中市","神岡區","0","0","0","7","","","0","","","","","","","","","","","","","","14","","","","","C03","","","1","","2","","","49","49","1","12","4","120.711818","24.25793","3"
"7837","66000","387130000C","(04)23274275","(04)23288582","2026","2","21","13","31","臺中市","北屯區","0","0","0","7","","","50","","","","","","","","","","","","","","35","","","","","B03","","","1","","10","","","87","87","1","13","4","120.685986","24.188946","3"
"7838","66000","387130000C","(04)23274275","(04)23288582","2026","2","21","13","34","臺中市","烏日區","0","1","0","7","2","6","60","13","8","1","5","4","6","6","1","1","8","3","4","1","12","3","10","3","1","B03","7","5","1","8","2","2","","39","39","1","6","4","120.616248","24.10577","2"
"7839","66000","387130000C","(04)23274275","(04)23288582","2026","2","21","13","35","臺中市","北屯區","0","1","0","7","1","6","50","4","1","1","5","4","6","6","4","4","10","5","5","2","15","2","9","1","1","C03","7","9","1","10","2","14","","12","12","1","13","4","120.688","24.168043","2"
"7840","66000","387130000C","(04)23274275","(04)23288582","2026","2","21","13","39","臺中市","西區","0","0","0","7","","","50","","","","","","","","","","","","","","","","","","","C03","","","1","","1","","","12","12","1","12","4","120.658041","24.145623","3"
"7841","66000","387130000C","(04)23274275","(04)23288582","2026","2","21","13","39","臺中市","西屯區","0","0","0","7","","","60","","","","","","","","","","","","","","12","","","","","B03","","","1","","1","","","8","8","1","12","4","120.653303","24.160622","3"
"7842","66000","387130000C","(04)23274275","(04)23288582","2026","2","21","13","41","臺中市","烏日區","0","2","0","7","2","6","40","4","1","1","5","4","6","6","4","4","10","5","5","2","15","2","8","1","1","C03","7","9","1","10","2","12","","15","15","1","6","4","120.642025","24.103199","2"
"7843","66000","387130000C","(04)23274275","(04)23288582","2026","2","21","13","43","臺中市","大雅區","0","0","0","7","","","30","","","","","","","","","","","","","","","","","","","B03","","","1","","2","","","49","49","1","12","4","120.653613","24.216715","3"
"7844","66000","387130000C","(04)23274275","(04)23288582","2026","2","21","13","44","臺中市","后里區","0","1","0","7","2","6","50","4","9","1","5","4","6","6","4","4","5","4","5","1","15","2","9","1","1","C03","7","9","1","10","2","12","14","15","15","1","6","4","120.712754","24.306781","2"
"7845","66000","387130000C","(04)23274275","(04)23288582","2026","2","21","13","45","臺中市","太平區","0","1","0","7","2","6","50","4","1","1","5","4","6","6","2","1","10","5","5","2","17","3","10","3","1","B03","7","11","5","8","2","1","","45","45","1","12","4","120.705143","24.148294","2"
"7846","66000","387130000C","(04)23274275","(04)23288582","2026","2","21","13","50","臺中市","豐原區","0","0","0","7","","","50","","","","","","","","","","","","","","12","","","","","C03","","","1","","2","","","40","40","1","12","4","120.725143","24.241103","3"
"7847","66000","387130000C","(04)23274275","(04)23288582","2026","2","21","13","58","臺中市","豐原區","0","0","0","7","","","50","","","","","","","","","","","","","","13","","","","","B03","","","1","","1","","","7","7","1","12","4","120.714431","24.251053","4"
"7848","66000","387130000C","(04)23274275","(04)23288582","2026","2","21","14","0","臺中市","太平區","0","0","0","7","","","50","","","","","","","","","","","","","","16","","","","","C03","","","1","","2","","","11","11","1","12","4","120.729964","24.10977","3"
"7849","66000","387130000C","(04)23274275","(04)23288582","2026","2","21","14","4","臺中市","北屯區","0","0","0","7","","","30","","","","","","","","","","","","","","17","","","","","B03","","","1","","1","","","8","8","1","13","4","120.702684","24.17105","3"
"7850","66000","387130000C","(04)23274275","(04)23288582","2026","2","21","14","11","臺中市","北區","0","1","0","7","2","6","50","4","1","1","5","4","6","6","2","1","1","5","5","2","16","2","9","1","1","C03","7","6","1","10","2","14","","48","48","1","13","4","120.682385","24.165362","2"
"7851","66000","387130000C","(04)23274275","(04)23288582","2026","2","21","14","12","臺中市","南區","0","0","0","7","","","50","","","","","","","","","","","","","","12","","","","","B03","","","1","","9","","","51","51","1","12","4","120.677393","24.125532","3"
"7852","66000","387130000C","(04)23274275","(04)23288582","2026","2","21","14","13","臺中市","東區","0","0","0","7","","","30","","","","","","","","","","","","","","14","","","","","B03","","","1","","1","","","49","49","1","12","4","120.697155","24.139604","3"
"7853","66000","387130000C","(04)23274275","(04)23288582","2026","2","21","14","13","臺中市","神岡區","0","1","0","7","2","6","50","13","9","1","5","4","6","6","4","4","10","5","5","2","17","3","10","1","1","C03","7","9","1","10","2","11","11","59","59","1","12","4","120.692679","24.252377","2"
"7854","66000","387130000C","(04)23274275","(04)23288582","2026","2","21","14","15","臺中市","北屯區","0","1","0","7","2","6","50","3","1","1","5","4","6","6","4","4","10","5","5","2","17","2","9","5","4","C03","7","8","1","8","2","14","","40","40","1","12","4","120.726734","24.176493","2"
"7855","66000","387130000C","(04)23274275","(04)23288582","2026","2","21","14","16","臺中市","北屯區","0","0","0","7","","","50","","","","","","","","","","","","","","12","","","","","B12","","","1","","9","","","59","59","2","12","4","120.671435","24.174387","3"
"7856","66000","387130000C","(04)23274275","(04)23288582","2026","2","21","14","18","臺中市","西屯區","0","0","0","7","","","50","","","","","","","","","","","","","","16","","","","","B03","","","1","","2","","","51","51","1","13","4","120.628257","24.180049","3"
"7857","66000","387130000C","(04)23274275","(04)23288582","2026","2","21","14","22","臺中市","太平區","0","1","0","7","2","6","30","5","1","1","5","4","6","6","4","4","10","5","5","2","15","3","10","3","1","B03","7","9","1","8","2","5","","15","15","1","12","4","120.734991","24.145818","2"
"7858","66000","387130000C","(04)23274275","(04)23288582","2026","2","21","14","24","臺中市","北屯區","0","2","0","7","2","6","50","3","1","1","5","4","6","6","1","1","10","5","5","2","13","2","1","5","4","B03","7","9","1","8","2","1","","84","84","1","13","4","120.703329","24.169599","2"
"7859","66000","387130000C","(04)23274275","(04)23288582","2026","2","21","14","27","臺中市","北區","0","0","0","7","","","30","","","","","","","","","","","","","","","","","","","A12","","","1","","2","","","8","8","1","12","4","120.668669","24.164376","3"
"7860","66000","387130000C","(04)23274275","(04)23288582","2026","2","21","14","36","臺中市","西區","0","0","0","7","","","50","","","","","","","","","","","","","","","","","","","C03","","","1","","1","","","7","7","1","12","4","120.672433","24.150624","3"
"7861","66000","387130000C","(04)23274275","(04)23288582","2026","2","21","14","41","臺中市","烏日區","0","0","0","7","","","50","","","","","","","","","","","","","","14","","","","","B03","","","1","","1","","","49","49","1","13","4","120.61102","24.112858","3"
"7862","66000","387130000C","(04)23274275","(04)23288582","2026","2","21","14","42","臺中市","新社區","0","0","0","7","","","50","","","","","","","","","","","","","","11","","","","","B03","","","1","","2","","","8","8","1","12","4","120.837762","24.153672","3"
"7863","66000","387130000C","(04)23274275","(04)23288582","2026","2","21","14","43","臺中市","南屯區","0","2","0","7","2","6","50","3","1","1","5","4","6","6","1","1","9","4","1","2","17","2","9","3","1","B03","7","6","1","8","2","1","","25","25","1","12","4","120.623744","24.152314","2"
"7864","66000","387130000C","(04)23274275","(04)23288582","2026","2","21","14","48","臺中市","南屯區","0","0","0","7","","","50","","","","","","","","","","","","","","","","","","","B03","","","1","","9","","","55","55","1","13","4","120.648201","24.136041","3"
"7865","66000","387130000C","(04)23274275","(04)23288582","2026","2","21","14","48","臺中市","豐原區","0","1","0","7","2","8","10","13","13","1","5","4","6","6","4","4","9","5","5","1","18","2","9","5","4","F01","7","15","7","21","2","16","","59","59","1","12","4","120.749127","24.274772","2"
"7866","66000","387130000C","(04)23274275","(04)23288582","2026","2","21","14","50","臺中市","北屯區","0","0","0","7","","","50","","","","","","","","","","","","","","9","","","","","B03","","","1","","1","","","51","51","1","12","4","120.682794","24.168885","3"
"7867","66000","387130000C","(04)23274275","(04)23288582","2026","2","21","14","55","臺中市","豐原區","0","1","0","7","2","6","50","3","1","1","5","4","6","6","1","1","5","5","4","2","13","3","10","5","4","B03","7","9","3","19","2","1","","59","59","1","13","4","120.697913","24.245115","2"
"7868","66000","387130000C","(04)23274275","(04)23288582","2026","2","21","14","56","臺中市","東勢區","0","3","0","7","2","6","50","13","14","1","5","4","6","6","4","4","5","5","5","1","17","2","8","3","1","B03","7","9","1","8","2","1","","59","59","1","12","4","120.855498","24.235837","2"
"7869","66000","387130000C","(04)23274275","(04)23288582","2026","2","21","14","57","臺中市","烏日區","0","0","0","7","2","6","40","13","11","1","5","4","6","6","1","1","1","4","1","2","27","3","10","3","1","B02","7","6","1","8","2","5","","56","56","1","6","4","120.610508","24.113712","3"
"7870","66000","387130000C","(04)23274275","(04)23288582","2026","2","21","15","1","臺中市","潭子區","0","1","0","7","3","6","30","11","9","1","5","4","6","6","4","4","10","5","5","1","17","2","7","2","1","C03","7","9","1","10","2","14","","84","84","1","13","4","120.739226","24.206163","2"
"7871","66000","387130000C","(04)23274275","(04)23288582","2026","2","21","15","4","臺中市","西區","0","1","0","7","2","6","50","5","1","1","5","4","6","6","1","1","10","5","5","2","17","2","9","1","1","C03","7","6","1","10","2","12","","84","84","1","12","4","120.675404","24.151024","2"
"7872","66000","387130000C","(04)23274275","(04)23288582","2026","2","21","15","4","臺中市","南屯區","0","0","0","7","","","50","","","","","","","","","","","","","","13","","","","","B03","","","1","","1","","","59","59","1","13","4","120.634062","24.144553","3"
"7873","66000","387130000C","(04)23274275","(04)23288582","2026","2","21","15","5","臺中市","北屯區","0","0","0","7","","","50","","","","","","","","","","","","","","16","","","","","B03","","","1","","1","","","20","20","1","6","4","120.713455","24.180122","3"
"7874","66000","387130000C","(04)23274275","(04)23288582","2026","2","21","15","6","臺中市","南屯區","0","0","0","7","","","60","","","","","","","","","","","","","","13","","","","","B03","","","1","","1","","","78","78","1","12","4","120.637602","24.119685","3"
"7875","66000","387130000C","(04)23274275","(04)23288582","2026","2","21","15","11","臺中市","西屯區","0","1","0","7","2","6","50","13","9","1","5","4","6","6","4","4","9","4","5","1","16","3","10","5","1","B03","7","11","1","8","2","4","","45","45","1","12","4","120.612686","24.19139","2"
"7876","66000","387130000C","(04)23274275","(04)23288582","2026","2","21","15","16","臺中市","沙鹿區","0","1","0","7","2","6","50","3","1","1","5","4","6","6","1","1","10","5","5","2","16","2","9","2","1","C03","7","9","1","10","2","11","","21","21","1","6","4","120.60242","24.259133","2"
"7877","66000","387130000C","(04)23274275","(04)23288582","2026","2","21","15","17","臺中市","北屯區","0","1","0","7","2","6","50","4","2","1","5","4","6","6","4","4","5","5","4","2","17","2","9","1","1","C03","7","1","1","10","2","13","","51","51","1","6","4","120.694403","24.172963","2"
"7878","66000","387130000C","(04)23274275","(04)23288582","2026","2","21","15","20","臺中市","清水區","0","0","0","7","","","50","","","","","","","","","","","","","","","","","","","B03","","","1","","1","","","8","8","1","12","4","120.57485","24.267767","3"
"7879","66000","387130000C","(04)23274275","(04)23288582","2026","2","21","15","21","臺中市","中區","0","1","0","7","1","6","50","4","1","1","5","4","6","6","1","1","10","5","5","2","17","3","10","5","4","B03","7","6","1","8","2","1","","11","11","1","12","4","120.678724","24.147339","2"
"7880","66000","387130000C","(04)23274275","(04)23288582","2026","2","21","15","21","臺中市","南屯區","0","1","0","7","2","6","50","4","1","1","5","4","6","6","2","1","5","5","5","2","17","2","7","1","1","C03","7","9","1","10","2","11","","59","59","1","6","4","120.643799","24.14678","2"
"7881","66000","387130000C","(04)23274275","(04)23288582","2026","2","21","15","21","臺中市","后里區","0","0","0","7","","","50","","","","","","","","","","","","","","14","","","","","B03","","","1","","2","","","49","49","1","6","4","120.731541","24.337957","3"
"7882","66000","387130000C","(04)23274275","(04)23288582","2026","2","21","15","22","臺中市","西區","0","1","0","7","2","6","50","5","1","1","5","4","6","6","2","1","1","4","1","2","17","3","10","3","1","B03","7","6","1","8","2","4","","38","38","1","13","4","120.670104","24.15082","2"
"7883","66000","387130000C","(04)23274275","(04)23288582","2026","2","21","15","27","臺中市","西屯區","0","0","0","7","","","50","","","","","","","","","","","","","","13","","","","","B03","","","1","","1","","","7","7","1","12","4","120.661354","24.171792","3"
"7884","66000","387130000C","(04)23274275","(04)23288582","2026","2","21","15","27","臺中市","龍井區","0","3","0","7","2","6","40","4","2","1","5","4","6","6","1","1","10","5","3","1","16","2","9","2","1","C03","7","7","1","10","2","12","","20","20","1","4","4","120.583049","24.187116","2"
"7885","66000","387130000C","(04)23274275","(04)23288582","2026","2","21","15","35","臺中市","大雅區","0","1","0","7","3","6","50","4","1","1","5","4","6","6","1","1","4","5","5","1","17","2","9","5","4","C03","7","9","1","10","2","11","","7","7","1","13","4","120.65334","24.219079","2"
"7886","66000","387130000C","(04)23274275","(04)23288582","2026","2","21","15","35","臺中市","北屯區","0","0","0","7","","","50","","","","","","","","","","","","","","9","","","","","B03","","","1","8","1","","","85","85","1","12","4","120.696156","24.183309","3"
"7887","66000","387130000C","(04)23274275","(04)23288582","2026","2","21","15","35","臺中市","霧峰區","0","0","0","7","","","50","","","","","","","","","","","","","","17","","","","","B03","","","1","1","1","","","84","84","1","13","4","120.695698","24.013854","3"
"7888","66000","387130000C","(04)23274275","(04)23288582","2026","2","21","15","35","臺中市","大甲區","0","0","0","7","","","30","","","","","","","","","","","","","","","","","","","B03","","","1","","2","","","15","15","1","6","4","120.646064","24.406636","3"
"7889","66000","387130000C","(04)23274275","(04)23288582","2026","2","21","15","38","臺中市","東區","0","0","0","7","","","50","","","","","","","","","","","","","","16","","","","","B03","","","1","","1","","","47","47","1","12","4","120.694232","24.133437","3"
"7890","66000","387130000C","(04)23274275","(04)23288582","2026","2","21","15","38","臺中市","太平區","0","0","0","7","","","50","","","","","","","","","","","","","","","","","","","C03","","","1","","2","","","7","7","1","12","4","120.714733","24.149029","3"
"7891","66000","387130000C","(04)23274275","(04)23288582","2026","2","21","15","39","臺中市","大甲區","0","0","0","7","","","50","","","","","","","","","","","","","","16","","","","","C03","","","3","","2","","","11","11","1","6","4","120.64148","24.404637","3"
"7892","66000","387130000C","(04)23274275","(04)23288582","2026","2","21","15","40","臺中市","大里區","0","1","0","7","3","6","50","3","2","1","5","4","6","6","3","1","5","5","4","2","17","3","10","3","1","B03","7","11","1","8","2","7","","45","45","1","12","4","120.674591","24.116484","2"
"7893","66000","387130000C","(04)23274275","(04)23288582","2026","2","21","15","45","臺中市","北區","0","1","0","7","2","6","50","13","7","1","5","4","6","6","4","4","1","3","4","2","18","2","9","2","1","C03","7","9","1","10","2","12","","84","84","1","13","4","120.684026","24.162903","2"
"7894","66000","387130000C","(04)23274275","(04)23288582","2026","2","21","15","48","臺中市","潭子區","0","0","0","7","","3","40","","","","","","","","","","","","","","12","","","","","B03","","","1","","9","","","84","84","2","13","4","120.710416","24.20054","3"
"7895","66000","387130000C","(04)23274275","(04)23288582","2026","2","21","15","49","臺中市","東區","0","1","0","7","3","6","50","3","1","1","5","4","6","6","4","4","5","5","5","2","12","3","10","2","1","C03","7","1","3","19","2","14","","51","51","1","13","4","120.710405","24.149249","2"
"7896","66000","387130000C","(04)23274275","(04)23288582","2026","2","21","15","49","臺中市","北屯區","0","1","0","7","2","6","1","13","8","1","5","4","6","6","4","4","1","4","4","2","17","2","2","1","1","C03","7","1","1","10","1","11","","84","84","1","6","4","120.661789","24.189795","2"
"7897","66000","387130000C","(04)23274275","(04)23288582","2026","2","21","15","49","臺中市","大肚區","0","1","0","7","2","6","30","4","1","1","5","4","6","6","4","4","10","5","5","2","15","3","10","3","1","B03","7","9","1","8","2","5","","15","15","1","8","4","120.543771","24.144658","2"
"7898","66000","387130000C","(04)23274275","(04)23288582","2026","2","21","15","50","臺中市","北屯區","0","0","0","7","","","50","","","","","","","","","","","","","","","","","","","B03","","","1","","1","","","50","50","1","12","4","120.670226","24.174484","3"
"7899","66000","387130000C","(04)23274275","(04)23288582","2026","2","21","15","51","臺中市","后里區","0","1","0","7","2","6","50","13","9","1","5","4","6","6","1","1","5","4","5","1","13","2","8","1","1","C03","7","9","1","10","2","11","14","7","7","1","6","4","120.708196","24.326278","2"
"7900","66000","387130000C","(04)23274275","(04)23288582","2026","2","21","15","55","臺中市","北區","0","1","0","7","2","6","50","4","1","1","5","4","6","6","1","1","5","5","5","2","15","3","10","3","1","B03","7","9","1","8","2","6","","21","21","1","13","4","120.678399","24.161677","2"
"7901","66000","387130000C","(04)23274275","(04)23288582","2026","2","21","15","57","臺中市","東區","0","0","0","7","","","50","","","","","","","","","","","","","","13","","","","","C03","","","1","","2","","","7","7","1","12","4","120.690293","24.138566","3"
"7902","66000","387130000C","(04)23274275","(04)23288582","2026","2","21","16","6","臺中市","龍井區","0","0","0","7","","","50","","","","","","","","","","","","","","","","","","","B03","","","1","","2","","","51","51","1","12","4","120.548563","24.179423","3"
"7903","66000","387130000C","(04)23274275","(04)23288582","2026","2","21","16","8","臺中市","北屯區","0","2","0","7","2","6","50","4","1","1","5","4","6","6","1","1","10","5","5","2","15","2","9","1","1","C03","7","9","1","10","2","11","","84","84","1","6","4","120.690387","24.185464","2"
"7904","66000","387130000C","(04)23274275","(04)23288582","2026","2","21","16","16","臺中市","北屯區","0","1","0","7","2","6","50","14","9","1","5","4","6","6","4","4","10","5","5","2","18","2","9","1","1","C03","7","9","1","10","1","14","","82","82","1","6","4","120.740124","24.178935","2"
"7905","66000","387130000C","(04)23274275","(04)23288582","2026","2","21","16","18","臺中市","大甲區","0","1","0","7","3","6","50","13","9","1","5","4","6","6","4","4","5","5","5","1","13","3","10","5","4","B03","7","9","1","8","2","5","","7","7","1","6","4","120.626084","24.347608","2"
"7906","66000","387130000C","(04)23274275","(04)23288582","2026","2","21","16","20","臺中市","大甲區","0","1","0","7","2","6","50","3","2","1","5","4","6","6","1","1","5","5","4","2","2","2","9","6","5","H01","8","16","7","21","10","17","","109","109","1","6","5","120.627717","24.346839","2"
"7907","66000","387130000C","(04)23274275","(04)23288582","2026","2","21","16","22","臺中市","豐原區","0","0","0","7","2","6","50","13","14","1","5","4","6","6","4","4","1","4","4","1","14","3","10","5","4","A41","7","2","1","1","9","3","","49","49","2","12","4","120.72861","24.264972","3"
"7908","66000","387130000C","(04)23274275","(04)23288582","2026","2","21","16","30","臺中市","西屯區","0","0","0","7","","","50","","","","","","","","","","","","","","14","","","","","B03","","","1","","1","","","49","49","1","12","4","120.621882","24.180872","3"
"7909","66000","387130000C","(04)23274275","(04)23288582","2026","2","21","16","30","臺中市","龍井區","0","0","0","7","","","40","","","","","","","","","","","","","","12","","","","","B03","","","1","","2","","","8","8","1","11","4","120.546921","24.182557","3"
"7910","66000","387130000C","(04)23274275","(04)23288582","2026","2","21","16","32","臺中市","潭子區","0","0","0","7","","3","80","","","","","","","","","","","","","","","","","","","B03","","","1","","2","","","7","7","1","13","4","120.722609","24.191249","3"
"7911","66000","387130000C","(04)23274275","(04)23288582","2026","2","21","16","32","臺中市","西屯區","0","0","0","7","","","50","","","","","","","","","","","","","","12","","","","","C03","","","1","","1","","","8","8","1","12","4","120.645676","24.172579","3"
"7912","66000","387130000C","(04)23274275","(04)23288582","2026","2","21","16","40","臺中市","和平區","0","1","0","6","3","8","25","11","24","1","5","4","6","6","4","4","10","5","5","1","18","2","9","1","1","C03","7","9","1","10","2","14","","87","87","1","12","4","120.933978","24.247504","2"
"7913","66000","387130000C","(04)23274275","(04)23288582","2026","2","21","16","46","臺中市","豐原區","0","1","0","7","2","6","40","4","1","1","5","4","6","6","1","1","5","4","5","1","17","2","9","2","4","C03","7","9","1","10","2","14","","84","84","1","12","4","120.72518","24.234547","2"
"7914","66000","387130000C","(04)23274275","(04)23288582","2026","2","21","16","49","臺中市","龍井區","0","3","0","7","2","6","50","5","1","1","5","4","6","6","1","1","3","4","4","1","11","3","10","3","1","B03","7","9","1","8","2","6","","21","21","1","12","4","120.536421","24.194394","2"