序號,縣市別代碼,機關代碼,市話,傳真,年,月,日,時,分,縣市,區,死亡數量,受傷數量,2-30,天候,道路照明設備,道路類別,道路速限,道路型態,事故位置,路面鋪裝,路面狀態,路面缺陷,障礙物,視距,號誌種類,號誌動作,分向設施,快車道或一般車道間,快慢車道間,路面邊線,事故類型及型態,受傷程度,主要傷處,保護裝備,行動電話或功能裝置,當事者區分(類別),車輛用途,當事者行動狀態,駕照狀態,駕照種類,飲酒情形,車輛撞擊部位最初,車輛撞擊部位其他,肇事因素個別,肇事因素主要,肇事逃逸,職業,共享經濟或外送平台,GPS座標X,GPS座標Y,事故類別
"8024","66000","387130000C","(04)23274275","(04)23288582","2026","2","22","8","20","臺中市","沙鹿區","0","0","0","7","","","50","","","","","","","","","","","","","","14","","","","","B03","","","1","","2","","","49","49","1","6","4","120.560706","24.236643","3"
"8025","66000","387130000C","(04)23274275","(04)23288582","2026","2","22","8","27","臺中市","烏日區","0","0","0","7","","","40","","","","","","","","","","","","","","12","","","","","B12","","","1","","1","","","59","59","1","13","4","120.65376","24.089881","3"
"8026","66000","387130000C","(04)23274275","(04)23288582","2026","2","22","8","39","臺中市","南屯區","0","0","0","7","","","50","","","","","","","","","","","","","","","","","","","C03","","","1","","1","","","50","50","1","12","4","120.638043","24.142404","3"
"8027","66000","387130000C","(04)23274275","(04)23288582","2026","2","22","8","40","臺中市","烏日區","0","0","0","7","","","50","","","","","","","","","","","","","","16","","","","","B03","","","1","","2","","","11","11","1","6","4","120.589765","24.113398","3"
"8028","66000","387130000C","(04)23274275","(04)23288582","2026","2","22","8","42","臺中市","大甲區","0","0","0","7","","","50","","","","","","","","","","","","","","16","","","","","C03","","","1","","2","","","7","7","1","6","4","120.655739","24.393293","3"
"8029","66000","387130000C","(04)23274275","(04)23288582","2026","2","22","8","44","臺中市","西屯區","0","0","0","7","","","60","","","","","","","","","","","","","","13","","","","","B03","","","1","","2","","","7","7","1","13","4","120.655639","24.159198","3"
"8030","66000","387130000C","(04)23274275","(04)23288582","2026","2","22","8","45","臺中市","東勢區","0","0","0","7","","","50","","","","","","","","","","","","","","","","","","","B03","","","1","","2","","","50","50","1","12","4","120.830682","24.253281","3"
"8031","66000","387130000C","(04)23274275","(04)23288582","2026","2","22","8","48","臺中市","大里區","0","0","0","7","","","50","","","","","","","","","","","","","","13","","","","","B03","","","1","","2","","","59","59","1","13","4","120.676994","24.09948","3"
"8032","66000","387130000C","(04)23274275","(04)23288582","2026","2","22","8","50","臺中市","北屯區","0","0","0","7","3","6","50","4","1","1","5","4","6","6","1","1","10","5","5","2","12","","","2","1","C03","7","9","1","10","1","","","84","84","1","6","4","120.715149","24.164191","4"
"8033","66000","387130000C","(04)23274275","(04)23288582","2026","2","22","9","0","臺中市","太平區","0","1","0","7","2","6","40","13","9","1","5","4","6","6","4","4","5","5","5","1","18","2","9","2","1","C01","7","9","1","9","2","12","","82","82","1","12","4","120.816412","24.090296","2"
"8034","66000","387130000C","(04)23274275","(04)23288582","2026","2","22","9","19","臺中市","太平區","0","0","0","7","","","30","","","","","","","","","","","","","","12","","","","","B12","","","1","","2","","","8","8","1","13","4","120.708789","24.125866","3"
"8035","66000","387130000C","(04)23274275","(04)23288582","2026","2","22","9","19","臺中市","豐原區","0","0","0","7","","","40","","","","","","","","","","","","","","14","","","","","C03","","","1","","1","","","49","49","1","13","4","120.720014","24.253539","4"
"8036","66000","387130000C","(04)23274275","(04)23288582","2026","2","22","9","26","臺中市","神岡區","0","1","0","7","3","6","50","3","1","1","5","4","6","6","1","1","3","4","5","1","16","2","7","1","1","C03","7","6","1","10","2","14","","48","48","1","13","4","120.690476","24.24789","2"
"8037","66000","387130000C","(04)23274275","(04)23288582","2026","2","22","9","33","臺中市","大甲區","0","0","0","7","","","50","","","","","","","","","","","","","","14","","","","","C03","","","1","","1","","","82","82","1","6","2","120.621416","24.349129","3"
"8038","66000","387130000C","(04)23274275","(04)23288582","2026","2","22","9","40","臺中市","西屯區","0","2","0","7","2","6","50","13","9","1","5","4","6","6","4","4","3","4","5","2","13","2","8","5","4","C03","7","5","1","10","1","12","","7","7","1","12","4","120.643922","24.171478","2"
"8039","66000","387130000C","(04)23274275","(04)23288582","2026","2","22","9","42","臺中市","后里區","0","0","0","7","2","6","40","13","9","1","5","4","6","6","4","4","10","4","5","1","12","","","","","B03","","","1","","1","","","50","50","1","6","4","120.718697","24.310308","3"
"8040","66000","387130000C","(04)23274275","(04)23288582","2026","2","22","9","44","臺中市","東區","0","0","0","7","","","50","","","","","","","","","","","","","","13","","","","","B03","","","1","","2","","","7","7","1","12","4","120.698665","24.132441","3"
"8041","66000","387130000C","(04)23274275","(04)23288582","2026","2","22","9","44","臺中市","南區","0","0","0","7","","","50","","","","","","","","","","","","","","17","","","","","B03","","","1","","9","","","84","84","2","12","4","120.659789","24.12681","3"
"8042","66000","387130000C","(04)23274275","(04)23288582","2026","2","22","9","45","臺中市","大里區","0","0","0","7","","","30","","","","","","","","","","","","","","","","","","","B03","","","1","","2","","","49","49","1","12","4","120.691406","24.113256","3"
"8043","66000","387130000C","(04)23274275","(04)23288582","2026","2","22","9","50","臺中市","西屯區","0","2","0","7","2","6","50","5","1","1","5","4","6","6","3","1","10","5","5","2","13","2","9","2","1","C03","7","9","1","10","2","11","","7","7","1","13","4","120.638423","24.181382","2"
"8044","66000","387130000C","(04)23274275","(04)23288582","2026","2","22","9","50","臺中市","沙鹿區","0","1","0","7","2","6","30","4","1","1","5","4","6","6","4","4","10","5","5","2","15","2","9","2","1","C03","7","9","1","10","2","13","","13","13","1","6","4","120.567353","24.250618","2"
"8045","66000","387130000C","(04)23274275","(04)23288582","2026","2","22","9","55","臺中市","大里區","0","0","0","7","","","50","","","","","","","","","","","","","","","","","","","B03","","","1","","2","","","84","84","1","12","4","120.695883","24.088181","3"
"8046","66000","387130000C","(04)23274275","(04)23288582","2026","2","22","9","55","臺中市","大甲區","0","0","0","7","","","50","","","","","","","","","","","","","","","","","","","C03","","","1","","1","","","7","7","1","6","4","120.620356","24.341934","3"
"8047","66000","387130000C","(04)23274275","(04)23288582","2026","2","22","10","6","臺中市","北屯區","0","0","0","7","","","50","","","","","","","","","","","","","","17","","","","","B03","","","1","","1","","","84","84","1","13","4","120.701744","24.185099","3"
"8048","66000","387130000C","(04)23274275","(04)23288582","2026","2","22","10","15","臺中市","北區","0","0","0","7","","","50","","","","","","","","","","","","","","13","","","","","C03","","","1","","1","","","7","7","1","12","4","120.6805","24.165392","3"
"8049","66000","387130000C","(04)23274275","(04)23288582","2026","2","22","10","17","臺中市","南區","0","2","0","7","2","6","50","13","9","1","5","4","6","6","4","4","3","4","5","2","2","2","9","6","5","H04","8","20","7","21","10","17","","109","109","1","13","5","120.672475","24.129894","2"
"8050","66000","387130000C","(04)23274275","(04)23288582","2026","2","22","10","19","臺中市","烏日區","0","0","0","7","","","50","","","","","","","","","","","","","","12","","","","","B03","","","1","","1","","","50","50","1","13","4","120.64158","24.108717","3"
"8051","66000","387130000C","(04)23274275","(04)23288582","2026","2","22","10","20","臺中市","東區","0","0","0","7","","","50","","","","","","","","","","","","","","14","","","","","B03","","","1","","1","","","49","49","1","13","4","120.696813","24.142152","3"
"8052","66000","387130000C","(04)23274275","(04)23288582","2026","2","22","10","20","臺中市","豐原區","0","0","0","7","","","50","","","","","","","","","","","","","","13","","","","","B03","","","1","","1","","","84","84","1","12","4","120.715009","24.248413","3"
"8053","66000","387130000C","(04)23274275","(04)23288582","2026","2","22","10","22","臺中市","石岡區","0","0","0","7","","","30","","","","","","","","","","","","","","","","","","","B03","","","1","","1","","","49","49","1","12","4","120.813842","24.262832","3"
"8054","66000","387130000C","(04)23274275","(04)23288582","2026","2","22","10","24","臺中市","太平區","0","1","0","7","2","6","50","4","1","1","5","4","6","6","1","1","10","5","5","2","16","2","9","2","1","C03","7","9","1","10","2","12","","84","84","1","12","4","120.715604","24.136044","2"
"8055","66000","387130000C","(04)23274275","(04)23288582","2026","2","22","10","33","臺中市","南屯區","0","0","0","7","","","50","","","","","","","","","","","","","","14","","","","","B02","","","1","","2","","","49","49","1","12","4","120.628896","24.135765","3"
"8056","66000","387130000C","(04)23274275","(04)23288582","2026","2","22","10","35","臺中市","大雅區","0","0","0","7","","","50","","","","","","","","","","","","","","","","","","","B03","","","1","","1","","","78","78","1","12","4","120.648392","24.220947","3"
"8057","66000","387130000C","(04)23274275","(04)23288582","2026","2","22","10","36","臺中市","大里區","0","2","0","7","3","6","50","5","1","1","5","4","6","6","1","1","10","5","5","2","17","2","9","1","1","C01","7","9","1","9","2","11","","84","84","1","12","4","120.699619","24.085784","2"
"8058","66000","387130000C","(04)23274275","(04)23288582","2026","2","22","10","38","臺中市","東區","0","1","0","7","2","6","50","4","1","1","5","4","6","6","1","1","10","5","5","2","15","3","10","3","1","B03","7","9","3","19","2","8","","21","21","1","12","4","120.700796","24.135143","2"
"8059","66000","387130000C","(04)23274275","(04)23288582","2026","2","22","10","39","臺中市","沙鹿區","0","1","0","7","2","6","50","4","1","1","5","4","6","6","1","1","1","5","5","2","16","2","9","2","4","C03","7","6","1","10","2","14","","26","26","1","13","4","120.564678","24.239595","2"
"8060","66000","387130000C","(04)23274275","(04)23288582","2026","2","22","10","50","臺中市","烏日區","0","0","0","7","","","40","","","","","","","","","","","","","","22","","","","","B03","","","1","","2","","","84","84","1","6","4","120.612574","24.102654","3"
"8061","66000","387130000C","(04)23274275","(04)23288582","2026","2","22","10","55","臺中市","梧棲區","0","1","0","7","2","6","50","13","9","1","5","4","6","6","4","4","5","5","5","1","30","2","9","6","1","F01","7","9","7","21","2","11","","59","59","1","12","4","120.549117","24.239369","2"
"8062","66000","387130000C","(04)23274275","(04)23288582","2026","2","22","10","55","臺中市","大甲區","0","0","0","7","","","50","","","","","","","","","","","","","","13","","","","","B03","","","1","","1","","","59","59","1","6","4","120.626661","24.344868","3"
"8063","66000","387130000C","(04)23274275","(04)23288582","2026","2","22","10","56","臺中市","東區","0","0","0","7","","","40","","","","","","","","","","","","","","17","","","","","C03","","","1","","2","","","43","43","1","12","4","120.703863","24.129676","3"
"8064","66000","387130000C","(04)23274275","(04)23288582","2026","2","22","11","5","臺中市","大里區","0","0","0","7","","","30","","","","","","","","","","","","","","25","","","","","B03","","","1","","2","","","84","84","1","6","4","120.681854","24.077857","3"
"8065","66000","387130000C","(04)23274275","(04)23288582","2026","2","22","11","8","臺中市","霧峰區","0","2","0","7","2","6","40","4","1","1","5","4","6","6","1","1","2","4","5","2","15","2","8","2","1","C03","7","9","1","10","2","11","","21","21","1","13","4","120.694868","24.065955","2"
"8066","66000","387130000C","(04)23274275","(04)23288582","2026","2","22","11","27","臺中市","南區","0","1","0","7","2","6","40","13","8","1","5","4","6","6","4","4","3","4","4","2","17","3","10","3","1","B03","7","3","1","8","2","8","","50","50","1","13","4","120.671843","24.129525","2"
"8067","66000","387130000C","(04)23274275","(04)23288582","2026","2","22","11","27","臺中市","太平區","0","0","0","7","","","50","","","","","","","","","","","","","","16","","","","","B03","","","3","","1","","","40","40","1","13","4","120.714399","24.149263","3"
"8068","66000","387130000C","(04)23274275","(04)23288582","2026","2","22","11","29","臺中市","東勢區","0","0","0","7","","","40","","","","","","","","","","","","","","","","","","","B12","","","1","","1","","","39","39","1","12","4","120.842043","24.251692","3"
"8069","66000","387130000C","(04)23274275","(04)23288582","2026","2","22","11","30","臺中市","梧棲區","0","0","0","7","","","50","","","","","","","","","","","","","","17","","","","","C03","","","1","","1","","","8","8","1","12","4","120.538415","24.248043","3"
"8070","66000","387130000C","(04)23274275","(04)23288582","2026","2","22","11","33","臺中市","北屯區","0","1","0","7","2","6","50","3","1","1","5","4","6","6","4","4","1","3","4","2","13","3","10","2","1","C03","7","5","1","10","2","13","","14","14","1","13","4","120.686286","24.191758","2"
"8071","66000","387130000C","(04)23274275","(04)23288582","2026","2","22","11","34","臺中市","西屯區","0","1","0","7","2","6","50","4","7","1","5","4","6","6","2","1","5","5","4","2","13","3","10","3","1","B12","7","9","1","8","2","1","","59","59","1","13","4","120.662995","24.170564","2"
"8072","66000","387130000C","(04)23274275","(04)23288582","2026","2","22","11","35","臺中市","清水區","0","0","0","7","","","40","","","","","","","","","","","","","","","","","","","B03","","","1","","2","","","49","49","1","12","4","120.573822","24.276951","3"
"8073","66000","387130000C","(04)23274275","(04)23288582","2026","2","22","11","38","臺中市","中區","0","1","0","7","2","6","50","4","1","1","5","4","6","6","1","1","10","5","5","2","16","2","9","2","1","C03","7","9","1","10","2","11","","21","21","1","12","4","120.685652","24.143124","2"
"8074","66000","387130000C","(04)23274275","(04)23288582","2026","2","22","11","40","臺中市","北屯區","0","1","0","7","2","6","50","4","2","1","5","4","6","6","1","1","5","5","5","2","18","2","9","1","1","C03","7","14","5","10","2","12","","54","54","1","6","4","120.701195","24.186518","2"
"8075","66000","387130000C","(04)23274275","(04)23288582","2026","2","22","11","47","臺中市","西屯區","0","1","0","7","2","6","50","4","1","1","5","4","6","6","2","1","10","5","5","2","12","3","10","2","1","C03","7","9","1","10","2","12","","1","1","1","12","4","120.657538","24.167801","2"
"8076","66000","387130000C","(04)23274275","(04)23288582","2026","2","22","11","50","臺中市","南屯區","0","1","0","7","2","6","50","3","1","1","5","4","6","6","4","4","5","5","4","2","17","2","9","1","1","C03","7","9","1","9","2","11","","7","7","1","13","4","120.637839","24.139119","2"
"8077","66000","387130000C","(04)23274275","(04)23288582","2026","2","22","11","50","臺中市","豐原區","0","1","0","7","1","6","50","3","1","1","5","4","6","6","4","4","5","4","4","2","17","2","9","1","1","C03","7","6","1","10","2","13","","39","39","1","6","4","120.718004","24.253312","2"
"8078","66000","387130000C","(04)23274275","(04)23288582","2026","2","22","11","52","臺中市","太平區","0","0","0","7","","","30","","","","","","","","","","","","","","14","","","","","B03","","","1","","1","","","49","49","1","13","4","120.712332","24.1493","3"
"8079","66000","387130000C","(04)23274275","(04)23288582","2026","2","22","11","56","臺中市","西區","0","2","0","7","2","6","50","4","1","1","5","4","6","6","1","1","10","5","5","2","17","2","9","1","1","C03","7","6","5","10","2","12","","11","11","1","13","4","120.651243","24.146756","2"
"8080","66000","387130000C","(04)23274275","(04)23288582","2026","2","22","11","57","臺中市","南屯區","0","0","0","7","","","30","","","","","","","","","","","","","","13","","","","","B03","","","1","","2","","","7","7","1","13","4","120.637902","24.138002","3"
"8081","66000","387130000C","(04)23274275","(04)23288582","2026","2","22","12","1","臺中市","北區","0","0","0","7","","","50","","","","","","","","","","","","","","13","","","","","B03","","","1","","1","","","59","59","1","12","4","120.685825","24.155257","3"
"8082","66000","387130000C","(04)23274275","(04)23288582","2026","2","22","12","3","臺中市","大里區","0","0","0","7","","","0","","","","","","","","","","","","","","17","","","","","B12","","","1","","9","","","84","84","1","12","4","120.700471","24.096291","3"
"8083","66000","387130000C","(04)23274275","(04)23288582","2026","2","22","12","15","臺中市","北屯區","0","1","0","7","2","6","50","4","1","1","5","4","6","6","2","1","10","5","5","2","13","2","9","1","1","C03","7","9","1","10","2","11","","7","7","1","6","4","120.688004","24.174274","2"
"8084","66000","387130000C","(04)23274275","(04)23288582","2026","2","22","12","15","臺中市","豐原區","0","1","0","7","2","6","50","3","1","1","5","4","6","6","4","4","10","5","5","2","16","2","8","2","1","C03","7","6","1","10","2","14","","42","42","1","13","4","120.717559","24.253239","2"
"8085","66000","387130000C","(04)23274275","(04)23288582","2026","2","22","12","16","臺中市","大里區","0","1","0","7","3","6","50","4","1","1","5","4","6","6","4","4","10","5","5","2","15","2","7","1","1","C03","7","9","1","9","2","12","","15","15","1","13","4","120.67624","24.102531","2"
"8086","66000","387130000C","(04)23274275","(04)23288582","2026","2","22","12","18","臺中市","東區","0","1","0","7","2","6","30","3","1","1","5","4","6","6","4","4","10","5","5","2","16","3","10","3","1","B03","7","1","1","8","2","4","","12","12","1","13","4","120.686947","24.134618","2"
"8087","66000","387130000C","(04)23274275","(04)23288582","2026","2","22","12","27","臺中市","大里區","0","1","0","7","3","6","30","11","9","1","5","4","6","6","4","4","10","5","5","1","24","2","9","1","1","C03","7","9","1","10","2","14","","84","84","1","13","4","120.696713","24.117524","2"
"8088","66000","387130000C","(04)23274275","(04)23288582","2026","2","22","12","28","臺中市","大里區","0","0","0","7","","","50","","","","","","","","","","","","","","","","","","","B03","","","1","","2","","","8","8","1","12","4","120.695311","24.100875","3"
"8089","66000","387130000C","(04)23274275","(04)23288582","2026","2","22","12","30","臺中市","大里區","0","2","0","7","2","6","40","13","8","1","5","4","6","6","4","4","5","5","4","2","18","2","8","1","1","C03","7","9","1","10","2","14","","87","87","1","12","4","120.676162","24.115665","2"
"8090","66000","387130000C","(04)23274275","(04)23288582","2026","2","22","12","31","臺中市","太平區","0","4","0","7","2","6","50","3","4","1","5","4","6","6","1","1","5","4","5","2","13","2","9","2","1","C03","7","9","1","10","2","11","","84","84","1","12","4","120.714854","24.13593","2"
"8091","66000","387130000C","(04)23274275","(04)23288582","2026","2","22","12","33","臺中市","南區","0","0","0","7","","","50","","","","","","","","","","","","","","13","","","","","B03","","","1","","1","","","7","7","1","12","4","120.675245","24.129233","3"
"8092","66000","387130000C","(04)23274275","(04)23288582","2026","2","22","12","38","臺中市","梧棲區","0","1","0","7","3","6","50","4","1","1","5","4","6","6","4","4","10","5","5","2","15","3","10","3","1","B03","7","9","1","8","2","5","","15","15","1","6","4","120.535076","24.254653","2"
"8093","66000","387130000C","(04)23274275","(04)23288582","2026","2","22","12","40","臺中市","大雅區","0","0","0","7","","","50","","","","","","","","","","","","","","14","","","","","B01","","","1","","2","","","49","49","1","12","4","120.653635","24.228883","3"
"8094","66000","387130000C","(04)23274275","(04)23288582","2026","2","22","12","40","臺中市","大肚區","0","0","0","7","","","30","","","","","","","","","","","","","","","","","","","C03","","","1","","1","","","75","75","1","6","4","120.578972","24.120787","3"
"8095","66000","387130000C","(04)23274275","(04)23288582","2026","2","22","12","42","臺中市","北屯區","0","2","0","7","3","6","50","13","9","1","5","4","6","6","4","4","9","4","5","2","17","2","9","1","1","C03","7","1","1","10","2","11","","51","51","1","12","4","120.715738","24.165139","2"
"8096","66000","387130000C","(04)23274275","(04)23288582","2026","2","22","12","46","臺中市","北屯區","0","1","0","7","1","6","50","4","2","1","5","4","6","6","1","1","3","4","4","2","18","2","9","1","1","C03","7","9","1","10","2","12","","84","84","1","13","4","120.676821","24.178443","2"
"8097","66000","387130000C","(04)23274275","(04)23288582","2026","2","22","12","49","臺中市","霧峰區","0","1","0","7","2","6","50","13","14","1","5","4","6","6","4","4","9","4","4","1","17","2","9","3","1","B03","7","3","1","8","2","5","","50","50","1","12","4","120.696578","24.065195","2"
"8098","66000","387130000C","(04)23274275","(04)23288582","2026","2","22","12","50","臺中市","西區","0","1","0","7","2","6","50","4","1","1","5","4","6","6","4","4","5","5","4","2","16","3","10","3","4","B03","7","5","1","8","2","8","","13","13","1","13","4","120.670488","24.15275","2"
"8099","66000","387130000C","(04)23274275","(04)23288582","2026","2","22","12","54","臺中市","太平區","0","2","0","7","2","6","50","3","1","1","5","4","6","6","4","4","10","5","5","2","16","2","9","2","1","C03","7","9","3","19","2","11","","84","84","1","13","4","120.710835","24.126353","2"
"8100","66000","387130000C","(04)23274275","(04)23288582","2026","2","22","12","57","臺中市","北區","0","1","0","7","3","6","50","3","1","1","5","4","6","6","4","4","10","5","5","2","17","3","10","1","1","C03","7","5","1","10","2","12","","20","20","1","12","2","120.667661","24.17164","2"
"8101","66000","387130000C","(04)23274275","(04)23288582","2026","2","22","12","57","臺中市","龍井區","0","0","0","7","","","50","","","","","","","","","","","","","","12","","","","","B03","","","1","","2","","","85","85","1","13","4","120.551939","24.214436","3"
"8102","66000","387130000C","(04)23274275","(04)23288582","2026","2","22","13","3","臺中市","北屯區","0","2","0","7","2","6","50","3","1","1","5","4","6","6","3","1","10","5","5","2","17","3","10","3","1","B03","7","6","3","19","2","1","","84","84","1","13","4","120.720697","24.161569","2"
"8103","66000","387130000C","(04)23274275","(04)23288582","2026","2","22","13","11","臺中市","北屯區","0","2","0","7","3","6","50","4","1","1","5","4","6","6","2","1","10","5","5","2","16","3","10","3","1","B03","7","5","1","8","2","2","","11","11","1","12","4","120.685604","24.17335","2"
"8104","66000","387130000C","(04)23274275","(04)23288582","2026","2","22","13","12","臺中市","南屯區","0","0","0","7","","","50","","","","","","","","","","","","","","17","","","","","C03","","","2","","1","","","50","50","1","12","4","120.641241","24.130588","3"
"8105","66000","387130000C","(04)23274275","(04)23288582","2026","2","22","13","12","臺中市","梧棲區","0","0","0","7","","","50","","","","","","","","","","","","","","17","","","","","B03","","","1","","2","","","51","51","1","12","4","120.53853","24.248738","3"
"8106","66000","387130000C","(04)23274275","(04)23288582","2026","2","22","13","14","臺中市","西屯區","0","0","0","7","","","50","","","","","","","","","","","","","","17","","","","","B03","","","1","","9","","","49","49","1","13","4","120.640319","24.18275","3"
"8107","66000","387130000C","(04)23274275","(04)23288582","2026","2","22","13","20","臺中市","大里區","0","0","0","7","","","50","","","","","","","","","","","","","","13","","","","","B03","","","1","","2","","","55","55","1","13","4","120.682479","24.102606","3"
"8108","66000","387130000C","(04)23274275","(04)23288582","2026","2","22","13","21","臺中市","東勢區","0","0","0","7","","","60","","","","","","","","","","","","","","","","","","","B03","","","1","","2","","","7","7","1","12","4","120.795768","24.286483","3"
"8109","66000","387130000C","(04)23274275","(04)23288582","2026","2","22","13","32","臺中市","南屯區","0","1","0","7","1","6","50","4","8","1","5","4","6","6","2","1","5","5","1","2","16","2","9","2","1","C03","7","9","1","10","2","12","","59","59","1","12","4","120.597579","24.155308","2"
"8110","66000","387130000C","(04)23274275","(04)23288582","2026","2","22","13","33","臺中市","北區","0","0","0","7","","","50","","","","","","","","","","","","","","14","","","","","B03","","","1","","1","","","49","49","1","12","4","120.687222","24.1492","3"
"8111","66000","387130000C","(04)23274275","(04)23288582","2026","2","22","13","40","臺中市","大里區","0","1","0","7","2","6","50","4","1","1","5","4","6","6","1","1","10","5","5","1","16","3","10","3","1","B03","7","6","1","8","2","2","","11","11","1","12","4","120.680747","24.10578","2"
"8112","66000","387130000C","(04)23274275","(04)23288582","2026","2","22","13","43","臺中市","西屯區","0","0","0","7","","","0","","","","","","","","","","","","","","9","","","","","C03","","","1","","1","","","50","50","1","13","4","120.648596","24.172793","3"
"8113","66000","387130000C","(04)23274275","(04)23288582","2026","2","22","13","49","臺中市","西屯區","0","1","0","7","2","6","50","4","9","1","5","4","6","6","1","1","5","4","5","2","13","2","7","5","4","C03","7","9","1","10","2","11","","84","84","1","12","4","120.646767","24.174914","2"
"8114","66000","387130000C","(04)23274275","(04)23288582","2026","2","22","13","50","臺中市","清水區","0","0","0","7","","","50","","","","","","","","","","","","","","17","","","","","B03","","","1","","1","","","7","7","1","12","4","120.575374","24.268685","3"
"8115","66000","387130000C","(04)23274275","(04)23288582","2026","2","22","13","55","臺中市","南區","0","2","0","7","3","6","40","13","8","1","5","4","6","6","4","4","1","4","1","2","13","2","9","5","4","C03","7","9","1","10","2","11","","84","84","1","12","4","120.673961","24.119027","2"
"8116","66000","387130000C","(04)23274275","(04)23288582","2026","2","22","13","55","臺中市","龍井區","0","1","0","7","1","6","50","4","1","1","5","4","6","6","4","4","10","5","5","1","15","2","8","1","1","C03","7","9","1","10","2","11","","15","15","1","13","2","120.530444","24.18502","2"
"8117","66000","387130000C","(04)23274275","(04)23288582","2026","2","22","13","56","臺中市","南屯區","0","0","0","7","","","50","","","","","","","","","","","","","","","","","","","B03","","","1","","1","","","84","84","1","12","4","120.646629","24.14279","3"
"8118","66000","387130000C","(04)23274275","(04)23288582","2026","2","22","13","58","臺中市","西屯區","0","2","0","7","2","6","50","4","1","1","5","4","6","6","2","1","10","5","5","2","17","2","8","3","1","B03","7","6","1","8","2","5","","84","84","1","13","4","120.632103","24.170355","2"
"8119","66000","387130000C","(04)23274275","(04)23288582","2026","2","22","14","0","臺中市","北屯區","0","0","0","7","","","50","","","","","","","","","","","","","","12","","","","","B02","","","1","","2","","","8","8","1","6","4","120.70278","24.169779","3"
"8120","66000","387130000C","(04)23274275","(04)23288582","2026","2","22","14","2","臺中市","北區","0","2","0","7","2","6","50","13","9","1","5","4","6","6","4","4","1","4","5","2","13","2","1","3","2","B03","7","7","1","8","2","1","","62","62","1","13","4","120.699031","24.156527","2"
"8121","66000","387130000C","(04)23274275","(04)23288582","2026","2","22","14","2","臺中市","烏日區","0","2","0","7","2","6","50","13","7","1","5","4","6","6","4","4","1","4","4","1","17","2","9","5","4","C03","7","8","1","9","2","14","","40","40","1","6","4","120.606716","24.108726","2"
"8122","66000","387130000C","(04)23274275","(04)23288582","2026","2","22","14","8","臺中市","西屯區","0","1","0","7","2","6","40","4","8","1","5","4","6","6","1","1","1","4","1","2","13","2","9","2","1","C03","7","9","1","10","2","11","14","7","7","1","12","4","120.645778","24.164492","2"
"8123","66000","387130000C","(04)23274275","(04)23288582","2026","2","22","14","10","臺中市","大雅區","0","1","0","7","3","6","30","11","9","1","5","4","6","6","4","4","10","5","5","2","17","3","10","5","4","B03","7","15","1","8","2","8","","84","84","1","13","4","120.675281","24.215157","2"
"8124","66000","387130000C","(04)23274275","(04)23288582","2026","2","22","14","12","臺中市","沙鹿區","0","1","0","7","2","6","50","4","1","1","5","4","6","6","4","4","10","5","5","2","17","2","8","1","1","C03","7","6","1","10","2","14","","48","48","1","12","4","120.574012","24.222275","2"
"8125","66000","387130000C","(04)23274275","(04)23288582","2026","2","22","14","14","臺中市","西區","0","0","0","7","","","50","","","","","","","","","","","","","","17","","","","","","","","","","","","","119","119","1","","","120.668587","24.147877","3"
"8126","66000","387130000C","(04)23274275","(04)23288582","2026","2","22","14","16","臺中市","北區","0","1","0","7","2","6","50","13","7","1","5","4","6","6","4","4","1","4","4","2","13","2","9","1","1","C03","7","9","1","10","2","11","","7","7","1","12","4","120.671897","24.170955","2"
"8127","66000","387130000C","(04)23274275","(04)23288582","2026","2","22","14","16","臺中市","北屯區","0","2","0","7","2","6","30","4","1","1","5","4","6","6","4","4","10","5","5","2","15","2","8","1","1","C03","7","9","1","10","1","12","","15","15","1","5","4","120.662704","24.198688","2"
"8128","66000","387130000C","(04)23274275","(04)23288582","2026","2","22","14","20","臺中市","北屯區","0","0","0","7","","","50","","","","","","","","","","","","","","","","","","","B03","","","1","","2","","","56","56","1","12","4","120.696299","24.176003","3"
"8129","66000","387130000C","(04)23274275","(04)23288582","2026","2","22","14","23","臺中市","東區","0","1","0","7","2","6","50","3","1","1","5","4","6","6","4","4","5","5","4","2","16","3","10","3","1","B03","7","5","1","8","2","5","","14","14","1","13","4","120.700022","24.141327","2"
"8130","66000","387130000C","(04)23274275","(04)23288582","2026","2","22","14","23","臺中市","大里區","0","0","0","7","","","50","","","","","","","","","","","","","","","","","","","B03","","","5","","9","","","84","84","1","13","4","120.680641","24.107872","3"
"8131","66000","387130000C","(04)23274275","(04)23288582","2026","2","22","14","25","臺中市","南區","0","2","0","7","2","6","50","13","9","1","5","4","6","6","4","4","2","4","5","1","13","2","9","3","1","B03","7","9","5","19","2","1","","7","7","1","13","4","120.679401","24.12212","2"
"8132","66000","387130000C","(04)23274275","(04)23288582","2026","2","22","14","30","臺中市","梧棲區","0","0","0","7","","","50","","","","","","","","","","","","","","17","","","","","B03","","","1","","2","","","59","59","1","6","4","120.530898","24.23931","3"
"8133","66000","387130000C","(04)23274275","(04)23288582","2026","2","22","14","31","臺中市","北屯區","0","1","0","7","1","6","50","3","2","1","5","4","6","6","4","4","5","5","5","2","12","3","10","3","1","B03","7","9","1","8","2","2","","84","84","1","13","4","120.703708","24.169721","2"