序號,縣市別代碼,機關代碼,市話,傳真,年,月,日,時,分,縣市,區,死亡數量,受傷數量,2-30,天候,道路照明設備,道路類別,道路速限,道路型態,事故位置,路面鋪裝,路面狀態,路面缺陷,障礙物,視距,號誌種類,號誌動作,分向設施,快車道或一般車道間,快慢車道間,路面邊線,事故類型及型態,受傷程度,主要傷處,保護裝備,行動電話或功能裝置,當事者區分(類別),車輛用途,當事者行動狀態,駕照狀態,駕照種類,飲酒情形,車輛撞擊部位最初,車輛撞擊部位其他,肇事因素個別,肇事因素主要,肇事逃逸,職業,共享經濟或外送平台,GPS座標X,GPS座標Y,事故類別
"8134","66000","387130000C","(04)23274275","(04)23288582","2026","2","22","14","37","臺中市","大甲區","0","3","0","7","1","6","50","3","1","1","5","4","6","6","4","4","4","3","4","1","17","2","9","2","1","F03","7","5","7","21","2","14","","14","14","1","7","4","120.630702","24.354169","2"
"8135","66000","387130000C","(04)23274275","(04)23288582","2026","2","22","14","42","臺中市","南區","0","1","0","7","2","6","50","4","1","1","5","4","6","6","1","1","10","5","5","2","16","3","10","1","1","C03","7","6","3","19","1","11","","11","11","2","12","4","120.681868","24.133898","2"
"8136","66000","387130000C","(04)23274275","(04)23288582","2026","2","22","14","49","臺中市","西區","0","1","0","7","2","6","50","3","1","1","5","4","6","6","4","4","2","4","4","2","16","3","10","3","4","B03","7","5","1","8","2","5","","47","47","1","13","4","120.665773","24.152137","2"
"8137","66000","387130000C","(04)23274275","(04)23288582","2026","2","22","14","50","臺中市","北屯區","0","1","0","7","3","6","50","13","9","1","5","4","6","6","4","4","9","5","5","2","14","3","10","3","1","B03","7","2","1","8","2","3","","49","49","1","12","4","120.66993","24.174465","2"
"8138","66000","387130000C","(04)23274275","(04)23288582","2026","2","22","14","50","臺中市","大甲區","0","0","0","7","","","50","","","","","","","","","","","","","","","","","","","B03","","","1","","2","","","51","51","1","6","4","120.619579","24.351934","3"
"8139","66000","387130000C","(04)23274275","(04)23288582","2026","2","22","14","54","臺中市","南區","0","0","0","7","","","30","","","","","","","","","","","","","","14","","","","","B12","","","1","","1","","","49","49","1","12","4","120.657167","24.119422","3"
"8140","66000","387130000C","(04)23274275","(04)23288582","2026","2","22","14","56","臺中市","西屯區","0","0","0","7","","","50","","","","","","","","","","","","","","13","","","","","B03","","","1","","1","","","59","59","1","12","4","120.623289","24.182815","3"
"8141","66000","387130000C","(04)23274275","(04)23288582","2026","2","22","14","57","臺中市","太平區","0","0","0","7","","","50","","","","","","","","","","","","","","12","","","","","B03","","","1","","2","","","50","50","1","13","4","120.717735","24.152393","3"
"8142","66000","387130000C","(04)23274275","(04)23288582","2026","2","22","15","0","臺中市","北區","0","1","0","7","3","6","50","18","24","1","5","4","6","6","4","4","5","4","5","2","18","2","9","5","4","C03","7","9","1","10","2","14","","84","84","1","13","4","120.670565","24.153836","2"
"8143","66000","387130000C","(04)23274275","(04)23288582","2026","2","22","15","1","臺中市","沙鹿區","0","1","0","7","2","6","50","4","1","1","5","4","6","6","2","1","10","5","5","2","17","3","10","2","1","C03","7","4","3","19","2","13","","1","1","2","6","4","120.559828","24.238001","2"
"8144","66000","387130000C","(04)23274275","(04)23288582","2026","2","22","15","7","臺中市","霧峰區","0","0","0","7","","","40","","","","","","","","","","","","","","13","","","","","B03","","","1","","2","","","59","59","1","12","4","120.6802","24.065209","3"
"8145","66000","387130000C","(04)23274275","(04)23288582","2026","2","22","15","12","臺中市","烏日區","0","2","0","7","2","6","40","13","8","1","5","4","6","6","4","4","1","4","4","2","18","2","9","5","4","C03","7","9","1","10","2","14","","90","90","1","13","4","120.641058","24.114933","2"
"8146","66000","387130000C","(04)23274275","(04)23288582","2026","2","22","15","28","臺中市","潭子區","0","0","0","7","","","30","","","","","","","","","","","","","","","","","","","B03","","","1","","2","","","8","8","1","13","4","120.711007","24.206888","3"
"8147","66000","387130000C","(04)23274275","(04)23288582","2026","2","22","15","29","臺中市","后里區","0","1","0","7","2","6","50","13","7","1","5","4","6","6","4","4","3","4","4","1","12","3","10","3","1","B03","7","9","1","8","2","2","","20","20","1","6","4","120.723059","24.284555","2"
"8148","66000","387130000C","(04)23274275","(04)23288582","2026","2","22","15","36","臺中市","大里區","0","0","0","7","","","50","","","","","","","","","","","","","","","","","","","B03","","","1","","2","","","40","40","1","12","4","120.68441","24.11916","3"
"8149","66000","387130000C","(04)23274275","(04)23288582","2026","2","22","15","41","臺中市","中區","0","1","0","7","1","6","50","4","1","1","5","4","6","6","1","1","10","5","5","1","17","3","10","5","4","A04","7","9","1","2","2","2","","84","84","1","12","4","120.682376","24.13572","2"
"8150","66000","387130000C","(04)23274275","(04)23288582","2026","2","22","15","43","臺中市","清水區","0","0","0","7","","","40","","","","","","","","","","","","","","","","","","","B02","","","1","","2","","","50","50","1","12","4","120.575634","24.269806","3"
"8151","66000","387130000C","(04)23274275","(04)23288582","2026","2","22","15","45","臺中市","大雅區","0","0","0","7","","","50","","","","","","","","","","","","","","","","","","","B03","","","1","","1","","","49","49","1","13","4","120.668213","24.236206","3"
"8152","66000","387130000C","(04)23274275","(04)23288582","2026","2","22","15","46","臺中市","大雅區","0","1","0","7","3","6","30","4","1","1","5","4","6","6","4","4","10","5","5","2","17","3","10","3","1","B03","7","9","1","8","2","8","","6","6","1","12","4","120.666188","24.23822","2"
"8153","66000","387130000C","(04)23274275","(04)23288582","2026","2","22","15","47","臺中市","烏日區","0","2","0","7","2","6","50","11","7","1","5","4","6","6","4","4","5","5","4","2","17","2","1","5","4","C03","7","5","1","10","2","11","","84","84","1","12","4","120.631499","24.108991","2"
"8154","66000","387130000C","(04)23274275","(04)23288582","2026","2","22","15","51","臺中市","霧峰區","0","1","0","7","2","6","40","13","9","1","5","4","6","6","4","4","10","5","5","1","11","3","10","5","4","B03","7","21","6","20","11","8","","84","84","1","6","4","120.664311","24.0366","2"
"8155","66000","387130000C","(04)23274275","(04)23288582","2026","2","22","15","53","臺中市","太平區","0","0","0","7","","","50","","","","","","","","","","","","","","13","","","","","C03","","","1","","1","","","84","84","1","13","4","120.716117","24.14871","3"
"8156","66000","387130000C","(04)23274275","(04)23288582","2026","2","22","15","54","臺中市","大肚區","0","0","0","7","","","30","","","","","","","","","","","","","","25","","","","","B03","","","1","","1","","","82","82","1","6","4","120.580052","24.169381","3"
"8157","66000","387130000C","(04)23274275","(04)23288582","2026","2","22","15","55","臺中市","太平區","0","1","0","7","2","6","30","11","9","1","5","4","6","6","4","4","10","5","5","2","10","3","10","1","1","C03","7","9","1","10","2","11","","41","41","1","12","4","120.731948","24.14018","2"
"8158","66000","387130000C","(04)23274275","(04)23288582","2026","2","22","16","10","臺中市","龍井區","0","2","0","7","2","6","30","4","1","1","5","4","6","6","4","4","10","5","5","2","15","2","9","2","1","C03","7","9","1","10","2","11","","12","12","1","6","4","120.591341","24.188716","2"
"8159","66000","387130000C","(04)23274275","(04)23288582","2026","2","22","16","11","臺中市","太平區","0","0","0","7","","3","80","","","","","","","","","","","","","","13","","","","","B03","","","1","","1","","","7","7","1","13","4","120.713649","24.147438","3"
"8160","66000","387130000C","(04)23274275","(04)23288582","2026","2","22","16","17","臺中市","南屯區","0","0","0","7","2","6","50","4","2","1","5","","6","6","1","1","9","5","5","2","17","3","10","3","1","B03","7","5","1","8","2","1","","47","47","2","13","4","120.638193","24.135308","3"
"8161","66000","387130000C","(04)23274275","(04)23288582","2026","2","22","16","18","臺中市","南屯區","0","1","0","7","3","6","50","13","9","1","5","4","6","6","4","4","5","5","5","2","16","3","10","3","1","B03","7","5","1","8","2","5","","20","20","1","13","4","120.647065","24.148906","2"
"8162","66000","387130000C","(04)23274275","(04)23288582","2026","2","22","16","19","臺中市","霧峰區","0","0","0","7","","","50","","","","","","","","","","","","","","","","","","","C03","","","1","","2","","","51","51","1","12","4","120.658916","24.075286","3"
"8163","66000","387130000C","(04)23274275","(04)23288582","2026","2","22","16","20","臺中市","北屯區","0","0","0","7","","","30","","","","","","","","","","","","","","16","","","","","C03","","","1","","1","","","14","14","1","12","4","120.661309","24.194817","3"
"8164","66000","387130000C","(04)23274275","(04)23288582","2026","2","22","16","24","臺中市","沙鹿區","0","1","0","7","2","6","40","13","8","1","5","4","6","6","4","4","3","3","3","1","17","2","9","5","4","C03","7","9","1","10","2","11","","59","59","1","13","4","120.581634","24.208856","2"
"8165","66000","387130000C","(04)23274275","(04)23288582","2026","2","22","16","28","臺中市","西屯區","0","0","0","7","","","40","","","","","","","","","","","","","","13","","","","","B03","","","1","","1","","","56","56","1","13","4","120.647847","24.196114","3"
"8166","66000","387130000C","(04)23274275","(04)23288582","2026","2","22","16","31","臺中市","北區","0","2","0","7","3","6","50","13","8","1","5","4","6","6","4","4","5","5","5","2","12","3","10","5","4","B01","7","15","1","4","2","4","","76","76","1","12","4","120.675035","24.16225","2"
"8167","66000","387130000C","(04)23274275","(04)23288582","2026","2","22","16","31","臺中市","西屯區","0","0","0","7","","","30","","","","","","","","","","","","","","10","","","","","B03","","","1","","1","","","59","59","1","12","4","120.659722","24.194648","3"
"8168","66000","387130000C","(04)23274275","(04)23288582","2026","2","22","16","34","臺中市","北區","0","0","0","7","","","50","","","","","","","","","","","","","","17","","","","","C03","","","1","","9","","","84","84","2","13","4","120.678478","24.150952","3"
"8169","66000","387130000C","(04)23274275","(04)23288582","2026","2","22","16","35","臺中市","南區","0","1","0","7","3","6","30","3","2","1","5","4","6","6","4","4","5","5","4","2","17","3","10","1","1","C03","7","6","1","10","2","16","","13","13","1","6","4","120.656778","24.124076","2"
"8170","66000","387130000C","(04)23274275","(04)23288582","2026","2","22","16","36","臺中市","南屯區","0","3","0","7","2","6","50","4","1","1","5","4","6","6","1","1","5","5","4","1","16","2","9","1","1","C03","7","6","1","10","2","12","","11","11","1","13","4","120.648625","24.153661","2"
"8171","66000","387130000C","(04)23274275","(04)23288582","2026","2","22","16","41","臺中市","南區","0","0","0","7","","","50","","","","","","","","","","","","","","13","","","","","B03","","","1","","1","","","82","82","1","13","4","120.670098","24.114362","3"
"8172","66000","387130000C","(04)23274275","(04)23288582","2026","2","22","16","50","臺中市","神岡區","0","1","0","7","2","6","50","13","9","1","5","4","6","6","4","4","1","4","5","1","18","2","9","1","1","C03","7","15","1","10","2","12","12","84","84","1","12","4","120.686034","24.246533","2"
"8173","66000","387130000C","(04)23274275","(04)23288582","2026","2","22","16","52","臺中市","豐原區","0","1","0","7","2","6","60","13","8","1","5","4","6","6","4","4","1","4","4","1","17","2","9","2","1","C03","7","9","1","10","2","11","","58","58","1","13","4","120.723571","24.263984","2"
"8174","66000","387130000C","(04)23274275","(04)23288582","2026","2","22","16","58","臺中市","西區","0","0","0","7","","","50","","","","","","","","","","","","","","16","","","","","C03","","","1","","1","","","84","84","1","13","4","120.661994","24.144533","3"
"8175","66000","387130000C","(04)23274275","(04)23288582","2026","2","22","17","1","臺中市","北屯區","0","1","0","7","2","6","30","13","9","1","5","4","6","6","4","4","10","5","5","2","3","3","10","1","1","F03","7","9","7","21","9","12","","4","4","2","12","4","120.697956","24.170043","2"
"8176","66000","387130000C","(04)23274275","(04)23288582","2026","2","22","17","4","臺中市","后里區","0","1","0","7","3","6","30","5","1","1","5","4","6","6","3","1","10","5","5","2","15","2","9","1","1","C03","7","9","1","10","2","12","","20","20","1","6","4","120.71176","24.30336","2"
"8177","66000","387130000C","(04)23274275","(04)23288582","2026","2","22","17","8","臺中市","大肚區","0","2","0","7","2","6","40","13","14","1","5","4","6","6","4","4","1","4","4","1","13","2","8","1","1","C03","7","9","3","19","5","11","","7","7","1","6","4","120.567183","24.122171","2"
"8178","66000","387130000C","(04)23274275","(04)23288582","2026","2","22","17","10","臺中市","沙鹿區","0","0","0","7","2","6","60","3","7","1","5","4","6","6","1","1","1","3","1","2","13","","","","","B03","","","1","","2","","","7","7","1","12","4","120.580258","24.219649","3"
"8179","66000","387130000C","(04)23274275","(04)23288582","2026","2","22","17","14","臺中市","大里區","0","1","0","7","3","6","50","4","2","1","5","4","6","6","4","4","10","5","5","2","15","3","10","1","1","C03","7","1","1","10","2","14","","51","51","1","12","4","120.691364","24.103149","2"
"8180","66000","387130000C","(04)23274275","(04)23288582","2026","2","22","17","15","臺中市","東區","0","0","0","7","","","50","","","","","","","","","","","","","","17","","","","","","","","","","","","","85","85","1","","","120.687906","24.142272","3"
"8181","66000","387130000C","(04)23274275","(04)23288582","2026","2","22","17","16","臺中市","西區","0","0","0","7","","","50","","","","","","","","","","","","","","13","","","","","B03","","","1","","1","","","84","84","1","13","4","120.665742","24.139923","3"
"8182","66000","387130000C","(04)23274275","(04)23288582","2026","2","22","17","30","臺中市","清水區","0","0","0","7","","","30","","","","","","","","","","","","","","17","","","","","B03","","","1","","2","","","49","49","1","12","4","120.543327","24.286407","3"
"8183","66000","387130000C","(04)23274275","(04)23288582","2026","2","22","17","39","臺中市","大安區","1","0","0","7","2","6","50","11","7","1","5","4","6","6","4","4","5","5","4","1","21","1","1","1","1","C03","7","9","1","10","9","12","","84","84","1","6","4","120.604569","24.359272","1"
"8184","66000","387130000C","(04)23274275","(04)23288582","2026","2","22","17","40","臺中市","南區","0","0","0","7","","","50","","","","","","","","","","","","","","","","","","","C03","","","1","","1","","","14","14","1","12","4","120.667258","24.114299","3"
"8185","66000","387130000C","(04)23274275","(04)23288582","2026","2","22","17","40","臺中市","南屯區","0","2","0","7","2","6","40","4","1","1","5","4","6","6","2","1","1","4","1","2","15","2","9","2","1","C03","7","9","1","10","2","11","","84","84","1","12","4","120.631794","24.125673","2"
"8186","66000","387130000C","(04)23274275","(04)23288582","2026","2","22","17","42","臺中市","后里區","0","1","0","7","1","6","50","3","1","1","5","4","6","6","1","1","5","4","3","1","12","3","10","3","1","B03","7","5","1","8","2","6","","20","20","1","6","4","120.708196","24.326278","2"
"8187","66000","387130000C","(04)23274275","(04)23288582","2026","2","22","17","44","臺中市","大里區","0","2","0","7","1","6","50","13","9","1","5","4","6","6","1","1","5","5","5","1","9","2","9","1","1","C03","7","9","1","10","2","12","14","8","8","1","12","4","120.691128","24.091561","2"
"8188","66000","387130000C","(04)23274275","(04)23288582","2026","2","22","17","49","臺中市","北屯區","0","1","0","7","1","6","50","13","9","1","5","4","6","6","4","4","5","5","5","2","13","3","10","1","1","C03","7","9","1","10","2","12","","7","7","1","5","4","120.70683","24.173313","2"
"8189","66000","387130000C","(04)23274275","(04)23288582","2026","2","22","17","51","臺中市","大雅區","0","1","0","7","3","6","30","3","2","1","5","4","6","6","4","4","10","5","5","2","22","2","9","2","1","C03","7","9","1","10","2","11","","84","84","1","12","4","120.624895","24.20914","2"
"8190","66000","387130000C","(04)23274275","(04)23288582","2026","2","22","17","55","臺中市","南區","0","2","0","7","1","6","50","3","1","1","5","4","6","6","4","4","10","5","5","2","17","2","9","5","4","C03","7","9","1","10","2","11","","7","7","1","12","4","120.659609","24.125689","2"
"8191","66000","387130000C","(04)23274275","(04)23288582","2026","2","22","17","57","臺中市","北屯區","0","2","0","7","1","6","30","4","1","1","5","4","6","6","4","4","10","5","5","2","15","2","7","1","1","C03","7","9","1","10","2","12","","13","13","1","12","4","120.693586","24.164913","2"
"8192","66000","387130000C","(04)23274275","(04)23288582","2026","2","22","17","57","臺中市","豐原區","0","0","0","7","1","6","50","3","2","1","5","4","6","6","1","1","5","5","5","2","18","3","10","1","1","C03","7","9","1","10","7","14","","53","53","1","13","4","120.745832","24.262656","3"
"8193","66000","387130000C","(04)23274275","(04)23288582","2026","2","22","17","58","臺中市","大甲區","0","1","0","7","1","6","60","13","14","1","5","4","6","6","4","4","3","3","3","1","12","2","9","1","1","C03","7","9","3","19","2","11","","84","84","1","6","4","120.642494","24.366906","2"
"8194","66000","387130000C","(04)23274275","(04)23288582","2026","2","22","18","5","臺中市","清水區","0","0","0","7","","","40","","","","","","","","","","","","","","17","","","","","B03","","","1","","2","","","49","49","1","12","4","120.562622","24.263782","3"
"8195","66000","387130000C","(04)23274275","(04)23288582","2026","2","22","18","5","臺中市","石岡區","0","2","0","7","1","6","20","9","9","1","5","4","6","6","4","4","5","5","5","1","17","2","9","5","4","F02","7","9","7","21","2","11","","84","84","1","13","4","120.792532","24.274087","2"
"8196","66000","387130000C","(04)23274275","(04)23288582","2026","2","22","18","7","臺中市","西屯區","0","1","0","7","1","6","40","13","8","1","5","4","6","6","4","4","1","5","5","2","13","2","7","1","1","C03","7","9","1","10","2","11","","7","7","1","13","4","120.638721","24.159352","2"
"8197","66000","387130000C","(04)23274275","(04)23288582","2026","2","22","18","18","臺中市","北區","0","0","0","7","","","50","","","","","","","","","","","","","","17","","","","","C03","","","1","","1","","","85","85","1","12","4","120.685942","24.147311","3"
"8198","66000","387130000C","(04)23274275","(04)23288582","2026","2","22","18","22","臺中市","太平區","0","1","0","7","1","6","30","4","1","1","5","4","6","5","4","4","10","5","5","2","15","3","10","3","1","B03","7","9","1","8","2","1","","12","12","1","12","4","120.707592","24.151029","2"
"8199","66000","387130000C","(04)23274275","(04)23288582","2026","2","22","18","24","臺中市","清水區","0","1","0","7","1","6","50","4","1","1","5","4","6","6","2","1","5","5","5","1","16","3","10","3","1","B03","7","6","1","8","2","1","","11","11","1","12","4","120.572389","24.264076","2"
"8200","66000","387130000C","(04)23274275","(04)23288582","2026","2","22","18","25","臺中市","烏日區","0","0","0","7","","","50","","","","","","","","","","","","","","14","","","","","B02","","","1","","1","","","49","49","1","13","4","120.59002","24.11338","3"
"8201","66000","387130000C","(04)23274275","(04)23288582","2026","2","22","18","26","臺中市","西區","0","0","0","7","","","50","","","","","","","","","","","","","","17","","","","","B03","","","1","","2","","","50","50","1","12","4","120.668186","24.152852","3"
"8202","66000","387130000C","(04)23274275","(04)23288582","2026","2","22","18","29","臺中市","龍井區","0","1","0","7","1","6","50","4","2","1","5","4","6","6","1","1","5","5","5","1","17","3","10","3","1","B03","7","13","1","8","2","4","","76","76","1","6","4","120.581927","24.176085","2"
"8203","66000","387130000C","(04)23274275","(04)23288582","2026","2","22","18","33","臺中市","南屯區","0","0","0","7","","","50","","","","","","","","","","","","","","","","","","","C03","","","1","","1","","","84","84","1","13","4","120.649781","24.133355","3"
"8204","66000","387130000C","(04)23274275","(04)23288582","2026","2","22","18","33","臺中市","西屯區","0","1","0","7","1","6","50","3","1","1","5","4","6","6","4","4","5","4","5","2","13","2","9","2","1","C03","7","15","1","10","2","11","","7","7","1","5","4","120.645117","24.178009","2"
"8205","66000","387130000C","(04)23274275","(04)23288582","2026","2","22","18","39","臺中市","北屯區","0","0","0","7","","","50","","","","","","","","","","","","","","13","","","","","B03","","","1","","1","","","59","59","1","6","4","120.727584","24.166703","3"
"8206","66000","387130000C","(04)23274275","(04)23288582","2026","2","22","18","42","臺中市","西屯區","0","0","0","7","","","50","","","","","","","","","","","","","","13","","","","","C03","","","1","","1","","","58","58","1","13","4","120.637465","24.179054","3"
"8207","66000","387130000C","(04)23274275","(04)23288582","2026","2","22","18","50","臺中市","西屯區","0","1","0","7","1","6","50","4","1","1","5","4","6","6","4","4","4","5","5","2","15","3","10","5","4","B03","7","9","1","8","2","8","","26","26","1","13","4","120.635423","24.186614","2"
"8208","66000","387130000C","(04)23274275","(04)23288582","2026","2","22","18","51","臺中市","東區","0","2","0","7","1","6","50","4","1","1","5","4","6","6","1","1","10","5","5","2","17","2","9","6","1","F02","7","1","7","21","2","13","","85","85","1","6","4","120.690755","24.142816","2"
"8209","66000","387130000C","(04)23274275","(04)23288582","2026","2","22","18","51","臺中市","北屯區","0","0","0","7","","","50","","","","","","","","","","","","","","","","","","","B03","","","1","","1","","","49","49","1","12","4","120.667341","24.178313","3"
"8210","66000","387130000C","(04)23274275","(04)23288582","2026","2","22","18","55","臺中市","清水區","0","2","0","7","1","6","30","4","1","1","5","4","6","6","4","4","5","5","5","1","16","2","9","2","1","C03","7","6","1","10","2","12","","11","11","1","12","4","120.567076","24.264446","2"
"8211","66000","387130000C","(04)23274275","(04)23288582","2026","2","22","18","57","臺中市","西屯區","0","3","0","7","1","6","50","13","9","1","5","4","6","6","4","4","1","4","5","2","13","3","10","1","1","C03","7","9","1","10","1","16","","75","75","1","12","4","120.663149","24.172122","2"
"8212","66000","387130000C","(04)23274275","(04)23288582","2026","2","22","18","59","臺中市","太平區","0","1","0","7","1","6","50","3","1","1","5","4","6","6","4","4","10","5","4","2","13","2","8","2","1","C03","7","9","1","10","2","11","","59","59","1","13","4","120.712071","24.149836","2"
"8213","66000","387130000C","(04)23274275","(04)23288582","2026","2","22","19","11","臺中市","北屯區","0","1","0","7","1","6","50","13","9","1","5","4","6","6","4","4","10","5","5","2","3","2","9","6","5","H01","8","20","7","21","11","17","","95","95","1","2","5","120.685764","24.195796","2"
"8214","66000","387130000C","(04)23274275","(04)23288582","2026","2","22","19","11","臺中市","大肚區","0","0","0","1","","","50","","","","","","","","","","","","","","13","","","","","B03","","","1","","2","","","59","59","1","12","4","120.544918","24.154586","3"
"8215","66000","387130000C","(04)23274275","(04)23288582","2026","2","22","19","16","臺中市","豐原區","0","1","0","7","1","6","30","11","9","1","5","4","6","6","4","4","10","5","5","2","17","3","10","3","1","B03","7","9","1","8","2","8","","84","84","1","13","4","120.723095","24.258244","2"
"8216","66000","387130000C","(04)23274275","(04)23288582","2026","2","22","19","20","臺中市","南屯區","0","1","0","7","1","6","50","4","1","1","5","4","6","6","1","1","10","5","5","2","16","3","10","3","1","B03","7","6","1","8","2","1","","11","11","1","13","4","120.644454","24.125142","2"
"8217","66000","387130000C","(04)23274275","(04)23288582","2026","2","22","19","25","臺中市","西屯區","0","0","0","7","","","50","","","","","","","","","","","","","","12","","","","","C03","","","1","","2","","","42","42","1","13","4","120.645742","24.175538","3"
"8218","66000","387130000C","(04)23274275","(04)23288582","2026","2","22","19","37","臺中市","北區","0","0","0","7","1","6","30","13","9","1","5","4","6","6","4","4","5","5","5","2","17","3","10","6","5","B03","8","13","7","21","10","2","","77","77","1","12","4","120.669873","24.161109","3"
"8219","66000","387130000C","(04)23274275","(04)23288582","2026","2","22","19","38","臺中市","北屯區","0","0","0","7","","","50","","","","","","","","","","","","","","14","","","","","B03","","","1","","1","","","49","49","1","6","4","120.689525","24.181913","3"
"8220","66000","387130000C","(04)23274275","(04)23288582","2026","2","22","19","47","臺中市","霧峰區","0","1","0","7","1","6","30","4","1","1","5","4","6","6","1","1","10","5","5","2","15","3","10","1","1","C03","7","9","1","10","9","13","","21","21","2","6","4","120.690568","24.048424","2"
"8221","66000","387130000C","(04)23274275","(04)23288582","2026","2","22","19","50","臺中市","南屯區","0","0","0","7","","","40","","","","","","","","","","","","","","9","","","","","B03","","","1","","10","","","87","87","1","12","5","120.633874","24.14564","3"
"8222","66000","387130000C","(04)23274275","(04)23288582","2026","2","22","19","57","臺中市","北屯區","0","1","0","7","1","6","30","13","9","1","5","4","6","6","4","4","10","5","5","1","19","2","9","1","1","C03","7","9","1","10","8","14","","59","59","1","12","4","120.76374","24.169654","2"
"8223","66000","387130000C","(04)23274275","(04)23288582","2026","2","22","20","3","臺中市","北屯區","0","0","0","7","","","50","","","","","","","","","","","","","","12","","","","","B01","","","1","","1","","","51","51","1","12","4","120.667403","24.179526","3"
"8224","66000","387130000C","(04)23274275","(04)23288582","2026","2","22","20","7","臺中市","大肚區","0","0","0","1","","","50","","","","","","","","","","","","","","12","","","","","B01","","","1","","2","","","8","8","1","12","4","120.550161","24.139037","3"
"8225","66000","387130000C","(04)23274275","(04)23288582","2026","2","22","20","14","臺中市","大里區","0","0","0","7","","","50","","","","","","","","","","","","","","","","","","","B12","","","1","","2","","","8","8","1","12","4","120.677453","24.115111","3"
"8226","66000","387130000C","(04)23274275","(04)23288582","2026","2","22","20","24","臺中市","西屯區","0","0","0","7","","","50","","","","","","","","","","","","","","12","","","","","B03","","","1","","2","","","8","8","1","12","4","120.614164","24.186951","3"
"8227","66000","387130000C","(04)23274275","(04)23288582","2026","2","22","20","25","臺中市","北屯區","0","0","0","7","","","30","","","","","","","","","","","","","","17","","","","","C03","","","1","","1","","","84","84","1","6","4","120.719144","24.174939","3"
"8228","66000","387130000C","(04)23274275","(04)23288582","2026","2","22","20","35","臺中市","北屯區","0","1","0","7","1","6","50","13","9","1","5","4","6","6","4","4","1","4","5","2","17","2","8","1","1","C03","7","15","1","10","1","11","","84","84","1","12","4","120.693279","24.171038","2"
"8229","66000","387130000C","(04)23274275","(04)23288582","2026","2","22","20","48","臺中市","西區","0","1","0","7","1","6","50","4","1","1","5","4","6","6","1","1","10","5","5","2","17","3","10","5","4","C03","7","9","1","10","2","11","","84","84","1","12","4","120.675628","24.138615","2"
"8230","66000","387130000C","(04)23274275","(04)23288582","2026","2","22","20","49","臺中市","潭子區","0","0","0","7","","","50","","","","","","","","","","","","","","","","","","","B03","","","1","","2","","","8","8","1","13","4","120.701032","24.209579","3"
"8231","66000","387130000C","(04)23274275","(04)23288582","2026","2","22","20","49","臺中市","南屯區","0","1","0","7","1","6","40","13","8","1","5","4","6","6","4","4","9","5","4","2","18","2","9","1","1","C03","7","11","1","10","2","16","","84","84","1","13","4","120.646196","24.153579","2"
"8232","66000","387130000C","(04)23274275","(04)23288582","2026","2","22","21","34","臺中市","大里區","0","1","0","7","1","6","50","4","1","1","5","4","6","6","4","4","10","5","5","2","16","3","10","3","1","B03","7","6","1","8","2","1","","48","48","1","12","4","120.688101","24.086067","2"
"8233","66000","387130000C","(04)23274275","(04)23288582","2026","2","22","21","38","臺中市","南區","0","0","0","6","","","50","","","","","","","","","","","","","","13","","","","","B03","","","1","","1","","","7","7","1","12","4","120.654411","24.121586","4"
"8234","66000","387130000C","(04)23274275","(04)23288582","2026","2","22","21","47","臺中市","北區","0","2","0","7","3","6","50","4","2","1","5","4","6","6","4","4","5","4","4","2","15","2","9","5","4","C03","7","9","1","10","2","11","","12","12","1","13","4","120.683007","24.159315","2"
"8235","66000","387130000C","(04)23274275","(04)23288582","2026","2","22","21","54","臺中市","西屯區","0","0","0","7","","","30","","","","","","","","","","","","","","11","","","","","C03","","","1","","1","","","58","58","1","12","4","120.647845","24.176538","3"
"8236","66000","387130000C","(04)23274275","(04)23288582","2026","2","22","21","56","臺中市","西屯區","0","3","0","7","1","6","50","4","1","1","5","4","6","6","4","4","10","5","5","2","15","2","9","3","4","B03","7","9","1","7","2","1","","15","15","1","13","4","120.590022","24.177042","2"
"8237","66000","387130000C","(04)23274275","(04)23288582","2026","2","22","22","7","臺中市","大里區","0","0","0","7","","","30","","","","","","","","","","","","","","","","","","","B03","","","1","","9","","","8","8","1","12","4","120.683021","24.113617","3"
"8238","66000","387130000C","(04)23274275","(04)23288582","2026","2","22","22","10","臺中市","清水區","0","1","0","7","1","6","50","13","9","1","5","4","6","6","4","4","9","4","5","2","18","2","9","1","1","C03","7","9","3","19","8","11","","53","53","1","12","4","120.596894","24.30706","2"
"8239","66000","387130000C","(04)23274275","(04)23288582","2026","2","22","22","16","臺中市","北屯區","0","0","0","7","","","50","","","","","","","","","","","","","","13","","","","","B02","","","1","","1","","","59","59","1","6","4","120.715149","24.164191","4"
"8240","66000","387130000C","(04)23274275","(04)23288582","2026","2","22","22","17","臺中市","西區","0","2","0","7","1","6","50","4","1","1","5","4","6","6","4","4","7","4","5","2","15","2","8","3","1","B01","7","9","1","4","2","5","","15","15","1","13","4","120.672543","24.14575","2"
"8241","66000","387130000C","(04)23274275","(04)23288582","2026","2","22","22","18","臺中市","大雅區","0","2","0","7","1","6","50","4","1","1","5","4","6","6","3","1","4","3","5","1","15","2","8","3","1","B03","7","9","1","8","2","1","","24","24","1","12","4","120.662574","24.245696","2"