序號,縣市別代碼,機關代碼,市話,傳真,年,月,日,時,分,縣市,區,死亡數量,受傷數量,2-30,天候,道路照明設備,道路類別,道路速限,道路型態,事故位置,路面鋪裝,路面狀態,路面缺陷,障礙物,視距,號誌種類,號誌動作,分向設施,快車道或一般車道間,快慢車道間,路面邊線,事故類型及型態,受傷程度,主要傷處,保護裝備,行動電話或功能裝置,當事者區分(類別),車輛用途,當事者行動狀態,駕照狀態,駕照種類,飲酒情形,車輛撞擊部位最初,車輛撞擊部位其他,肇事因素個別,肇事因素主要,肇事逃逸,職業,共享經濟或外送平台,GPS座標X,GPS座標Y,事故類別
"8242","66000","387130000C","(04)23274275","(04)23288582","2026","2","22","22","25","臺中市","太平區","0","2","0","7","1","6","40","3","8","1","5","4","6","6","4","4","5","5","4","2","13","2","8","2","1","C03","7","9","1","10","2","11","","84","84","1","12","4","120.711713","24.150072","2"
"8243","66000","387130000C","(04)23274275","(04)23288582","2026","2","22","22","45","臺中市","北屯區","0","0","0","7","","","50","","","","","","","","","","","","","","16","","","","","B03","","","1","","2","","","11","11","1","6","4","120.693245","24.183019","3"
"8244","66000","387130000C","(04)23274275","(04)23288582","2026","2","22","22","51","臺中市","西區","0","0","0","7","","","50","","","","","","","","","","","","","","16","","","","","B03","","","1","","1","","","21","21","1","12","4","120.656707","24.146707","3"
"8245","66000","387130000C","(04)23274275","(04)23288582","2026","2","22","22","57","臺中市","沙鹿區","0","0","0","7","","","30","","","","","","","","","","","","","","","","","","","","","","","","","","","119","119","1","","","120.583417","24.224442","3"
"8246","66000","387130000C","(04)23274275","(04)23288582","2026","2","22","22","58","臺中市","南區","0","0","0","7","","","30","","","","","","","","","","","","","","","","","","","B03","","","1","","2","","","84","84","1","12","4","120.681228","24.121284","3"
"8247","66000","387130000C","(04)23274275","(04)23288582","2026","2","22","23","4","臺中市","烏日區","0","1","0","7","1","6","40","4","1","1","5","4","6","6","2","1","3","4","3","2","16","2","9","2","1","C03","7","11","1","10","2","12","","23","23","1","6","4","120.618632","24.111535","2"
"8248","66000","387130000C","(04)23274275","(04)23288582","2026","2","22","23","4","臺中市","后里區","0","0","0","7","1","6","50","13","9","1","5","4","6","6","4","4","9","4","5","1","14","","","","","B03","","","1","","11","","","59","59","2","6","4","120.71762","24.303737","3"
"8249","66000","387130000C","(04)23274275","(04)23288582","2026","2","22","23","19","臺中市","西屯區","0","0","0","6","","","50","","","","","","","","","","","","","","","","","","","B03","","","1","","1","","","59","59","1","13","4","120.608815","24.183831","3"
"8250","66000","387130000C","(04)23274275","(04)23288582","2026","2","22","23","27","臺中市","南屯區","0","1","0","7","1","6","50","13","9","1","5","4","6","6","2","1","3","4","5","2","30","2","8","2","1","C03","7","9","1","10","2","12","","59","59","1","13","4","120.623861","24.149299","2"
"8251","66000","387130000C","(04)23274275","(04)23288582","2026","2","22","23","29","臺中市","東區","0","0","0","7","","","50","","","","","","","","","","","","","","17","","","","","B12","","","1","","9","","","68","68","1","6","4","120.701134","24.142719","3"
"8252","66000","387130000C","(04)23274275","(04)23288582","2026","2","22","23","33","臺中市","北屯區","0","0","0","7","","","50","","","","","","","","","","","","","","22","","","","","B02","","","1","","2","","","39","39","1","12","4","120.721072","24.174065","3"
"8253","66000","387130000C","(04)23274275","(04)23288582","2026","2","22","23","44","臺中市","北區","0","2","0","7","1","6","50","4","2","1","5","4","6","6","4","4","10","5","5","2","17","3","10","2","1","C03","7","9","1","10","2","12","","15","15","1","13","4","120.68376","24.164623","2"
"8254","66000","387130000C","(04)23274275","(04)23288582","2026","2","22","23","56","臺中市","西區","0","0","0","7","","","50","","","","","","","","","","","","","","","","","","","C03","","","1","10","2","","","15","15","1","13","4","120.65789","24.145323","3"
"8255","66000","387130000C","(04)23274275","(04)23288582","2026","2","23","0","15","臺中市","東區","0","0","0","7","","","50","","","","","","","","","","","","","","","","","","","B02","","","1","","1","","","50","50","1","12","4","120.697689","24.151564","3"
"8256","66000","387130000C","(04)23274275","(04)23288582","2026","2","23","1","3","臺中市","西屯區","0","1","0","7","1","6","40","5","1","1","5","4","6","6","1","1","10","5","5","1","18","2","9","2","1","C03","7","12","1","10","2","12","","59","59","1","12","4","120.637557","24.178937","2"
"8257","66000","387130000C","(04)23274275","(04)23288582","2026","2","23","1","35","臺中市","大里區","0","0","0","7","","","50","","","","","","","","","","","","","","17","","","","","B03","","","1","","2","","","8","8","1","12","4","120.692995","24.120687","3"
"8258","66000","387130000C","(04)23274275","(04)23288582","2026","2","23","2","41","臺中市","東區","0","1","0","7","1","6","50","13","8","1","5","4","6","6","4","4","1","4","4","2","17","2","9","2","1","C03","7","9","1","10","2","11","","55","55","1","6","4","120.692118","24.148021","2"
"8259","66000","387130000C","(04)23274275","(04)23288582","2026","2","23","3","8","臺中市","大甲區","0","0","0","7","","","70","","","","","","","","","","","","","","","","","","","B03","","","1","","2","","","7","7","1","6","4","120.655348","24.372","3"
"8260","66000","387130000C","(04)23274275","(04)23288582","2026","2","23","3","10","臺中市","霧峰區","0","0","0","7","","","50","","","","","","","","","","","","","","17","","","","","B03","","","1","8","2","","","84","84","1","13","4","120.681514","24.049802","3"
"8261","66000","387130000C","(04)23274275","(04)23288582","2026","2","23","3","50","臺中市","北屯區","0","0","0","7","","","50","","","","","","","","","","","","","","15","","","","","B12","","","1","","9","","","24","24","2","12","4","120.687602","24.186882","3"
"8262","66000","387130000C","(04)23274275","(04)23288582","2026","2","23","4","26","臺中市","潭子區","0","2","0","7","1","6","50","3","2","1","5","4","6","6","1","1","5","2","4","2","30","2","1","3","1","B03","7","5","3","19","2","1","","84","84","1","13","4","120.703002","24.204983","2"
"8263","66000","387130000C","(04)23274275","(04)23288582","2026","2","23","5","0","臺中市","大里區","0","0","0","7","","","30","","","","","","","","","","","","","","","","","","","B01","","","1","","9","","","59","59","2","12","4","120.700003","24.107539","3"
"8264","66000","387130000C","(04)23274275","(04)23288582","2026","2","23","5","38","臺中市","西屯區","0","0","0","6","","","50","","","","","","","","","","","","","","","","","","","B03","","","1","","2","","","24","24","1","13","4","120.64776","24.166963","3"
"8265","66000","387130000C","(04)23274275","(04)23288582","2026","2","23","5","40","臺中市","北屯區","0","1","0","7","1","6","40","4","1","1","5","2","6","6","1","1","10","5","5","2","18","2","9","2","1","C03","7","9","1","10","2","12","","84","84","1","12","4","120.660574","24.188778","2"
"8266","66000","387130000C","(04)23274275","(04)23288582","2026","2","23","5","42","臺中市","南區","0","2","0","7","1","6","50","4","1","1","5","4","6","6","2","1","10","5","5","2","17","2","9","2","1","C03","7","15","1","10","2","13","","36","36","1","12","4","120.663996","24.124817","2"
"8267","66000","387130000C","(04)23274275","(04)23288582","2026","2","23","5","48","臺中市","大里區","0","1","0","7","2","6","50","13","9","1","5","4","6","6","4","4","9","5","5","2","26","2","9","5","4","B03","7","9","1","8","2","5","","84","84","1","13","4","120.711859","24.106061","2"
"8268","66000","387130000C","(04)23274275","(04)23288582","2026","2","23","6","0","臺中市","南區","0","2","0","7","1","6","50","4","1","1","5","4","6","6","2","1","10","5","5","2","16","2","9","2","1","C03","7","6","1","10","2","14","","36","36","1","6","4","120.68501","24.129588","2"
"8269","66000","387130000C","(04)23274275","(04)23288582","2026","2","23","6","2","臺中市","南區","0","0","0","7","","","50","","","","","","","","","","","","","","","","","","","B03","","","1","","2","","","51","51","1","11","4","120.66817","24.116034","3"
"8270","66000","387130000C","(04)23274275","(04)23288582","2026","2","23","6","3","臺中市","北區","0","1","0","7","1","6","50","3","9","1","5","4","6","6","4","4","5","5","5","2","17","2","9","5","4","C03","7","15","1","10","2","12","","84","84","1","13","4","120.697774","24.152065","2"
"8271","66000","387130000C","(04)23274275","(04)23288582","2026","2","23","6","33","臺中市","西屯區","0","0","0","7","","","50","","","","","","","","","","","","","","","","","","","A04","","","1","","2","","","59","59","1","12","4","120.615686","24.189484","3"
"8272","66000","387130000C","(04)23274275","(04)23288582","2026","2","23","6","45","臺中市","太平區","0","0","0","7","","","50","","","","","","","","","","","","","","","","","","","C03","","","1","","1","","","45","45","1","12","4","120.712548","24.157362","3"
"8273","66000","387130000C","(04)23274275","(04)23288582","2026","2","23","6","55","臺中市","豐原區","0","1","0","7","1","6","30","3","1","1","5","4","6","6","4","4","5","4","4","2","17","3","10","3","1","B03","7","6","1","8","2","4","","12","12","1","6","4","120.72665","24.242716","2"
"8274","66000","387130000C","(04)23274275","(04)23288582","2026","2","23","6","57","臺中市","神岡區","0","1","0","7","3","6","40","13","9","1","5","4","6","6","4","4","10","5","5","2","28","2","9","1","1","C03","7","9","1","10","2","11","","6","6","1","13","4","120.650683","24.261684","2"
"8275","66000","387130000C","(04)23274275","(04)23288582","2026","2","23","7","0","臺中市","南屯區","0","0","0","7","3","6","50","13","9","1","5","4","6","6","4","4","9","5","5","2","30","","","","","B03","","","1","","9","","","87","87","1","12","4","120.635525","24.14537","3"
"8276","66000","387130000C","(04)23274275","(04)23288582","2026","2","23","7","1","臺中市","西屯區","0","0","0","7","","","50","","","","","","","","","","","","","","16","","","","","C03","","","1","","1","","","84","84","1","13","4","120.60449","24.173645","3"
"8277","66000","387130000C","(04)23274275","(04)23288582","2026","2","23","7","3","臺中市","潭子區","0","1","0","7","2","6","50","13","9","1","5","4","6","6","4","4","10","5","5","1","28","","","","","","","","","","","","","118","118","1","","","120.715577","24.2113","2"
"8278","66000","387130000C","(04)23274275","(04)23288582","2026","2","23","7","3","臺中市","豐原區","0","1","0","7","2","6","60","13","9","1","5","4","6","6","1","1","1","4","5","2","17","3","10","5","4","B03","7","1","3","19","11","4","","51","51","2","12","4","120.727143","24.239161","2"
"8279","66000","387130000C","(04)23274275","(04)23288582","2026","2","23","7","6","臺中市","北屯區","0","0","0","7","","","30","","","","","","","","","","","","","","","","","","","C03","","","1","","1","","","58","58","1","6","4","120.737024","24.178553","3"
"8280","66000","387130000C","(04)23274275","(04)23288582","2026","2","23","7","6","臺中市","烏日區","0","1","0","7","2","6","30","3","2","1","5","4","6","6","4","4","10","5","5","2","17","2","9","6","4","F01","7","5","7","21","2","14","","84","84","1","13","4","120.642696","24.093917","2"
"8281","66000","387130000C","(04)23274275","(04)23288582","2026","2","23","7","6","臺中市","神岡區","0","1","0","7","1","6","50","5","1","1","5","4","6","6","1","1","10","4","5","1","12","3","10","3","1","B03","7","5","1","8","2","2","","47","47","1","12","4","120.663997","24.258313","2"
"8282","66000","387130000C","(04)23274275","(04)23288582","2026","2","23","7","10","臺中市","龍井區","0","1","0","7","2","6","40","13","8","1","5","4","6","6","4","4","1","4","1","1","18","2","9","1","1","C03","7","9","1","10","2","16","","84","84","1","6","4","120.579616","24.191504","2"
"8283","66000","387130000C","(04)23274275","(04)23288582","2026","2","23","7","12","臺中市","龍井區","0","1","0","7","2","6","50","4","1","1","5","4","6","6","4","4","10","5","5","1","15","3","10","3","1","B03","7","9","1","8","2","2","","84","84","1","13","4","120.512708","24.205823","2"
"8284","66000","387130000C","(04)23274275","(04)23288582","2026","2","23","7","15","臺中市","南區","0","2","0","7","2","6","50","4","9","1","5","4","6","6","1","1","1","4","5","2","13","2","9","5","4","C03","7","9","1","10","2","12","","7","7","1","12","4","120.657507","24.112768","2"
"8285","66000","387130000C","(04)23274275","(04)23288582","2026","2","23","7","15","臺中市","大甲區","0","1","0","7","3","6","50","3","1","1","5","4","6","6","1","1","10","5","5","2","17","3","10","5","4","B03","7","5","1","8","2","6","","47","47","1","8","4","120.597655","24.334164","2"
"8286","66000","387130000C","(04)23274275","(04)23288582","2026","2","23","7","16","臺中市","南區","0","4","0","7","2","6","50","4","1","1","5","4","6","6","1","1","10","5","5","2","13","3","10","3","1","B03","7","9","1","8","2","8","2","7","7","1","12","4","120.679099","24.126956","2"
"8287","66000","387130000C","(04)23274275","(04)23288582","2026","2","23","7","19","臺中市","北屯區","0","0","0","7","","","50","","","","","","","","","","","","","","12","","","","","B03","","","1","","1","","","35","35","1","12","4","120.676153","24.184482","3"
"8288","66000","387130000C","(04)23274275","(04)23288582","2026","2","23","7","19","臺中市","大肚區","0","3","0","7","2","6","30","3","1","1","5","4","6","6","4","4","10","5","5","2","16","2","9","1","1","C03","7","6","1","10","2","11","","14","14","1","6","4","120.572883","24.173638","2"
"8289","66000","387130000C","(04)23274275","(04)23288582","2026","2","23","7","20","臺中市","龍井區","0","0","0","7","","","30","","","","","","","","","","","","","","11","","","","","B03","","","1","","2","","","85","85","1","13","4","120.547876","24.185876","3"
"8290","66000","387130000C","(04)23274275","(04)23288582","2026","2","23","7","21","臺中市","豐原區","0","1","0","7","3","6","50","13","7","1","5","4","6","6","4","4","5","5","4","2","17","3","10","1","4","C03","7","6","1","10","2","12","","7","7","1","12","4","120.716674","24.257698","2"
"8291","66000","387130000C","(04)23274275","(04)23288582","2026","2","23","7","22","臺中市","中區","0","1","0","7","2","6","50","11","9","1","5","4","6","6","4","4","1","4","4","2","12","2","9","2","1","C03","7","8","1","10","2","14","","40","40","1","12","4","120.684185","24.136725","2"
"8292","66000","387130000C","(04)23274275","(04)23288582","2026","2","23","7","23","臺中市","南屯區","0","0","0","7","","","50","","","","","","","","","","","","","","12","","","","","B02","","","1","","1","","","40","40","1","6","4","120.615793","24.14701","3"
"8293","66000","387130000C","(04)23274275","(04)23288582","2026","2","23","7","23","臺中市","后里區","0","1","0","7","2","6","50","3","1","1","5","4","6","6","1","1","3","4","4","1","12","3","10","3","1","B03","7","5","1","8","2","6","","20","20","1","6","4","120.722979","24.287204","2"
"8294","66000","387130000C","(04)23274275","(04)23288582","2026","2","23","7","24","臺中市","西屯區","0","0","0","7","","","50","","","","","","","","","","","","","","15","","","","","C03","","","3","","1","","","21","21","2","12","4","120.622599","24.174955","3"
"8295","66000","387130000C","(04)23274275","(04)23288582","2026","2","23","7","26","臺中市","霧峰區","0","2","0","7","2","6","30","4","1","1","5","4","6","6","4","4","10","5","5","2","15","2","9","2","1","C03","7","9","1","10","2","15","","15","15","1","12","4","120.685399","24.063075","2"
"8296","66000","387130000C","(04)23274275","(04)23288582","2026","2","23","7","28","臺中市","南區","0","0","0","7","","","50","","","","","","","","","","","","","","13","","","","","C03","","","3","","1","","","7","7","1","12","4","120.676208","24.132644","3"
"8297","66000","387130000C","(04)23274275","(04)23288582","2026","2","23","7","30","臺中市","北屯區","0","1","0","7","2","6","50","4","2","1","5","4","6","6","2","1","1","4","4","2","13","2","8","2","1","C03","7","9","1","10","2","11","","85","85","1","12","4","120.676851","24.178483","2"
"8298","66000","387130000C","(04)23274275","(04)23288582","2026","2","23","7","30","臺中市","烏日區","0","0","0","7","","","50","","","","","","","","","","","","","","13","","","","","C03","","","1","","1","","","84","84","1","6","4","120.637251","24.108845","3"
"8299","66000","387130000C","(04)23274275","(04)23288582","2026","2","23","7","38","臺中市","中區","0","2","0","7","2","6","50","13","9","1","5","4","6","6","4","4","1","4","5","2","13","2","9","1","1","C03","7","9","1","10","2","11","","59","59","1","13","4","120.682123","24.145558","2"
"8300","66000","387130000C","(04)23274275","(04)23288582","2026","2","23","7","38","臺中市","太平區","0","0","0","7","","3","80","","","","","","","","","","","","","","","","","","","B03","","","1","","2","","","84","84","2","12","4","120.717408","24.15714","3"
"8301","66000","387130000C","(04)23274275","(04)23288582","2026","2","23","7","38","臺中市","太平區","0","1","0","7","2","6","50","4","2","1","5","4","6","6","2","1","5","5","5","2","13","3","10","2","1","C03","7","9","1","10","2","11","","7","7","1","12","4","120.712411","24.152759","2"
"8302","66000","387130000C","(04)23274275","(04)23288582","2026","2","23","7","39","臺中市","北屯區","0","0","0","7","","","40","","","","","","","","","","","","","","13","","","","","C03","","","1","","1","","","7","7","1","13","4","120.660894","24.191322","3"
"8303","66000","387130000C","(04)23274275","(04)23288582","2026","2","23","7","40","臺中市","潭子區","0","2","0","7","3","6","50","4","1","1","5","4","6","6","1","1","5","5","4","2","13","2","9","1","1","C03","7","9","1","10","2","11","","7","7","1","13","4","120.716398","24.204398","2"
"8304","66000","387130000C","(04)23274275","(04)23288582","2026","2","23","7","40","臺中市","大里區","0","0","0","7","","","40","","","","","","","","","","","","","","","","","","","B03","","","1","","1","","","84","84","1","12","4","120.703586","24.101363","3"
"8305","66000","387130000C","(04)23274275","(04)23288582","2026","2","23","7","40","臺中市","梧棲區","0","0","0","7","","","50","","","","","","","","","","","","","","13","","","","","C03","","","1","","1","","","7","7","1","12","4","120.539919","24.257894","3"
"8306","66000","387130000C","(04)23274275","(04)23288582","2026","2","23","7","41","臺中市","大里區","0","0","0","7","","","50","","","","","","","","","","","","","","","","","","","C03","","","1","","2","","","84","84","1","12","4","120.679986","24.095604","3"
"8307","66000","387130000C","(04)23274275","(04)23288582","2026","2","23","7","43","臺中市","北屯區","0","0","0","7","","","50","","","","","","","","","","","","","","17","","","","","C03","","","1","","1","","","8","8","1","6","4","120.692794","24.162343","3"
"8308","66000","387130000C","(04)23274275","(04)23288582","2026","2","23","7","43","臺中市","大甲區","0","0","0","7","","","50","","","","","","","","","","","","","","16","","","","","A42","","","1","","1","","","11","11","1","6","4","120.641639","24.365748","3"
"8309","66000","387130000C","(04)23274275","(04)23288582","2026","2","23","7","44","臺中市","大雅區","0","0","0","7","","","30","","","","","","","","","","","","","","","","","","","B03","","","1","","1","","","76","76","1","12","4","120.64347","24.216112","3"
"8310","66000","387130000C","(04)23274275","(04)23288582","2026","2","23","7","44","臺中市","潭子區","0","0","0","7","","","50","","","","","","","","","","","","","","","","","","","B03","","","1","","2","","","85","85","1","13","4","120.704508","24.200895","3"
"8311","66000","387130000C","(04)23274275","(04)23288582","2026","2","23","7","45","臺中市","大雅區","0","0","0","7","","","50","","","","","","","","","","","","","","","","","","","F03","","","1","","1","","","7","7","1","13","4","120.66537","24.234726","3"
"8312","66000","387130000C","(04)23274275","(04)23288582","2026","2","23","7","45","臺中市","大雅區","0","2","0","7","3","6","30","4","1","1","5","4","6","6","4","4","10","5","5","2","17","2","9","5","4","C03","7","9","1","10","2","11","","20","20","1","13","4","120.649047","24.227561","2"
"8313","66000","387130000C","(04)23274275","(04)23288582","2026","2","23","7","45","臺中市","南屯區","0","1","0","7","2","6","50","3","9","1","5","4","6","6","4","4","10","4","5","1","17","2","7","2","1","C03","7","6","1","10","2","12","","84","84","1","13","4","120.649227","24.135057","2"
"8314","66000","387130000C","(04)23274275","(04)23288582","2026","2","23","7","45","臺中市","北屯區","0","0","0","7","","","50","","","","","","","","","","","","","","17","","","","","B12","","","1","","2","","","84","84","1","6","4","120.706472","24.168155","3"
"8315","66000","387130000C","(04)23274275","(04)23288582","2026","2","23","7","45","臺中市","西屯區","0","0","0","7","","","50","","","","","","","","","","","","","","13","","","","","B03","","","1","","1","","","83","83","1","12","4","120.616711","24.188623","3"
"8316","66000","387130000C","(04)23274275","(04)23288582","2026","2","23","7","45","臺中市","大里區","0","1","0","7","3","6","50","3","2","1","5","4","6","6","4","4","5","5","4","1","16","3","10","1","1","C03","7","9","5","10","2","12","","84","84","1","13","4","120.683792","24.111072","2"
"8317","66000","387130000C","(04)23274275","(04)23288582","2026","2","23","7","45","臺中市","烏日區","0","2","0","7","2","6","50","3","2","1","5","4","6","6","1","1","1","4","5","1","13","2","9","5","4","C03","7","9","5","19","2","11","","7","7","1","13","4","120.64683","24.092556","2"
"8318","66000","387130000C","(04)23274275","(04)23288582","2026","2","23","7","45","臺中市","龍井區","0","0","0","7","","","50","","","","","","","","","","","","","","15","","","","","F01","","","7","","1","","","15","15","1","13","4","120.501356","24.202858","3"
"8319","66000","387130000C","(04)23274275","(04)23288582","2026","2","23","7","46","臺中市","北屯區","0","0","0","7","","","50","","","","","","","","","","","","","","","","","","","C03","","","1","","1","","","75","75","2","6","4","120.719652","24.17987","3"
"8320","66000","387130000C","(04)23274275","(04)23288582","2026","2","23","7","47","臺中市","神岡區","0","1","0","7","3","6","50","4","1","1","5","4","6","6","1","1","5","4","4","2","18","2","9","1","1","C03","7","9","1","10","2","16","","7","7","1","13","4","120.655947","24.254652","2"
"8321","66000","387130000C","(04)23274275","(04)23288582","2026","2","23","7","48","臺中市","潭子區","0","0","0","7","","","50","","","","","","","","","","","","","","","","","","","B03","","","1","","2","","","49","49","1","13","4","120.705015","24.225976","3"
"8322","66000","387130000C","(04)23274275","(04)23288582","2026","2","23","7","51","臺中市","北區","0","1","0","7","2","6","50","3","1","1","5","4","6","6","4","4","10","5","5","2","16","2","9","1","1","C03","7","9","1","10","2","11","","59","59","1","12","4","120.691794","24.159613","2"
"8323","66000","387130000C","(04)23274275","(04)23288582","2026","2","23","7","51","臺中市","南區","0","2","0","7","2","6","50","3","1","1","5","4","6","6","4","4","5","5","5","2","17","2","9","2","1","F01","7","1","7","21","2","11","","51","51","1","13","4","120.656135","24.13014","2"
"8324","66000","387130000C","(04)23274275","(04)23288582","2026","2","23","7","55","臺中市","西區","0","2","0","7","2","6","30","13","9","5","5","4","6","6","4","4","10","5","5","2","11","2","7","1","1","C03","7","9","1","10","2","12","","84","84","1","13","4","120.658515","24.154417","2"
"8325","66000","387130000C","(04)23274275","(04)23288582","2026","2","23","7","55","臺中市","霧峰區","0","0","0","7","","","50","","","","","","","","","","","","","","","","","","","B03","","","1","","10","","","85","85","1","12","4","120.700064","24.075244","3"
"8326","66000","387130000C","(04)23274275","(04)23288582","2026","2","23","7","55","臺中市","石岡區","0","0","0","7","","","70","","","","","","","","","","","","","","","","","","","B03","","","1","","1","","","56","56","1","12","4","120.791295","24.272807","3"
"8327","66000","387130000C","(04)23274275","(04)23288582","2026","2","23","7","56","臺中市","西區","0","2","0","7","2","6","50","4","1","1","5","4","6","6","1","1","9","4","5","2","16","2","9","2","1","C03","7","6","1","10","2","14","","48","48","1","12","4","120.660161","24.136512","2"
"8328","66000","387130000C","(04)23274275","(04)23288582","2026","2","23","7","56","臺中市","西區","0","0","0","7","","","50","","","","","","","","","","","","","","13","","","","","B03","","","1","","2","","","7","7","1","12","4","120.667773","24.130144","3"
"8329","66000","387130000C","(04)23274275","(04)23288582","2026","2","23","7","58","臺中市","潭子區","0","0","0","7","","","50","","","","","","","","","","","","","","12","","","","","C03","","","1","","2","","","40","40","1","13","4","120.718513","24.204069","3"
"8330","66000","387130000C","(04)23274275","(04)23288582","2026","2","23","7","58","臺中市","西屯區","0","0","0","7","","","50","","","","","","","","","","","","","","13","","","","","C03","","","1","","1","","","7","7","1","13","4","120.615663","24.189129","3"
"8331","66000","387130000C","(04)23274275","(04)23288582","2026","2","23","8","2","臺中市","北屯區","0","0","0","7","","","50","","","","","","","","","","","","","","12","","","","","C03","","","1","","1","","","42","42","1","12","4","120.703775","24.180108","3"
"8332","66000","387130000C","(04)23274275","(04)23288582","2026","2","23","8","2","臺中市","神岡區","0","1","0","7","1","6","30","9","9","2","5","3","6","6","4","4","10","5","5","2","11","3","10","3","1","B03","7","9","1","8","2","15","","85","85","1","12","4","120.689082","24.241542","2"
"8333","66000","387130000C","(04)23274275","(04)23288582","2026","2","23","8","5","臺中市","西區","0","0","0","7","","","50","","","","","","","","","","","","","","12","","","","","B03","","","1","","1","","","8","8","1","13","4","120.663128","24.14306","3"
"8334","66000","387130000C","(04)23274275","(04)23288582","2026","2","23","8","6","臺中市","烏日區","0","0","0","7","","","50","","","","","","","","","","","","","","13","","","","","B03","","","1","","1","","","59","59","1","13","4","120.615814","24.11615","3"
"8335","66000","387130000C","(04)23274275","(04)23288582","2026","2","23","8","7","臺中市","霧峰區","0","2","0","7","3","6","40","3","1","1","5","4","6","6","4","4","10","5","5","2","16","2","9","1","1","C03","7","1","1","10","2","11","","20","20","1","13","4","120.686496","24.049218","2"
"8336","66000","387130000C","(04)23274275","(04)23288582","2026","2","23","8","8","臺中市","北區","0","2","0","7","2","6","50","4","1","1","5","4","6","6","4","4","10","5","5","2","15","2","9","5","4","C03","7","9","1","10","2","12","","15","15","1","12","4","120.666059","24.154968","2"
"8337","66000","387130000C","(04)23274275","(04)23288582","2026","2","23","8","8","臺中市","東勢區","0","0","0","7","","","40","","","","","","","","","","","","","","","","","","","B03","","","1","","1","","","8","8","1","12","4","120.824817","24.256782","3"
"8338","66000","387130000C","(04)23274275","(04)23288582","2026","2","23","8","10","臺中市","烏日區","0","0","0","7","","","50","","","","","","","","","","","","","","14","","","","","B02","","","1","","2","","","49","49","1","6","4","120.615539","24.114458","3"
"8339","66000","387130000C","(04)23274275","(04)23288582","2026","2","23","8","12","臺中市","北屯區","0","1","0","7","1","6","50","3","2","1","5","4","6","6","4","4","3","4","5","2","12","3","10","3","1","B03","7","5","1","8","2","2","","20","20","1","13","4","120.723095","24.182681","2"
"8340","66000","387130000C","(04)23274275","(04)23288582","2026","2","23","8","13","臺中市","大肚區","0","1","0","7","2","6","40","13","8","1","5","4","6","6","4","4","1","4","5","1","18","2","9","1","1","C03","7","9","1","10","2","16","","84","84","1","6","4","120.553405","24.135076","2"
"8341","66000","387130000C","(04)23274275","(04)23288582","2026","2","23","8","16","臺中市","北屯區","0","1","0","7","2","6","50","5","1","1","5","4","6","6","2","1","10","5","5","2","16","3","10","3","1","B03","7","9","1","8","2","1","","34","34","1","13","4","120.711859","24.182344","2"
"8342","66000","387130000C","(04)23274275","(04)23288582","2026","2","23","8","17","臺中市","西區","0","0","0","7","","","50","","","","","","","","","","","","","","13","","","","","B03","","","1","","1","","","84","84","1","12","4","120.65739","24.150687","3"
"8343","66000","387130000C","(04)23274275","(04)23288582","2026","2","23","8","17","臺中市","西區","0","0","0","7","","","50","","","","","","","","","","","","","","13","","","","","C03","","","1","","1","","","7","7","1","12","4","120.68073","24.137164","3"
"8344","66000","387130000C","(04)23274275","(04)23288582","2026","2","23","8","22","臺中市","北區","0","1","0","7","3","6","50","4","1","1","5","4","6","6","4","4","10","5","5","2","15","3","10","3","1","B03","7","9","1","8","2","5","","15","15","1","12","4","120.666755","24.160421","2"
"8345","66000","387130000C","(04)23274275","(04)23288582","2026","2","23","8","25","臺中市","東區","0","2","0","7","3","6","40","3","1","1","5","4","6","6","1","1","10","5","5","2","13","2","9","2","1","C03","7","9","1","10","2","11","","7","7","1","6","4","120.69107","24.132185","2"
"8346","66000","387130000C","(04)23274275","(04)23288582","2026","2","23","8","25","臺中市","南屯區","0","0","0","7","","","50","","","","","","","","","","","","","","11","","","","","B03","","","1","","2","","","8","8","1","12","4","120.638535","24.135844","3"
"8347","66000","387130000C","(04)23274275","(04)23288582","2026","2","23","8","30","臺中市","西屯區","0","2","0","7","2","6","50","4","1","1","5","4","6","6","2","1","10","5","5","2","12","2","9","1","1","C03","7","6","3","19","2","14","","8","8","1","13","4","120.6646","24.170998","2"
"8348","66000","387130000C","(04)23274275","(04)23288582","2026","2","23","8","31","臺中市","南區","0","2","0","7","2","6","50","3","1","1","5","4","6","6","4","4","5","5","5","2","13","2","9","5","4","C03","7","9","1","10","2","11","12","7","7","1","12","4","120.656493","24.124517","2"
"8349","66000","387130000C","(04)23274275","(04)23288582","2026","2","23","8","33","臺中市","后里區","0","0","0","7","","","50","","","","","","","","","","","","","","12","","","","","B03","","","1","","2","","","8","8","1","6","4","120.717437","24.30649","3"
"8350","66000","387130000C","(04)23274275","(04)23288582","2026","2","23","8","39","臺中市","中區","0","1","0","7","2","6","50","3","1","1","5","4","6","6","4","4","1","4","5","2","13","3","10","3","1","B01","7","9","1","4","2","1","","7","7","1","13","4","120.685896","24.139772","2"
"8351","66000","387130000C","(04)23274275","(04)23288582","2026","2","23","8","40","臺中市","豐原區","0","1","0","7","1","6","50","4","2","1","5","4","6","6","4","4","5","4","4","2","17","3","10","3","1","B03","7","9","1","8","2","5","","7","7","1","6","4","120.717443","24.252617","2"