序號,縣市別代碼,機關代碼,市話,傳真,年,月,日,時,分,縣市,區,死亡數量,受傷數量,2-30,天候,道路照明設備,道路類別,道路速限,道路型態,事故位置,路面鋪裝,路面狀態,路面缺陷,障礙物,視距,號誌種類,號誌動作,分向設施,快車道或一般車道間,快慢車道間,路面邊線,事故類型及型態,受傷程度,主要傷處,保護裝備,行動電話或功能裝置,當事者區分(類別),車輛用途,當事者行動狀態,駕照狀態,駕照種類,飲酒情形,車輛撞擊部位最初,車輛撞擊部位其他,肇事因素個別,肇事因素主要,肇事逃逸,職業,共享經濟或外送平台,GPS座標X,GPS座標Y,事故類別
"8352","66000","387130000C","(04)23274275","(04)23288582","2026","2","23","8","41","臺中市","北區","0","0","0","7","","","50","","","","","","","","","","","","","","13","","","","","C03","","","1","","1","","","7","7","1","13","4","120.670483","24.157369","3"
"8353","66000","387130000C","(04)23274275","(04)23288582","2026","2","23","8","46","臺中市","大甲區","0","0","0","7","","","50","","","","","","","","","","","","","","","","","","","B03","","","1","","1","","","7","7","1","6","4","120.633312","24.356159","3"
"8354","66000","387130000C","(04)23274275","(04)23288582","2026","2","23","8","49","臺中市","西屯區","0","1","0","7","2","6","30","13","9","1","5","4","6","6","4","4","10","5","5","2","17","2","1","5","4","B11","7","14","1","7","2","3","","76","76","1","13","4","120.614937","24.179081","2"
"8355","66000","387130000C","(04)23274275","(04)23288582","2026","2","23","8","50","臺中市","大雅區","0","1","0","7","3","6","50","13","9","1","5","4","6","6","1","1","8","3","5","2","17","2","9","1","4","C03","7","10","1","10","2","16","","84","84","1","12","4","120.629508","24.20618","2"
"8356","66000","387130000C","(04)23274275","(04)23288582","2026","2","23","8","50","臺中市","南屯區","0","0","0","7","","","50","","","","","","","","","","","","","","17","","","","","C03","","","1","","9","","","51","51","2","6","4","120.646809","24.141292","3"
"8357","66000","387130000C","(04)23274275","(04)23288582","2026","2","23","8","56","臺中市","東區","0","1","0","7","2","6","50","13","9","1","5","4","6","6","4","4","5","5","5","2","12","3","10","5","1","B03","7","14","5","19","2","4","","76","76","1","12","4","120.698757","24.127769","2"
"8358","66000","387130000C","(04)23274275","(04)23288582","2026","2","23","8","58","臺中市","南屯區","0","1","0","7","3","6","30","4","1","1","5","4","6","6","3","1","10","5","5","2","15","3","10","3","1","B03","7","9","1","8","1","1","","20","20","1","12","4","120.640329","24.140963","2"
"8359","66000","387130000C","(04)23274275","(04)23288582","2026","2","23","8","59","臺中市","豐原區","0","0","0","7","","","50","","","","","","","","","","","","","","14","","","","","A31","","","1","","2","","","49","49","1","12","4","120.71569","24.262812","3"
"8360","66000","387130000C","(04)23274275","(04)23288582","2026","2","23","9","0","臺中市","北屯區","0","0","0","7","","","50","","","","","","","","","","","","","","12","","","","","C03","","","1","","2","","","84","84","1","6","4","120.7224","24.169692","3"
"8361","66000","387130000C","(04)23274275","(04)23288582","2026","2","23","9","2","臺中市","北屯區","0","1","0","7","2","6","50","13","9","1","5","4","6","6","4","4","5","4","5","2","13","2","9","2","1","C03","7","9","1","10","2","11","","7","7","1","12","4","120.716805","24.175219","2"
"8362","66000","387130000C","(04)23274275","(04)23288582","2026","2","23","9","3","臺中市","南屯區","0","1","0","7","3","6","40","13","8","1","5","4","6","6","4","4","1","5","1","2","17","2","9","2","4","C03","7","9","2","19","2","11","","84","84","1","6","4","120.613581","24.148942","2"
"8363","66000","387130000C","(04)23274275","(04)23288582","2026","2","23","9","3","臺中市","西屯區","0","1","0","7","2","6","50","4","9","1","5","4","6","6","1","1","1","4","5","2","17","3","10","3","1","B01","7","1","1","3","2","4","","51","51","1","12","4","120.602699","24.183233","2"
"8364","66000","387130000C","(04)23274275","(04)23288582","2026","2","23","9","7","臺中市","潭子區","0","1","0","7","2","6","50","3","2","1","5","4","6","6","4","4","5","4","5","1","17","3","10","3","1","B03","7","13","1","8","2","4","","76","76","1","13","4","120.700435","24.212193","2"
"8365","66000","387130000C","(04)23274275","(04)23288582","2026","2","23","9","12","臺中市","梧棲區","0","0","0","7","","","40","","","","","","","","","","","","","","13","","","","","B03","","","1","","1","","","56","56","1","12","4","120.538391","24.248985","3"
"8366","66000","387130000C","(04)23274275","(04)23288582","2026","2","23","9","15","臺中市","大雅區","0","1","0","7","3","6","60","13","9","1","5","4","6","6","4","4","1","3","5","1","17","2","9","5","4","C03","7","9","1","10","2","11","","7","7","1","13","4","120.650266","24.2095","2"
"8367","66000","387130000C","(04)23274275","(04)23288582","2026","2","23","9","15","臺中市","西屯區","0","1","0","7","2","6","50","3","1","1","5","4","6","6","4","4","10","5","5","2","12","2","9","1","4","C03","7","4","1","10","2","11","","34","34","1","12","4","120.643484","24.176466","2"
"8368","66000","387130000C","(04)23274275","(04)23288582","2026","2","23","9","16","臺中市","大里區","0","0","0","7","","","50","","","","","","","","","","","","","","12","","","","","B03","","","1","","2","","","40","40","1","13","4","120.689784","24.092855","3"
"8369","66000","387130000C","(04)23274275","(04)23288582","2026","2","23","9","17","臺中市","北區","0","2","0","7","2","6","50","3","1","1","5","4","6","6","2","1","10","5","5","2","16","2","8","1","1","C03","7","9","1","10","2","11","","39","39","1","12","4","120.668229","24.17","2"
"8370","66000","387130000C","(04)23274275","(04)23288582","2026","2","23","9","19","臺中市","西屯區","0","1","0","7","2","6","50","3","1","1","5","4","6","6","4","4","10","5","5","2","13","2","9","2","1","C03","7","9","1","10","2","11","","7","7","1","12","4","120.653379","24.165178","2"
"8371","66000","387130000C","(04)23274275","(04)23288582","2026","2","23","9","19","臺中市","西屯區","0","1","0","7","2","6","30","3","1","1","5","4","6","6","4","4","10","5","5","1","16","3","10","5","4","B03","7","6","1","8","2","8","","14","14","1","12","4","120.628394","24.201388","2"
"8372","66000","387130000C","(04)23274275","(04)23288582","2026","2","23","9","20","臺中市","沙鹿區","0","0","0","6","","","50","","","","","","","","","","","","","","13","","","","","B03","","","1","","1","","","7","7","1","12","4","120.552465","24.215898","3"
"8373","66000","387130000C","(04)23274275","(04)23288582","2026","2","23","9","33","臺中市","西屯區","0","4","0","7","2","6","50","4","1","1","5","4","6","6","4","4","10","5","5","2","17","2","9","1","1","C03","7","1","3","19","2","14","","51","51","1","13","4","120.61949","24.182092","2"
"8374","66000","387130000C","(04)23274275","(04)23288582","2026","2","23","9","35","臺中市","西屯區","0","0","0","7","","","30","","","","","","","","","","","","","","17","","","","","B03","","","1","","2","","","59","59","1","13","4","120.655607","24.20112","3"
"8375","66000","387130000C","(04)23274275","(04)23288582","2026","2","23","9","38","臺中市","北區","0","2","0","7","3","6","50","4","1","1","5","4","6","6","1","1","10","5","5","2","15","2","9","6","1","F01","7","9","7","21","2","14","","21","21","1","12","4","120.670503","24.159217","2"
"8376","66000","387130000C","(04)23274275","(04)23288582","2026","2","23","9","40","臺中市","梧棲區","0","1","0","7","2","6","30","3","1","1","5","4","6","6","4","4","10","5","5","2","16","3","10","3","1","B03","7","6","1","8","2","5","","14","14","1","12","4","120.548935","24.241055","2"
"8377","66000","387130000C","(04)23274275","(04)23288582","2026","2","23","9","41","臺中市","烏日區","0","0","0","7","","","50","","","","","","","","","","","","","","12","","","","","B03","","","1","","1","","","40","40","1","13","4","120.611453","24.107306","3"
"8378","66000","387130000C","(04)23274275","(04)23288582","2026","2","23","9","47","臺中市","北區","0","2","0","7","2","6","50","13","7","1","5","4","6","6","1","1","5","5","4","2","17","2","9","5","4","C03","7","9","1","10","2","12","","84","84","1","12","4","120.663978","24.157561","2"
"8379","66000","387130000C","(04)23274275","(04)23288582","2026","2","23","9","50","臺中市","北屯區","0","1","0","7","2","6","50","4","1","1","5","4","6","6","2","1","5","4","5","2","16","2","9","2","1","C03","7","11","1","10","2","11","","45","45","1","12","4","120.719281","24.176865","2"
"8380","66000","387130000C","(04)23274275","(04)23288582","2026","2","23","9","56","臺中市","南屯區","0","2","0","7","2","6","50","4","1","1","5","4","6","6","2","1","1","4","5","1","13","2","9","2","1","C03","7","9","1","10","2","11","","7","7","1","13","4","120.646877","24.140138","2"
"8381","66000","387130000C","(04)23274275","(04)23288582","2026","2","23","10","1","臺中市","南屯區","0","0","0","7","","","50","","","","","","","","","","","","","","16","","","","","B03","","","1","","1","","","11","11","1","12","4","120.649763","24.148779","3"
"8382","66000","387130000C","(04)23274275","(04)23288582","2026","2","23","10","3","臺中市","大里區","0","0","0","7","","","30","","","","","","","","","","","","","","17","","","","","C03","","","1","","1","","","14","14","1","6","4","120.707778","24.091233","3"
"8383","66000","387130000C","(04)23274275","(04)23288582","2026","2","23","10","4","臺中市","西屯區","0","1","0","7","2","6","50","4","1","1","5","4","6","6","1","1","10","5","5","2","16","2","9","2","1","C03","7","9","1","10","2","11","","84","84","1","12","4","120.664625","24.17818","2"
"8384","66000","387130000C","(04)23274275","(04)23288582","2026","2","23","10","5","臺中市","神岡區","0","0","0","7","","","50","","","","","","","","","","","","","","12","","","","","B03","","","1","","1","","","7","7","1","12","4","120.694221","24.232355","3"
"8385","66000","387130000C","(04)23274275","(04)23288582","2026","2","23","10","9","臺中市","西屯區","0","0","0","7","","","30","","","","","","","","","","","","","","12","","","","","B03","","","1","","1","","","59","59","2","12","4","120.652952","24.165678","3"
"8386","66000","387130000C","(04)23274275","(04)23288582","2026","2","23","10","12","臺中市","南屯區","0","1","0","7","3","6","50","13","9","1","5","4","6","6","4","4","9","5","5","2","12","3","10","3","1","B03","7","5","1","8","2","5","","20","20","1","12","4","120.644041","24.131311","2"
"8387","66000","387130000C","(04)23274275","(04)23288582","2026","2","23","10","14","臺中市","豐原區","0","1","0","7","3","6","50","13","7","1","5","4","6","6","4","4","5","5","4","2","17","2","9","1","4","C03","7","9","1","10","2","12","","84","84","1","12","4","120.733306","24.251486","2"
"8388","66000","387130000C","(04)23274275","(04)23288582","2026","2","23","10","22","臺中市","東區","0","1","0","7","3","6","50","13","9","1","5","4","6","6","4","4","5","5","5","2","13","2","7","2","1","C03","7","9","1","10","1","14","","84","84","1","6","4","120.691743","24.138728","2"
"8389","66000","387130000C","(04)23274275","(04)23288582","2026","2","23","10","26","臺中市","東區","0","1","0","7","2","6","50","13","9","1","5","4","6","6","4","4","1","4","4","2","17","2","9","5","4","C03","7","9","1","10","2","12","","59","59","1","12","4","120.696455","24.139629","2"
"8390","66000","387130000C","(04)23274275","(04)23288582","2026","2","23","10","30","臺中市","北屯區","0","0","0","7","","","50","","","","","","","","","","","","","","13","","","","","B03","","","1","","1","","","84","84","1","13","4","120.693202","24.162114","4"
"8391","66000","387130000C","(04)23274275","(04)23288582","2026","2","23","10","33","臺中市","西屯區","0","1","0","7","2","6","0","13","24","1","5","4","6","6","4","4","10","5","5","2","18","2","9","4","1","F01","7","9","7","21","2","11","","59","59","1","5","4","120.608011","24.183796","2"
"8392","66000","387130000C","(04)23274275","(04)23288582","2026","2","23","10","37","臺中市","清水區","0","2","0","7","3","6","40","3","2","1","5","4","6","6","4","4","1","4","4","1","10","2","9","5","1","F01","7","9","7","21","2","11","","4","4","1","12","4","120.57299","24.274771","2"
"8393","66000","387130000C","(04)23274275","(04)23288582","2026","2","23","10","39","臺中市","中區","0","0","0","7","","","50","","","","","","","","","","","","","","12","","","","","C03","","","1","","11","","","8","8","1","13","4","120.679156","24.142641","3"
"8394","66000","387130000C","(04)23274275","(04)23288582","2026","2","23","10","40","臺中市","西屯區","0","1","0","7","1","6","50","3","1","1","5","4","6","6","4","4","1","4","5","2","16","3","10","3","1","B03","7","5","1","8","2","6","","85","85","1","12","4","120.638291","24.16947","2"
"8395","66000","387130000C","(04)23274275","(04)23288582","2026","2","23","10","51","臺中市","后里區","0","0","0","7","2","6","30","","9","1","5","4","6","6","4","4","10","5","5","2","12","","","","","B03","","","1","","2","","","84","84","1","6","4","120.700553","24.322138","3"
"8396","66000","387130000C","(04)23274275","(04)23288582","2026","2","23","10","53","臺中市","霧峰區","0","0","0","7","","","30","","","","","","","","","","","","","","17","","","","","A12","","","1","","2","","","73","73","1","12","4","120.693129","24.026335","3"
"8397","66000","387130000C","(04)23274275","(04)23288582","2026","2","23","10","59","臺中市","北屯區","0","1","0","7","2","6","50","13","7","1","5","4","6","6","4","4","5","5","4","2","13","2","8","1","1","C03","7","9","1","10","2","11","","7","7","1","13","4","120.690139","24.175508","2"
"8398","66000","387130000C","(04)23274275","(04)23288582","2026","2","23","10","59","臺中市","西屯區","0","0","0","7","","","60","","","","","","","","","","","","","","13","","","","","B03","","","1","","1","","","59","59","1","13","4","120.643483","24.165814","3"
"8399","66000","387130000C","(04)23274275","(04)23288582","2026","2","23","11","0","臺中市","豐原區","0","0","0","7","","","50","","","","","","","","","","","","","","18","","","","","C03","","","1","","2","","","84","84","1","6","4","120.721864","24.238814","3"
"8400","66000","387130000C","(04)23274275","(04)23288582","2026","2","23","11","5","臺中市","西屯區","0","0","0","7","","","50","","","","","","","","","","","","","","13","","","","","B12","","","1","","1","","","59","59","1","13","4","120.651814","24.165426","3"
"8401","66000","387130000C","(04)23274275","(04)23288582","2026","2","23","11","13","臺中市","北屯區","0","0","0","7","","","50","","","","","","","","","","","","","","12","","","","","B03","","","1","","1","","","76","76","1","6","4","120.719801","24.180815","3"
"8402","66000","387130000C","(04)23274275","(04)23288582","2026","2","23","11","20","臺中市","西區","0","1","0","7","2","6","30","4","2","1","5","4","6","6","2","1","10","5","4","2","17","2","9","1","1","C03","7","1","1","8","2","14","","51","51","1","13","4","120.662929","24.150769","2"
"8403","66000","387130000C","(04)23274275","(04)23288582","2026","2","23","11","20","臺中市","北區","0","1","0","7","2","6","50","13","9","1","5","4","6","6","4","4","2","4","5","2","17","3","10","3","1","B03","7","13","1","8","2","4","","76","76","1","12","4","120.682616","24.146702","2"
"8404","66000","387130000C","(04)23274275","(04)23288582","2026","2","23","11","20","臺中市","和平區","0","0","0","7","","","50","","","","","","","","","","","","","","11","","","","","B03","","","1","","2","","","34","34","1","13","4","121.249754","24.255072","3"
"8405","66000","387130000C","(04)23274275","(04)23288582","2026","2","23","11","20","臺中市","和平區","0","0","0","7","","","30","","","","","","","","","","","","","","13","","","","","C03","","","3","","2","","","7","7","1","13","4","121.244327","24.230294","3"
"8406","66000","387130000C","(04)23274275","(04)23288582","2026","2","23","11","22","臺中市","北屯區","0","1","0","7","3","6","50","4","1","1","5","4","6","6","2","1","10","5","5","2","17","2","9","2","1","C03","7","4","1","10","2","11","","1","1","1","12","4","120.709641","24.174678","2"
"8407","66000","387130000C","(04)23274275","(04)23288582","2026","2","23","11","23","臺中市","東區","0","1","0","7","2","6","50","13","9","1","5","4","6","6","4","4","5","4","5","2","12","3","10","3","1","B03","7","5","1","8","2","5","","20","20","1","13","4","120.682924","24.135196","2"
"8408","66000","387130000C","(04)23274275","(04)23288582","2026","2","23","11","29","臺中市","西屯區","0","0","0","7","","","50","","","","","","","","","","","","","","13","","","","","B03","","","1","","1","","","7","7","1","12","4","120.645191","24.162759","3"
"8409","66000","387130000C","(04)23274275","(04)23288582","2026","2","23","11","38","臺中市","南區","0","0","0","7","","","50","","","","","","","","","","","","","","16","","","","","B03","","","1","8","2","","","26","26","1","6","4","120.656915","24.129718","3"
"8410","66000","387130000C","(04)23274275","(04)23288582","2026","2","23","11","39","臺中市","外埔區","0","0","0","7","","","30","","","","","","","","","","","","","","11","","","","","C03","","","3","","1","","","6","6","1","6","4","120.671317","24.336952","3"
"8411","66000","387130000C","(04)23274275","(04)23288582","2026","2","23","11","40","臺中市","霧峰區","0","1","0","7","2","6","50","11","9","1","5","4","6","6","4","4","9","4","4","1","13","3","10","2","1","C03","7","9","1","9","2","11","","7","7","1","12","4","120.686553","24.049353","2"
"8412","66000","387130000C","(04)23274275","(04)23288582","2026","2","23","11","40","臺中市","龍井區","0","1","0","7","2","6","70","5","1","1","5","4","6","6","1","1","1","3","4","1","15","2","9","3","1","A41","7","9","1","1","2","1","","84","84","1","12","4","120.510976","24.199693","2"
"8413","66000","387130000C","(04)23274275","(04)23288582","2026","2","23","11","41","臺中市","西區","0","3","0","7","2","6","50","4","1","1","5","4","6","6","4","4","1","2","4","2","16","2","9","2","1","C03","7","6","1","10","2","12","","1","1","1","12","4","120.670242","24.146352","2"
"8414","66000","387130000C","(04)23274275","(04)23288582","2026","2","23","11","41","臺中市","清水區","0","1","0","7","3","6","50","13","9","1","5","4","6","6","4","4","5","5","5","2","17","3","10","3","1","B12","7","14","1","8","2","4","","76","76","1","12","4","120.572204","24.268408","2"
"8415","66000","387130000C","(04)23274275","(04)23288582","2026","2","23","11","46","臺中市","潭子區","0","0","0","7","","","50","","","","","","","","","","","","","","12","","","","","B03","","","1","","2","","","2","2","1","13","4","120.709422","24.200329","3"
"8416","66000","387130000C","(04)23274275","(04)23288582","2026","2","23","11","50","臺中市","南屯區","0","1","0","7","1","6","50","4","1","1","5","4","6","6","2","1","5","4","4","2","16","3","10","3","1","B03","7","6","1","8","2","4","","48","48","1","12","4","120.641388","24.133356","2"
"8417","66000","387130000C","(04)23274275","(04)23288582","2026","2","23","12","0","臺中市","南區","0","0","0","7","","","50","","","","","","","","","","","","","","21","","","","","G03","","","1","","2","","","68","68","1","12","4","120.671775","24.126394","3"
"8418","66000","387130000C","(04)23274275","(04)23288582","2026","2","23","12","0","臺中市","北屯區","0","1","0","7","2","6","50","5","2","1","5","4","6","6","1","1","10","5","5","2","14","3","10","3","1","B12","7","2","1","6","2","3","","49","49","1","6","4","120.688244","24.194976","2"
"8419","66000","387130000C","(04)23274275","(04)23288582","2026","2","23","12","2","臺中市","南屯區","0","0","0","7","3","6","40","13","8","1","5","4","6","6","4","4","5","4","4","2","14","","","","","B03","","","1","","1","","","49","49","1","12","4","120.63325","24.138958","3"
"8420","66000","387130000C","(04)23274275","(04)23288582","2026","2","23","12","4","臺中市","北區","0","1","0","7","2","6","50","4","1","1","5","4","6","6","1","1","10","5","5","2","17","3","10","5","4","B03","7","5","1","8","2","2","","47","47","1","12","4","120.678717","24.15916","2"
"8421","66000","387130000C","(04)23274275","(04)23288582","2026","2","23","12","10","臺中市","后里區","0","1","0","7","2","6","30","11","9","1","5","4","6","6","4","4","10","5","5","2","12","3","10","3","1","B03","7","1","1","8","2","4","","51","51","1","6","4","120.722176","24.307156","2"
"8422","66000","387130000C","(04)23274275","(04)23288582","2026","2","23","12","10","臺中市","后里區","0","0","0","7","2","6","50","13","7","1","5","4","6","6","4","4","5","4","4","1","12","","","","","B03","","","1","","2","","","59","59","1","6","4","120.724818","24.32182","3"
"8423","66000","387130000C","(04)23274275","(04)23288582","2026","2","23","12","16","臺中市","大雅區","0","1","0","7","3","6","70","13","7","1","5","4","6","6","4","4","1","4","4","1","17","2","8","2","1","C03","7","9","1","10","2","11","","7","7","1","12","4","120.643623","24.227511","2"
"8424","66000","387130000C","(04)23274275","(04)23288582","2026","2","23","12","16","臺中市","北屯區","0","1","0","7","2","6","50","13","7","1","5","4","6","6","4","4","5","5","4","2","13","2","9","2","1","C03","7","9","1","10","2","11","","7","7","1","12","4","120.690724","24.17318","2"
"8425","66000","387130000C","(04)23274275","(04)23288582","2026","2","23","12","16","臺中市","北屯區","0","1","0","7","2","6","50","4","1","1","5","4","6","6","1","1","10","5","5","2","13","2","9","2","1","C03","7","9","1","10","2","11","","84","84","1","6","4","120.674312","24.17492","2"
"8426","66000","387130000C","(04)23274275","(04)23288582","2026","2","23","12","18","臺中市","北屯區","0","1","0","7","1","6","50","4","2","1","5","4","6","6","1","1","3","4","4","2","2","3","10","3","1","B03","7","5","1","8","2","2","","10","10","1","12","4","120.694256","24.171033","2"
"8427","66000","387130000C","(04)23274275","(04)23288582","2026","2","23","12","19","臺中市","北區","0","1","0","7","2","6","50","4","1","1","5","4","6","6","1","1","10","5","5","2","16","2","9","1","1","C03","7","9","1","10","2","12","","84","84","1","12","4","120.668065","24.15432","2"
"8428","66000","387130000C","(04)23274275","(04)23288582","2026","2","23","12","20","臺中市","大肚區","0","1","0","7","2","6","40","3","1","1","5","4","6","6","2","1","10","5","5","2","3","2","9","6","5","H01","8","16","7","21","1","17","","119","119","1","6","5","120.553658","24.134219","2"
"8429","66000","387130000C","(04)23274275","(04)23288582","2026","2","23","12","21","臺中市","南屯區","0","0","0","7","","","50","","","","","","","","","","","","","","13","","","","","B03","","","1","","1","","","56","56","1","6","4","120.646654","24.150884","3"
"8430","66000","387130000C","(04)23274275","(04)23288582","2026","2","23","12","24","臺中市","南區","0","0","0","7","","","50","","","","","","","","","","","","","","12","","","","","B03","","","1","","1","","","47","47","1","12","4","120.675255","24.131148","3"
"8431","66000","387130000C","(04)23274275","(04)23288582","2026","2","23","12","25","臺中市","大甲區","0","1","0","7","1","6","50","4","1","1","5","4","6","2","4","4","6","5","5","1","15","3","10","3","1","B12","7","9","1","8","2","5","","15","15","1","12","4","120.620719","24.376168","2"
"8432","66000","387130000C","(04)23274275","(04)23288582","2026","2","23","12","26","臺中市","東區","0","0","0","7","","","50","","","","","","","","","","","","","","13","","","","","B03","","","1","","2","","","84","84","1","12","4","120.710405","24.140847","3"
"8433","66000","387130000C","(04)23274275","(04)23288582","2026","2","23","12","26","臺中市","北屯區","0","1","0","7","2","6","50","4","1","1","5","4","6","6","2","1","10","5","5","2","16","3","10","1","1","C03","7","5","1","10","2","13","","84","84","1","13","4","120.690851","24.163014","2"
"8434","66000","387130000C","(04)23274275","(04)23288582","2026","2","23","12","28","臺中市","西屯區","0","1","0","7","2","6","50","4","2","1","5","4","6","6","2","1","4","3","5","2","13","2","9","2","4","C03","7","9","1","10","2","11","","59","59","1","12","4","120.654533","24.156896","2"
"8435","66000","387130000C","(04)23274275","(04)23288582","2026","2","23","12","30","臺中市","南屯區","0","0","0","7","","","","","","","","","","","","","","","","","17","","","","","","","","","","","","","119","119","1","","","120.637082","24.147467","3"
"8436","66000","387130000C","(04)23274275","(04)23288582","2026","2","23","12","38","臺中市","北區","0","1","0","7","3","6","50","3","1","1","5","4","6","6","4","4","10","5","5","2","18","2","9","1","1","C03","7","9","1","10","2","14","","84","84","1","12","4","120.686711","24.147859","2"
"8437","66000","387130000C","(04)23274275","(04)23288582","2026","2","23","12","38","臺中市","北屯區","0","0","0","7","","","50","","","","","","","","","","","","","","13","","","","","B03","","","1","","1","","","59","59","1","12","4","120.657886","24.187165","3"
"8438","66000","387130000C","(04)23274275","(04)23288582","2026","2","23","12","38","臺中市","豐原區","0","1","0","7","2","6","50","3","7","1","5","4","6","6","4","4","5","4","4","2","17","3","10","1","1","C03","7","11","1","10","2","16","","45","45","1","12","2","120.717376","24.253085","2"
"8439","66000","387130000C","(04)23274275","(04)23288582","2026","2","23","12","43","臺中市","后里區","0","0","0","7","","","50","","","","","","","","","","","","","","21","","","","","B03","","","5","","2","","","59","59","1","6","4","120.714969","24.298006","3"
"8440","66000","387130000C","(04)23274275","(04)23288582","2026","2","23","12","48","臺中市","西區","0","2","0","7","2","6","50","4","1","1","5","4","6","6","4","4","7","5","5","2","15","2","9","1","1","C03","7","9","1","10","2","11","","15","15","1","13","4","120.66879","24.142052","2"
"8441","66000","387130000C","(04)23274275","(04)23288582","2026","2","23","12","50","臺中市","神岡區","0","1","0","6","3","6","30","4","1","1","5","4","6","6","4","4","10","5","5","2","15","2","9","1","1","C03","7","9","1","10","2","11","","12","12","1","13","2","120.685711","24.251443","2"
"8442","66000","387130000C","(04)23274275","(04)23288582","2026","2","23","12","51","臺中市","太平區","0","1","0","7","2","6","50","13","8","1","5","4","6","6","4","4","5","5","4","1","13","2","8","2","1","C03","7","9","3","19","2","11","","84","84","1","13","4","120.719945","24.149021","2"
"8443","66000","387130000C","(04)23274275","(04)23288582","2026","2","23","12","59","臺中市","太平區","0","0","0","7","","","50","","","","","","","","","","","","","","","","","","","C03","","","1","","2","","","7","7","1","12","4","120.716804","24.151348","3"
"8444","66000","387130000C","(04)23274275","(04)23288582","2026","2","23","13","8","臺中市","北屯區","0","1","0","7","2","6","50","4","1","1","5","4","6","6","4","4","10","5","5","2","15","2","9","1","1","C03","7","9","1","10","2","12","","15","15","1","6","4","120.662692","24.198686","2"
"8445","66000","387130000C","(04)23274275","(04)23288582","2026","2","23","13","23","臺中市","大雅區","0","0","0","7","","","30","","","","","","","","","","","","","","","","","","","B03","","","1","","2","","","49","49","1","13","4","120.648572","24.227119","3"
"8446","66000","387130000C","(04)23274275","(04)23288582","2026","2","23","13","25","臺中市","清水區","0","0","0","7","","","50","","","","","","","","","","","","","","17","","","","","B03","","","1","","1","","","49","49","1","12","4","120.578774","24.271461","3"
"8447","66000","387130000C","(04)23274275","(04)23288582","2026","2","23","13","29","臺中市","南屯區","0","0","0","7","3","7","50","13","9","1","5","4","6","6","1","1","5","2","5","2","11","","","","","B12","","","1","","1","","","8","8","1","12","4","120.622134","24.14024","3"
"8448","66000","387130000C","(04)23274275","(04)23288582","2026","2","23","13","33","臺中市","東區","0","1","0","7","2","6","50","4","1","1","5","4","6","6","4","4","5","5","5","2","15","3","10","3","1","B03","7","9","1","8","2","1","","15","15","1","13","4","120.696462","24.149734","2"
"8449","66000","387130000C","(04)23274275","(04)23288582","2026","2","23","13","37","臺中市","北區","0","1","0","7","2","6","50","13","8","1","5","4","6","6","4","4","1","4","4","2","17","2","7","1","1","C03","7","9","1","10","2","12","","8","8","1","12","4","120.676886","24.156426","2"
"8450","66000","387130000C","(04)23274275","(04)23288582","2026","2","23","13","41","臺中市","北區","0","1","0","7","3","6","50","13","8","1","5","4","6","6","4","4","1","4","4","2","13","2","9","1","1","C03","7","9","1","10","2","11","","84","84","1","12","4","120.667767","24.159567","2"
"8451","66000","387130000C","(04)23274275","(04)23288582","2026","2","23","13","45","臺中市","南區","0","0","0","7","","","30","","","","","","","","","","","","","","14","","","","","B12","","","1","8","2","","","49","49","1","6","4","120.677678","24.12533","3"
"8452","66000","387130000C","(04)23274275","(04)23288582","2026","2","23","13","47","臺中市","太平區","0","0","0","7","","","50","","","","","","","","","","","","","","14","","","","","B03","","","1","","2","","","50","50","1","13","4","120.718556","24.129747","3"
"8453","66000","387130000C","(04)23274275","(04)23288582","2026","2","23","13","48","臺中市","西區","0","1","0","7","2","6","50","4","2","1","5","4","6","6","2","1","9","4","5","2","13","2","9","2","1","C03","7","9","1","10","2","12","14","87","87","1","12","4","120.664192","24.150826","2"
"8454","66000","387130000C","(04)23274275","(04)23288582","2026","2","23","13","48","臺中市","北屯區","0","1","0","7","1","6","50","3","2","1","5","4","6","6","4","4","5","5","4","2","13","3","10","3","1","B03","7","9","1","8","2","1","","7","7","1","13","4","120.671219","24.179511","2"
"8455","66000","387130000C","(04)23274275","(04)23288582","2026","2","23","14","6","臺中市","太平區","0","0","0","7","","","30","","","","","","","","","","","","","","","","","","","C03","","","1","","2","","","15","15","1","12","4","120.71991","24.147298","3"
"8456","66000","387130000C","(04)23274275","(04)23288582","2026","2","23","14","9","臺中市","豐原區","0","1","0","7","2","6","50","5","1","1","5","4","6","6","1","1","5","5","4","1","18","2","7","1","1","C03","7","11","1","10","2","12","","82","82","1","13","4","120.721649","24.248931","2"
"8457","66000","387130000C","(04)23274275","(04)23288582","2026","2","23","14","15","臺中市","東區","0","2","0","7","2","6","0","13","23","1","5","4","6","6","4","4","10","5","5","2","18","2","9","5","4","C04","7","5","5","10","2","12","","59","59","1","12","4","120.684686","24.130437","2"
"8458","66000","387130000C","(04)23274275","(04)23288582","2026","2","23","14","16","臺中市","沙鹿區","0","1","0","7","2","6","50","4","1","1","5","4","6","6","1","1","5","5","5","2","13","3","10","3","1","B12","7","9","1","8","2","5","","84","84","1","6","4","120.578762","24.221379","2"
"8459","66000","387130000C","(04)23274275","(04)23288582","2026","2","23","14","17","臺中市","太平區","0","1","0","7","2","6","50","13","9","1","5","4","6","6","4","4","9","5","5","1","17","3","10","4","1","B03","7","15","1","8","2","4","","76","76","1","13","4","120.710635","24.115719","2"
"8460","66000","387130000C","(04)23274275","(04)23288582","2026","2","23","14","20","臺中市","北屯區","0","0","0","7","","","50","","","","","","","","","","","","","","17","","","","","B03","","","1","","2","","","59","59","1","12","4","120.686012","24.191721","3"