序號,縣市別代碼,機關代碼,市話,傳真,年,月,日,時,分,縣市,區,死亡數量,受傷數量,2-30,天候,道路照明設備,道路類別,道路速限,道路型態,事故位置,路面鋪裝,路面狀態,路面缺陷,障礙物,視距,號誌種類,號誌動作,分向設施,快車道或一般車道間,快慢車道間,路面邊線,事故類型及型態,受傷程度,主要傷處,保護裝備,行動電話或功能裝置,當事者區分(類別),車輛用途,當事者行動狀態,駕照狀態,駕照種類,飲酒情形,車輛撞擊部位最初,車輛撞擊部位其他,肇事因素個別,肇事因素主要,肇事逃逸,職業,共享經濟或外送平台,GPS座標X,GPS座標Y,事故類別
"8461","66000","387130000C","(04)23274275","(04)23288582","2026","2","23","14","22","臺中市","北區","0","1","0","7","2","6","50","3","1","1","5","4","6","6","4","4","5","4","5","2","17","3","10","5","4","B03","7","5","1","8","2","2","","84","84","1","12","4","120.681329","24.156771","2"
"8462","66000","387130000C","(04)23274275","(04)23288582","2026","2","23","14","24","臺中市","神岡區","0","0","0","7","1","6","50","3","2","1","5","4","6","6","4","4","5","5","4","2","12","","","","","B03","","","1","","2","","","51","51","1","12","4","120.656111","24.25043","3"
"8463","66000","387130000C","(04)23274275","(04)23288582","2026","2","23","14","25","臺中市","烏日區","0","0","0","7","","","50","","","","","","","","","","","","","","14","","","","","B03","","","1","","2","","","50","50","1","6","4","120.626841","24.106","3"
"8464","66000","387130000C","(04)23274275","(04)23288582","2026","2","23","14","27","臺中市","大里區","0","2","0","7","2","6","50","3","1","1","5","4","6","6","4","4","10","5","5","2","16","2","9","2","1","C03","7","6","1","10","2","12","","14","14","1","6","4","120.708515","24.08679","2"
"8465","66000","387130000C","(04)23274275","(04)23288582","2026","2","23","14","33","臺中市","大里區","0","1","0","7","3","6","50","4","1","1","5","4","6","6","1","1","10","5","5","2","13","2","9","1","1","C03","7","9","1","10","2","11","","7","7","1","13","4","120.701007","24.102433","2"
"8466","66000","387130000C","(04)23274275","(04)23288582","2026","2","23","14","36","臺中市","梧棲區","0","1","0","7","3","6","40","13","9","1","5","4","6","6","4","4","10","5","5","2","16","3","10","3","1","B03","7","1","1","8","2","8","","51","51","1","6","4","120.53602","24.258917","2"
"8467","66000","387130000C","(04)23274275","(04)23288582","2026","2","23","14","42","臺中市","大甲區","0","0","0","7","","","50","","","","","","","","","","","","","","","","","","","B01","","","1","","1","","","49","49","1","6","4","120.62466","24.343928","3"
"8468","66000","387130000C","(04)23274275","(04)23288582","2026","2","23","14","43","臺中市","潭子區","0","0","0","7","","","30","","","","","","","","","","","","","","","","","","","B03","","","1","","2","","","8","8","1","13","4","120.700778","24.189474","3"
"8469","66000","387130000C","(04)23274275","(04)23288582","2026","2","23","14","44","臺中市","潭子區","0","0","0","7","","","50","","","","","","","","","","","","","","12","","","","","B03","","","1","","2","","","8","8","1","13","4","120.685726","24.209952","3"
"8470","66000","387130000C","(04)23274275","(04)23288582","2026","2","23","14","48","臺中市","北屯區","0","0","0","6","","","50","","","","","","","","","","","","","","17","","","","","B03","","","1","","1","","","51","51","1","12","4","120.669033","24.173536","3"
"8471","66000","387130000C","(04)23274275","(04)23288582","2026","2","23","14","50","臺中市","西區","0","0","0","7","","","50","","","","","","","","","","","","","","13","","","","","B03","","","1","","1","","","59","59","1","13","4","120.669921","24.14407","3"
"8472","66000","387130000C","(04)23274275","(04)23288582","2026","2","23","14","52","臺中市","西屯區","0","1","0","7","2","6","50","13","9","1","5","4","6","6","4","4","5","4","5","2","13","2","7","2","1","C03","7","9","1","11","2","11","","7","7","1","12","4","120.622801","24.186031","2"
"8473","66000","387130000C","(04)23274275","(04)23288582","2026","2","23","14","56","臺中市","北屯區","0","2","0","7","2","6","50","4","1","1","5","4","6","6","2","1","5","4","4","2","15","2","9","2","1","C04","7","9","1","11","2","12","","85","85","1","12","4","120.694195","24.171069","2"
"8474","66000","387130000C","(04)23274275","(04)23288582","2026","2","23","14","56","臺中市","烏日區","0","0","0","7","","","50","","","","","","","","","","","","","","12","","","","","B03","","","1","","1","","","59","59","1","13","4","120.595456","24.109879","3"
"8475","66000","387130000C","(04)23274275","(04)23288582","2026","2","23","14","58","臺中市","北屯區","0","2","0","7","2","6","50","3","1","1","5","4","6","6","3","1","10","5","5","2","17","2","8","1","1","C03","7","6","1","10","2","14","","24","24","1","13","4","120.682148","24.192458","2"
"8476","66000","387130000C","(04)23274275","(04)23288582","2026","2","23","15","3","臺中市","豐原區","0","1","0","7","2","6","50","13","9","1","5","4","6","6","4","4","5","5","5","1","16","3","10","5","4","B03","7","5","1","8","2","2","","84","84","1","12","4","120.744782","24.26425","2"
"8477","66000","387130000C","(04)23274275","(04)23288582","2026","2","23","15","4","臺中市","北屯區","0","0","0","7","","","50","","","","","","","","","","","","","","","","","","","C03","","","1","","1","","","59","59","1","12","4","120.694888","24.161276","3"
"8478","66000","387130000C","(04)23274275","(04)23288582","2026","2","23","15","5","臺中市","北區","0","0","0","7","","","50","","","","","","","","","","","","","","13","","","","","B03","","","1","","1","","","59","59","1","12","4","120.678714","24.147913","3"
"8479","66000","387130000C","(04)23274275","(04)23288582","2026","2","23","15","6","臺中市","神岡區","0","0","0","7","","","50","","","","","","","","","","","","","","13","","","","","B01","","","1","","1","","","59","59","1","13","4","120.684212","24.246612","3"
"8480","66000","387130000C","(04)23274275","(04)23288582","2026","2","23","15","12","臺中市","西屯區","0","1","0","7","2","6","50","4","1","1","5","4","6","6","1","1","10","5","5","2","12","2","9","1","4","C03","7","9","1","10","2","11","","8","8","1","13","4","120.660712","24.172391","2"
"8481","66000","387130000C","(04)23274275","(04)23288582","2026","2","23","15","12","臺中市","沙鹿區","0","0","0","7","","","30","","","","","","","","","","","","","","17","","","","","B12","","","1","","1","","","8","8","1","6","4","120.571701","24.256455","3"
"8482","66000","387130000C","(04)23274275","(04)23288582","2026","2","23","15","20","臺中市","南屯區","0","0","0","7","","","50","","","","","","","","","","","","","","12","","","","","B03","","","1","","1","","","8","8","1","12","4","120.654496","24.140092","3"
"8483","66000","387130000C","(04)23274275","(04)23288582","2026","2","23","15","21","臺中市","西區","0","0","0","7","","","50","","","","","","","","","","","","","","13","","","","","C03","","","1","","1","","","7","7","1","13","4","120.667057","24.129251","3"
"8484","66000","387130000C","(04)23274275","(04)23288582","2026","2","23","15","25","臺中市","沙鹿區","0","0","0","7","","","50","","","","","","","","","","","","","","","","","","","B03","","","1","","2","","","49","49","1","6","4","120.565331","24.236569","3"
"8485","66000","387130000C","(04)23274275","(04)23288582","2026","2","23","15","28","臺中市","西區","0","0","0","7","","","50","","","","","","","","","","","","","","13","","","","","B03","","","1","","1","","","84","84","1","13","4","120.656712","24.150834","3"
"8486","66000","387130000C","(04)23274275","(04)23288582","2026","2","23","15","28","臺中市","梧棲區","0","0","0","7","","","50","","","","","","","","","","","","","","11","","","","","B12","","","1","","1","","","93","93","1","6","4","120.531559","24.255134","3"
"8487","66000","387130000C","(04)23274275","(04)23288582","2026","2","23","15","34","臺中市","太平區","0","2","0","7","2","6","50","13","9","1","5","4","6","6","4","4","5","5","5","1","18","2","8","1","1","C03","7","9","1","10","2","16","","84","84","1","12","4","120.723734","24.142298","2"
"8488","66000","387130000C","(04)23274275","(04)23288582","2026","2","23","15","35","臺中市","大里區","0","0","0","7","","","50","","","","","","","","","","","","","","17","","","","","C03","","","1","","2","","","8","8","1","5","4","120.691679","24.091613","3"
"8489","66000","387130000C","(04)23274275","(04)23288582","2026","2","23","15","37","臺中市","潭子區","0","0","0","7","","","50","","","","","","","","","","","","","","","","","","","B03","","","1","","2","","","85","85","1","13","4","120.709265","24.200304","3"
"8490","66000","387130000C","(04)23274275","(04)23288582","2026","2","23","15","37","臺中市","北區","0","1","0","7","2","6","50","4","1","1","5","4","6","6","2","1","10","5","5","2","18","2","9","1","1","C03","7","5","1","10","2","16","","84","84","1","13","4","120.682583","24.153366","2"
"8491","66000","387130000C","(04)23274275","(04)23288582","2026","2","23","15","37","臺中市","北屯區","0","1","0","7","1","6","50","3","2","1","5","4","6","6","1","1","3","4","5","2","17","2","9","1","1","F03","7","9","7","21","2","14","","84","84","1","13","4","120.723164","24.162055","2"
"8492","66000","387130000C","(04)23274275","(04)23288582","2026","2","23","15","38","臺中市","南區","0","1","0","7","3","6","50","3","1","1","5","4","6","6","1","1","10","5","5","2","17","3","10","1","1","C03","7","1","1","10","2","11","","51","51","1","5","4","120.679422","24.120518","2"
"8493","66000","387130000C","(04)23274275","(04)23288582","2026","2","23","15","40","臺中市","北屯區","0","0","0","7","","","30","","","","","","","","","","","","","","17","","","","","B03","","","1","","1","","","51","51","1","6","4","120.735205","24.177098","3"
"8494","66000","387130000C","(04)23274275","(04)23288582","2026","2","23","15","40","臺中市","西屯區","0","0","0","7","","","0","","","","","","","","","","","","","","17","","","","","B03","","","1","","2","","","84","84","1","13","4","120.652543","24.161369","3"
"8495","66000","387130000C","(04)23274275","(04)23288582","2026","2","23","15","44","臺中市","大雅區","0","2","0","7","1","6","50","4","1","1","5","4","6","6","1","1","10","5","5","2","17","2","9","2","1","C03","7","9","3","19","9","12","","85","85","1","12","4","120.64434","24.234867","2"
"8496","66000","387130000C","(04)23274275","(04)23288582","2026","2","23","15","45","臺中市","大雅區","0","0","0","7","","","50","","","","","","","","","","","","","","13","","","","","C03","","","1","","1","","","84","84","1","12","4","120.644587","24.204545","3"
"8497","66000","387130000C","(04)23274275","(04)23288582","2026","2","23","15","45","臺中市","沙鹿區","0","0","0","7","2","6","50","13","8","1","5","4","6","6","4","4","1","3","4","2","12","","","","","B03","","","1","","2","","","51","51","1","12","4","120.558573","24.234352","3"
"8498","66000","387130000C","(04)23274275","(04)23288582","2026","2","23","15","50","臺中市","豐原區","0","1","0","7","1","6","50","13","9","1","5","4","6","6","4","4","5","4","5","1","17","2","9","1","1","C03","7","9","1","10","2","11","","7","7","1","6","4","120.719648","24.242057","2"
"8499","66000","387130000C","(04)23274275","(04)23288582","2026","2","23","15","54","臺中市","北屯區","0","0","0","7","","","50","","","","","","","","","","","","","","12","","","","","B02","","","1","","1","","","59","59","1","12","4","120.66071","24.191576","3"
"8500","66000","387130000C","(04)23274275","(04)23288582","2026","2","23","15","58","臺中市","中區","0","0","0","7","","","50","","","","","","","","","","","","","","13","","","","","B03","","","1","","1","","","59","59","1","13","4","120.679482","24.142421","3"
"8501","66000","387130000C","(04)23274275","(04)23288582","2026","2","23","15","58","臺中市","烏日區","0","1","0","7","3","9","50","12","9","1","5","4","6","6","4","4","4","5","5","2","9","3","10","3","1","B03","7","9","1","8","2","15","","8","8","1","6","4","120.588915","24.137464","2"
"8502","66000","387130000C","(04)23274275","(04)23288582","2026","2","23","15","59","臺中市","霧峰區","0","0","0","7","","","60","","","","","","","","","","","","","","14","","","","","E04","","","1","","2","","","49","49","1","12","4","120.693585","24.048886","3"
"8503","66000","387130000C","(04)23274275","(04)23288582","2026","2","23","16","0","臺中市","西區","0","0","0","7","","","","","","","","","","","","","","","","","17","","","","","","","","","","","","","86","86","2","","","120.653207","24.150022","3"
"8504","66000","387130000C","(04)23274275","(04)23288582","2026","2","23","16","0","臺中市","北屯區","0","0","0","7","","","40","","","","","","","","","","","","","","","","","","","B03","","","1","","10","","","87","87","1","12","4","120.719029","24.17938","4"
"8505","66000","387130000C","(04)23274275","(04)23288582","2026","2","23","16","3","臺中市","東區","0","1","0","7","3","6","50","13","9","1","5","4","6","6","4","4","1","5","5","2","12","2","9","2","1","C03","7","9","1","10","2","11","","1","1","1","13","4","120.711643","24.143975","2"
"8506","66000","387130000C","(04)23274275","(04)23288582","2026","2","23","16","4","臺中市","潭子區","0","1","0","7","3","6","50","13","7","1","5","4","6","6","4","4","5","4","4","2","17","3","10","3","1","B03","7","11","1","8","2","4","","84","84","1","13","4","120.706581","24.225868","2"
"8507","66000","387130000C","(04)23274275","(04)23288582","2026","2","23","16","5","臺中市","南屯區","0","1","0","7","3","6","50","4","1","1","5","4","6","6","1","1","10","5","5","2","17","3","10","2","1","C03","7","6","1","10","1","16","","11","11","1","13","4","120.642677","24.146819","2"
"8508","66000","387130000C","(04)23274275","(04)23288582","2026","2","23","16","6","臺中市","豐原區","0","1","0","7","2","6","50","4","1","1","5","4","6","6","1","1","10","5","5","2","17","3","10","3","1","B03","7","9","1","8","5","6","","21","21","1","13","4","120.720003","24.262221","2"
"8509","66000","387130000C","(04)23274275","(04)23288582","2026","2","23","16","9","臺中市","梧棲區","0","0","0","7","","","50","","","","","","","","","","","","","","17","","","","","B03","","","1","","2","","","51","51","1","6","4","120.534189","24.261645","3"
"8510","66000","387130000C","(04)23274275","(04)23288582","2026","2","23","16","10","臺中市","大雅區","0","0","0","7","","","50","","","","","","","","","","","","","","25","","","","","B03","","","1","","1","","","8","8","1","12","4","120.666885","24.232393","3"
"8511","66000","387130000C","(04)23274275","(04)23288582","2026","2","23","16","17","臺中市","南區","0","1","0","7","2","6","50","4","1","1","5","4","6","6","1","1","5","2","4","2","16","3","10","3","1","B03","7","6","1","8","2","2","","59","59","1","13","4","120.659282","24.1132","2"
"8512","66000","387130000C","(04)23274275","(04)23288582","2026","2","23","16","21","臺中市","北區","0","0","0","7","2","6","50","13","9","1","5","4","6","","4","4","5","4","5","2","17","3","10","6","5","B11","8","13","1","4","2","3","","82","82","1","12","4","120.667594","24.153869","3"
"8513","66000","387130000C","(04)23274275","(04)23288582","2026","2","23","16","24","臺中市","太平區","0","0","0","7","","3","80","","","","","","","","","","","","","","","","","","","B03","","","1","","2","","","59","59","1","12","4","120.706804","24.130697","3"
"8514","66000","387130000C","(04)23274275","(04)23288582","2026","2","23","16","24","臺中市","豐原區","0","0","0","7","","","50","","","","","","","","","","","","","","17","","","","","B03","","","1","","2","","","59","59","1","13","4","120.714426","24.251066","3"
"8515","66000","387130000C","(04)23274275","(04)23288582","2026","2","23","16","30","臺中市","東區","0","1","0","7","1","6","50","4","1","1","5","4","6","6","1","1","9","4","4","2","17","3","10","3","1","B03","7","9","1","8","2","6","","8","8","1","12","4","120.70134","24.125552","2"
"8516","66000","387130000C","(04)23274275","(04)23288582","2026","2","23","16","30","臺中市","北屯區","0","0","0","7","","","","","","","","","","","","","","","","","","","","","","","","","","","","","","119","119","1","","","120.669655","24.17876","4"
"8517","66000","387130000C","(04)23274275","(04)23288582","2026","2","23","16","31","臺中市","太平區","0","0","0","7","","","50","","","","","","","","","","","","","","13","","","","","C03","","","1","","1","","","7","7","1","13","4","120.700809","24.148057","3"
"8518","66000","387130000C","(04)23274275","(04)23288582","2026","2","23","16","33","臺中市","西區","0","1","0","7","2","6","40","4","1","1","5","4","6","6","4","4","10","5","5","2","16","2","9","1","1","C03","7","5","1","10","2","14","","12","12","1","12","4","120.660146","24.15144","2"
"8519","66000","387130000C","(04)23274275","(04)23288582","2026","2","23","16","33","臺中市","西區","0","0","0","7","","","50","","","","","","","","","","","","","","17","","","","","B03","","","1","","2","","","84","84","1","13","4","120.652994","24.149572","3"
"8520","66000","387130000C","(04)23274275","(04)23288582","2026","2","23","16","33","臺中市","豐原區","0","1","0","7","2","6","50","13","14","1","5","4","6","6","4","4","1","4","4","1","12","2","8","6","4","F01","7","9","7","21","2","12","","8","8","1","12","4","120.712294","24.240584","2"
"8521","66000","387130000C","(04)23274275","(04)23288582","2026","2","23","16","34","臺中市","大里區","0","0","0","7","","3","80","","","","","","","","","","","","","","17","","","","","B02","","","1","","1","","","40","40","1","13","4","120.684178","24.075825","3"
"8522","66000","387130000C","(04)23274275","(04)23288582","2026","2","23","16","44","臺中市","北區","0","1","0","7","2","6","50","3","2","1","5","4","6","6","4","4","10","5","5","2","17","3","10","3","1","B03","7","5","1","8","2","7","","12","12","1","13","4","120.687402","24.163171","2"
"8523","66000","387130000C","(04)23274275","(04)23288582","2026","2","23","16","45","臺中市","南區","0","0","0","7","","","50","","","","","","","","","","","","","","13","","","","","B02","","","1","","2","","","7","7","1","12","4","120.645792","24.11171","3"
"8524","66000","387130000C","(04)23274275","(04)23288582","2026","2","23","16","47","臺中市","南屯區","0","1","0","7","3","6","50","13","9","1","5","4","6","6","1","1","1","4","5","2","13","3","10","1","1","C03","7","9","1","10","2","12","","7","7","1","12","4","120.646343","24.13497","2"
"8525","66000","387130000C","(04)23274275","(04)23288582","2026","2","23","16","49","臺中市","北區","0","0","0","7","","","50","","","","","","","","","","","","","","13","","","","","B03","","","1","","3","","","56","56","1","12","4","120.68524","24.164738","3"
"8526","66000","387130000C","(04)23274275","(04)23288582","2026","2","23","16","59","臺中市","南屯區","0","1","0","7","2","6","50","13","9","1","5","4","6","6","4","4","9","4","5","2","17","3","10","1","1","C03","7","1","3","19","2","14","","51","51","1","12","4","120.617748","24.139455","2"
"8527","66000","387130000C","(04)23274275","(04)23288582","2026","2","23","17","2","臺中市","西屯區","0","0","0","7","","","60","","","","","","","","","","","","","","13","","","","","B03","","","1","","1","","","59","59","1","12","4","120.644808","24.194967","3"
"8528","66000","387130000C","(04)23274275","(04)23288582","2026","2","23","17","3","臺中市","大雅區","0","0","0","7","","","50","","","","","","","","","","","","","","12","","","","","B03","","","1","","2","","","14","14","1","12","4","120.639372","24.218711","3"
"8529","66000","387130000C","(04)23274275","(04)23288582","2026","2","23","17","5","臺中市","烏日區","0","1","0","7","2","6","50","5","2","1","5","4","6","6","1","1","1","5","1","2","12","3","10","5","4","C03","7","4","1","10","2","12","","1","1","1","13","4","120.641576","24.115586","2"
"8530","66000","387130000C","(04)23274275","(04)23288582","2026","2","23","17","8","臺中市","西區","0","0","0","7","","","50","","","","","","","","","","","","","","16","","","","","B03","","","1","","1","","","11","11","1","13","4","120.661713","24.150929","3"
"8531","66000","387130000C","(04)23274275","(04)23288582","2026","2","23","17","9","臺中市","北屯區","0","1","0","7","3","6","50","13","9","1","5","4","6","6","4","4","1","4","5","2","16","3","10","2","1","C03","7","5","1","10","2","12","","84","84","1","12","4","120.690071","24.171692","2"
"8532","66000","387130000C","(04)23274275","(04)23288582","2026","2","23","17","11","臺中市","霧峰區","0","1","0","7","3","6","30","4","1","1","5","4","6","6","4","4","10","5","5","1","17","2","9","1","1","C03","7","1","1","10","2","11","","51","51","1","4","4","120.699392","24.070989","2"
"8533","66000","387130000C","(04)23274275","(04)23288582","2026","2","23","17","13","臺中市","沙鹿區","0","0","0","7","","","50","","","","","","","","","","","","","","","","","","","B03","","","1","","1","","","7","7","1","6","4","120.55473","24.23155","4"
"8534","66000","387130000C","(04)23274275","(04)23288582","2026","2","23","17","15","臺中市","南屯區","0","1","0","7","3","6","50","13","8","1","5","4","6","6","4","4","5","5","4","2","13","3","10","2","1","C03","7","9","3","19","1","11","","59","59","1","13","4","120.610854","24.1452","2"
"8535","66000","387130000C","(04)23274275","(04)23288582","2026","2","23","17","15","臺中市","北屯區","0","0","0","7","","","30","","","","","","","","","","","","","","11","","","","","A12","","","1","","2","","","87","87","1","6","4","120.681484","24.203325","4"
"8536","66000","387130000C","(04)23274275","(04)23288582","2026","2","23","17","16","臺中市","梧棲區","0","3","0","7","3","6","40","3","1","1","5","4","6","6","1","1","10","5","5","2","16","2","3","3","1","B03","7","5","1","8","2","5","","47","47","1","6","4","120.544193","24.246885","2"
"8537","66000","387130000C","(04)23274275","(04)23288582","2026","2","23","17","17","臺中市","北屯區","0","0","0","7","","","50","","","","","","","","","","","","","","13","","","","","C03","","","1","","1","","","7","7","1","6","4","120.710843","24.175311","3"
"8538","66000","387130000C","(04)23274275","(04)23288582","2026","2","23","17","19","臺中市","南屯區","0","0","0","7","","","30","","","","","","","","","","","","","","13","","","","","C03","","","1","","1","","","7","7","1","12","4","120.612426","24.15078","4"
"8539","66000","387130000C","(04)23274275","(04)23288582","2026","2","23","17","20","臺中市","中區","0","1","0","7","1","6","50","13","9","1","5","4","6","6","4","4","10","5","5","2","30","2","9","5","4","C03","7","9","1","10","2","14","","87","87","1","12","4","120.677034","24.14379","2"
"8540","66000","387130000C","(04)23274275","(04)23288582","2026","2","23","17","22","臺中市","西屯區","0","1","0","7","1","6","50","13","9","1","5","4","6","6","4","4","1","3","1","2","16","2","9","1","1","C03","7","9","1","10","2","11","","84","84","1","12","4","120.637256","24.185202","2"
"8541","66000","387130000C","(04)23274275","(04)23288582","2026","2","23","17","23","臺中市","北屯區","0","0","0","7","","","50","","","","","","","","","","","","","","","","","","","B03","","","1","","1","","","50","50","1","13","4","120.671342","24.189352","3"
"8542","66000","387130000C","(04)23274275","(04)23288582","2026","2","23","17","24","臺中市","西區","0","0","0","7","","","50","","","","","","","","","","","","","","17","","","","","B03","","","1","","1","","","84","84","1","12","4","120.655242","24.143219","3"
"8543","66000","387130000C","(04)23274275","(04)23288582","2026","2","23","17","24","臺中市","大里區","0","0","0","7","3","6","50","4","1","1","5","4","6","6","1","1","10","5","5","2","13","","","","","C03","","","1","","2","","","84","84","1","12","4","120.680043","24.095585","3"
"8544","66000","387130000C","(04)23274275","(04)23288582","2026","2","23","17","26","臺中市","大雅區","0","0","0","7","","","50","","","","","","","","","","","","","","15","","","","","C03","","","","","","","","23","23","1","12","4","120.641465","24.23004","3"
"8545","66000","387130000C","(04)23274275","(04)23288582","2026","2","23","17","27","臺中市","西區","0","0","0","7","","","50","","","","","","","","","","","","","","17","","","","","C03","","","1","","1","","","14","14","1","13","4","120.665113","24.149961","4"
"8546","66000","387130000C","(04)23274275","(04)23288582","2026","2","23","17","29","臺中市","東區","0","1","0","7","3","6","50","4","1","1","5","4","6","6","1","1","5","4","4","2","11","3","10","3","1","B03","7","6","1","8","2","5","","11","11","1","6","4","120.701236","24.142695","2"
"8547","66000","387130000C","(04)23274275","(04)23288582","2026","2","23","17","29","臺中市","豐原區","0","0","0","7","","","50","","","","","","","","","","","","","","","","","","","C03","","","1","","2","","","7","7","1","13","4","120.725446","24.24615","3"
"8548","66000","387130000C","(04)23274275","(04)23288582","2026","2","23","17","31","臺中市","大肚區","0","2","0","7","3","6","50","4","19","1","5","4","6","6","2","1","5","5","5","1","3","2","8","2","1","C03","7","9","1","10","2","12","","10","10","1","12","4","120.574437","24.1697","2"
"8549","66000","387130000C","(04)23274275","(04)23288582","2026","2","23","17","39","臺中市","西區","0","2","0","7","2","6","50","13","9","1","5","4","6","6","4","4","10","5","5","2","9","2","9","6","5","H01","8","16","7","21","10","17","","95","95","1","13","5","120.660716","24.137968","2"
"8550","66000","387130000C","(04)23274275","(04)23288582","2026","2","23","17","40","臺中市","新社區","0","0","0","7","","","50","","","","","","","","","","","","","","","","","","","A04","","","1","","2","","","4","4","1","12","4","120.835929","24.171539","3"
"8551","66000","387130000C","(04)23274275","(04)23288582","2026","2","23","17","41","臺中市","南屯區","0","0","0","7","","","50","","","","","","","","","","","","","","17","","","","","C03","","","1","","2","","","8","8","1","13","4","120.639732","24.141862","3"
"8552","66000","387130000C","(04)23274275","(04)23288582","2026","2","23","17","41","臺中市","北屯區","0","0","0","7","","","50","","","","","","","","","","","","","","17","","","","","B03","","","1","","2","","","51","51","1","12","4","120.695099","24.182589","3"
"8553","66000","387130000C","(04)23274275","(04)23288582","2026","2","23","17","44","臺中市","霧峰區","0","1","0","7","3","6","30","13","9","1","5","4","6","6","4","4","10","5","5","1","18","2","9","1","1","C03","7","9","1","10","2","14","","84","84","1","12","4","120.662443","24.038298","2"
"8554","66000","387130000C","(04)23274275","(04)23288582","2026","2","23","17","49","臺中市","北區","0","1","0","7","1","6","50","13","7","1","5","4","6","6","4","4","8","3","4","2","12","2","9","2","1","C03","7","9","1","10","2","11","","84","84","1","13","4","120.690476","24.152377","2"
"8555","66000","387130000C","(04)23274275","(04)23288582","2026","2","23","17","49","臺中市","北屯區","0","3","0","7","1","6","50","13","9","1","5","4","6","6","4","4","9","4","5","2","12","2","9","1","1","C03","7","1","1","10","2","14","","51","51","1","13","4","120.688364","24.204384","2"
"8556","66000","387130000C","(04)23274275","(04)23288582","2026","2","23","17","50","臺中市","西屯區","0","2","0","7","1","6","50","13","9","1","5","4","6","6","4","4","5","5","5","2","3","2","9","6","5","H01","8","16","7","21","10","17","","98","98","1","12","5","120.661765","24.170391","2"
"8557","66000","387130000C","(04)23274275","(04)23288582","2026","2","23","17","50","臺中市","沙鹿區","0","1","0","7","1","6","60","5","1","1","5","4","6","6","2","1","10","5","5","2","12","3","10","5","4","B03","7","7","1","8","9","6","2","40","40","2","6","4","120.579565","24.221673","2"
"8558","66000","387130000C","(04)23274275","(04)23288582","2026","2","23","17","50","臺中市","沙鹿區","0","1","0","7","1","6","50","4","9","1","5","4","6","6","4","4","4","4","5","1","13","2","8","2","1","C03","7","9","1","10","2","11","","7","7","1","12","4","120.570704","24.229902","2"
"8559","66000","387130000C","(04)23274275","(04)23288582","2026","2","23","17","51","臺中市","北屯區","0","0","0","7","","","50","","","","","","","","","","","","","","17","","","","","B03","","","1","","1","","","51","51","1","6","4","120.727129","24.166554","3"
"8560","66000","387130000C","(04)23274275","(04)23288582","2026","2","23","17","52","臺中市","潭子區","0","0","0","6","","","30","","","","","","","","","","","","","","","","","","","B01","","","1","","2","","","49","49","1","13","4","120.69116","24.211035","3"
"8561","66000","387130000C","(04)23274275","(04)23288582","2026","2","23","18","0","臺中市","南屯區","0","1","0","7","3","6","50","13","9","1","5","4","6","6","1","1","5","5","5","2","13","3","10","1","1","C03","7","9","1","10","2","11","","7","7","1","12","4","120.63468","24.154143","2"
"8562","66000","387130000C","(04)23274275","(04)23288582","2026","2","23","18","0","臺中市","南屯區","0","0","0","7","","","50","","","","","","","","","","","","","","13","","","","","C03","","","1","","1","","","59","59","1","13","4","120.615685","24.147392","3"
"8563","66000","387130000C","(04)23274275","(04)23288582","2026","2","23","18","0","臺中市","大里區","0","1","0","7","1","6","50","3","2","1","5","4","6","6","4","4","10","5","5","2","14","3","10","3","1","B03","7","2","3","19","2","3","","49","49","1","12","4","120.696453","24.112491","2"
"8564","66000","387130000C","(04)23274275","(04)23288582","2026","2","23","18","0","臺中市","烏日區","0","0","0","7","","","30","","","","","","","","","","","","","","9","","","","","C03","","","1","","1","","","51","51","1","6","4","120.642609","24.109365","3"
"8565","66000","387130000C","(04)23274275","(04)23288582","2026","2","23","18","1","臺中市","神岡區","0","2","0","7","1","6","50","13","7","1","5","4","6","6","4","4","5","4","4","2","17","2","8","2","1","C03","7","11","1","10","2","14","","32","32","1","6","4","120.704527","24.261709","2"
"8566","66000","387130000C","(04)23274275","(04)23288582","2026","2","23","18","3","臺中市","太平區","0","2","0","7","2","6","50","4","1","1","5","4","6","6","2","1","5","4","5","1","16","2","8","2","1","C03","7","5","1","10","2","12","","47","47","2","6","4","120.72093","24.133619","2"
"8567","66000","387130000C","(04)23274275","(04)23288582","2026","2","23","18","3","臺中市","神岡區","0","2","0","7","2","6","50","4","1","1","5","4","6","6","1","1","10","5","5","1","16","2","8","5","4","C03","7","6","1","10","2","12","","11","11","1","13","4","120.682565","24.243425","2"
"8568","66000","387130000C","(04)23274275","(04)23288582","2026","2","23","18","9","臺中市","北屯區","0","0","0","7","","","50","","","","","","","","","","","","","","","","","","","B01","","","1","","1","","","40","40","1","12","4","120.685548","24.174595","3"
"8569","66000","387130000C","(04)23274275","(04)23288582","2026","2","23","18","11","臺中市","北屯區","0","0","0","7","","","40","","","","","","","","","","","","","","14","","","","","B03","","","1","","2","","","49","49","1","9","4","120.691857","24.172814","3"
"8570","66000","387130000C","(04)23274275","(04)23288582","2026","2","23","18","12","臺中市","西屯區","0","1","0","7","1","6","50","13","9","1","5","4","6","6","4","4","5","4","5","2","17","2","9","1","4","C03","7","9","1","10","2","12","","84","84","1","13","4","120.603998","24.186064","2"