序號,縣市別代碼,機關代碼,市話,傳真,年,月,日,時,分,縣市,區,死亡數量,受傷數量,2-30,天候,道路照明設備,道路類別,道路速限,道路型態,事故位置,路面鋪裝,路面狀態,路面缺陷,障礙物,視距,號誌種類,號誌動作,分向設施,快車道或一般車道間,快慢車道間,路面邊線,事故類型及型態,受傷程度,主要傷處,保護裝備,行動電話或功能裝置,當事者區分(類別),車輛用途,當事者行動狀態,駕照狀態,駕照種類,飲酒情形,車輛撞擊部位最初,車輛撞擊部位其他,肇事因素個別,肇事因素主要,肇事逃逸,職業,共享經濟或外送平台,GPS座標X,GPS座標Y,事故類別
"8571","66000","387130000C","(04)23274275","(04)23288582","2026","2","23","18","16","臺中市","大雅區","0","0","0","7","","","50","","","","","","","","","","","","","","13","","","","","B03","","","1","","2","","","7","7","1","12","4","120.65789","24.220423","3"
"8572","66000","387130000C","(04)23274275","(04)23288582","2026","2","23","18","18","臺中市","北屯區","0","2","0","7","1","6","50","5","2","1","5","4","6","6","4","4","5","4","5","2","17","2","9","1","1","C03","7","6","1","10","2","12","","12","12","1","13","4","120.690231","24.17596","2"
"8573","66000","387130000C","(04)23274275","(04)23288582","2026","2","23","18","20","臺中市","北屯區","0","1","0","7","1","6","50","4","1","1","5","4","6","6","1","1","10","5","5","2","16","3","10","3","1","B03","7","5","1","8","2","5","","26","26","1","6","4","120.685501","24.17219","2"
"8574","66000","387130000C","(04)23274275","(04)23288582","2026","2","23","18","23","臺中市","西屯區","0","0","0","7","","","40","","","","","","","","","","","","","","13","","","","","C03","","","1","","2","","","7","7","1","13","4","120.643643","24.165818","4"
"8575","66000","387130000C","(04)23274275","(04)23288582","2026","2","23","18","24","臺中市","南屯區","0","0","0","7","","","50","","","","","","","","","","","","","","14","","","","","B03","","","1","","2","","","49","49","1","12","4","120.653178","24.136155","4"
"8576","66000","387130000C","(04)23274275","(04)23288582","2026","2","23","18","25","臺中市","南區","0","1","0","7","1","6","40","13","8","1","5","4","6","6","4","4","1","4","4","2","17","3","10","3","1","B03","7","1","1","8","2","8","","51","51","1","6","4","120.654634","24.114127","2"
"8577","66000","387130000C","(04)23274275","(04)23288582","2026","2","23","18","26","臺中市","北屯區","0","1","0","7","1","6","40","13","8","1","5","4","6","6","4","4","1","5","5","2","13","2","9","1","1","C03","7","9","1","10","2","11","","84","84","1","4","4","120.721064","24.178978","2"
"8578","66000","387130000C","(04)23274275","(04)23288582","2026","2","23","18","27","臺中市","大里區","0","0","0","7","","","30","","","","","","","","","","","","","","14","","","","","B03","","","1","","2","","","49","49","1","12","4","120.695757","24.089422","3"
"8579","66000","387130000C","(04)23274275","(04)23288582","2026","2","23","18","27","臺中市","新社區","0","0","0","7","3","6","50","","9","1","5","4","5","5","4","4","5","4","5","2","14","3","10","5","4","B03","7","2","1","8","2","7","","49","49","1","13","4","120.824748","24.209771","3"
"8580","66000","387130000C","(04)23274275","(04)23288582","2026","2","23","18","28","臺中市","大里區","0","0","0","7","","","30","","","","","","","","","","","","","","17","","","","","B03","","","1","","2","","","8","8","1","13","4","120.696884","24.096575","3"
"8581","66000","387130000C","(04)23274275","(04)23288582","2026","2","23","18","30","臺中市","大雅區","0","0","0","7","","","","","","","","","","","","","","","","","11","","","","","","","","","","","","","86","86","1","","","120.660034","24.208981","3"
"8582","66000","387130000C","(04)23274275","(04)23288582","2026","2","23","18","30","臺中市","西屯區","0","0","0","7","","","50","","","","","","","","","","","","","","13","","","","","B03","","","1","","2","","","84","84","1","12","4","120.65957","24.171026","3"
"8583","66000","387130000C","(04)23274275","(04)23288582","2026","2","23","18","30","臺中市","霧峰區","0","0","0","7","","","50","","","","","","","","","","","","","","17","","","","","B03","","","1","","1","","","85","85","1","12","4","120.697028","24.06597","3"
"8584","66000","387130000C","(04)23274275","(04)23288582","2026","2","23","18","33","臺中市","太平區","0","0","0","7","","","30","","","","","","","","","","","","","","14","","","","","B12","","","1","","2","","","49","49","1","6","4","120.717244","24.1266","3"
"8585","66000","387130000C","(04)23274275","(04)23288582","2026","2","23","18","35","臺中市","西屯區","0","1","0","7","1","6","50","13","9","1","5","4","6","6","4","4","9","4","5","2","3","3","10","1","1","C03","7","9","1","10","2","11","","10","10","1","12","4","120.606281","24.187931","2"
"8586","66000","387130000C","(04)23274275","(04)23288582","2026","2","23","18","38","臺中市","西屯區","0","0","0","7","","","50","","","","","","","","","","","","","","17","","","","","","","","","","","","","119","119","1","","","120.664869","24.172927","3"
"8587","66000","387130000C","(04)23274275","(04)23288582","2026","2","23","18","42","臺中市","西屯區","0","1","0","7","1","6","50","3","7","1","5","4","6","6","1","1","5","4","4","2","13","2","7","1","4","C03","7","9","1","10","2","11","","7","7","1","13","4","120.646676","24.171219","2"
"8588","66000","387130000C","(04)23274275","(04)23288582","2026","2","23","18","44","臺中市","大肚區","0","1","0","7","3","6","50","13","9","1","5","4","6","6","4","4","5","5","5","1","12","3","10","2","1","C03","7","9","5","19","2","14","","8","8","1","6","4","120.579957","24.170977","2"
"8589","66000","387130000C","(04)23274275","(04)23288582","2026","2","23","18","45","臺中市","南屯區","0","1","0","7","1","6","50","4","1","1","5","4","6","6","1","1","10","5","5","2","30","","","","","","","","","","","","","119","119","1","","","120.646434","24.125978","2"
"8590","66000","387130000C","(04)23274275","(04)23288582","2026","2","23","18","46","臺中市","西屯區","0","1","0","7","1","6","50","3","1","1","5","4","6","6","4","4","4","5","4","2","16","3","10","5","4","B03","7","9","1","8","2","1","","84","84","1","13","4","120.667158","24.178179","2"
"8591","66000","387130000C","(04)23274275","(04)23288582","2026","2","23","18","48","臺中市","太平區","0","0","0","7","","","50","","","","","","","","","","","","","","13","","","","","B03","","","1","","2","","","84","84","1","13","4","120.715253","24.148858","3"
"8592","66000","387130000C","(04)23274275","(04)23288582","2026","2","23","18","49","臺中市","西區","0","0","0","7","","","50","","","","","","","","","","","","","","10","","","","","B03","","","1","","1","","","34","34","1","13","4","120.660601","24.157986","3"
"8593","66000","387130000C","(04)23274275","(04)23288582","2026","2","23","18","51","臺中市","太平區","0","0","0","7","","","50","","","","","","","","","","","","","","12","","","","","C03","","","1","","2","","","84","84","1","5","4","120.702054","24.148099","3"
"8594","66000","387130000C","(04)23274275","(04)23288582","2026","2","23","18","52","臺中市","大里區","0","1","0","7","1","6","50","3","14","1","5","4","6","6","1","1","9","4","4","1","14","3","10","3","1","B03","7","2","1","8","2","3","","49","49","1","13","4","120.693301","24.090155","2"
"8595","66000","387130000C","(04)23274275","(04)23288582","2026","2","23","18","53","臺中市","北屯區","0","1","0","7","1","6","50","3","1","1","5","4","6","6","3","1","10","5","5","2","17","3","10","3","1","B03","7","5","1","8","2","8","","84","84","1","12","4","120.682249","24.192267","2"
"8596","66000","387130000C","(04)23274275","(04)23288582","2026","2","23","18","54","臺中市","北屯區","0","0","0","7","","","50","","","","","","","","","","","","","","","","","","","A12","","","1","","2","","","84","84","1","13","4","120.694045","24.177253","3"
"8597","66000","387130000C","(04)23274275","(04)23288582","2026","2","23","18","59","臺中市","北區","0","2","0","7","1","6","50","4","1","1","5","4","6","6","4","4","5","5","5","2","15","2","8","1","1","C03","7","9","1","10","2","11","","15","15","1","12","4","120.666442","24.161603","2"
"8598","66000","387130000C","(04)23274275","(04)23288582","2026","2","23","18","59","臺中市","西屯區","0","1","0","7","1","6","40","4","1","1","5","4","6","6","4","4","4","5","5","2","15","2","7","1","1","C03","7","9","1","10","1","11","","15","15","1","13","4","120.654051","24.171896","2"
"8599","66000","387130000C","(04)23274275","(04)23288582","2026","2","23","19","1","臺中市","大甲區","0","1","0","7","1","6","40","4","9","1","5","4","6","6","4","4","7","5","5","1","11","3","10","3","1","B03","7","9","1","8","2","8","","8","8","1","12","4","120.633356","24.359841","2"
"8600","66000","387130000C","(04)23274275","(04)23288582","2026","2","23","19","3","臺中市","南區","0","2","0","7","1","6","50","13","9","1","5","4","6","6","2","1","1","4","5","2","13","2","6","2","1","C01","7","9","3","19","2","14","","7","7","1","13","4","120.649415","24.121337","2"
"8601","66000","387130000C","(04)23274275","(04)23288582","2026","2","23","19","5","臺中市","西屯區","0","1","0","7","1","6","35","11","9","1","5","4","6","6","4","4","10","5","5","2","12","3","10","1","1","C03","7","9","3","19","2","16","","8","8","1","12","4","120.628653","24.176066","2"
"8602","66000","387130000C","(04)23274275","(04)23288582","2026","2","23","19","6","臺中市","后里區","0","0","0","7","1","6","40","13","8","1","5","4","6","6","4","4","5","4","4","2","14","3","10","3","1","B12","7","2","1","8","2","3","","49","49","1","12","4","120.710966","24.304508","3"
"8603","66000","387130000C","(04)23274275","(04)23288582","2026","2","23","19","11","臺中市","西屯區","0","0","0","7","","","70","","","","","","","","","","","","","","13","","","","","B03","","","1","","1","","","59","59","1","13","4","120.5884","24.185229","3"
"8604","66000","387130000C","(04)23274275","(04)23288582","2026","2","23","19","13","臺中市","西屯區","0","1","0","7","1","6","50","4","4","1","5","4","6","6","1","1","1","4","4","2","12","3","10","3","1","B03","7","15","1","8","1","6","","84","84","1","12","4","120.639618","24.165586","2"
"8605","66000","387130000C","(04)23274275","(04)23288582","2026","2","23","19","14","臺中市","北區","0","2","0","7","1","6","50","4","1","1","5","4","6","6","2","1","10","5","5","2","12","2","9","1","1","C03","7","7","1","10","2","13","","84","84","1","13","4","120.675845","24.159218","2"
"8606","66000","387130000C","(04)23274275","(04)23288582","2026","2","23","19","17","臺中市","大雅區","0","0","0","7","","","0","","","","","","","","","","","","","","17","","","","","B03","","","1","","2","","","7","7","1","12","4","120.633384","24.237766","3"
"8607","66000","387130000C","(04)23274275","(04)23288582","2026","2","23","19","19","臺中市","太平區","0","0","0","7","","","30","","","","","","","","","","","","","","11","","","","","B03","","","1","","2","","","8","8","1","13","4","120.702307","24.112283","3"
"8608","66000","387130000C","(04)23274275","(04)23288582","2026","2","23","19","21","臺中市","豐原區","0","1","0","7","1","6","50","3","1","1","5","4","3","6","2","1","5","5","4","2","13","3","10","5","4","B03","7","9","1","8","2","5","","59","59","1","13","4","120.716712","24.251809","2"
"8609","66000","387130000C","(04)23274275","(04)23288582","2026","2","23","19","25","臺中市","西屯區","0","0","0","7","","","50","","","","","","","","","","","","","","12","","","","","C03","","","1","","1","","","8","8","1","13","4","120.647894","24.174161","3"
"8610","66000","387130000C","(04)23274275","(04)23288582","2026","2","23","19","27","臺中市","北區","0","1","0","7","1","6","50","4","2","1","5","4","6","6","1","3","10","5","5","2","12","2","9","2","1","C03","7","9","1","10","2","11","","84","84","1","13","4","120.683438","24.153692","2"
"8611","66000","387130000C","(04)23274275","(04)23288582","2026","2","23","19","38","臺中市","西屯區","0","0","0","7","","","50","","","","","","","","","","","","","","13","","","","","C03","","","1","","1","","","7","7","1","12","4","120.661116","24.171809","3"
"8612","66000","387130000C","(04)23274275","(04)23288582","2026","2","23","19","39","臺中市","北屯區","0","1","0","7","1","6","50","4","2","1","5","4","6","6","1","1","3","4","5","2","11","3","10","3","1","B03","7","6","1","8","2","1","","11","11","1","13","4","120.685718","24.174475","2"
"8613","66000","387130000C","(04)23274275","(04)23288582","2026","2","23","19","39","臺中市","大甲區","0","1","0","7","1","6","50","13","8","1","5","4","6","6","4","4","6","3","4","1","2","3","10","1","1","C03","7","9","1","10","2","11","","7","7","1","12","4","120.632782","24.35564","2"
"8614","66000","387130000C","(04)23274275","(04)23288582","2026","2","23","19","42","臺中市","大肚區","0","0","0","1","","","50","","","","","","","","","","","","","","13","","","","","B03","","","1","","1","","","7","7","1","12","4","120.578008","24.118317","3"
"8615","66000","387130000C","(04)23274275","(04)23288582","2026","2","23","19","46","臺中市","南屯區","0","1","0","7","1","6","50","13","9","1","5","4","6","6","4","4","5","5","5","2","12","2","9","6","1","F01","7","5","7","21","1","12","","42","42","1","13","4","120.654607","24.129805","2"
"8616","66000","387130000C","(04)23274275","(04)23288582","2026","2","23","19","46","臺中市","太平區","0","0","0","7","","","30","","","","","","","","","","","","","","14","","","","","B03","","","1","","1","","","50","50","1","13","4","120.715547","24.126709","3"
"8617","66000","387130000C","(04)23274275","(04)23288582","2026","2","23","19","46","臺中市","太平區","0","1","0","7","1","6","40","5","1","1","5","4","6","6","4","4","5","5","4","2","16","2","8","1","1","C03","7","12","3","19","2","14","","85","85","1","12","4","120.711845","24.150013","2"
"8618","66000","387130000C","(04)23274275","(04)23288582","2026","2","23","19","51","臺中市","西屯區","0","0","0","7","","","60","","","","","","","","","","","","","","13","","","","","B03","","","1","","1","","","56","56","1","13","4","120.63567","24.182252","3"
"8619","66000","387130000C","(04)23274275","(04)23288582","2026","2","23","19","52","臺中市","太平區","0","0","0","7","","","40","","","","","","","","","","","","","","17","","","","","B03","","","1","","2","","","78","78","1","12","4","120.71416","24.145573","3"
"8620","66000","387130000C","(04)23274275","(04)23288582","2026","2","23","19","54","臺中市","龍井區","0","0","0","7","","","50","","","","","","","","","","","","","","17","","","","","B03","","","1","","1","","","8","8","1","6","4","120.587487","24.181228","3"
"8621","66000","387130000C","(04)23274275","(04)23288582","2026","2","23","19","55","臺中市","清水區","0","1","0","7","3","6","50","13","9","1","5","4","6","6","4","4","5","5","5","2","14","3","10","3","1","B03","7","2","1","8","2","6","","49","49","1","12","4","120.575394","24.267345","2"
"8622","66000","387130000C","(04)23274275","(04)23288582","2026","2","23","20","10","臺中市","豐原區","0","2","0","7","1","6","50","4","1","1","5","4","6","6","1","1","10","5","5","2","13","2","8","2","1","C03","7","5","1","10","2","11","","7","7","1","13","4","120.714272","24.244766","2"
"8623","66000","387130000C","(04)23274275","(04)23288582","2026","2","23","20","11","臺中市","龍井區","0","2","0","1","1","6","50","4","2","1","5","4","6","6","2","1","4","3","5","1","16","2","1","1","1","C03","7","6","1","10","2","11","","11","11","1","12","4","120.523887","24.208657","2"
"8624","66000","387130000C","(04)23274275","(04)23288582","2026","2","23","20","13","臺中市","潭子區","0","2","0","6","3","6","50","4","1","1","5","4","6","6","1","1","1","4","5","2","15","2","7","2","1","C03","7","9","3","19","2","11","12","21","21","1","13","4","120.697631","24.216662","2"
"8625","66000","387130000C","(04)23274275","(04)23288582","2026","2","23","20","20","臺中市","北區","0","0","0","7","","","50","","","","","","","","","","","","","","14","","","","","B03","","","1","","1","","","49","49","1","13","4","120.668256","24.172824","3"
"8626","66000","387130000C","(04)23274275","(04)23288582","2026","2","23","20","23","臺中市","大里區","0","1","0","6","1","6","50","13","9","1","5","4","6","6","4","4","5","5","5","2","18","2","9","1","1","C03","7","9","1","10","2","12","","59","59","1","12","4","120.677958","24.112459","2"
"8627","66000","387130000C","(04)23274275","(04)23288582","2026","2","23","20","24","臺中市","西屯區","0","1","0","7","1","6","50","13","9","1","5","4","6","6","4","4","4","5","5","1","17","2","9","5","4","C03","7","9","3","19","2","14","","84","84","1","13","4","120.626355","24.186164","2"
"8628","66000","387130000C","(04)23274275","(04)23288582","2026","2","23","20","27","臺中市","西屯區","0","2","0","7","1","6","30","4","1","1","5","4","6","6","4","4","10","5","5","2","15","2","8","1","1","C03","7","9","1","10","2","12","","15","15","1","12","4","120.643888","24.181669","2"
"8629","66000","387130000C","(04)23274275","(04)23288582","2026","2","23","20","30","臺中市","南區","0","1","0","7","1","6","30","13","9","1","5","4","6","6","4","4","10","5","5","2","18","2","9","1","1","C03","7","9","1","10","2","12","","84","84","1","12","4","120.656426","24.122103","2"
"8630","66000","387130000C","(04)23274275","(04)23288582","2026","2","23","20","32","臺中市","潭子區","0","1","0","7","1","6","50","5","19","1","5","4","6","6","3","1","5","4","5","2","3","3","10","3","1","B03","7","5","1","8","2","1","","10","10","1","13","4","120.705832","24.215457","2"
"8631","66000","387130000C","(04)23274275","(04)23288582","2026","2","23","20","37","臺中市","北區","0","1","0","7","1","6","50","13","9","1","5","4","6","6","4","4","5","4","5","2","18","2","9","1","1","C03","7","9","1","10","2","12","","84","84","1","13","4","120.689584","24.155225","2"
"8632","66000","387130000C","(04)23274275","(04)23288582","2026","2","23","20","38","臺中市","大雅區","0","2","0","7","3","6","50","4","1","1","5","4","6","6","1","1","4","3","5","2","17","2","8","1","1","C03","7","6","5","19","2","12","","11","11","1","12","4","120.645365","24.221974","2"
"8633","66000","387130000C","(04)23274275","(04)23288582","2026","2","23","20","49","臺中市","后里區","0","1","0","7","1","6","50","4","1","1","5","4","6","6","1","1","5","4","4","1","8","3","10","3","1","B12","7","6","1","8","2","8","","59","59","1","12","4","120.710436","24.305003","2"
"8634","66000","387130000C","(04)23274275","(04)23288582","2026","2","23","20","52","臺中市","大甲區","0","2","0","7","1","6","40","4","9","1","5","4","6","6","4","4","6","3","5","1","11","2","9","1","1","C03","7","9","1","10","2","11","","12","12","1","12","4","120.651966","24.38068","2"
"8635","66000","387130000C","(04)23274275","(04)23288582","2026","2","23","21","1","臺中市","北屯區","0","0","0","7","","","30","","","","","","","","","","","","","","14","","","","","B03","","","1","","1","","","49","49","1","6","4","120.754169","24.199931","3"
"8636","66000","387130000C","(04)23274275","(04)23288582","2026","2","23","21","2","臺中市","清水區","0","0","0","7","1","6","60","13","7","1","5","4","6","6","4","4","8","3","4","1","13","","","","","B03","","","1","","9","","","7","7","2","12","4","120.596161","24.303788","3"
"8637","66000","387130000C","(04)23274275","(04)23288582","2026","2","23","21","12","臺中市","西區","0","1","0","7","1","6","50","3","1","1","5","4","6","6","1","1","10","5","5","2","3","3","10","5","4","B03","7","6","1","8","2","4","8","10","10","1","13","4","120.658972","24.155928","2"
"8638","66000","387130000C","(04)23274275","(04)23288582","2026","2","23","21","12","臺中市","大里區","0","2","0","7","1","6","50","4","1","1","5","4","6","6","1","1","10","5","5","2","16","2","9","2","1","C03","7","6","1","10","2","14","","48","48","1","12","4","120.689906","24.110053","2"
"8639","66000","387130000C","(04)23274275","(04)23288582","2026","2","23","21","13","臺中市","南屯區","0","1","0","7","2","6","50","4","4","1","5","4","6","6","1","1","5","2","5","2","17","3","10","3","1","B03","7","9","1","8","2","2","","39","39","1","12","4","120.642442","24.146815","2"
"8640","66000","387130000C","(04)23274275","(04)23288582","2026","2","23","21","16","臺中市","南屯區","0","1","0","7","1","6","50","4","1","1","5","4","6","6","1","1","5","5","5","2","16","3","10","3","1","B03","7","6","1","8","2","5","","11","11","1","13","4","120.654636","24.136689","2"
"8641","66000","387130000C","(04)23274275","(04)23288582","2026","2","23","21","17","臺中市","南屯區","0","1","0","7","3","6","40","14","8","1","5","4","6","6","4","4","1","4","1","2","17","2","9","2","1","C03","7","9","1","10","2","11","","59","59","1","13","4","120.629277","24.128208","2"
"8642","66000","387130000C","(04)23274275","(04)23288582","2026","2","23","21","22","臺中市","西屯區","0","0","0","7","","","30","","","","","","","","","","","","","","14","","","","","B03","","","1","","2","","","49","49","1","12","4","120.607394","24.185136","3"
"8643","66000","387130000C","(04)23274275","(04)23288582","2026","2","23","21","23","臺中市","南區","0","3","0","7","2","6","50","4","9","1","5","4","6","6","4","4","10","5","5","2","17","2","9","1","1","C04","7","5","1","10","2","14","","47","47","1","13","4","120.676732","24.128133","2"
"8644","66000","387130000C","(04)23274275","(04)23288582","2026","2","23","21","30","臺中市","北區","0","1","0","7","1","6","50","3","2","1","5","4","6","6","4","4","10","5","5","2","30","2","9","2","1","C03","7","9","1","10","2","11","","84","84","1","13","4","120.686673","24.148078","2"
"8645","66000","387130000C","(04)23274275","(04)23288582","2026","2","23","21","35","臺中市","東勢區","0","0","0","","","","","","","","","","","","","","","","","","","","","","","C03","","","3","","9","","","14","14","2","12","4","120.830213","24.254982","3"
"8646","66000","387130000C","(04)23274275","(04)23288582","2026","2","23","21","42","臺中市","西屯區","0","1","0","7","1","6","50","4","4","1","5","4","6","6","1","1","1","4","5","2","13","3","10","3","1","B03","7","9","1","8","2","5","","59","59","1","12","4","120.639727","24.185131","2"
"8647","66000","387130000C","(04)23274275","(04)23288582","2026","2","23","21","43","臺中市","豐原區","0","2","0","7","1","6","50","3","1","1","5","4","6","6","4","4","5","5","4","2","16","2","8","2","1","C03","7","4","2","19","2","14","12","84","84","1","13","4","120.718081","24.253356","2"
"8648","66000","387130000C","(04)23274275","(04)23288582","2026","2","23","21","47","臺中市","大里區","0","2","0","6","1","6","50","13","19","1","5","4","6","6","3","1","10","5","5","2","3","2","9","1","1","C03","7","9","1","10","2","11","","10","10","1","12","4","120.68274","24.110068","2"
"8649","66000","387130000C","(04)23274275","(04)23288582","2026","2","23","21","48","臺中市","西屯區","0","1","0","7","1","6","50","3","1","1","5","4","6","6","4","4","10","5","5","2","18","2","9","1","4","C03","7","9","1","10","2","14","","84","84","1","13","4","120.644459","24.174052","2"
"8650","66000","387130000C","(04)23274275","(04)23288582","2026","2","23","21","54","臺中市","東區","0","2","0","7","1","6","50","3","1","1","5","4","6","6","1","1","1","4","4","2","13","2","9","2","1","C03","7","9","1","10","2","11","","7","7","1","6","4","120.694286","24.151658","2"
"8651","66000","387130000C","(04)23274275","(04)23288582","2026","2","23","21","59","臺中市","北屯區","0","2","0","7","1","6","30","4","1","1","5","4","6","6","2","1","10","5","5","2","16","2","9","2","1","C03","7","9","1","10","2","11","","7","7","1","12","4","120.661898","24.178113","2"
"8652","66000","387130000C","(04)23274275","(04)23288582","2026","2","23","22","2","臺中市","神岡區","0","1","0","7","1","6","50","4","1","1","5","4","6","6","1","1","10","5","5","2","17","3","10","3","1","B12","7","6","1","8","2","8","","59","59","1","6","4","120.696007","24.248598","2"
"8653","66000","387130000C","(04)23274275","(04)23288582","2026","2","23","22","3","臺中市","西屯區","0","0","0","7","","","50","","","","","","","","","","","","","","12","","","","","F03","","","7","","1","","","8","8","1","13","4","120.637979","24.180788","3"
"8654","66000","387130000C","(04)23274275","(04)23288582","2026","2","23","22","8","臺中市","北屯區","0","1","0","7","1","6","50","4","2","1","5","4","6","6","1","1","1","4","5","2","13","2","9","1","1","C03","7","9","1","9","2","11","","84","84","1","6","4","120.670045","24.176306","2"
"8655","66000","387130000C","(04)23274275","(04)23288582","2026","2","23","22","11","臺中市","西屯區","0","0","0","7","","","50","","","","","","","","","","","","","","16","","","","","B03","","","1","","1","","","47","47","1","12","4","120.665278","24.166952","3"
"8656","66000","387130000C","(04)23274275","(04)23288582","2026","2","23","22","19","臺中市","神岡區","0","3","0","7","1","6","50","13","9","1","5","4","6","6","4","4","1","4","5","1","17","3","10","3","1","B02","7","9","1","4","2","1","","7","7","1","6","4","120.692097","24.24804","2"
"8657","66000","387130000C","(04)23274275","(04)23288582","2026","2","23","22","20","臺中市","中區","0","1","0","7","1","6","50","4","1","1","5","4","6","6","1","1","5","4","5","2","16","3","10","3","1","B01","7","6","1","4","2","6","","23","23","1","13","4","120.678783","24.147295","2"
"8658","66000","387130000C","(04)23274275","(04)23288582","2026","2","23","22","20","臺中市","后里區","0","1","0","7","1","6","50","9","9","1","5","4","6","6","4","4","5","5","5","1","12","2","9","1","1","C03","7","9","1","10","8","11","","59","59","1","12","4","120.695611","24.31628","2"
"8659","66000","387130000C","(04)23274275","(04)23288582","2026","2","23","22","23","臺中市","南屯區","0","0","0","7","","","50","","","","","","","","","","","","","","","","","","","B03","","","1","","1","","","84","84","1","13","4","120.639844","24.129318","3"
"8660","66000","387130000C","(04)23274275","(04)23288582","2026","2","23","22","35","臺中市","西屯區","0","1","0","7","1","3","40","10","11","1","5","4","6","6","4","4","10","5","5","2","13","3","10","1","1","C03","7","12","1","10","2","14","","58","58","1","12","4","120.633272","24.173059","2"
"8661","66000","387130000C","(04)23274275","(04)23288582","2026","2","23","22","44","臺中市","南區","0","0","0","7","","","30","","","","","","","","","","","","","","17","","","","","C03","","","2","","2","","","12","12","1","6","4","120.667523","24.123704","3"
"8662","66000","387130000C","(04)23274275","(04)23288582","2026","2","23","22","44","臺中市","北屯區","0","0","0","7","","","50","","","","","","","","","","","","","","","","","","","B03","","","1","","2","","","1","1","1","13","4","120.667703","24.179138","3"
"8663","66000","387130000C","(04)23274275","(04)23288582","2026","2","23","22","58","臺中市","西區","0","1","0","7","1","6","50","13","9","1","5","4","6","6","1","1","5","4","5","2","17","2","9","1","1","C03","7","6","1","10","2","11","12","84","84","1","13","4","120.655353","24.146523","2"
"8664","66000","387130000C","(04)23274275","(04)23288582","2026","2","23","23","8","臺中市","西屯區","0","0","0","7","","","40","","","","","","","","","","","","","","13","","","","","B03","","","1","","1","","","59","59","1","13","4","120.638339","24.1691","3"
"8665","66000","387130000C","(04)23274275","(04)23288582","2026","2","24","0","10","臺中市","北區","0","0","0","7","","","50","","","","","","","","","","","","","","14","","","","","B03","","","1","","2","","","49","49","1","13","4","120.699493","24.152069","3"
"8666","66000","387130000C","(04)23274275","(04)23288582","2026","2","24","0","16","臺中市","北區","0","1","0","7","1","6","50","4","1","1","5","4","6","6","4","4","10","5","5","2","17","3","10","5","4","B03","7","1","1","8","2","4","","51","51","1","13","4","120.675551","24.149733","2"
"8667","66000","387130000C","(04)23274275","(04)23288582","2026","2","24","1","47","臺中市","大里區","0","0","0","7","","3","50","","","","","","","","","","","","","","","","","","","B12","","","1","","2","","","79","79","1","12","4","120.683","24.087627","3"
"8668","66000","387130000C","(04)23274275","(04)23288582","2026","2","24","6","10","臺中市","新社區","0","1","0","7","2","6","50","14","9","1","5","4","6","6","4","4","8","5","5","2","17","3","10","3","1","B03","7","11","1","8","2","4","","45","45","1","12","4","120.793818","24.205931","2"
"8669","66000","387130000C","(04)23274275","(04)23288582","2026","2","24","6","11","臺中市","北屯區","0","2","0","6","3","6","50","5","1","1","5","4","6","6","2","1","1","4","5","2","3","2","9","6","5","H01","8","16","7","21","10","17","","96","96","1","13","5","120.690994","24.171429","2"
"8670","66000","387130000C","(04)23274275","(04)23288582","2026","2","24","6","32","臺中市","東勢區","0","0","0","7","","","50","","","","","","","","","","","","","","","","","","","B03","","","3","","2","","","45","45","1","12","4","120.795698","24.308468","3"
"8671","66000","387130000C","(04)23274275","(04)23288582","2026","2","24","6","48","臺中市","西屯區","0","0","0","7","","","30","","","","","","","","","","","","","","13","","","","","B03","","","1","","1","","","59","59","1","13","4","120.641095","24.173223","3"
"8672","66000","387130000C","(04)23274275","(04)23288582","2026","2","24","6","58","臺中市","大安區","0","1","0","7","2","6","30","4","1","1","5","4","6","6","4","4","10","5","5","2","15","2","9","2","1","C03","7","9","1","10","2","12","","15","15","1","7","4","120.590195","24.359178","2"
"8673","66000","387130000C","(04)23274275","(04)23288582","2026","2","24","7","1","臺中市","東區","0","1","0","7","1","6","50","4","1","1","5","4","6","6","1","1","9","4","5","2","16","3","10","3","1","B01","7","6","1","4","2","8","","48","48","1","12","4","120.707891","24.146135","2"
"8674","66000","387130000C","(04)23274275","(04)23288582","2026","2","24","7","9","臺中市","沙鹿區","0","0","0","7","","","60","","","","","","","","","","","","","","","","","","","B03","","","1","","1","","","40","40","1","13","4","120.56238","24.240218","3"
"8675","66000","387130000C","(04)23274275","(04)23288582","2026","2","24","7","10","臺中市","大雅區","0","1","0","7","3","6","50","13","9","1","5","4","6","6","4","4","9","5","5","1","17","3","10","3","1","B03","7","9","1","8","2","5","","84","84","1","12","4","120.639949","24.248479","2"
"8676","66000","387130000C","(04)23274275","(04)23288582","2026","2","24","7","10","臺中市","西區","0","0","0","7","","","50","","","","","","","","","","","","","","","","","","","B03","","","1","","1","","","7","7","1","13","4","120.669787","24.150697","3"
"8677","66000","387130000C","(04)23274275","(04)23288582","2026","2","24","7","10","臺中市","梧棲區","0","0","0","7","","","40","","","","","","","","","","","","","","14","","","","","B13","","","1","","2","","","49","49","1","6","4","120.548086","24.24694","3"
"8678","66000","387130000C","(04)23274275","(04)23288582","2026","2","24","7","10","臺中市","沙鹿區","0","0","0","7","","","50","","","","","","","","","","","","","","13","","","","","B03","","","1","","2","","","7","7","1","6","4","120.566694","24.204254","3"