序號,縣市別代碼,機關代碼,市話,傳真,年,月,日,時,分,縣市,區,死亡數量,受傷數量,2-30,天候,道路照明設備,道路類別,道路速限,道路型態,事故位置,路面鋪裝,路面狀態,路面缺陷,障礙物,視距,號誌種類,號誌動作,分向設施,快車道或一般車道間,快慢車道間,路面邊線,事故類型及型態,受傷程度,主要傷處,保護裝備,行動電話或功能裝置,當事者區分(類別),車輛用途,當事者行動狀態,駕照狀態,駕照種類,飲酒情形,車輛撞擊部位最初,車輛撞擊部位其他,肇事因素個別,肇事因素主要,肇事逃逸,職業,共享經濟或外送平台,GPS座標X,GPS座標Y,事故類別
"8679","66000","387130000C","(04)23274275","(04)23288582","2026","2","24","7","18","臺中市","神岡區","0","0","0","7","1","6","50","3","2","1","5","4","4","6","4","4","5","2","4","2","12","","","","","B03","","","1","","1","","","40","40","1","12","4","120.682542","24.246832","3"
"8680","66000","387130000C","(04)23274275","(04)23288582","2026","2","24","7","19","臺中市","神岡區","0","0","0","7","","","50","","","","","","","","","","","","","","9","","","","","B03","","","1","","2","","","59","59","1","12","4","120.658504","24.258003","3"
"8681","66000","387130000C","(04)23274275","(04)23288582","2026","2","24","7","23","臺中市","豐原區","0","0","0","7","","","60","","","","","","","","","","","","","","13","","","","","B03","","","1","","2","","","7","7","1","12","4","120.724316","24.264548","3"
"8682","66000","387130000C","(04)23274275","(04)23288582","2026","2","24","7","29","臺中市","西區","0","2","0","7","2","6","50","4","1","1","5","4","6","6","2","1","9","4","5","2","16","3","10","2","1","C03","7","5","1","10","2","13","","47","47","1","12","4","120.678435","24.13636","2"
"8683","66000","387130000C","(04)23274275","(04)23288582","2026","2","24","7","29","臺中市","北區","0","3","0","7","3","6","50","3","1","1","5","4","6","6","4","4","10","4","5","2","17","3","10","1","1","C02","7","5","1","9","2","13","","84","84","1","12","4","120.67716","24.165964","2"
"8684","66000","387130000C","(04)23274275","(04)23288582","2026","2","24","7","30","臺中市","西屯區","0","2","0","7","2","6","50","13","9","1","5","4","6","6","4","4","1","4","5","1","13","2","9","5","4","C03","7","9","1","10","2","11","","7","7","1","13","4","120.627036","24.172331","2"
"8685","66000","387130000C","(04)23274275","(04)23288582","2026","2","24","7","34","臺中市","大里區","0","1","0","7","2","6","30","13","9","1","5","4","6","6","4","4","10","5","5","2","11","3","10","1","1","C03","7","9","1","10","2","14","","41","41","1","6","4","120.71314","24.088021","2"
"8686","66000","387130000C","(04)23274275","(04)23288582","2026","2","24","7","35","臺中市","北屯區","0","2","0","7","2","6","50","4","1","1","5","4","6","6","1","1","10","5","5","2","13","2","9","1","1","C03","7","9","1","10","2","11","","7","7","1","6","4","120.670768","24.17516","2"
"8687","66000","387130000C","(04)23274275","(04)23288582","2026","2","24","7","36","臺中市","龍井區","0","1","0","7","2","6","40","13","8","1","5","4","6","6","4","4","9","4","1","2","12","2","9","1","1","C03","7","9","1","10","2","14","","84","84","1","6","4","120.576852","24.185623","2"
"8688","66000","387130000C","(04)23274275","(04)23288582","2026","2","24","7","37","臺中市","豐原區","0","1","0","7","2","6","50","13","9","1","5","4","6","6","1","1","1","4","5","2","13","2","9","5","4","C03","7","9","1","10","2","11","","7","7","1","12","4","120.705627","24.237049","2"
"8689","66000","387130000C","(04)23274275","(04)23288582","2026","2","24","7","38","臺中市","北區","0","0","0","7","","","50","","","","","","","","","","","","","","17","","","","","B03","","","1","","1","2","","59","59","1","12","4","120.676943","24.166153","3"
"8690","66000","387130000C","(04)23274275","(04)23288582","2026","2","24","7","38","臺中市","大里區","0","0","0","7","","","30","","","","","","","","","","","","","","12","","","","","F01","","","7","","2","","","8","8","1","13","4","120.672277","24.108495","3"
"8691","66000","387130000C","(04)23274275","(04)23288582","2026","2","24","7","39","臺中市","南屯區","0","1","0","7","3","6","50","13","9","1","5","4","6","6","4","4","9","5","5","2","12","2","9","1","1","C03","7","9","1","10","2","11","","87","87","1","12","4","120.604395","24.13459","2"
"8692","66000","387130000C","(04)23274275","(04)23288582","2026","2","24","7","41","臺中市","清水區","0","1","0","7","3","6","50","4","1","1","5","4","6","6","1","1","1","4","4","2","16","3","10","3","1","B03","7","6","1","8","2","6","","11","11","1","12","4","120.574806","24.267533","2"
"8693","66000","387130000C","(04)23274275","(04)23288582","2026","2","24","7","43","臺中市","西區","0","1","0","7","2","6","30","4","1","1","5","4","6","6","4","4","10","5","5","2","15","3","10","5","1","B03","7","9","1","8","2","2","","12","12","1","6","4","120.663659","24.129385","2"
"8694","66000","387130000C","(04)23274275","(04)23288582","2026","2","24","7","45","臺中市","西屯區","0","0","0","7","","","40","","","","","","","","","","","","","","17","","","","","B03","","","1","","1","","","51","51","1","12","4","120.608122","24.18852","3"
"8695","66000","387130000C","(04)23274275","(04)23288582","2026","2","24","7","45","臺中市","豐原區","0","0","0","7","","","50","","","","","","","","","","","","","","13","","","","","C03","","","1","","1","","","7","7","1","12","4","120.700725","24.245717","3"
"8696","66000","387130000C","(04)23274275","(04)23288582","2026","2","24","7","48","臺中市","西屯區","0","2","0","7","2","6","50","4","1","1","5","4","6","6","1","1","10","5","5","2","12","2","9","2","4","C04","7","5","1","11","2","12","","84","84","1","12","1","120.606236","24.18736","2"
"8697","66000","387130000C","(04)23274275","(04)23288582","2026","2","24","7","49","臺中市","南區","0","0","0","7","","","50","","","","","","","","","","","","","","16","","","","","B03","","","1","","1","","","11","11","1","12","4","120.679196","24.119219","3"
"8698","66000","387130000C","(04)23274275","(04)23288582","2026","2","24","7","49","臺中市","北屯區","0","4","0","7","2","6","50","3","1","1","5","4","6","6","2","1","10","5","5","2","13","2","9","2","1","C03","7","9","1","10","2","11","","7","7","1","6","4","120.69687","24.168874","2"
"8699","66000","387130000C","(04)23274275","(04)23288582","2026","2","24","7","50","臺中市","大雅區","0","0","0","7","","","30","","","","","","","","","","","","","","","","","","","B03","","","1","","1","","","8","8","1","13","4","120.655993","24.212533","4"
"8700","66000","387130000C","(04)23274275","(04)23288582","2026","2","24","7","50","臺中市","北區","0","0","0","7","","","50","","","","","","","","","","","","","","","","","","","B03","","","1","","1","","","8","8","1","12","4","120.670387","24.161605","3"
"8701","66000","387130000C","(04)23274275","(04)23288582","2026","2","24","7","50","臺中市","北屯區","0","0","0","7","","","50","","","","","","","","","","","","","","13","","","","","C03","","","1","","1","","","7","7","1","12","4","120.690903","24.172558","3"
"8702","66000","387130000C","(04)23274275","(04)23288582","2026","2","24","7","51","臺中市","北屯區","0","0","0","7","","","50","","","","","","","","","","","","","","13","","","","","C03","","","1","","1","","","59","59","1","12","4","120.721914","24.181313","3"
"8703","66000","387130000C","(04)23274275","(04)23288582","2026","2","24","7","52","臺中市","北區","0","0","0","7","","","50","","","","","","","","","","","","","","13","","","","","B03","","","1","","1","","","59","59","1","12","4","120.681767","24.149328","3"
"8704","66000","387130000C","(04)23274275","(04)23288582","2026","2","24","7","53","臺中市","西屯區","0","1","0","7","2","6","50","8","9","1","5","4","6","6","4","4","1","4","5","2","13","2","7","5","4","C03","7","7","1","10","2","11","","40","40","1","12","4","120.629419","24.171474","2"
"8705","66000","387130000C","(04)23274275","(04)23288582","2026","2","24","7","53","臺中市","西屯區","0","2","0","7","2","8","40","13","11","1","5","4","6","6","4","4","1","5","5","2","13","2","8","2","4","C03","7","9","1","10","2","11","","7","7","1","12","4","120.632805","24.170658","2"
"8706","66000","387130000C","(04)23274275","(04)23288582","2026","2","24","7","56","臺中市","大里區","0","0","0","7","","","30","","","","","","","","","","","","","","","","","","","B03","","","1","","1","","","8","8","1","6","4","120.692451","24.086554","3"
"8707","66000","387130000C","(04)23274275","(04)23288582","2026","2","24","7","57","臺中市","北屯區","0","1","0","7","2","6","50","4","1","1","5","4","6","6","2","1","10","5","5","2","17","2","9","1","1","F01","7","1","7","21","2","14","","51","51","1","3","4","120.721668","24.162667","2"
"8708","66000","387130000C","(04)23274275","(04)23288582","2026","2","24","7","57","臺中市","豐原區","0","1","0","7","2","6","50","4","1","1","5","4","6","6","4","4","5","4","4","2","17","3","10","3","1","B12","7","11","1","8","2","8","","45","45","1","12","4","120.744005","24.255881","2"
"8709","66000","387130000C","(04)23274275","(04)23288582","2026","2","24","8","0","臺中市","霧峰區","0","1","0","7","2","6","50","13","9","1","5","4","6","6","4","4","5","5","5","1","21","2","9","2","1","C03","7","9","1","9","2","12","","84","84","1","13","4","120.654834","24.084399","2"
"8710","66000","387130000C","(04)23274275","(04)23288582","2026","2","24","8","2","臺中市","太平區","0","0","0","7","","","50","","","","","","","","","","","","","","16","","","","","B03","","","1","","2","","","45","45","1","12","4","120.707457","24.126731","3"
"8711","66000","387130000C","(04)23274275","(04)23288582","2026","2","24","8","4","臺中市","東區","0","2","0","7","2","6","50","4","1","1","5","4","6","6","1","1","10","5","5","2","16","2","8","1","1","C03","7","6","1","10","1","12","","39","39","1","12","4","120.706049","24.144484","2"
"8712","66000","387130000C","(04)23274275","(04)23288582","2026","2","24","8","7","臺中市","東區","0","0","0","7","","","50","","","","","","","","","","","","","","13","","","","","B03","","","1","","1","","","59","59","1","12","4","120.698283","24.151105","3"
"8713","66000","387130000C","(04)23274275","(04)23288582","2026","2","24","8","7","臺中市","大里區","0","1","0","7","2","6","50","4","1","1","5","4","6","6","1","1","10","5","5","1","18","2","9","1","1","C03","7","9","1","10","2","12","","87","87","1","12","4","120.676013","24.114954","2"
"8714","66000","387130000C","(04)23274275","(04)23288582","2026","2","24","8","8","臺中市","霧峰區","0","1","0","7","2","6","30","4","1","1","5","4","6","6","4","4","10","5","5","2","17","2","9","1","1","C03","7","6","1","10","2","12","","11","11","1","6","4","120.694873","24.066027","2"
"8715","66000","387130000C","(04)23274275","(04)23288582","2026","2","24","8","14","臺中市","霧峰區","0","1","0","7","2","6","50","13","9","1","5","4","6","6","4","4","5","5","5","1","17","3","10","2","1","C03","7","6","1","10","2","11","","39","39","1","13","4","120.715151","24.073692","2"
"8716","66000","387130000C","(04)23274275","(04)23288582","2026","2","24","8","14","臺中市","龍井區","0","0","0","7","","","50","","","","","","","","","","","","","","","","","","","B12","","","1","","2","","","84","84","1","12","4","120.546782","24.193905","3"
"8717","66000","387130000C","(04)23274275","(04)23288582","2026","2","24","8","15","臺中市","沙鹿區","0","1","0","7","2","6","50","13","9","1","5","4","6","6","4","4","5","5","5","2","3","2","8","6","5","H01","8","16","7","21","10","17","","95","95","1","6","5","120.558321","24.234913","2"
"8718","66000","387130000C","(04)23274275","(04)23288582","2026","2","24","8","15","臺中市","大甲區","0","0","0","6","","","30","","","","","","","","","","","","","","30","","","","","B03","","","1","","2","","","58","58","1","6","4","120.654802","24.388985","3"
"8719","66000","387130000C","(04)23274275","(04)23288582","2026","2","24","8","17","臺中市","沙鹿區","0","0","0","7","","","30","","","","","","","","","","","","","","","","","","","B03","","","1","","2","","","84","84","1","13","4","120.574757","24.220476","3"
"8720","66000","387130000C","(04)23274275","(04)23288582","2026","2","24","8","18","臺中市","西屯區","0","1","0","7","2","6","50","3","1","1","5","4","6","6","2","1","10","5","5","2","12","","","","","","","15","","","","","","86","86","2","","","120.645112","24.162864","2"
"8721","66000","387130000C","(04)23274275","(04)23288582","2026","2","24","8","18","臺中市","大里區","0","0","0","7","","","30","","","","","","","","","","","","","","12","","","","","B03","","","1","","2","","","8","8","1","13","4","120.691922","24.107784","3"
"8722","66000","387130000C","(04)23274275","(04)23288582","2026","2","24","8","19","臺中市","太平區","0","2","0","7","3","6","50","4","1","1","5","4","6","6","3","1","5","4","4","1","13","2","8","1","1","C03","7","9","1","10","2","11","","7","7","1","13","4","120.727561","24.150122","2"
"8723","66000","387130000C","(04)23274275","(04)23288582","2026","2","24","8","20","臺中市","太平區","0","2","0","7","2","6","50","13","9","1","5","4","6","6","4","4","5","5","5","1","16","2","8","2","1","C03","7","9","1","10","2","14","","85","85","1","12","4","120.727569","24.114973","2"
"8724","66000","387130000C","(04)23274275","(04)23288582","2026","2","24","8","21","臺中市","北屯區","0","0","0","7","","","50","","","","","","","","","","","","","","12","","","","","B03","","","1","","1","","","8","8","1","6","4","120.689216","24.186267","3"
"8725","66000","387130000C","(04)23274275","(04)23288582","2026","2","24","8","22","臺中市","北區","0","0","0","7","","","50","","","","","","","","","","","","","","17","","","","","B03","","","1","","1","","","51","51","1","12","4","120.669395","24.162441","3"
"8726","66000","387130000C","(04)23274275","(04)23288582","2026","2","24","8","22","臺中市","龍井區","0","1","0","7","1","6","50","11","9","1","5","4","6","6","4","4","9","5","5","1","11","2","9","1","1","C03","7","5","1","10","2","11","","6","6","1","6","4","120.570626","24.186685","2"
"8727","66000","387130000C","(04)23274275","(04)23288582","2026","2","24","8","24","臺中市","北區","0","1","0","7","3","6","50","13","9","1","5","4","6","6","4","4","5","5","5","2","18","2","9","1","1","C03","7","9","1","10","2","12","","84","84","1","12","4","120.678696","24.153859","2"
"8728","66000","387130000C","(04)23274275","(04)23288582","2026","2","24","8","26","臺中市","北屯區","0","2","0","7","2","6","50","4","1","1","5","4","6","6","1","1","10","5","5","2","13","2","9","1","1","C03","7","9","1","10","2","12","","7","7","1","6","4","120.690816","24.163041","2"
"8729","66000","387130000C","(04)23274275","(04)23288582","2026","2","24","8","26","臺中市","西屯區","0","2","0","7","2","6","50","13","9","1","5","4","6","6","4","4","1","4","5","2","17","2","8","5","4","C03","7","9","1","10","2","11","","84","84","1","13","4","120.649766","24.163015","2"
"8730","66000","387130000C","(04)23274275","(04)23288582","2026","2","24","8","27","臺中市","南屯區","0","2","0","7","2","6","30","3","1","1","5","4","6","6","4","4","5","5","4","1","16","2","7","1","1","C03","7","6","1","10","2","14","","14","14","1","13","4","120.615855","24.151281","2"
"8731","66000","387130000C","(04)23274275","(04)23288582","2026","2","24","8","28","臺中市","北區","0","1","0","7","2","6","50","13","9","1","5","4","6","6","4","4","5","4","5","2","13","3","10","5","4","B02","7","9","1","8","2","5","","84","84","1","12","4","120.68097","24.159224","2"
"8732","66000","387130000C","(04)23274275","(04)23288582","2026","2","24","8","30","臺中市","北區","0","1","0","7","3","6","50","13","9","1","5","4","6","6","4","4","5","4","5","2","17","2","9","1","1","C03","7","9","1","10","2","12","","8","8","1","12","4","120.670508","24.158208","2"
"8733","66000","387130000C","(04)23274275","(04)23288582","2026","2","24","8","30","臺中市","霧峰區","0","1","0","7","2","6","50","13","9","1","5","4","6","6","4","4","9","5","5","1","16","3","10","3","1","B03","7","5","1","8","2","6","","47","47","1","13","4","120.653373","24.085208","2"
"8734","66000","387130000C","(04)23274275","(04)23288582","2026","2","24","8","31","臺中市","南區","0","0","0","7","","","30","","","","","","","","","","","","","","10","","","","","B12","","","1","","1","","","85","85","1","13","4","120.659056","24.115565","3"
"8735","66000","387130000C","(04)23274275","(04)23288582","2026","2","24","8","32","臺中市","西屯區","0","0","0","7","","","50","","","","","","","","","","","","","","13","","","","","B03","","","1","","1","","","59","59","1","13","4","120.620489","24.183752","3"
"8736","66000","387130000C","(04)23274275","(04)23288582","2026","2","24","8","35","臺中市","豐原區","0","0","0","7","","","50","","","","","","","","","","","","","","12","","","","","C03","","","3","","9","","","84","84","2","12","4","120.70875","24.250238","3"
"8737","66000","387130000C","(04)23274275","(04)23288582","2026","2","24","8","39","臺中市","烏日區","0","0","0","7","","","40","","","","","","","","","","","","","","13","","","","","C04","","","1","","1","","","7","7","1","6","4","120.641971","24.106199","3"
"8738","66000","387130000C","(04)23274275","(04)23288582","2026","2","24","8","44","臺中市","西區","0","0","0","7","","","60","","","","","","","","","","","","","","12","","","","","B03","","","1","","11","","","84","84","2","13","4","120.65986","24.156886","3"
"8739","66000","387130000C","(04)23274275","(04)23288582","2026","2","24","8","44","臺中市","西屯區","0","0","0","7","","","50","","","","","","","","","","","","","","13","","","","","B03","","","1","","1","","","7","7","1","12","4","120.644777","24.201561","3"
"8740","66000","387130000C","(04)23274275","(04)23288582","2026","2","24","8","46","臺中市","大里區","0","2","0","7","2","6","50","3","2","1","5","4","6","6","1","1","5","4","5","1","17","2","9","2","1","C03","7","5","1","10","2","11","","22","22","1","13","4","120.719343","24.097808","2"
"8741","66000","387130000C","(04)23274275","(04)23288582","2026","2","24","8","50","臺中市","中區","0","2","0","7","2","6","30","4","1","1","5","4","6","6","4","4","10","4","5","2","15","2","9","2","1","C03","7","9","1","10","2","12","14","13","13","1","12","4","120.683708","24.14006","2"
"8742","66000","387130000C","(04)23274275","(04)23288582","2026","2","24","8","50","臺中市","烏日區","0","0","0","7","","","50","","","","","","","","","","","","","","22","","","","","B03","","","1","","2","","","84","84","1","6","4","120.62036","24.102093","3"
"8743","66000","387130000C","(04)23274275","(04)23288582","2026","2","24","8","51","臺中市","北屯區","0","2","0","7","2","6","40","13","12","1","5","4","6","6","4","4","1","4","4","2","13","2","9","2","1","C03","7","9","1","9","2","11","","7","7","1","6","4","120.720335","24.162901","2"
"8744","66000","387130000C","(04)23274275","(04)23288582","2026","2","24","8","52","臺中市","潭子區","0","1","0","7","2","6","40","3","14","1","5","4","6","6","2","1","1","4","4","1","17","2","9","1","1","C03","7","9","1","10","2","11","","59","59","1","13","4","120.707378","24.225467","2"
"8745","66000","387130000C","(04)23274275","(04)23288582","2026","2","24","8","52","臺中市","神岡區","0","0","0","7","","","50","","","","","","","","","","","","","","13","","","","","B03","","","1","","2","","","59","59","1","12","4","120.65769","24.277988","3"
"8746","66000","387130000C","(04)23274275","(04)23288582","2026","2","24","8","57","臺中市","西屯區","0","0","0","7","","","50","","","","","","","","","","","","","","13","","","","","B03","","","1","","1","","","59","59","1","12","4","120.640393","24.173769","4"
"8747","66000","387130000C","(04)23274275","(04)23288582","2026","2","24","8","57","臺中市","大里區","0","2","0","7","2","6","60","13","7","1","5","4","6","6","4","4","1","4","4","1","13","3","10","3","1","B12","7","9","1","8","2","1","","82","82","1","12","4","120.678618","24.10416","2"
"8748","66000","387130000C","(04)23274275","(04)23288582","2026","2","24","9","0","臺中市","西區","0","0","0","7","","","50","","","","","","","","","","","","","","","","","","","C03","","","1","","1","","","7","7","1","13","4","120.665812","24.132274","3"
"8749","66000","387130000C","(04)23274275","(04)23288582","2026","2","24","9","0","臺中市","神岡區","0","0","0","7","1","6","30","13","9","1","5","4","6","6","4","4","10","5","5","2","14","","","","","A12","","","1","","2","","","49","49","1","12","4","120.664195","24.271908","3"
"8750","66000","387130000C","(04)23274275","(04)23288582","2026","2","24","9","2","臺中市","豐原區","0","1","0","7","2","6","50","13","9","1","5","4","6","6","4","4","5","5","4","2","13","2","9","5","4","C03","7","12","1","10","2","11","","7","7","1","12","4","120.712006","24.250701","2"
"8751","66000","387130000C","(04)23274275","(04)23288582","2026","2","24","9","4","臺中市","潭子區","0","0","0","7","","","30","","","","","","","","","","","","","","13","","","","","C03","","","1","","2","","","59","59","1","12","4","120.720605","24.195247","3"
"8752","66000","387130000C","(04)23274275","(04)23288582","2026","2","24","9","4","臺中市","北屯區","0","2","0","7","2","6","30","4","1","1","5","4","6","6","4","4","5","5","5","2","15","2","9","2","1","C03","7","9","1","10","2","14","","12","12","1","12","4","120.689087","24.163747","2"
"8753","66000","387130000C","(04)23274275","(04)23288582","2026","2","24","9","6","臺中市","大里區","0","0","0","7","2","6","50","3","1","1","5","4","6","6","1","1","5","2","5","2","12","","","","","B03","","","1","","2","","","47","47","1","13","4","120.689591","24.115317","3"
"8754","66000","387130000C","(04)23274275","(04)23288582","2026","2","24","9","7","臺中市","南區","0","1","0","7","1","6","50","4","2","1","5","4","6","6","1","1","9","4","5","2","12","3","10","3","1","B01","7","11","1","4","2","2","","39","39","1","12","4","120.663854","24.116886","2"
"8755","66000","387130000C","(04)23274275","(04)23288582","2026","2","24","9","8","臺中市","南屯區","0","0","0","7","","","40","","","","","","","","","","","","","","17","","","","","B03","","","1","","1","","","50","50","1","6","4","120.647624","24.135932","3"
"8756","66000","387130000C","(04)23274275","(04)23288582","2026","2","24","9","14","臺中市","東區","0","1","0","7","2","6","50","13","9","1","5","4","6","6","1","1","5","4","5","2","13","2","9","5","4","C03","7","9","1","10","2","11","","7","7","1","12","4","120.686389","24.140158","2"
"8757","66000","387130000C","(04)23274275","(04)23288582","2026","2","24","9","17","臺中市","西屯區","0","2","0","7","2","6","50","13","9","1","5","4","6","6","4","4","5","5","5","2","9","2","8","2","1","F03","7","9","7","21","2","11","","84","84","1","12","4","120.667056","24.176807","2"
"8758","66000","387130000C","(04)23274275","(04)23288582","2026","2","24","9","18","臺中市","西區","0","2","0","7","2","6","50","4","1","1","5","4","6","6","4","4","10","5","5","2","13","2","9","1","1","C03","7","6","3","19","2","12","","84","84","1","6","4","120.661729","24.152118","2"
"8759","66000","387130000C","(04)23274275","(04)23288582","2026","2","24","9","18","臺中市","北屯區","0","0","0","7","","","50","","","","","","","","","","","","","","17","","","","","C03","","","1","","9","","","84","84","1","6","4","120.686932","24.180292","3"
"8760","66000","387130000C","(04)23274275","(04)23288582","2026","2","24","9","22","臺中市","西區","0","1","0","7","2","6","50","13","9","1","5","4","6","6","4","4","5","4","5","2","9","3","10","6","5","H01","8","16","7","21","10","17","","95","95","1","13","5","120.66603","24.146656","2"
"8761","66000","387130000C","(04)23274275","(04)23288582","2026","2","24","9","23","臺中市","西區","0","2","0","7","2","6","50","4","1","1","5","4","6","6","1","1","10","5","5","2","17","3","10","3","1","B03","7","9","1","8","2","1","","21","21","1","12","4","120.671783","24.136724","2"
"8762","66000","387130000C","(04)23274275","(04)23288582","2026","2","24","9","23","臺中市","南區","0","1","0","7","2","6","50","4","1","1","5","4","6","6","1","1","10","5","5","2","16","2","9","1","1","C03","7","6","3","19","2","13","","48","48","1","12","4","120.666787","24.115296","2"
"8763","66000","387130000C","(04)23274275","(04)23288582","2026","2","24","9","23","臺中市","西屯區","0","0","0","7","","","60","","","","","","","","","","","","","","14","","","","","B12","","","1","","1","","","49","49","1","12","4","120.646143","24.164449","3"
"8764","66000","387130000C","(04)23274275","(04)23288582","2026","2","24","9","30","臺中市","大里區","0","0","0","7","","","50","","","","","","","","","","","","","","","","","","","C03","","","1","","2","","","87","87","1","12","4","120.667751","24.108422","3"
"8765","66000","387130000C","(04)23274275","(04)23288582","2026","2","24","9","30","臺中市","太平區","0","0","0","7","","","50","","","","","","","","","","","","","","14","","","","","B03","","","1","","2","","","49","49","1","12","4","120.720042","24.118656","3"
"8766","66000","387130000C","(04)23274275","(04)23288582","2026","2","24","9","38","臺中市","烏日區","0","2","0","7","2","6","50","4","1","1","5","4","6","6","1","1","1","4","4","1","12","3","10","3","1","A41","7","9","1","1","1","5","","8","8","1","6","4","120.590013","24.113621","2"
"8767","66000","387130000C","(04)23274275","(04)23288582","2026","2","24","9","42","臺中市","沙鹿區","0","0","0","7","","","50","","","","","","","","","","","","","","16","","","","","C03","","","1","","2","","","34","34","1","8","4","120.56485","24.249304","3"
"8768","66000","387130000C","(04)23274275","(04)23288582","2026","2","24","9","43","臺中市","南區","0","0","0","7","","","50","","","","","","","","","","","","","","","","","","","","","","","","","","","86","86","1","","","120.65912","24.1299","3"
"8769","66000","387130000C","(04)23274275","(04)23288582","2026","2","24","9","55","臺中市","西區","0","1","0","7","2","6","50","4","1","1","5","4","6","6","2","1","1","4","5","2","12","3","10","3","1","B03","7","7","1","8","2","5","","35","35","1","12","4","120.668346","24.129897","2"
"8770","66000","387130000C","(04)23274275","(04)23288582","2026","2","24","9","59","臺中市","太平區","0","1","0","7","3","6","30","13","9","1","5","4","6","6","4","4","10","5","5","2","17","3","10","3","1","B03","7","1","1","8","2","1","","85","85","1","13","4","120.714334","24.144921","2"
"8771","66000","387130000C","(04)23274275","(04)23288582","2026","2","24","10","5","臺中市","梧棲區","0","1","0","7","2","6","50","4","1","1","5","4","6","6","4","4","10","5","5","2","15","3","10","3","1","B03","7","9","1","8","2","1","","13","13","1","12","4","120.555001","24.256721","2"
"8772","66000","387130000C","(04)23274275","(04)23288582","2026","2","24","10","10","臺中市","東區","0","1","0","7","3","6","30","3","1","1","5","4","6","6","4","4","10","5","5","2","16","3","10","5","4","B03","7","6","5","19","2","8","","14","14","1","12","4","120.685258","24.122185","2"
"8773","66000","387130000C","(04)23274275","(04)23288582","2026","2","24","10","12","臺中市","北屯區","0","1","0","7","3","6","50","13","9","1","5","4","6","6","4","4","1","4","5","2","17","3","10","3","1","B12","7","9","1","8","2","2","","8","8","1","6","4","120.699475","24.175466","2"
"8774","66000","387130000C","(04)23274275","(04)23288582","2026","2","24","10","13","臺中市","大里區","0","0","0","7","","","50","","","","","","","","","","","","","","13","","","","","C03","","","1","","2","","","7","7","1","13","4","120.684764","24.113249","3"
"8775","66000","387130000C","(04)23274275","(04)23288582","2026","2","24","10","30","臺中市","北區","0","2","0","7","2","6","50","13","9","1","5","4","6","6","4","4","5","5","5","2","17","2","9","1","1","C03","7","9","1","8","2","11","","59","59","1","12","4","120.676962","24.159185","2"
"8776","66000","387130000C","(04)23274275","(04)23288582","2026","2","24","10","30","臺中市","東勢區","0","0","0","7","","","","","","","","","","","","","","","","","17","","","","","","","","","","","","","119","119","1","13","5","120.827856","24.263832","3"
"8777","66000","387130000C","(04)23274275","(04)23288582","2026","2","24","10","38","臺中市","烏日區","0","1","0","7","2","6","30","3","1","1","5","4","6","6","4","4","10","5","5","2","17","2","8","2","1","C03","7","5","1","10","2","11","","14","14","1","6","4","120.618693","24.104998","2"
"8778","66000","387130000C","(04)23274275","(04)23288582","2026","2","24","10","44","臺中市","霧峰區","0","1","0","7","2","6","30","11","9","1","5","4","6","6","4","4","10","5","5","1","17","2","9","2","1","C03","7","9","3","19","4","12","","84","84","1","13","4","120.70713","24.041505","2"
"8779","66000","387130000C","(04)23274275","(04)23288582","2026","2","24","10","45","臺中市","大肚區","0","1","0","7","2","6","30","13","9","1","5","4","6","6","4","4","10","5","5","2","16","3","10","3","1","B03","7","1","1","8","2","8","","51","51","1","6","4","120.581704","24.172367","2"
"8780","66000","387130000C","(04)23274275","(04)23288582","2026","2","24","10","45","臺中市","沙鹿區","0","1","0","7","2","6","50","3","2","1","5","4","6","6","4","4","8","3","5","2","17","2","9","5","4","C03","7","1","1","10","2","11","","82","82","1","13","4","120.557389","24.233928","2"
"8781","66000","387130000C","(04)23274275","(04)23288582","2026","2","24","10","46","臺中市","西區","0","1","0","7","2","6","30","4","1","1","5","4","6","6","4","4","10","5","5","2","15","2","9","1","1","C03","7","9","1","10","2","12","","15","15","1","6","4","120.655666","24.135939","2"
"8782","66000","387130000C","(04)23274275","(04)23288582","2026","2","24","10","47","臺中市","南區","0","0","0","7","","","50","","","","","","","","","","","","","","13","","","","","B03","","","1","","1","","","7","7","1","12","4","120.669751","24.126874","3"
"8783","66000","387130000C","(04)23274275","(04)23288582","2026","2","24","10","47","臺中市","東區","0","3","0","7","2","6","50","3","1","1","5","4","6","6","4","4","10","5","5","2","13","2","8","1","1","C03","7","9","3","19","2","11","","7","7","1","12","4","120.697145","24.147134","2"
"8784","66000","387130000C","(04)23274275","(04)23288582","2026","2","24","10","50","臺中市","烏日區","0","2","0","7","2","6","30","4","1","1","5","4","6","6","3","1","10","5","5","1","15","2","9","1","1","C03","7","9","1","10","2","11","","24","24","1","6","4","120.640305","24.098286","2"
"8785","66000","387130000C","(04)23274275","(04)23288582","2026","2","24","10","59","臺中市","北屯區","0","2","0","7","2","6","50","13","9","1","5","4","6","6","4","4","5","2","5","2","13","2","9","1","1","C03","7","9","1","10","2","11","","84","84","1","13","4","120.711016","24.172033","2"
"8786","66000","387130000C","(04)23274275","(04)23288582","2026","2","24","10","59","臺中市","西屯區","0","1","0","7","3","6","50","13","9","1","5","4","6","6","4","4","1","4","5","1","13","2","9","5","4","C03","7","9","1","10","2","11","","59","59","1","13","4","120.62408","24.18215","2"
"8787","66000","387130000C","(04)23274275","(04)23288582","2026","2","24","11","5","臺中市","梧棲區","0","0","0","6","","","40","","","","","","","","","","","","","","12","","","","","B03","","","1","","2","","","8","8","1","12","4","120.542481","24.24713","3"