序號,縣市別代碼,機關代碼,市話,傳真,年,月,日,時,分,縣市,區,死亡數量,受傷數量,2-30,天候,道路照明設備,道路類別,道路速限,道路型態,事故位置,路面鋪裝,路面狀態,路面缺陷,障礙物,視距,號誌種類,號誌動作,分向設施,快車道或一般車道間,快慢車道間,路面邊線,事故類型及型態,受傷程度,主要傷處,保護裝備,行動電話或功能裝置,當事者區分(類別),車輛用途,當事者行動狀態,駕照狀態,駕照種類,飲酒情形,車輛撞擊部位最初,車輛撞擊部位其他,肇事因素個別,肇事因素主要,肇事逃逸,職業,共享經濟或外送平台,GPS座標X,GPS座標Y,事故類別
"8788","66000","387130000C","(04)23274275","(04)23288582","2026","2","24","11","7","臺中市","北區","0","0","0","7","","","50","","","","","","","","","","","","","","12","","","","","B03","","","1","","1","","","84","84","1","12","4","120.686161","24.146242","3"
"8789","66000","387130000C","(04)23274275","(04)23288582","2026","2","24","11","9","臺中市","南區","0","0","0","7","","","50","","","","","","","","","","","","","","13","","","","","C03","","","1","","1","","","84","84","1","12","4","120.653472","24.12264","3"
"8790","66000","387130000C","(04)23274275","(04)23288582","2026","2","24","11","9","臺中市","西屯區","0","1","0","7","2","6","30","13","9","1","5","4","6","6","4","4","10","5","5","2","13","2","8","2","1","C03","7","9","1","10","2","11","","7","7","1","12","4","120.647495","24.181954","2"
"8791","66000","387130000C","(04)23274275","(04)23288582","2026","2","24","11","12","臺中市","南屯區","0","2","0","7","2","6","50","4","1","1","5","4","6","6","4","4","9","4","5","2","11","2","9","1","1","C03","7","9","1","10","2","11","","15","15","1","12","4","120.612469","24.147231","2"
"8792","66000","387130000C","(04)23274275","(04)23288582","2026","2","24","11","21","臺中市","太平區","0","2","0","7","2","6","50","4","1","1","5","4","6","6","2","1","10","5","5","2","16","3","10","3","1","B01","7","6","1","8","2","1","","11","11","1","12","4","120.730233","24.150535","2"
"8793","66000","387130000C","(04)23274275","(04)23288582","2026","2","24","11","25","臺中市","西區","0","1","0","7","2","6","50","4","1","1","5","4","6","6","1","1","10","5","5","2","17","3","10","3","1","B03","7","5","1","8","2","6","","38","38","1","13","4","120.66692","24.153195","2"
"8794","66000","387130000C","(04)23274275","(04)23288582","2026","2","24","11","26","臺中市","北屯區","0","2","0","7","2","6","50","4","1","1","5","4","6","6","4","4","10","5","5","2","17","2","9","1","1","C03","7","9","1","10","2","11","","34","34","1","6","4","120.693334","24.168507","2"
"8795","66000","387130000C","(04)23274275","(04)23288582","2026","2","24","11","29","臺中市","北區","0","0","0","7","","","50","","","","","","","","","","","","","","17","","","","","B03","","","1","","1","","","8","8","2","12","4","120.671402","24.173711","3"
"8796","66000","387130000C","(04)23274275","(04)23288582","2026","2","24","11","33","臺中市","西區","0","0","0","7","","","50","","","","","","","","","","","","","","15","","","","","B03","","","1","","2","","","6","6","1","12","4","120.672545","24.145704","3"
"8797","66000","387130000C","(04)23274275","(04)23288582","2026","2","24","11","33","臺中市","太平區","0","1","0","7","3","6","50","13","9","1","5","4","6","6","3","1","9","5","5","1","13","2","8","1","1","C03","7","9","1","10","2","11","","7","7","1","13","4","120.704015","24.11456","2"
"8798","66000","387130000C","(04)23274275","(04)23288582","2026","2","24","11","38","臺中市","大里區","0","0","0","7","","","50","","","","","","","","","","","","","","","","","","","B03","","","1","","2","","","49","49","1","6","4","120.703645","24.092797","3"
"8799","66000","387130000C","(04)23274275","(04)23288582","2026","2","24","11","40","臺中市","南屯區","0","0","0","7","3","6","50","13","9","1","5","4","6","6","1","1","5","2","5","2","12","","","","","B03","","","1","","2","","","20","20","1","12","4","120.628413","24.12884","3"
"8800","66000","387130000C","(04)23274275","(04)23288582","2026","2","24","11","40","臺中市","西屯區","0","0","0","7","","","50","","","","","","","","","","","","","","12","","","","","B03","","","1","","1","","","12","12","1","12","4","120.635146","24.172341","3"
"8801","66000","387130000C","(04)23274275","(04)23288582","2026","2","24","11","41","臺中市","霧峰區","0","3","0","7","2","6","50","4","1","1","5","4","6","6","1","1","10","5","5","2","15","2","9","2","1","C03","7","9","1","10","2","11","","21","21","1","12","4","120.69749","24.062081","2"
"8802","66000","387130000C","(04)23274275","(04)23288582","2026","2","24","11","43","臺中市","大雅區","0","0","0","7","","","50","","","","","","","","","","","","","","15","","","","","B03","","","1","","2","","","14","14","1","12","4","120.660628","24.221719","3"
"8803","66000","387130000C","(04)23274275","(04)23288582","2026","2","24","11","43","臺中市","北區","0","0","0","7","","","50","","","","","","","","","","","","","","","","","","","B03","","","1","","1","","","47","47","1","12","4","120.685705","24.153485","3"
"8804","66000","387130000C","(04)23274275","(04)23288582","2026","2","24","11","45","臺中市","北屯區","0","0","0","7","","","50","","","","","","","","","","","","","","17","","","","","B03","","","1","","2","","","84","84","1","6","4","120.685338","24.16921","4"
"8805","66000","387130000C","(04)23274275","(04)23288582","2026","2","24","11","47","臺中市","豐原區","0","1","0","6","2","6","50","13","8","1","5","4","6","6","1","1","5","4","4","2","13","2","9","1","1","C03","7","15","1","10","2","15","","84","84","1","12","4","120.714438","24.239522","2"
"8806","66000","387130000C","(04)23274275","(04)23288582","2026","2","24","11","52","臺中市","大里區","0","0","0","7","","","30","","","","","","","","","","","","","","","","","","","B03","","","1","","2","","","49","49","1","12","4","120.705061","24.086939","3"
"8807","66000","387130000C","(04)23274275","(04)23288582","2026","2","24","11","54","臺中市","北屯區","0","1","0","7","2","6","50","13","9","1","5","4","6","6","4","4","1","4","5","2","13","2","9","2","1","C03","7","9","1","10","2","11","","7","7","1","6","4","120.680903","24.172785","2"
"8808","66000","387130000C","(04)23274275","(04)23288582","2026","2","24","11","54","臺中市","西屯區","0","0","0","7","","","30","","","","","","","","","","","","","","11","","","","","B03","","","1","","1","","","8","8","1","12","4","120.605601","24.186948","3"
"8809","66000","387130000C","(04)23274275","(04)23288582","2026","2","24","11","57","臺中市","西屯區","0","1","0","7","2","6","50","5","1","1","5","4","6","6","2","1","10","5","5","2","12","2","9","2","1","C03","7","8","1","9","2","11","","84","84","1","12","4","120.653322","24.203547","2"
"8810","66000","387130000C","(04)23274275","(04)23288582","2026","2","24","12","0","臺中市","西屯區","0","0","0","7","","","40","","","","","","","","","","","","","","12","","","","","B12","","","1","","2","","","51","51","1","12","4","120.60615","24.162446","3"
"8811","66000","387130000C","(04)23274275","(04)23288582","2026","2","24","12","9","臺中市","西屯區","0","0","0","7","","","50","","","","","","","","","","","","","","17","","","","","C03","","","1","","1","","","49","49","1","13","4","120.650525","24.164403","3"
"8812","66000","387130000C","(04)23274275","(04)23288582","2026","2","24","12","12","臺中市","南區","0","1","0","7","2","6","50","13","7","1","5","4","6","6","4","4","5","5","4","2","17","3","10","2","1","C03","7","1","1","9","2","13","","51","51","1","13","4","120.652615","24.112456","2"
"8813","66000","387130000C","(04)23274275","(04)23288582","2026","2","24","12","14","臺中市","大里區","0","1","0","7","2","6","50","11","9","1","5","4","6","6","4","4","5","5","5","1","18","2","9","2","1","C03","7","6","1","10","2","14","","84","84","1","13","4","120.723952","24.084711","2"
"8814","66000","387130000C","(04)23274275","(04)23288582","2026","2","24","12","15","臺中市","大里區","0","0","0","7","2","6","30","13","9","5","5","4","6","6","4","4","10","5","5","2","16","","","","","B03","","","1","","1","","","51","51","1","13","4","120.669651","24.111735","3"
"8815","66000","387130000C","(04)23274275","(04)23288582","2026","2","24","12","15","臺中市","霧峰區","0","1","0","7","2","6","50","5","1","1","5","4","6","6","1","1","5","4","5","1","16","3","10","2","1","C03","7","9","1","10","2","12","","87","87","1","13","4","120.699039","24.067776","2"
"8816","66000","387130000C","(04)23274275","(04)23288582","2026","2","24","12","22","臺中市","龍井區","0","2","0","7","2","6","50","4","2","1","5","4","6","6","4","4","10","5","5","1","13","2","8","1","1","C03","7","9","1","10","2","11","","7","7","1","6","4","120.583723","24.180997","2"
"8817","66000","387130000C","(04)23274275","(04)23288582","2026","2","24","12","25","臺中市","霧峰區","0","1","0","7","2","6","40","3","1","1","5","4","6","6","4","4","10","5","5","1","16","3","10","3","1","B11","7","5","1","4","2","2","","47","47","1","6","4","120.661928","24.068156","2"
"8818","66000","387130000C","(04)23274275","(04)23288582","2026","2","24","12","27","臺中市","梧棲區","0","0","0","7","","","40","","","","","","","","","","","","","","13","","","","","B03","","","1","","1","","","7","7","1","12","4","120.529955","24.252434","3"
"8819","66000","387130000C","(04)23274275","(04)23288582","2026","2","24","12","31","臺中市","北區","0","1","0","7","3","6","50","4","2","1","5","4","6","6","1","1","10","5","5","2","13","3","10","3","1","B03","7","9","1","8","2","1","","85","85","1","12","4","120.694107","24.155279","2"
"8820","66000","387130000C","(04)23274275","(04)23288582","2026","2","24","12","38","臺中市","東區","0","0","0","7","","","50","","","","","","","","","","","","","","27","","","","","B02","","","1","4","2","","","84","84","1","6","4","120.694677","24.129622","3"
"8821","66000","387130000C","(04)23274275","(04)23288582","2026","2","24","12","39","臺中市","烏日區","0","2","0","7","3","6","50","3","1","1","5","4","6","6","1","1","10","5","5","2","16","2","9","2","1","C03","7","6","1","10","2","11","","11","11","1","6","4","120.625953","24.111448","2"
"8822","66000","387130000C","(04)23274275","(04)23288582","2026","2","24","12","43","臺中市","大雅區","0","0","0","7","","","50","","","","","","","","","","","","","","","","","","","A41","","","1","","1","","","82","82","1","12","4","120.651535","24.227723","3"
"8823","66000","387130000C","(04)23274275","(04)23288582","2026","2","24","12","43","臺中市","大里區","0","1","0","7","3","6","50","13","9","1","5","4","6","6","4","4","1","4","5","1","13","4","11","1","1","C03","7","9","3","19","2","11","","84","84","1","6","4","120.681596","24.102881","2"
"8824","66000","387130000C","(04)23274275","(04)23288582","2026","2","24","12","47","臺中市","北屯區","0","0","0","7","","","50","","","","","","","","","","","","","","17","","","","","C03","","","1","","2","","","7","7","1","6","4","120.706796","24.169598","4"
"8825","66000","387130000C","(04)23274275","(04)23288582","2026","2","24","12","49","臺中市","西區","0","1","0","7","2","6","50","4","1","1","5","4","6","6","4","4","7","5","5","2","17","2","9","1","1","C04","7","1","1","10","2","11","","94","94","1","13","4","120.658421","24.152565","2"
"8826","66000","387130000C","(04)23274275","(04)23288582","2026","2","24","12","50","臺中市","西區","0","0","0","7","","","50","","","","","","","","","","","","","","","","","","","B03","","","1","","2","","","8","8","1","13","4","120.663382","24.145432","3"
"8827","66000","387130000C","(04)23274275","(04)23288582","2026","2","24","12","51","臺中市","梧棲區","0","0","0","7","","","70","","","","","","","","","","","","","","12","","","","","B03","","","1","","1","","","84","84","2","12","4","120.556344","24.25222","3"
"8828","66000","387130000C","(04)23274275","(04)23288582","2026","2","24","12","54","臺中市","豐原區","0","1","0","7","2","6","50","3","1","1","5","4","6","6","1","1","10","5","5","2","17","2","9","1","1","C03","7","9","1","10","2","12","","58","58","1","13","4","120.729965","24.253547","2"
"8829","66000","387130000C","(04)23274275","(04)23288582","2026","2","24","12","55","臺中市","沙鹿區","0","0","0","7","","","50","","","","","","","","","","","","","","14","","","","","B03","","","1","","2","","","50","50","1","6","4","120.568208","24.242757","3"
"8830","66000","387130000C","(04)23274275","(04)23288582","2026","2","24","13","18","臺中市","西區","0","0","0","7","","","40","","","","","","","","","","","","","","13","","","","","C03","","","1","","2","","","7","7","1","12","4","120.671157","24.14948","3"
"8831","66000","387130000C","(04)23274275","(04)23288582","2026","2","24","13","18","臺中市","豐原區","0","0","0","7","","","50","","","","","","","","","","","","","","17","","","","","C03","","","1","","2","","","85","85","1","12","4","120.725699","24.243005","4"
"8832","66000","387130000C","(04)23274275","(04)23288582","2026","2","24","13","20","臺中市","太平區","0","0","0","7","","","30","","","","","","","","","","","","","","14","","","","","B12","","","1","","2","","","49","49","2","13","4","120.725335","24.119438","3"
"8833","66000","387130000C","(04)23274275","(04)23288582","2026","2","24","13","26","臺中市","大雅區","0","2","0","6","1","6","50","3","2","1","5","4","6","6","4","4","5","5","5","1","13","2","9","2","1","C03","7","9","1","10","2","11","","7","7","1","12","4","120.650296","24.230518","2"
"8834","66000","387130000C","(04)23274275","(04)23288582","2026","2","24","13","28","臺中市","西區","0","0","0","7","","","50","","","","","","","","","","","","","","16","","","","","B03","","","1","","2","","","11","11","1","13","4","120.672076","24.140752","3"
"8835","66000","387130000C","(04)23274275","(04)23288582","2026","2","24","13","36","臺中市","西屯區","0","1","0","7","2","6","40","3","9","1","5","4","6","6","4","4","5","5","5","2","16","2","9","2","1","C03","7","6","1","10","2","12","","48","48","1","12","4","120.662269","24.172853","2"
"8836","66000","387130000C","(04)23274275","(04)23288582","2026","2","24","13","36","臺中市","大里區","0","2","0","7","2","6","50","4","1","1","5","4","6","6","1","1","10","5","5","1","15","2","9","1","1","C03","7","9","1","10","2","13","","21","21","1","12","4","120.688738","24.119791","2"
"8837","66000","387130000C","(04)23274275","(04)23288582","2026","2","24","13","37","臺中市","西屯區","0","0","0","7","","","50","","","","","","","","","","","","","","14","","","","","B03","","","1","","1","","","49","49","1","12","4","120.63612","24.171079","3"
"8838","66000","387130000C","(04)23274275","(04)23288582","2026","2","24","13","41","臺中市","西區","0","1","0","7","1","6","50","3","2","1","5","4","6","6","1","1","10","5","5","1","17","2","9","5","4","C03","7","9","1","10","2","11","","84","84","1","12","4","120.664792","24.1322","2"
"8839","66000","387130000C","(04)23274275","(04)23288582","2026","2","24","13","41","臺中市","西屯區","0","2","0","7","2","6","50","13","8","1","5","4","6","6","4","4","4","3","4","2","16","2","9","1","1","C03","7","8","1","10","2","14","","40","40","1","12","4","120.656276","24.169105","2"
"8840","66000","387130000C","(04)23274275","(04)23288582","2026","2","24","13","42","臺中市","清水區","0","0","0","7","","","30","","","","","","","","","","","","","","","","","","","B03","","","1","","2","","","49","49","1","12","4","120.580285","24.285244","3"
"8841","66000","387130000C","(04)23274275","(04)23288582","2026","2","24","13","45","臺中市","北區","0","0","0","7","","","50","","","","","","","","","","","","","","17","","","","","B03","","","1","","2","","","84","84","2","13","4","120.68373","24.166406","3"
"8842","66000","387130000C","(04)23274275","(04)23288582","2026","2","24","13","48","臺中市","大甲區","0","0","0","7","","","50","","","","","","","","","","","","","","30","","","","","B03","","","1","","9","","","54","54","1","13","4","120.633969","24.344732","3"
"8843","66000","387130000C","(04)23274275","(04)23288582","2026","2","24","13","52","臺中市","西屯區","0","1","0","7","2","6","40","3","1","1","5","4","6","6","2","1","10","5","5","2","17","2","9","2","1","C03","7","9","1","10","2","11","","7","7","1","12","4","120.609611","24.184247","2"
"8844","66000","387130000C","(04)23274275","(04)23288582","2026","2","24","14","0","臺中市","大雅區","0","1","0","7","3","6","50","4","1","1","5","4","6","6","1","1","1","3","4","1","15","2","9","1","1","C03","7","1","1","10","2","11","","51","51","1","12","4","120.662521","24.219276","2"
"8845","66000","387130000C","(04)23274275","(04)23288582","2026","2","24","14","6","臺中市","西屯區","0","2","0","7","2","6","40","13","12","1","5","4","6","6","4","4","1","4","4","2","13","2","7","5","4","C03","7","9","1","10","2","11","","7","7","1","13","4","120.637234","24.179","2"
"8846","66000","387130000C","(04)23274275","(04)23288582","2026","2","24","14","12","臺中市","北區","0","0","0","7","","","50","","","","","","","","","","","","","","17","","","","","B03","","","1","","9","","","84","84","2","13","4","120.684221","24.148188","3"
"8847","66000","387130000C","(04)23274275","(04)23288582","2026","2","24","14","13","臺中市","東區","0","1","0","7","1","6","50","13","8","1","5","4","6","6","1","1","9","4","5","2","12","2","9","1","1","C03","7","9","3","19","2","11","12","7","7","1","12","4","120.694412","24.148003","2"
"8848","66000","387130000C","(04)23274275","(04)23288582","2026","2","24","14","24","臺中市","中區","0","0","0","7","","","50","","","","","","","","","","","","","","","","","","","B03","","","1","","2","","","51","51","1","13","4","120.679786","24.142034","3"
"8849","66000","387130000C","(04)23274275","(04)23288582","2026","2","24","14","42","臺中市","大里區","0","0","0","7","","","50","","","","","","","","","","","","","","13","","","","","C03","","","1","","2","","","7","7","1","6","4","120.683831","24.115033","3"
"8850","66000","387130000C","(04)23274275","(04)23288582","2026","2","24","14","42","臺中市","豐原區","0","1","0","7","2","6","30","13","9","1","5","4","6","6","4","4","10","5","5","2","17","2","9","5","4","B03","7","14","1","8","2","2","","77","77","1","12","4","120.72657","24.254968","2"
"8851","66000","387130000C","(04)23274275","(04)23288582","2026","2","24","14","48","臺中市","北區","0","2","0","7","2","6","50","4","1","1","5","4","6","6","1","1","10","5","5","2","17","2","9","1","1","C03","7","6","1","10","2","11","","84","84","1","13","4","120.676557","24.160387","2"
"8852","66000","387130000C","(04)23274275","(04)23288582","2026","2","24","14","55","臺中市","西區","0","2","0","7","2","6","50","4","1","1","5","4","6","6","2","1","9","4","4","2","15","2","9","2","1","C03","7","9","1","10","2","11","14","21","21","1","12","4","120.655083","24.147749","2"
"8853","66000","387130000C","(04)23274275","(04)23288582","2026","2","24","14","58","臺中市","石岡區","0","0","0","7","","","70","","","","","","","","","","","","","","","","","","","B12","","","1","","1","","","84","84","1","12","4","120.783664","24.274657","3"
"8854","66000","387130000C","(04)23274275","(04)23288582","2026","2","24","14","59","臺中市","北區","0","0","0","7","","","50","","","","","","","","","","","","","","12","","","","","A04","","","1","","1","","","51","51","1","13","4","120.683438","24.153692","3"
"8855","66000","387130000C","(04)23274275","(04)23288582","2026","2","24","14","59","臺中市","太平區","0","0","0","7","","","50","","","","","","","","","","","","","","13","","","","","C03","","","1","","2","","","7","7","1","13","4","120.713453","24.125281","3"
"8856","66000","387130000C","(04)23274275","(04)23288582","2026","2","24","15","4","臺中市","大肚區","0","2","0","7","2","6","50","13","9","1","5","4","6","6","4","4","5","5","5","1","17","2","8","2","1","C03","7","11","1","10","2","12","","20","20","1","6","4","120.572497","24.156089","2"
"8857","66000","387130000C","(04)23274275","(04)23288582","2026","2","24","15","5","臺中市","大里區","0","0","0","7","","","50","","","","","","","","","","","","","","13","","","","","B03","","","1","","2","","","84","84","1","6","4","120.694024","24.099681","3"
"8858","66000","387130000C","(04)23274275","(04)23288582","2026","2","24","15","10","臺中市","南區","0","1","0","7","2","6","30","13","9","1","5","4","6","6","4","4","10","5","5","2","17","3","10","3","1","B02","7","11","1","8","2","8","","45","45","1","12","4","120.675592","24.125667","2"
"8859","66000","387130000C","(04)23274275","(04)23288582","2026","2","24","15","10","臺中市","大里區","0","2","0","7","2","6","50","4","1","1","5","4","6","6","1","1","10","5","5","2","17","2","9","2","1","C03","7","6","1","10","2","14","","48","48","1","12","4","120.688689","24.080683","2"
"8860","66000","387130000C","(04)23274275","(04)23288582","2026","2","24","15","10","臺中市","東勢區","0","1","0","7","1","6","60","5","1","1","5","4","6","6","1","1","10","5","5","2","17","3","10","1","1","C03","7","15","1","10","2","11","","21","21","1","12","4","120.832085","24.246403","2"
"8861","66000","387130000C","(04)23274275","(04)23288582","2026","2","24","15","22","臺中市","北屯區","0","1","0","7","1","6","50","13","9","1","5","4","6","6","4","4","9","4","5","2","17","2","1","1","1","C03","7","9","1","10","9","12","","84","84","1","13","4","120.726527","24.165724","2"
"8862","66000","387130000C","(04)23274275","(04)23288582","2026","2","24","15","24","臺中市","北屯區","0","0","0","7","","","50","","","","","","","","","","","","","","","","","","","B12","","","1","","1","","","49","49","1","12","4","120.703908","24.178852","3"
"8863","66000","387130000C","(04)23274275","(04)23288582","2026","2","24","15","29","臺中市","龍井區","0","0","0","7","","","70","","","","","","","","","","","","","","","","","","","B02","","","1","","2","","","35","35","1","12","4","120.522081","24.216399","3"
"8864","66000","387130000C","(04)23274275","(04)23288582","2026","2","24","15","30","臺中市","東區","0","1","0","7","3","6","50","4","1","1","5","4","6","6","1","1","5","5","5","2","11","3","10","3","1","B12","7","6","1","8","2","8","","11","11","1","6","4","120.705969","24.132054","2"
"8865","66000","387130000C","(04)23274275","(04)23288582","2026","2","24","15","30","臺中市","大甲區","0","0","0","7","","","50","","","","","","","","","","","","","","","","","","","A41","","","1","","2","","","59","59","1","6","4","120.655722","24.384372","3"
"8866","66000","387130000C","(04)23274275","(04)23288582","2026","2","24","15","36","臺中市","東區","0","1","0","7","3","6","50","3","2","1","5","4","6","6","1","1","1","4","5","2","13","3","10","3","1","B03","7","15","1","8","2","8","","82","82","1","6","4","120.689902","24.13827","2"
"8867","66000","387130000C","(04)23274275","(04)23288582","2026","2","24","15","48","臺中市","南屯區","0","0","0","7","","","50","","","","","","","","","","","","","","12","3","10","3","1","B03","7","1","1","8","1","2","","51","51","1","12","4","120.647306","24.141934","3"
"8868","66000","387130000C","(04)23274275","(04)23288582","2026","2","24","15","49","臺中市","大里區","0","0","0","7","","","50","","","","","","","","","","","","","","17","","","","","B03","","","1","","1","","","84","84","1","12","4","120.699694","24.092124","3"
"8869","66000","387130000C","(04)23274275","(04)23288582","2026","2","24","15","50","臺中市","南區","0","1","0","7","2","6","50","4","1","1","5","4","6","6","2","1","1","4","1","2","16","3","10","3","3","B03","7","5","1","8","2","2","","11","11","1","13","4","120.671963","24.119146","2"
"8870","66000","387130000C","(04)23274275","(04)23288582","2026","2","24","15","57","臺中市","東區","0","1","0","7","2","6","50","4","2","1","5","4","6","6","2","1","1","4","5","2","12","2","9","5","4","C03","7","9","1","10","2","11","","84","84","1","13","4","120.684739","24.129301","2"
"8871","66000","387130000C","(04)23274275","(04)23288582","2026","2","24","16","4","臺中市","大雅區","0","1","0","6","1","6","0","13","9","1","5","4","6","6","1","1","5","5","4","1","17","3","10","2","1","C03","7","11","1","10","2","16","","45","45","2","12","4","120.648176","24.226732","2"
"8872","66000","387130000C","(04)23274275","(04)23288582","2026","2","24","16","5","臺中市","大雅區","0","1","0","7","3","6","50","4","1","1","5","4","6","6","1","1","4","3","5","2","9","3","10","3","1","B12","7","6","1","8","2","8","","10","10","1","12","4","120.648591","24.225949","2"
"8873","66000","387130000C","(04)23274275","(04)23288582","2026","2","24","16","6","臺中市","北屯區","0","0","0","7","","","50","","","","","","","","","","","","","","13","","","","","B03","","","1","","1","","","7","7","1","6","4","120.696172","24.164933","3"
"8874","66000","387130000C","(04)23274275","(04)23288582","2026","2","24","16","9","臺中市","西屯區","0","0","0","7","","3","80","","","","","","","","","","","","","","13","","","","","B03","","","1","","2","","","7","7","1","12","4","120.650601","24.197721","3"
"8875","66000","387130000C","(04)23274275","(04)23288582","2026","2","24","16","17","臺中市","南區","0","2","0","7","3","6","50","4","1","1","5","4","6","6","2","1","10","5","5","2","13","2","9","2","1","C03","7","9","1","9","2","11","","7","7","1","6","4","120.655395","24.115499","2"
"8876","66000","387130000C","(04)23274275","(04)23288582","2026","2","24","16","17","臺中市","新社區","0","1","0","7","2","6","50","13","9","1","5","4","6","6","4","4","9","5","5","1","13","2","9","5","4","C03","7","10","1","10","1","11","","1","1","1","13","4","120.808092","24.252362","2"
"8877","66000","387130000C","(04)23274275","(04)23288582","2026","2","24","16","22","臺中市","西區","0","0","0","7","","","50","","","","","","","","","","","","","","17","","","","","A05","","","1","","1","","","84","84","1","13","4","120.674967","24.138022","3"
"8878","66000","387130000C","(04)23274275","(04)23288582","2026","2","24","16","22","臺中市","南屯區","0","1","0","7","2","6","50","4","1","1","5","4","6","6","1","1","9","4","5","2","12","2","9","1","1","C03","7","6","1","10","2","14","","11","11","1","12","4","120.6358","24.13111","2"
"8879","66000","387130000C","(04)23274275","(04)23288582","2026","2","24","16","25","臺中市","大甲區","0","1","0","7","3","6","60","13","8","1","5","4","6","6","4","4","5","4","4","1","18","2","7","1","1","C03","7","9","1","10","2","14","","59","59","1","6","2","120.61425","24.351587","2"
"8880","66000","387130000C","(04)23274275","(04)23288582","2026","2","24","16","26","臺中市","豐原區","0","1","0","7","2","6","40","13","9","1","5","4","6","6","4","4","9","5","5","1","13","2","7","1","4","C03","7","9","3","19","2","11","11","7","7","1","13","4","120.728311","24.245233","2"
"8881","66000","387130000C","(04)23274275","(04)23288582","2026","2","24","16","28","臺中市","南區","0","1","0","7","2","6","40","4","2","1","5","4","6","6","2","1","10","5","5","2","17","2","9","1","1","C03","7","15","1","10","2","14","","85","85","1","12","4","120.663584","24.113543","2"
"8882","66000","387130000C","(04)23274275","(04)23288582","2026","2","24","16","30","臺中市","沙鹿區","0","0","0","7","","","50","","","","","","","","","","","","","","","","","","","C03","","","1","","2","","","7","7","1","6","4","120.568338","24.229739","3"
"8883","66000","387130000C","(04)23274275","(04)23288582","2026","2","24","16","30","臺中市","新社區","0","1","0","7","2","6","50","13","9","1","5","4","6","6","4","4","9","5","5","1","12","2","9","5","4","C03","7","9","1","10","2","11","","39","39","1","13","4","120.800048","24.219346","2"
"8884","66000","387130000C","(04)23274275","(04)23288582","2026","2","24","16","37","臺中市","西區","0","0","0","7","","","50","","","","","","","","","","","","","","30","","","","","B03","","","1","","11","","","85","85","1","12","4","120.655198","24.137231","3"
"8885","66000","387130000C","(04)23274275","(04)23288582","2026","2","24","16","38","臺中市","太平區","0","1","0","7","2","6","50","4","1","1","5","4","6","6","2","1","10","5","5","2","13","3","10","3","1","B03","7","5","1","8","2","6","","11","11","1","12","4","120.716532","24.158744","2"
"8886","66000","387130000C","(04)23274275","(04)23288582","2026","2","24","16","39","臺中市","北屯區","0","0","0","7","","","50","","","","","","","","","","","","","","","","","","","C03","","","1","","1","","","1","1","1","13","4","120.697694","24.170189","3"
"8887","66000","387130000C","(04)23274275","(04)23288582","2026","2","24","16","40","臺中市","西區","0","0","0","7","","","50","","","","","","","","","","","","","","17","","","","","C03","","","1","","1","","","84","84","2","12","4","120.654717","24.155231","3"
"8888","66000","387130000C","(04)23274275","(04)23288582","2026","2","24","16","41","臺中市","豐原區","0","1","0","7","2","6","50","3","7","1","5","4","6","6","4","4","5","5","4","2","12","2","9","1","1","C03","7","9","1","10","2","14","","8","8","1","12","4","120.696257","24.240702","2"
"8889","66000","387130000C","(04)23274275","(04)23288582","2026","2","24","16","44","臺中市","豐原區","0","0","0","7","","","60","","","","","","","","","","","","","","13","","","","","B03","","","1","","2","","","84","84","1","12","4","120.705004","24.254848","3"
"8890","66000","387130000C","(04)23274275","(04)23288582","2026","2","24","16","48","臺中市","北屯區","0","0","0","7","","","50","","","","","","","","","","","","","","13","","","","","B03","","","1","","1","","","59","59","1","6","4","120.689817","24.171456","3"
"8891","66000","387130000C","(04)23274275","(04)23288582","2026","2","24","16","49","臺中市","大里區","0","0","0","7","3","6","50","4","9","1","5","4","6","6","1","1","1","4","5","1","13","","","","","C03","","","1","","2","","","59","59","1","12","4","120.688792","24.119824","3"
"8892","66000","387130000C","(04)23274275","(04)23288582","2026","2","24","16","55","臺中市","西區","0","0","0","7","","","60","","","","","","","","","","","","","","13","","","","","B03","","","1","","2","","","59","59","1","13","4","120.666292","24.153371","3"
"8893","66000","387130000C","(04)23274275","(04)23288582","2026","2","24","16","57","臺中市","西屯區","0","1","0","7","2","6","50","13","9","1","5","4","6","6","4","4","1","4","5","2","16","2","9","2","1","C03","7","9","1","10","2","14","","7","7","1","12","4","120.649587","24.192758","2"
"8894","66000","387130000C","(04)23274275","(04)23288582","2026","2","24","17","5","臺中市","霧峰區","0","1","0","6","2","6","30","4","1","1","5","4","6","6","4","4","10","5","5","1","17","3","10","3","1","B03","7","5","1","8","2","4","","84","84","1","13","4","120.664337","24.062359","2"
"8895","66000","387130000C","(04)23274275","(04)23288582","2026","2","24","17","7","臺中市","北屯區","0","3","0","7","1","6","50","4","2","1","5","4","6","6","4","4","5","4","4","2","11","2","9","1","1","C03","7","6","1","10","3","11","","14","14","1","13","4","120.684604","24.170913","2"
"8896","66000","387130000C","(04)23274275","(04)23288582","2026","2","24","17","8","臺中市","太平區","0","0","0","7","","","50","","","","","","","","","","","","","","12","","","","","C03","","","3","","2","","","40","40","1","13","4","120.71467","24.110357","3"
"8897","66000","387130000C","(04)23274275","(04)23288582","2026","2","24","17","10","臺中市","北屯區","0","1","0","7","3","6","50","4","1","1","5","4","6","6","1","1","10","5","5","2","12","3","10","2","1","C03","7","15","1","10","2","13","","84","84","1","6","4","120.68176","24.172416","2"