序號,縣市別代碼,機關代碼,市話,傳真,年,月,日,時,分,縣市,區,死亡數量,受傷數量,2-30,天候,道路照明設備,道路類別,道路速限,道路型態,事故位置,路面鋪裝,路面狀態,路面缺陷,障礙物,視距,號誌種類,號誌動作,分向設施,快車道或一般車道間,快慢車道間,路面邊線,事故類型及型態,受傷程度,主要傷處,保護裝備,行動電話或功能裝置,當事者區分(類別),車輛用途,當事者行動狀態,駕照狀態,駕照種類,飲酒情形,車輛撞擊部位最初,車輛撞擊部位其他,肇事因素個別,肇事因素主要,肇事逃逸,職業,共享經濟或外送平台,GPS座標X,GPS座標Y,事故類別
"8898","66000","387130000C","(04)23274275","(04)23288582","2026","2","24","17","10","臺中市","大肚區","0","1","0","7","2","6","30","4","1","1","5","4","6","6","2","1","10","5","5","2","16","3","10","3","1","B03","7","6","1","8","2","8","","11","11","1","6","4","120.563275","24.124091","2"
"8899","66000","387130000C","(04)23274275","(04)23288582","2026","2","24","17","10","臺中市","大肚區","0","2","0","7","2","6","30","13","9","1","5","4","6","6","4","4","10","5","5","2","17","2","9","1","1","C03","7","1","1","10","2","11","","51","51","1","12","4","120.551375","24.146027","2"
"8900","66000","387130000C","(04)23274275","(04)23288582","2026","2","24","17","12","臺中市","梧棲區","0","1","0","7","2","6","50","5","1","1","5","4","6","6","3","1","5","5","5","2","17","3","10","3","1","B03","7","6","1","7","2","8","","59","59","1","12","4","120.530031","24.258219","2"
"8901","66000","387130000C","(04)23274275","(04)23288582","2026","2","24","17","12","臺中市","大甲區","0","0","0","7","","","40","","","","","","","","","","","","","","12","","","","","C03","","","1","","2","","","43","43","2","13","4","120.621893","24.344628","3"
"8902","66000","387130000C","(04)23274275","(04)23288582","2026","2","24","17","13","臺中市","西區","0","2","0","7","1","6","50","4","1","1","5","4","6","6","1","1","10","5","5","1","17","2","9","5","4","C03","7","6","1","10","2","14","","34","34","1","12","4","120.672867","24.150082","2"
"8903","66000","387130000C","(04)23274275","(04)23288582","2026","2","24","17","15","臺中市","大里區","0","0","0","6","2","6","50","13","14","1","5","4","6","6","4","4","5","5","4","1","17","","","","","B03","","","1","","2","","","50","50","1","13","4","120.683796","24.112971","3"
"8904","66000","387130000C","(04)23274275","(04)23288582","2026","2","24","17","16","臺中市","西區","0","0","0","7","","","50","","","","","","","","","","","","","","13","","","","","B03","","","1","","1","","","78","78","1","13","4","120.665766","24.14009","3"
"8905","66000","387130000C","(04)23274275","(04)23288582","2026","2","24","17","16","臺中市","大甲區","0","1","0","7","3","6","50","3","1","1","5","4","6","6","4","4","10","5","5","2","18","2","9","1","1","C03","7","9","1","10","2","14","","59","59","1","6","4","120.618281","24.350768","2"
"8906","66000","387130000C","(04)23274275","(04)23288582","2026","2","24","17","20","臺中市","北屯區","0","0","0","7","","3","40","","","","","","","","","","","","","","","","","","","B03","","","1","","1","","","84","84","1","5","4","120.718819","24.161144","3"
"8907","66000","387130000C","(04)23274275","(04)23288582","2026","2","24","17","21","臺中市","豐原區","0","0","0","7","","","50","","","","","","","","","","","","","","13","","","","","B03","","","1","","2","","","82","82","1","12","4","120.702589","24.246764","3"
"8908","66000","387130000C","(04)23274275","(04)23288582","2026","2","24","17","25","臺中市","霧峰區","0","3","0","7","1","6","50","13","7","1","5","4","6","6","4","4","9","4","4","1","12","2","9","2","1","C03","7","9","1","10","2","14","","8","8","1","12","4","120.699256","24.068925","2"
"8909","66000","387130000C","(04)23274275","(04)23288582","2026","2","24","17","25","臺中市","豐原區","0","1","0","7","2","6","50","3","1","1","5","4","6","6","1","1","10","5","5","2","13","2","9","2","1","C03","7","9","1","10","2","11","","7","7","1","13","4","120.707584","24.246921","2"
"8910","66000","387130000C","(04)23274275","(04)23288582","2026","2","24","17","26","臺中市","北屯區","0","1","0","7","3","6","50","13","7","1","5","4","6","6","4","4","5","4","4","2","18","2","9","2","1","C03","7","11","1","10","2","14","","84","84","1","12","4","120.696848","24.175506","2"
"8911","66000","387130000C","(04)23274275","(04)23288582","2026","2","24","17","28","臺中市","北屯區","0","0","0","7","","","50","","","","","","","","","","","","","","13","","","","","B03","","","1","","1","","","59","59","1","6","4","120.676152","24.186829","3"
"8912","66000","387130000C","(04)23274275","(04)23288582","2026","2","24","17","30","臺中市","北區","0","0","0","7","","","50","","","","","","","","","","","","","","13","","","","","C03","","","1","","1","","","84","84","1","13","4","120.675794","24.159858","3"
"8913","66000","387130000C","(04)23274275","(04)23288582","2026","2","24","17","34","臺中市","南屯區","0","0","0","7","","","40","","","","","","","","","","","","","","13","","","","","B03","","","1","","1","","","59","59","1","12","4","120.623195","24.150201","3"
"8914","66000","387130000C","(04)23274275","(04)23288582","2026","2","24","17","34","臺中市","南屯區","0","0","0","7","","","50","","","","","","","","","","","","","","12","","","","","B03","","","1","","1","","","35","35","1","12","4","120.622643","24.150214","3"
"8915","66000","387130000C","(04)23274275","(04)23288582","2026","2","24","17","34","臺中市","北屯區","0","1","0","7","1","6","50","4","2","1","5","4","6","6","1","1","3","4","5","2","12","2","8","1","1","C03","7","9","1","10","2","11","","84","84","1","13","4","120.705787","24.164906","2"
"8916","66000","387130000C","(04)23274275","(04)23288582","2026","2","24","17","35","臺中市","北屯區","0","0","0","7","","","50","","","","","","","","","","","","","","13","","","","","B03","","","1","","1","","","7","7","1","6","4","120.695063","24.183279","3"
"8917","66000","387130000C","(04)23274275","(04)23288582","2026","2","24","17","37","臺中市","北區","0","2","0","7","2","6","50","4","2","1","5","4","6","6","2","1","10","5","5","2","17","2","9","2","1","C03","7","9","1","10","2","11","","21","21","1","13","4","120.686687","24.163872","2"
"8918","66000","387130000C","(04)23274275","(04)23288582","2026","2","24","17","40","臺中市","太平區","0","2","0","7","2","6","50","13","9","1","5","4","6","6","2","3","5","4","5","2","13","2","8","2","1","C03","7","9","1","10","2","11","","7","7","1","6","4","120.718354","24.127561","2"
"8919","66000","387130000C","(04)23274275","(04)23288582","2026","2","24","17","40","臺中市","龍井區","0","0","0","7","","","60","","","","","","","","","","","","","","17","","","","","B03","","","1","","2","","","40","40","1","6","4","120.584324","24.191765","3"
"8920","66000","387130000C","(04)23274275","(04)23288582","2026","2","24","17","41","臺中市","西屯區","0","1","0","7","1","6","50","4","1","1","5","4","6","6","1","1","10","5","5","2","12","2","9","5","1","C03","7","1","5","19","2","11","","51","51","1","12","4","120.631875","24.170585","2"
"8921","66000","387130000C","(04)23274275","(04)23288582","2026","2","24","17","41","臺中市","大里區","0","1","0","7","3","6","30","4","1","1","5","4","6","6","4","4","10","5","5","2","15","2","9","1","1","C03","7","9","1","10","2","11","","15","15","1","12","4","120.6967","24.091302","2"
"8922","66000","387130000C","(04)23274275","(04)23288582","2026","2","24","17","41","臺中市","沙鹿區","0","1","0","7","2","6","60","3","1","1","5","4","6","6","3","1","3","4","5","2","16","2","9","1","1","C03","7","6","1","8","2","13","","48","48","1","4","4","120.569397","24.210371","2"
"8923","66000","387130000C","(04)23274275","(04)23288582","2026","2","24","17","45","臺中市","西屯區","0","0","0","7","","","50","","","","","","","","","","","","","","17","","","","","B03","","","1","","2","","","51","51","1","13","4","120.661398","24.165424","3"
"8924","66000","387130000C","(04)23274275","(04)23288582","2026","2","24","17","46","臺中市","大雅區","0","0","0","6","","","30","","","","","","","","","","","","","","16","","","","","C03","","","1","","2","","","34","34","1","12","4","120.650116","24.218983","3"
"8925","66000","387130000C","(04)23274275","(04)23288582","2026","2","24","17","47","臺中市","大里區","0","2","0","7","1","6","30","4","1","1","5","4","6","6","4","4","10","5","5","2","15","2","8","1","1","F03","7","9","7","21","2","12","","15","15","1","4","4","120.691084","24.101541","2"
"8926","66000","387130000C","(04)23274275","(04)23288582","2026","2","24","17","47","臺中市","新社區","0","0","0","7","","","50","","","","","","","","","","","","","","17","","","","","C03","","","3","","1","","","51","51","1","13","4","120.807314","24.239763","3"
"8927","66000","387130000C","(04)23274275","(04)23288582","2026","2","24","17","49","臺中市","南屯區","0","0","0","7","","","50","","","","","","","","","","","","","","12","3","10","3","1","B03","7","1","1","8","2","8","","51","51","1","12","4","120.641415","24.14145","3"
"8928","66000","387130000C","(04)23274275","(04)23288582","2026","2","24","17","50","臺中市","大雅區","0","1","0","7","3","6","30","4","1","1","5","4","6","6","4","4","10","5","5","2","11","3","10","3","1","B12","7","9","1","8","2","8","","84","84","1","12","4","120.653773","24.22532","2"
"8929","66000","387130000C","(04)23274275","(04)23288582","2026","2","24","17","51","臺中市","南區","0","0","0","7","","","50","","","","","","","","","","","","","","","","","","","B03","","","1","","1","","","84","84","1","6","4","120.685015","24.129645","3"
"8930","66000","387130000C","(04)23274275","(04)23288582","2026","2","24","17","51","臺中市","沙鹿區","0","0","0","7","","","60","","","","","","","","","","","","","","","","","","","B02","","","1","","2","","","59","59","1","6","4","120.569434","24.237296","3"
"8931","66000","387130000C","(04)23274275","(04)23288582","2026","2","24","17","52","臺中市","南屯區","0","0","0","7","","","50","","","","","","","","","","","","","","","","","","","B12","","","1","","2","","","40","40","1","12","4","120.616908","24.153449","3"
"8932","66000","387130000C","(04)23274275","(04)23288582","2026","2","24","17","55","臺中市","西屯區","0","0","0","7","","","50","","","","","","","","","","","","","","13","","","","","B03","","","1","","1","","","59","59","1","12","4","120.650795","24.176044","4"
"8933","66000","387130000C","(04)23274275","(04)23288582","2026","2","24","17","57","臺中市","潭子區","0","1","0","7","1","6","50","4","1","1","5","4","6","6","2","1","5","4","4","2","16","2","8","2","1","C03","7","6","1","10","2","11","","11","11","1","13","4","120.704321","24.211619","2"
"8934","66000","387130000C","(04)23274275","(04)23288582","2026","2","24","18","0","臺中市","北屯區","0","0","0","7","","","30","","","","","","","","","","","","","","11","","","","","B03","","","1","","1","","","8","8","1","6","4","120.717632","24.176618","3"
"8935","66000","387130000C","(04)23274275","(04)23288582","2026","2","24","18","1","臺中市","南區","0","0","0","7","","","50","","","","","","","","","","","","","","13","","","","","F01","","","7","","2","","","7","7","1","3","4","120.661463","24.12172","4"
"8936","66000","387130000C","(04)23274275","(04)23288582","2026","2","24","18","1","臺中市","外埔區","0","0","0","7","1","6","50","5","2","1","5","4","6","6","2","1","5","4","4","1","13","3","10","1","1","C03","7","9","1","8","2","11","","84","84","1","6","4","120.656532","24.328485","3"
"8937","66000","387130000C","(04)23274275","(04)23288582","2026","2","24","18","2","臺中市","北區","0","2","0","7","2","6","50","3","1","1","5","4","6","6","4","4","5","5","5","2","17","2","9","5","1","C04","7","5","1","11","2","14","","42","42","1","13","4","120.686058","24.149215","2"
"8938","66000","387130000C","(04)23274275","(04)23288582","2026","2","24","18","2","臺中市","豐原區","0","1","0","7","1","6","50","13","7","1","5","4","6","6","4","4","5","5","4","2","12","3","10","3","1","B03","7","9","1","8","2","2","","85","85","1","6","4","120.724477","24.251039","2"
"8939","66000","387130000C","(04)23274275","(04)23288582","2026","2","24","18","5","臺中市","西屯區","0","1","0","7","1","6","50","4","2","1","5","4","6","6","2","1","1","4","5","2","13","2","8","1","1","C03","7","6","1","10","2","11","","7","7","1","12","4","120.661042","24.171708","2"
"8940","66000","387130000C","(04)23274275","(04)23288582","2026","2","24","18","5","臺中市","龍井區","0","1","0","7","1","6","30","5","1","1","5","4","6","6","4","4","10","5","5","2","15","2","9","2","1","C03","7","9","1","10","2","14","","12","12","1","6","4","120.589395","24.180908","2"
"8941","66000","387130000C","(04)23274275","(04)23288582","2026","2","24","18","6","臺中市","太平區","0","0","0","7","","","50","","","","","","","","","","","","","","13","","","","","C03","","","1","","1","","","7","7","1","5","4","120.72369","24.1368","3"
"8942","66000","387130000C","(04)23274275","(04)23288582","2026","2","24","18","8","臺中市","南區","0","1","0","7","1","6","50","13","9","1","5","4","6","6","4","4","5","4","5","2","13","2","8","5","4","C03","7","9","1","10","1","11","","7","7","1","13","4","120.653226","24.122677","2"
"8943","66000","387130000C","(04)23274275","(04)23288582","2026","2","24","18","9","臺中市","北區","0","0","0","7","","","","","","","","","","","","","","","","","17","","","","","","","","","","","","","119","119","1","","","120.673008","24.16827","3"
"8944","66000","387130000C","(04)23274275","(04)23288582","2026","2","24","18","10","臺中市","北屯區","0","0","0","7","","","50","","","","","","","","","","","","","","","","","","","B03","","","1","","2","","","49","49","1","12","4","120.714158","24.178208","3"
"8945","66000","387130000C","(04)23274275","(04)23288582","2026","2","24","18","10","臺中市","北屯區","0","1","0","7","1","6","50","13","9","1","5","4","6","6","4","4","5","4","5","2","30","2","8","1","1","C03","7","9","1","10","1","13","","85","85","1","6","4","120.705403","24.169537","2"
"8946","66000","387130000C","(04)23274275","(04)23288582","2026","2","24","18","10","臺中市","太平區","0","0","0","7","","3","80","","","","","","","","","","","","","","12","","","","","B03","","","1","","2","","","40","40","1","13","4","120.711034","24.134288","3"
"8947","66000","387130000C","(04)23274275","(04)23288582","2026","2","24","18","15","臺中市","霧峰區","0","1","0","6","2","6","50","4","1","1","5","4","6","6","1","1","10","5","5","1","17","3","10","1","1","C03","7","5","1","9","2","11","","84","84","1","13","4","120.698748","24.064398","2"
"8948","66000","387130000C","(04)23274275","(04)23288582","2026","2","24","18","16","臺中市","西區","0","0","0","7","","","50","","","","","","","","","","","","","","13","","","","","B02","","","1","","1","","","84","84","1","13","4","120.659695","24.157292","3"
"8949","66000","387130000C","(04)23274275","(04)23288582","2026","2","24","18","16","臺中市","北屯區","0","0","0","7","","3","50","","","","","","","","","","","","","","","","","","","B03","","","1","","1","","","40","40","1","12","4","120.692875","24.200985","3"
"8950","66000","387130000C","(04)23274275","(04)23288582","2026","2","24","18","16","臺中市","太平區","0","1","0","7","1","6","50","3","2","1","5","4","6","6","4","4","9","5","4","2","13","3","10","3","1","B03","7","9","1","8","2","8","","7","7","1","12","4","120.733949","24.147764","2"
"8951","66000","387130000C","(04)23274275","(04)23288582","2026","2","24","18","18","臺中市","北屯區","0","0","0","7","","","50","","","","","","","","","","","","","","14","","","","","C03","","","1","","1","","","49","49","1","12","4","120.713059","24.172861","3"
"8952","66000","387130000C","(04)23274275","(04)23288582","2026","2","24","18","21","臺中市","潭子區","0","0","0","7","","","50","","","","","","","","","","","","","","","","","","","B03","","","1","","2","","","49","49","1","13","4","120.697947","24.194718","3"
"8953","66000","387130000C","(04)23274275","(04)23288582","2026","2","24","18","25","臺中市","西屯區","0","0","0","7","","","40","","","","","","","","","","","","","","17","","","","","B03","","","1","","2","","","51","51","1","12","4","120.638442","24.159814","3"
"8954","66000","387130000C","(04)23274275","(04)23288582","2026","2","24","18","27","臺中市","南區","0","1","0","7","1","6","50","13","9","1","5","4","6","6","4","4","5","5","5","2","18","2","9","5","1","F01","7","9","7","21","2","16","","84","84","1","13","4","120.680245","24.130309","2"
"8955","66000","387130000C","(04)23274275","(04)23288582","2026","2","24","18","31","臺中市","西區","0","2","0","7","1","6","40","4","1","1","5","4","6","6","1","1","10","5","5","2","12","2","9","5","4","C03","7","9","1","10","2","12","","84","84","1","13","4","120.662342","24.155386","2"
"8956","66000","387130000C","(04)23274275","(04)23288582","2026","2","24","18","34","臺中市","大雅區","0","1","0","7","3","6","50","4","9","1","5","4","6","6","1","1","4","4","5","2","12","3","10","3","1","B03","7","9","1","6","2","5","","7","7","1","12","4","120.649081","24.216123","2"
"8957","66000","387130000C","(04)23274275","(04)23288582","2026","2","24","18","36","臺中市","西屯區","0","1","0","7","1","6","30","3","2","1","5","4","6","6","4","4","10","5","5","2","19","2","9","1","4","C03","7","9","1","10","2","11","","84","84","1","13","4","120.627193","24.200002","2"
"8958","66000","387130000C","(04)23274275","(04)23288582","2026","2","24","18","39","臺中市","西屯區","0","0","0","7","","","50","","","","","","","","","","","","","","12","","","","","B03","","","1","","1","","","40","40","1","12","4","120.652876","24.160665","3"
"8959","66000","387130000C","(04)23274275","(04)23288582","2026","2","24","18","40","臺中市","神岡區","0","1","0","7","1","6","50","13","9","1","4","4","6","6","4","4","5","5","5","1","18","2","9","5","1","F01","7","9","7","21","2","12","","84","84","1","4","4","120.699185","24.250991","2"
"8960","66000","387130000C","(04)23274275","(04)23288582","2026","2","24","18","42","臺中市","大里區","0","2","0","6","1","6","40","13","8","1","5","4","6","6","4","4","1","5","5","1","13","2","9","1","1","C03","7","9","1","10","2","11","","7","7","1","12","4","120.700448","24.117007","2"
"8961","66000","387130000C","(04)23274275","(04)23288582","2026","2","24","18","44","臺中市","西屯區","0","0","0","7","","","40","","","","","","","","","","","","","","13","","","","","B03","","","1","","1","","","7","7","1","13","4","120.643828","24.165598","3"
"8962","66000","387130000C","(04)23274275","(04)23288582","2026","2","24","18","44","臺中市","烏日區","0","0","0","7","","","50","","","","","","","","","","","","","","12","","","","","B03","","","1","","1","","","40","40","1","6","4","120.612575","24.10297","3"
"8963","66000","387130000C","(04)23274275","(04)23288582","2026","2","24","18","45","臺中市","北屯區","0","2","0","7","1","6","50","13","9","1","5","4","6","6","4","4","3","4","5","2","12","3","10","3","1","B03","7","9","1","8","2","2","","84","84","1","13","4","120.70472","24.182117","2"
"8964","66000","387130000C","(04)23274275","(04)23288582","2026","2","24","18","46","臺中市","潭子區","0","0","0","6","","3","80","","","","","","","","","","","","","","","","","","","B03","","","1","","2","","","84","84","1","13","4","120.720385","24.195555","3"
"8965","66000","387130000C","(04)23274275","(04)23288582","2026","2","24","18","47","臺中市","南區","0","0","0","7","","","50","","","","","","","","","","","","","","17","","","","","B03","","","1","","1","","","8","8","1","6","4","120.671748","24.118374","3"
"8966","66000","387130000C","(04)23274275","(04)23288582","2026","2","24","18","50","臺中市","烏日區","0","1","0","7","1","6","40","13","8","1","5","4","6","6","4","4","5","4","4","1","17","3","10","3","1","B03","7","1","1","4","2","8","","51","51","1","6","4","120.656975","24.095588","2"
"8967","66000","387130000C","(04)23274275","(04)23288582","2026","2","24","18","52","臺中市","龍井區","0","0","0","7","","","50","","","","","","","","","","","","","","","","","","","B03","","","1","","2","","","49","49","1","6","4","120.523722","24.203035","3"
"8968","66000","387130000C","(04)23274275","(04)23288582","2026","2","24","18","57","臺中市","西屯區","0","2","0","7","1","6","50","4","1","1","5","4","6","6","2","1","10","5","5","2","16","2","9","1","1","C03","7","6","1","10","2","12","","23","23","1","12","4","120.648294","24.167899","2"
"8969","66000","387130000C","(04)23274275","(04)23288582","2026","2","24","19","0","臺中市","北屯區","0","1","0","7","1","6","60","13","7","1","5","4","6","6","4","4","1","4","4","2","13","2","9","2","1","C03","7","9","1","10","2","11","","58","58","1","6","4","120.706117","24.164994","2"
"8970","66000","387130000C","(04)23274275","(04)23288582","2026","2","24","19","0","臺中市","北屯區","0","0","0","7","","3","50","","","","","","","","","","","","","","","","","","","B03","","","1","","1","","","84","84","1","13","4","120.721227","24.17929","3"
"8971","66000","387130000C","(04)23274275","(04)23288582","2026","2","24","19","3","臺中市","西屯區","0","0","0","7","","","50","","","","","","","","","","","","","","13","","","","","B03","","","1","","2","","","84","84","1","12","4","120.6453","24.192312","3"
"8972","66000","387130000C","(04)23274275","(04)23288582","2026","2","24","19","11","臺中市","西屯區","0","0","0","7","","","50","","","","","","","","","","","","","","17","","","","","B03","","","1","","1","","","32","32","1","12","4","120.646489","24.175165","3"
"8973","66000","387130000C","(04)23274275","(04)23288582","2026","2","24","19","15","臺中市","大里區","0","1","0","7","1","6","50","4","1","1","5","4","6","6","4","4","10","5","5","2","17","2","9","2","1","C03","7","9","1","9","2","12","","84","84","1","12","4","120.698591","24.089646","2"
"8974","66000","387130000C","(04)23274275","(04)23288582","2026","2","24","19","22","臺中市","南屯區","0","0","0","7","","","50","","","","","","","","","","","","","","17","","","","","B03","","","1","","2","","","87","87","1","12","4","120.639599","24.147725","3"
"8975","66000","387130000C","(04)23274275","(04)23288582","2026","2","24","19","22","臺中市","后里區","0","0","0","7","","","50","","","","","","","","","","","","","","14","","","","","B03","","","1","","2","","","49","49","1","12","4","120.720934","24.304413","3"
"8976","66000","387130000C","(04)23274275","(04)23288582","2026","2","24","19","23","臺中市","北區","0","1","0","7","1","6","50","4","1","1","5","4","6","6","1","1","5","4","5","2","2","3","10","5","1","B03","7","6","1","8","2","1","","59","59","1","13","4","120.676824","24.155567","2"
"8977","66000","387130000C","(04)23274275","(04)23288582","2026","2","24","19","28","臺中市","西屯區","0","0","0","7","","","50","","","","","","","","","","","","","","14","","","","","B03","","","1","","2","","","49","49","1","13","4","120.622826","24.185833","3"
"8978","66000","387130000C","(04)23274275","(04)23288582","2026","2","24","19","33","臺中市","北區","0","2","0","7","1","6","50","4","1","1","5","4","6","6","2","1","10","5","5","2","12","2","9","1","1","C03","7","5","1","10","2","12","","84","84","1","13","4","120.686354","24.152437","2"
"8979","66000","387130000C","(04)23274275","(04)23288582","2026","2","24","19","35","臺中市","南屯區","0","0","0","7","","","50","","","","","","","","","","","","","","12","","","","","B03","","","1","","1","","","8","8","1","13","4","120.615415","24.147668","3"
"8980","66000","387130000C","(04)23274275","(04)23288582","2026","2","24","19","38","臺中市","西屯區","0","1","0","7","1","6","50","4","1","1","5","4","6","6","4","4","10","5","5","2","15","2","9","5","4","C03","7","9","1","10","2","11","","15","15","1","12","4","120.614403","24.194662","2"
"8981","66000","387130000C","(04)23274275","(04)23288582","2026","2","24","19","39","臺中市","西屯區","0","3","0","7","1","6","50","4","1","1","5","4","6","6","2","1","10","5","5","2","16","2","9","1","1","C03","7","6","1","10","2","12","","11","11","1","13","4","120.648294","24.167899","2"
"8982","66000","387130000C","(04)23274275","(04)23288582","2026","2","24","19","41","臺中市","豐原區","0","1","0","7","1","6","50","4","7","1","5","4","6","6","2","1","5","5","4","2","13","2","9","1","1","C03","7","9","1","10","2","11","","59","59","1","12","4","120.71292","24.250867","2"
"8983","66000","387130000C","(04)23274275","(04)23288582","2026","2","24","19","44","臺中市","烏日區","0","0","0","7","1","6","40","13","9","1","5","4","6","6","1","1","4","4","5","1","13","3","10","3","1","B01","7","9","1","4","1","5","","84","84","1","6","4","120.620383","24.11529","3"
"8984","66000","387130000C","(04)23274275","(04)23288582","2026","2","24","19","45","臺中市","大肚區","0","1","0","1","1","6","50","13","9","1","5","4","6","6","1","1","4","3","5","2","11","2","8","1","1","C03","7","11","1","10","2","13","","39","39","1","12","4","120.545219","24.151381","2"
"8985","66000","387130000C","(04)23274275","(04)23288582","2026","2","24","19","48","臺中市","北屯區","0","1","0","7","1","6","50","3","1","1","5","4","6","6","4","4","10","5","5","2","16","3","10","3","1","B03","7","6","1","8","2","1","","84","84","1","12","4","120.720284","24.178264","2"
"8986","66000","387130000C","(04)23274275","(04)23288582","2026","2","24","19","49","臺中市","西區","0","0","0","7","","","50","","","","","","","","","","","","","","13","","","","","B03","","","1","","1","","","59","59","1","13","4","120.656839","24.146711","3"
"8987","66000","387130000C","(04)23274275","(04)23288582","2026","2","24","19","52","臺中市","龍井區","0","0","0","7","","","60","","","","","","","","","","","","","","2","","","","","B03","","","1","","1","","","8","8","1","6","4","120.574618","24.178066","3"
"8988","66000","387130000C","(04)23274275","(04)23288582","2026","2","24","19","53","臺中市","霧峰區","0","1","0","7","1","6","30","11","9","1","5","4","6","6","4","4","10","5","5","1","11","3","10","3","1","B03","7","9","1","8","2","4","","41","41","1","12","4","120.66609","24.069695","2"
"8989","66000","387130000C","(04)23274275","(04)23288582","2026","2","24","19","54","臺中市","豐原區","0","1","0","7","1","6","50","13","9","1","5","4","6","6","4","4","5","4","5","2","17","2","9","2","1","C03","7","6","1","10","2","11","","34","34","1","13","4","120.722772","24.242186","2"
"8990","66000","387130000C","(04)23274275","(04)23288582","2026","2","24","19","55","臺中市","西區","0","0","0","7","","","30","","","","","","","","","","","","","","","","","","","F02","","","1","","2","","","84","84","1","12","4","120.667038","24.132659","3"
"8991","66000","387130000C","(04)23274275","(04)23288582","2026","2","24","19","58","臺中市","西區","0","2","0","7","1","6","50","4","2","1","5","4","6","6","2","1","1","4","4","1","13","2","9","2","1","C03","7","9","1","10","2","11","","84","84","1","13","4","120.662766","24.16122","2"
"8992","66000","387130000C","(04)23274275","(04)23288582","2026","2","24","19","58","臺中市","梧棲區","0","1","0","7","1","6","50","13","24","1","5","4","6","6","4","4","3","2","5","2","13","3","10","3","2","B03","7","9","1","8","2","5","","62","62","1","12","4","120.549761","24.238756","2"
"8993","66000","387130000C","(04)23274275","(04)23288582","2026","2","24","20","1","臺中市","南屯區","0","1","0","7","2","6","50","4","1","1","5","4","6","6","1","1","9","4","5","2","3","3","10","3","1","B03","7","6","1","8","2","1","","10","10","1","12","4","120.649753","24.152342","2"
"8994","66000","387130000C","(04)23274275","(04)23288582","2026","2","24","20","2","臺中市","東區","0","0","0","7","","","40","","","","","","","","","","","","","","17","","","","","C03","","","1","","2","","","82","82","1","12","4","120.709376","24.144406","3"
"8995","66000","387130000C","(04)23274275","(04)23288582","2026","2","24","20","2","臺中市","烏日區","0","0","0","7","","","50","","","","","","","","","","","","","","13","","","","","B03","","","1","","1","","","7","7","1","6","4","120.616655","24.113803","3"
"8996","66000","387130000C","(04)23274275","(04)23288582","2026","2","24","20","3","臺中市","太平區","0","0","0","7","1","6","50","3","9","1","5","4","6","6","4","4","5","5","5","2","17","3","10","3","1","B03","7","15","1","8","2","4","","84","84","1","12","4","120.712734","24.117586","3"
"8997","66000","387130000C","(04)23274275","(04)23288582","2026","2","24","20","3","臺中市","龍井區","0","1","0","7","1","6","50","4","1","1","5","4","6","6","1","1","10","5","5","2","16","3","10","3","1","B03","7","6","1","8","2","2","","11","11","1","6","4","120.582934","24.178819","2"
"8998","66000","387130000C","(04)23274275","(04)23288582","2026","2","24","20","10","臺中市","新社區","0","0","0","7","","","50","","","","","","","","","","","","","","","","","","","B03","","","1","","1","","","50","50","1","12","4","120.808303","24.245589","3"
"8999","66000","387130000C","(04)23274275","(04)23288582","2026","2","24","20","13","臺中市","石岡區","0","1","0","7","1","6","70","13","7","1","5","4","6","6","4","4","3","4","4","1","13","3","10","5","4","B03","7","9","1","8","2","5","","55","55","2","12","4","120.814627","24.261339","2"
"9000","66000","387130000C","(04)23274275","(04)23288582","2026","2","24","20","19","臺中市","太平區","0","0","0","7","","3","80","","","","","","","","","","","","","","18","","","","","B02","","","1","","2","","","59","59","1","13","4","120.711306","24.134281","3"
"9001","66000","387130000C","(04)23274275","(04)23288582","2026","2","24","20","33","臺中市","東區","0","0","0","7","","","50","","","","","","","","","","","","","","17","","","","","B01","","","1","","9","","","85","85","1","12","4","120.689118","24.136979","4"
"9002","66000","387130000C","(04)23274275","(04)23288582","2026","2","24","20","35","臺中市","北屯區","0","0","0","7","","","50","","","","","","","","","","","","","","","","","","","C04","","","1","","1","","","84","84","1","13","4","120.724329","24.166875","4"
"9003","66000","387130000C","(04)23274275","(04)23288582","2026","2","24","20","35","臺中市","北屯區","0","1","0","7","1","6","50","13","8","1","5","4","6","6","4","4","9","4","4","2","13","2","9","6","1","F01","7","9","7","21","2","11","","84","84","1","13","4","120.693512","24.16993","2"
"9004","66000","387130000C","(04)23274275","(04)23288582","2026","2","24","20","37","臺中市","南區","0","0","0","7","","","50","","","","","","","","","","","","","","","","","","","C03","","","1","","2","","","51","51","1","6","4","120.681559","24.129426","3"
"9005","66000","387130000C","(04)23274275","(04)23288582","2026","2","24","20","37","臺中市","西屯區","0","0","0","7","","","70","","","","","","","","","","","","","","13","","","","","B03","","","1","","1","","","59","59","1","12","4","120.614735","24.183588","3"
"9006","66000","387130000C","(04)23274275","(04)23288582","2026","2","24","20","44","臺中市","后里區","0","1","0","7","1","6","50","11","9","1","5","4","6","6","4","4","5","2","5","1","18","2","9","1","1","C03","7","9","1","10","2","12","","59","59","1","12","4","120.725829","24.32548","2"