序號,縣市別代碼,機關代碼,市話,傳真,年,月,日,時,分,縣市,區,死亡數量,受傷數量,2-30,天候,道路照明設備,道路類別,道路速限,道路型態,事故位置,路面鋪裝,路面狀態,路面缺陷,障礙物,視距,號誌種類,號誌動作,分向設施,快車道或一般車道間,快慢車道間,路面邊線,事故類型及型態,受傷程度,主要傷處,保護裝備,行動電話或功能裝置,當事者區分(類別),車輛用途,當事者行動狀態,駕照狀態,駕照種類,飲酒情形,車輛撞擊部位最初,車輛撞擊部位其他,肇事因素個別,肇事因素主要,肇事逃逸,職業,共享經濟或外送平台,GPS座標X,GPS座標Y,事故類別
"9007","66000","387130000C","(04)23274275","(04)23288582","2026","2","24","20","45","臺中市","北屯區","0","1","0","7","1","3","40","18","16","1","4","4","6","6","4","4","1","4","5","1","23","2","9","5","1","B02","7","15","1","8","2","5","","54","54","1","6","4","120.673917","24.201199","2"
"9008","66000","387130000C","(04)23274275","(04)23288582","2026","2","24","20","45","臺中市","沙鹿區","0","0","0","7","","","50","","","","","","","","","","","","","","","","","","","B03","","","1","","2","","","84","84","1","6","4","120.564865","24.24091","3"
"9009","66000","387130000C","(04)23274275","(04)23288582","2026","2","24","20","50","臺中市","南區","0","0","0","7","","","50","","","","","","","","","","","","","","12","","","","","B03","","","1","","2","","","8","8","2","13","4","120.670044","24.114708","3"
"9010","66000","387130000C","(04)23274275","(04)23288582","2026","2","24","20","50","臺中市","西屯區","0","1","0","7","1","6","50","3","19","1","5","4","6","6","4","4","9","4","4","2","3","3","10","1","1","C03","7","9","1","10","2","11","","10","10","1","12","4","120.641308","24.176934","2"
"9011","66000","387130000C","(04)23274275","(04)23288582","2026","2","24","20","50","臺中市","龍井區","0","2","0","7","1","6","50","3","2","1","5","4","6","6","4","4","4","5","5","1","16","2","9","2","1","C03","7","5","1","10","2","13","14","12","12","1","6","4","120.572998","24.192062","2"
"9012","66000","387130000C","(04)23274275","(04)23288582","2026","2","24","20","52","臺中市","大里區","0","0","0","7","","","50","","","","","","","","","","","","","","17","","","","","C03","","","1","","2","","","43","43","1","5","4","120.683311","24.11514","3"
"9013","66000","387130000C","(04)23274275","(04)23288582","2026","2","24","20","53","臺中市","太平區","0","2","0","7","1","6","50","3","2","1","5","4","6","6","4","4","5","5","5","2","16","2","9","2","1","C03","7","9","3","19","2","14","","84","84","1","12","4","120.71991","24.123723","2"
"9014","66000","387130000C","(04)23274275","(04)23288582","2026","2","24","20","55","臺中市","東區","0","2","0","7","1","6","40","5","1","1","5","4","6","6","2","1","1","5","5","2","13","2","9","5","4","C03","7","9","1","10","2","11","","7","7","1","13","4","120.692437","24.147882","2"
"9015","66000","387130000C","(04)23274275","(04)23288582","2026","2","24","21","7","臺中市","西區","0","0","0","7","","","50","","","","","","","","","","","","","","15","","","","","C03","","","1","","1","","","15","15","1","12","4","120.672886","24.15158","3"
"9016","66000","387130000C","(04)23274275","(04)23288582","2026","2","24","21","8","臺中市","太平區","0","1","0","7","1","6","50","4","4","1","5","4","6","6","2","1","5","5","4","1","13","3","10","3","1","B03","7","9","1","8","2","1","","7","7","1","12","4","120.714945","24.146393","2"
"9017","66000","387130000C","(04)23274275","(04)23288582","2026","2","24","21","12","臺中市","后里區","0","0","0","7","","","50","","","","","","","","","","","","","","14","","","","","B02","","","1","","2","","","49","49","1","12","4","120.711646","24.309563","3"
"9018","66000","387130000C","(04)23274275","(04)23288582","2026","2","24","21","21","臺中市","東區","0","0","0","7","","","30","","","","","","","","","","","","","","","","","","","F03","","","7","","9","","","84","84","2","13","4","120.695217","24.151595","3"
"9019","66000","387130000C","(04)23274275","(04)23288582","2026","2","24","21","25","臺中市","南屯區","0","0","0","7","","","30","","","","","","","","","","","","","","","","","","","B03","","","1","","2","","","82","82","2","12","4","120.635677","24.137484","3"
"9020","66000","387130000C","(04)23274275","(04)23288582","2026","2","24","21","28","臺中市","南屯區","0","1","0","7","1","6","50","4","1","1","5","4","6","6","1","1","10","5","5","2","17","3","10","3","1","B03","7","11","1","8","2","1","","45","45","1","13","4","120.646609","24.13337","2"
"9021","66000","387130000C","(04)23274275","(04)23288582","2026","2","24","21","47","臺中市","中區","0","0","0","7","","","50","","","","","","","","","","","","","","15","","","","","B03","","","1","","1","","","11","11","1","13","4","120.680191","24.143104","3"
"9022","66000","387130000C","(04)23274275","(04)23288582","2026","2","24","21","55","臺中市","北屯區","0","0","0","7","","","50","","","","","","","","","","","","","","17","","","","","C03","","","1","","1","","","85","85","1","6","4","120.698903","24.175497","3"
"9023","66000","387130000C","(04)23274275","(04)23288582","2026","2","24","21","55","臺中市","烏日區","0","1","0","7","1","6","60","4","1","1","5","4","6","6","2","1","3","3","4","1","3","3","10","3","1","B03","7","5","1","8","2","1","","10","10","1","6","4","120.614646","24.106804","2"
"9024","66000","387130000C","(04)23274275","(04)23288582","2026","2","24","22","4","臺中市","龍井區","0","0","0","7","","","60","","","","","","","","","","","","","","13","","","","","B03","","","1","","1","","","84","84","1","6","4","120.580319","24.188924","3"
"9025","66000","387130000C","(04)23274275","(04)23288582","2026","2","24","22","8","臺中市","大里區","0","0","0","6","1","6","50","5","9","1","5","4","6","6","1","1","5","4","5","1","13","","","","","B03","","","1","","2","","","59","59","1","12","4","120.689785","24.113334","3"
"9026","66000","387130000C","(04)23274275","(04)23288582","2026","2","24","22","11","臺中市","太平區","0","0","0","7","","","50","","","","","","","","","","","","","","","","","","","B03","","","1","","2","","","49","49","1","12","4","120.712765","24.126605","3"
"9027","66000","387130000C","(04)23274275","(04)23288582","2026","2","24","22","14","臺中市","北區","0","1","0","7","1","6","50","13","24","1","5","4","6","6","4","4","5","4","5","2","17","2","9","5","4","C03","7","9","1","10","2","11","","7","7","1","13","4","120.674717","24.146483","2"
"9028","66000","387130000C","(04)23274275","(04)23288582","2026","2","24","22","20","臺中市","沙鹿區","0","1","0","6","1","6","40","5","1","1","5","4","6","6","2","1","1","4","4","1","18","2","8","1","1","C03","7","9","1","10","2","16","","84","84","1","12","4","120.569671","24.237186","2"
"9029","66000","387130000C","(04)23274275","(04)23288582","2026","2","24","23","10","臺中市","大里區","0","0","0","7","","","30","","","","","","","","","","","","","","17","","","","","","","","","","","","","118","118","1","","","120.676043","24.082827","3"
"9030","66000","387130000C","(04)23274275","(04)23288582","2026","2","24","23","18","臺中市","南區","0","0","0","7","","","50","","","","","","","","","","","","","","17","","","","","B03","","","1","","2","","","7","7","1","12","4","120.653303","24.122633","3"
"9031","66000","387130000C","(04)23274275","(04)23288582","2026","2","24","23","29","臺中市","北屯區","0","0","0","7","","","50","","","","","","","","","","","","","","14","","","","","B03","","","1","","2","","","49","49","1","12","4","120.693694","24.164595","3"
"9032","66000","387130000C","(04)23274275","(04)23288582","2026","2","24","23","31","臺中市","梧棲區","0","0","0","7","","","30","","","","","","","","","","","","","","16","","","","","B03","","","1","","2","","","14","14","1","12","4","120.541263","24.247019","3"
"9033","66000","387130000C","(04)23274275","(04)23288582","2026","2","24","23","34","臺中市","大里區","0","1","0","7","2","6","50","13","9","1","5","4","6","6","4","4","1","4","5","1","18","2","9","1","1","C03","7","9","1","10","2","12","","54","54","1","12","4","120.698482","24.113034","2"
"9034","66000","387130000C","(04)23274275","(04)23288582","2026","2","24","23","38","臺中市","豐原區","0","1","0","7","1","6","50","13","8","1","5","4","6","6","4","4","5","5","4","2","17","2","1","3","1","B03","7","9","1","8","2","1","","84","84","1","12","4","120.732842","24.255436","2"
"9035","66000","387130000C","(04)23274275","(04)23288582","2026","2","24","23","40","臺中市","南區","0","0","0","7","","","50","","","","","","","","","","","","","","14","","","","","B02","","","1","","2","","","50","50","1","13","4","120.668757","24.115486","3"
"9036","66000","387130000C","(04)23274275","(04)23288582","2026","2","24","23","47","臺中市","龍井區","0","1","0","1","1","6","50","5","2","1","5","4","6","6","1","1","3","3","4","1","16","2","9","1","1","C03","7","9","3","19","2","13","","21","21","1","12","4","120.53638","24.194401","2"
"9037","66000","387130000C","(04)23274275","(04)23288582","2026","2","24","23","50","臺中市","東區","0","0","0","7","","","50","","","","","","","","","","","","","","17","","","","","B03","","","1","","1","","","50","50","1","12","4","120.689382","24.145602","3"
"9038","66000","387130000C","(04)23274275","(04)23288582","2026","2","25","0","5","臺中市","太平區","0","1","0","7","1","6","50","3","2","1","5","4","6","6","4","4","5","5","4","2","17","2","9","1","1","C03","7","9","1","10","9","11","","84","84","1","12","4","120.702929","24.155233","2"
"9039","66000","387130000C","(04)23274275","(04)23288582","2026","2","25","0","7","臺中市","北區","0","0","0","7","","","","","","","","","","","","","","","","","17","","","","","","","","","","","","","119","119","1","","","120.666886","24.159533","3"
"9040","66000","387130000C","(04)23274275","(04)23288582","2026","2","25","1","59","臺中市","梧棲區","0","1","0","7","1","6","50","3","1","1","5","4","6","6","2","1","10","5","5","2","16","2","7","2","1","C03","7","11","1","10","2","14","","44","44","1","12","4","120.530957","24.255801","2"
"9041","66000","387130000C","(04)23274275","(04)23288582","2026","2","25","3","7","臺中市","大里區","0","0","0","7","","","50","","","","","","","","","","","","","","17","","","","","F01","","","1","","2","","","55","55","1","12","4","120.689496","24.120153","3"
"9042","66000","387130000C","(04)23274275","(04)23288582","2026","2","25","5","28","臺中市","北區","0","0","0","7","","","50","","","","","","","","","","","","","","14","","","","","B03","","","1","","1","","","51","51","1","13","4","120.691675","24.158966","3"
"9043","66000","387130000C","(04)23274275","(04)23288582","2026","2","25","5","45","臺中市","后里區","0","1","0","7","1","6","50","13","7","1","5","4","6","6","4","4","1","4","4","1","13","2","9","3","1","B01","7","9","1","8","2","1","","7","7","1","12","4","120.700395","24.312485","2"
"9044","66000","387130000C","(04)23274275","(04)23288582","2026","2","25","6","40","臺中市","西屯區","0","0","0","7","","","50","","","","","","","","","","","","","","17","","","","","B03","","","1","","2","","","8","8","1","12","4","120.642034","24.178039","3"
"9045","66000","387130000C","(04)23274275","(04)23288582","2026","2","25","6","50","臺中市","沙鹿區","0","0","0","7","","","50","","","","","","","","","","","","","","14","","","","","B03","","","1","","2","","","49","49","1","6","4","120.561481","24.237077","3"
"9046","66000","387130000C","(04)23274275","(04)23288582","2026","2","25","6","55","臺中市","龍井區","0","2","0","7","2","6","30","4","2","1","5","4","6","6","4","4","4","3","5","1","15","2","3","3","1","B01","7","9","1","8","2","5","","15","15","1","12","4","120.535808","24.211215","2"
"9047","66000","387130000C","(04)23274275","(04)23288582","2026","2","25","7","0","臺中市","北屯區","0","1","0","7","2","6","50","4","19","1","5","4","6","6","2","1","10","5","5","2","3","3","10","3","1","B03","7","6","1","8","2","1","","10","10","1","6","4","120.67264","24.181017","2"
"9048","66000","387130000C","(04)23274275","(04)23288582","2026","2","25","7","5","臺中市","北區","0","2","0","7","2","6","50","4","1","1","5","4","6","6","2","1","1","4","5","2","15","2","9","1","1","F01","7","9","7","21","2","13","14","21","21","1","13","4","120.677176","24.165176","2"
"9049","66000","387130000C","(04)23274275","(04)23288582","2026","2","25","7","6","臺中市","大肚區","0","1","0","7","2","6","30","13","9","1","5","4","6","6","4","4","9","5","5","2","17","3","10","3","1","B03","7","1","1","8","2","1","","51","51","1","6","4","120.563261","24.127238","2"
"9050","66000","387130000C","(04)23274275","(04)23288582","2026","2","25","7","8","臺中市","霧峰區","0","0","0","7","","","30","","","","","","","","","","","","","","","","","","","B03","","","1","","2","","","7","7","1","6","4","120.664148","24.076956","3"
"9051","66000","387130000C","(04)23274275","(04)23288582","2026","2","25","7","11","臺中市","西區","0","0","0","7","","","50","","","","","","","","","","","","","","","","","","","B03","","","1","","2","","","84","84","1","13","4","120.657242","24.150853","3"
"9052","66000","387130000C","(04)23274275","(04)23288582","2026","2","25","7","12","臺中市","西屯區","0","1","0","7","2","6","40","3","8","1","5","4","6","6","1","1","3","4","3","2","13","3","10","3","1","B03","7","9","1","8","2","1","","7","7","1","12","4","120.618314","24.181218","2"
"9053","66000","387130000C","(04)23274275","(04)23288582","2026","2","25","7","13","臺中市","清水區","0","1","0","7","3","6","50","3","1","1","5","4","6","6","4","4","9","4","5","2","16","3","10","3","1","B03","7","5","1","8","2","4","","12","12","1","12","4","120.560637","24.269344","2"
"9054","66000","387130000C","(04)23274275","(04)23288582","2026","2","25","7","15","臺中市","大雅區","0","0","0","7","","","50","","","","","","","","","","","","","","30","","","","","B03","","","1","","2","","","50","50","1","12","4","120.66829","24.218164","3"
"9055","66000","387130000C","(04)23274275","(04)23288582","2026","2","25","7","16","臺中市","梧棲區","0","0","0","7","","","50","","","","","","","","","","","","","","17","","","","","C03","","","1","","1","","","59","59","1","6","4","120.5478","24.246111","3"
"9056","66000","387130000C","(04)23274275","(04)23288582","2026","2","25","7","18","臺中市","大甲區","0","1","0","7","3","6","50","13","9","1","5","4","6","6","4","4","5","4","4","1","8","3","10","3","1","A02","7","15","1","2","2","5","","59","59","1","6","4","120.629251","24.344349","2"
"9057","66000","387130000C","(04)23274275","(04)23288582","2026","2","25","7","20","臺中市","北屯區","0","0","0","7","","","50","","","","","","","","","","","","","","12","","","","","A11","","","1","","2","","","8","8","1","6","4","120.722985","24.181729","3"
"9058","66000","387130000C","(04)23274275","(04)23288582","2026","2","25","7","20","臺中市","外埔區","0","0","0","7","3","6","50","4","1","1","5","4","6","6","1","1","5","5","5","1","16","3","10","3","1","B03","7","1","1","8","2","7","","51","51","1","6","4","120.65629","24.338762","3"
"9059","66000","387130000C","(04)23274275","(04)23288582","2026","2","25","7","21","臺中市","西屯區","0","0","0","7","","","50","","","","","","","","","","","","","","14","","","","","B03","","","1","","1","","","84","84","1","13","4","120.617558","24.159868","3"
"9060","66000","387130000C","(04)23274275","(04)23288582","2026","2","25","7","22","臺中市","大甲區","0","1","0","7","3","6","50","4","1","1","5","4","6","6","1","1","10","5","5","2","16","3","10","1","1","C04","7","6","1","11","2","11","","23","23","1","12","4","120.622465","24.349975","2"
"9061","66000","387130000C","(04)23274275","(04)23288582","2026","2","25","7","23","臺中市","太平區","0","0","0","7","2","6","40","","","","","","","","","","","","","","","","","","","B02","","","1","","2","3","","49","49","1","12","4","120.707268","24.125429","3"
"9062","66000","387130000C","(04)23274275","(04)23288582","2026","2","25","7","24","臺中市","西屯區","0","2","0","7","2","6","50","3","9","1","5","4","6","6","4","4","5","2","5","2","13","2","4","3","1","A12","7","9","1","5","2","1","","7","7","1","12","4","120.605187","24.188157","2"
"9063","66000","387130000C","(04)23274275","(04)23288582","2026","2","25","7","25","臺中市","南區","0","0","0","7","","","50","","","","","","","","","","","","","","","","","","","B03","","","1","","1","","","11","11","1","12","4","120.663373","24.119711","3"
"9064","66000","387130000C","(04)23274275","(04)23288582","2026","2","25","7","25","臺中市","東區","0","2","0","7","1","6","50","4","1","1","5","4","6","6","1","1","9","4","5","2","12","2","9","1","1","C03","7","9","1","10","2","11","","7","7","1","12","4","120.710405","24.140847","2"
"9065","66000","387130000C","(04)23274275","(04)23288582","2026","2","25","7","25","臺中市","南屯區","0","0","0","7","","","50","","","","","","","","","","","","","","","","","","","B03","","","1","","1","","","51","51","1","13","4","120.606975","24.128234","3"
"9066","66000","387130000C","(04)23274275","(04)23288582","2026","2","25","7","26","臺中市","龍井區","0","1","0","7","2","6","50","13","14","1","5","4","6","6","4","4","5","5","5","1","16","3","10","3","1","B03","7","5","1","8","2","2","","47","47","1","12","4","120.527599","24.220112","2"
"9067","66000","387130000C","(04)23274275","(04)23288582","2026","2","25","7","27","臺中市","大雅區","0","0","0","7","","","50","","","","","","","","","","","","","","","","","","","C03","","","1","","2","","","7","7","1","12","4","120.648358","24.221332","3"
"9068","66000","387130000C","(04)23274275","(04)23288582","2026","2","25","7","29","臺中市","北屯區","0","0","0","7","","","60","","","","","","","","","","","","","","","","","","","B12","","","1","","1","","","7","7","1","6","4","120.716187","24.1637","3"
"9069","66000","387130000C","(04)23274275","(04)23288582","2026","2","25","7","30","臺中市","北屯區","0","0","0","7","","","50","","","","","","","","","","","","","","12","","","","","B03","","","1","","1","","","87","87","1","12","4","120.691355","24.166944","3"
"9070","66000","387130000C","(04)23274275","(04)23288582","2026","2","25","7","30","臺中市","太平區","0","2","0","7","2","6","50","4","1","1","5","4","6","6","4","4","10","5","5","2","15","2","9","2","1","C03","7","9","1","10","2","11","","15","15","1","12","4","120.721119","24.116557","2"
"9071","66000","387130000C","(04)23274275","(04)23288582","2026","2","25","7","30","臺中市","烏日區","0","0","0","7","","","50","","","","","","","","","","","","","","13","","","","","B03","","","1","","1","","","84","84","1","6","4","120.637105","24.10754","3"
"9072","66000","387130000C","(04)23274275","(04)23288582","2026","2","25","7","31","臺中市","西屯區","0","1","0","7","2","6","50","4","2","1","5","4","6","6","2","1","5","4","5","2","13","2","8","5","4","C03","7","9","1","9","2","11","","7","7","1","12","4","120.644479","24.171463","2"
"9073","66000","387130000C","(04)23274275","(04)23288582","2026","2","25","7","31","臺中市","沙鹿區","0","0","0","7","","","50","","","","","","","","","","","","","","","","","","","B03","","","1","","1","","","59","59","1","12","4","120.614408","24.239806","3"
"9074","66000","387130000C","(04)23274275","(04)23288582","2026","2","25","7","34","臺中市","北區","0","2","0","7","3","6","50","4","1","1","5","4","6","6","1","1","5","4","5","2","17","2","9","1","1","C03","7","6","1","10","2","12","","39","39","1","12","4","120.664705","24.161278","2"
"9075","66000","387130000C","(04)23274275","(04)23288582","2026","2","25","7","34","臺中市","西屯區","0","0","0","7","","","30","","","","","","","","","","","","","","15","","","","","C03","","","1","","2","","","12","12","1","12","4","120.644146","24.180404","3"
"9076","66000","387130000C","(04)23274275","(04)23288582","2026","2","25","7","34","臺中市","西屯區","0","1","0","7","2","6","60","13","7","1","5","4","6","6","4","4","1","4","1","2","13","2","2","5","4","B03","7","9","1","8","2","1","","7","7","1","12","4","120.65281","24.160971","2"
"9077","66000","387130000C","(04)23274275","(04)23288582","2026","2","25","7","34","臺中市","大里區","0","1","0","7","2","6","40","13","8","1","5","4","6","6","4","4","5","5","4","1","17","3","10","1","1","C03","7","9","1","10","2","12","","84","84","1","12","4","120.689345","24.106372","2"
"9078","66000","387130000C","(04)23274275","(04)23288582","2026","2","25","7","35","臺中市","烏日區","0","2","0","7","2","6","70","13","8","1","5","4","6","6","1","1","1","4","4","1","13","2","8","2","1","C03","7","9","1","10","2","11","","84","84","1","6","4","120.607304","24.108559","2"
"9079","66000","387130000C","(04)23274275","(04)23288582","2026","2","25","7","38","臺中市","潭子區","0","0","0","7","","","50","","","","","","","","","","","","","","","","","","","","","","","","","","","86","86","1","","","120.710496","24.211402","3"
"9080","66000","387130000C","(04)23274275","(04)23288582","2026","2","25","7","39","臺中市","南屯區","0","0","0","7","3","6","50","13","9","1","5","4","6","6","1","1","1","4","5","2","12","","","","","C03","","","1","","1","","","8","8","1","12","4","120.646817","24.142186","3"
"9081","66000","387130000C","(04)23274275","(04)23288582","2026","2","25","7","43","臺中市","大里區","0","0","0","7","","","30","","","","","","","","","","","","","","","","","","","B03","","","1","","2","","","14","14","1","6","4","120.707132","24.08361","3"
"9082","66000","387130000C","(04)23274275","(04)23288582","2026","2","25","7","44","臺中市","烏日區","0","2","0","7","2","6","50","13","14","1","5","4","6","6","4","4","5","5","5","1","13","2","9","2","1","C03","7","9","1","10","2","11","","84","84","1","6","4","120.638762","24.049818","2"
"9083","66000","387130000C","(04)23274275","(04)23288582","2026","2","25","7","44","臺中市","龍井區","0","0","0","7","","","50","","","","","","","","","","","","","","","","","","","B03","","","1","","1","","","7","7","1","12","4","120.545642","24.191901","3"
"9084","66000","387130000C","(04)23274275","(04)23288582","2026","2","25","7","45","臺中市","西區","0","2","0","7","2","6","50","4","1","1","5","4","6","6","1","1","10","5","5","2","17","2","9","1","1","C03","7","9","1","10","2","11","","7","7","1","12","4","120.657353","24.146702","2"
"9085","66000","387130000C","(04)23274275","(04)23288582","2026","2","25","7","45","臺中市","南區","0","0","0","7","","","50","","","","","","","","","","","","","","","","","","","C03","","","1","","1","","","11","11","1","6","4","120.66308","24.119504","4"
"9086","66000","387130000C","(04)23274275","(04)23288582","2026","2","25","7","45","臺中市","烏日區","0","0","0","7","","","50","","","","","","","","","","","","","","12","","","","","B12","","","1","","2","","","40","40","2","6","4","120.588748","24.113336","3"
"9087","66000","387130000C","(04)23274275","(04)23288582","2026","2","25","7","47","臺中市","太平區","0","1","0","7","2","6","50","4","1","1","5","4","6","6","2","1","10","5","5","2","13","3","10","2","1","C03","7","9","1","10","2","11","","58","58","1","12","4","120.72338","24.149521","2"
"9088","66000","387130000C","(04)23274275","(04)23288582","2026","2","25","7","48","臺中市","南屯區","0","1","0","7","3","6","50","13","9","1","5","4","6","6","4","4","5","4","5","2","13","2","6","2","4","C03","7","9","1","10","2","11","","7","7","1","6","4","120.646005","24.13473","2"
"9089","66000","387130000C","(04)23274275","(04)23288582","2026","2","25","7","49","臺中市","烏日區","0","1","0","7","2","6","50","13","9","1","5","4","6","6","4","4","10","5","5","1","10","2","9","2","1","C03","7","9","1","10","2","11","","58","58","1","6","4","120.645243","24.064592","2"
"9090","66000","387130000C","(04)23274275","(04)23288582","2026","2","25","7","50","臺中市","霧峰區","0","1","0","7","2","6","30","5","1","1","5","4","6","6","4","4","10","5","5","1","15","3","10","2","1","C03","7","9","3","19","1","12","","15","15","2","13","4","120.650957","24.072812","2"
"9091","66000","387130000C","(04)23274275","(04)23288582","2026","2","25","7","51","臺中市","西屯區","0","1","0","7","2","6","50","4","9","1","5","4","6","6","1","1","5","4","5","2","16","3","10","3","1","B03","7","6","1","8","2","2","","11","11","1","12","4","120.632549","24.182806","2"
"9092","66000","387130000C","(04)23274275","(04)23288582","2026","2","25","7","52","臺中市","大肚區","0","1","0","7","2","6","50","3","9","1","5","4","6","6","4","4","5","4","5","1","13","2","9","1","1","C03","7","9","3","19","2","11","","59","59","1","12","4","120.540068","24.15951","2"
"9093","66000","387130000C","(04)23274275","(04)23288582","2026","2","25","7","55","臺中市","南屯區","0","0","0","7","","","50","","","","","","","","","","","","","","11","","","","","A41","","","1","","2","","","8","8","1","13","4","120.597063","24.163227","3"
"9094","66000","387130000C","(04)23274275","(04)23288582","2026","2","25","7","57","臺中市","潭子區","0","1","0","7","3","6","50","4","1","1","5","4","6","6","4","4","5","5","4","2","12","2","9","1","1","C03","7","9","1","10","2","11","","7","7","1","13","4","120.713867","24.229541","2"
"9095","66000","387130000C","(04)23274275","(04)23288582","2026","2","25","7","57","臺中市","大雅區","0","1","0","7","3","6","50","4","1","1","5","4","6","6","1","1","1","3","4","1","12","3","10","3","1","B03","7","9","1","8","2","4","","8","8","1","12","4","120.64517","24.225693","2"
"9096","66000","387130000C","(04)23274275","(04)23288582","2026","2","25","7","59","臺中市","沙鹿區","0","1","0","7","2","6","50","4","2","1","5","4","6","6","4","4","8","3","4","1","18","2","9","5","4","C03","7","9","1","10","2","14","","82","82","1","13","4","120.559995","24.238794","2"
"9097","66000","387130000C","(04)23274275","(04)23288582","2026","2","25","8","0","臺中市","中區","0","1","0","7","2","6","50","4","1","1","5","4","6","6","2","1","9","4","5","2","15","3","10","3","1","B03","7","9","1","8","2","5","","84","84","1","12","4","120.674293","24.142822","2"
"9098","66000","387130000C","(04)23274275","(04)23288582","2026","2","25","8","4","臺中市","外埔區","0","0","0","7","3","6","30","3","9","1","5","4","6","6","4","4","10","5","5","2","14","3","10","3","1","B03","7","2","1","8","1","3","","49","49","1","6","4","120.655282","24.338099","3"
"9099","66000","387130000C","(04)23274275","(04)23288582","2026","2","25","8","5","臺中市","北屯區","0","1","0","7","3","6","50","4","1","1","5","4","6","6","1","1","10","5","5","2","13","2","9","2","1","C03","7","9","1","10","2","11","","7","7","1","6","4","120.704454","24.164862","2"
"9100","66000","387130000C","(04)23274275","(04)23288582","2026","2","25","8","6","臺中市","西區","0","1","0","7","2","6","50","13","9","1","5","4","6","6","4","4","5","4","5","2","17","3","10","3","1","B03","7","15","1","8","1","2","","43","43","2","12","4","120.675528","24.140483","2"
"9101","66000","387130000C","(04)23274275","(04)23288582","2026","2","25","8","6","臺中市","西屯區","0","1","0","7","2","6","50","5","7","1","5","4","6","6","1","1","5","5","4","2","13","2","9","2","1","C03","7","9","1","10","2","11","","7","7","1","12","4","120.664381","24.178137","2"
"9102","66000","387130000C","(04)23274275","(04)23288582","2026","2","25","8","7","臺中市","西屯區","0","1","0","7","2","6","50","4","2","1","5","4","6","6","1","1","9","4","5","1","16","2","8","1","1","C03","7","6","1","10","2","13","","48","48","1","12","4","120.627915","24.159404","2"
"9103","66000","387130000C","(04)23274275","(04)23288582","2026","2","25","8","7","臺中市","沙鹿區","0","1","0","7","2","6","50","5","1","1","5","4","6","6","1","1","10","5","5","2","17","3","10","3","1","B03","7","5","1","8","2","5","2","47","47","1","6","4","120.569833","24.237055","2"
"9104","66000","387130000C","(04)23274275","(04)23288582","2026","2","25","8","11","臺中市","東區","0","1","0","7","2","6","50","4","1","1","5","4","6","6","4","4","10","5","5","2","16","3","10","5","4","B03","7","6","1","8","2","1","","13","13","1","12","4","120.706022","24.143265","2"
"9105","66000","387130000C","(04)23274275","(04)23288582","2026","2","25","8","12","臺中市","北區","0","2","0","7","2","6","50","4","1","1","5","4","6","6","2","1","10","5","5","2","13","3","10","3","1","A04","7","9","1","2","2","5","","7","7","1","12","4","120.682429","24.145896","2"
"9106","66000","387130000C","(04)23274275","(04)23288582","2026","2","25","8","12","臺中市","東區","0","0","0","7","","","50","","","","","","","","","","","","","","12","","","","","B03","","","1","8","1","","","47","47","1","12","4","120.689052","24.134058","3"
"9107","66000","387130000C","(04)23274275","(04)23288582","2026","2","25","8","14","臺中市","大甲區","0","0","0","7","1","6","40","","14","1","5","4","6","6","4","4","8","3","5","1","13","3","10","3","1","B03","7","9","1","8","1","1","","7","7","1","13","4","120.650343","24.400434","3"
"9108","66000","387130000C","(04)23274275","(04)23288582","2026","2","25","8","15","臺中市","西區","0","1","0","7","2","6","50","4","1","1","5","4","6","6","1","1","10","5","5","2","17","3","10","1","1","C03","7","9","1","10","2","16","","84","84","1","13","4","120.671783","24.136724","2"
"9109","66000","387130000C","(04)23274275","(04)23288582","2026","2","25","8","15","臺中市","大里區","0","0","0","7","","","50","","","","","","","","","","","","","","","","","","","B12","","","1","","2","","","49","49","1","12","4","120.666585","24.094002","3"
"9110","66000","387130000C","(04)23274275","(04)23288582","2026","2","25","8","15","臺中市","沙鹿區","0","0","0","7","","","40","","","","","","","","","","","","","","","","","","","B03","","","1","","2","","","11","11","1","12","4","120.571924","24.233739","3"
"9111","66000","387130000C","(04)23274275","(04)23288582","2026","2","25","8","18","臺中市","烏日區","0","0","0","7","2","6","50","3","24","1","5","4","6","6","3","1","10","5","5","2","13","3","10","3","1","B03","7","9","1","8","1","1","","84","84","1","6","4","120.62416","24.102112","3"
"9112","66000","387130000C","(04)23274275","(04)23288582","2026","2","25","8","20","臺中市","東區","0","0","0","7","","","40","","","","","","","","","","","","","","12","","","","","B03","","","6","20","9","","","86","86","2","13","4","120.688904","24.134858","3"
"9113","66000","387130000C","(04)23274275","(04)23288582","2026","2","25","8","20","臺中市","西屯區","0","0","0","7","","","50","","","","","","","","","","","","","","11","","","","","B02","","","1","","1","","","14","14","1","12","4","120.648276","24.155679","3"
"9114","66000","387130000C","(04)23274275","(04)23288582","2026","2","25","8","20","臺中市","西屯區","0","0","0","7","","","40","","","","","","","","","","","","","","17","","","","","B03","","","1","","2","","","8","8","1","12","4","120.638647","24.157956","3"
"9115","66000","387130000C","(04)23274275","(04)23288582","2026","2","25","8","20","臺中市","太平區","0","1","0","7","2","6","50","13","9","1","5","4","6","6","4","4","5","5","5","1","16","3","10","3","1","B02","7","5","1","8","2","5","","20","20","1","12","4","120.715483","24.136179","2"
"9116","66000","387130000C","(04)23274275","(04)23288582","2026","2","25","8","21","臺中市","霧峰區","0","0","0","7","","","30","","","","","","","","","","","","","","","","","","","B03","","","1","","2","","","8","8","1","6","4","120.669119","24.078025","3"