序號,縣市別代碼,機關代碼,市話,傳真,年,月,日,時,分,縣市,區,死亡數量,受傷數量,2-30,天候,道路照明設備,道路類別,道路速限,道路型態,事故位置,路面鋪裝,路面狀態,路面缺陷,障礙物,視距,號誌種類,號誌動作,分向設施,快車道或一般車道間,快慢車道間,路面邊線,事故類型及型態,受傷程度,主要傷處,保護裝備,行動電話或功能裝置,當事者區分(類別),車輛用途,當事者行動狀態,駕照狀態,駕照種類,飲酒情形,車輛撞擊部位最初,車輛撞擊部位其他,肇事因素個別,肇事因素主要,肇事逃逸,職業,共享經濟或外送平台,GPS座標X,GPS座標Y,事故類別
"9117","66000","387130000C","(04)23274275","(04)23288582","2026","2","25","8","22","臺中市","大雅區","0","0","0","7","","","50","","","","","","","","","","","","","","","","","","","B03","","","1","","1","","","84","84","1","12","4","120.654657","24.229011","3"
"9118","66000","387130000C","(04)23274275","(04)23288582","2026","2","25","8","22","臺中市","西區","0","2","0","7","2","6","50","13","9","1","5","4","6","6","4","4","9","4","5","2","13","2","9","2","1","C03","7","9","1","10","2","11","12","7","7","1","12","4","120.658066","24.146726","2"
"9119","66000","387130000C","(04)23274275","(04)23288582","2026","2","25","8","23","臺中市","西屯區","0","0","0","7","","","40","","","","","","","","","","","","","","25","","","","","A31","","","1","","2","","","84","84","1","12","4","120.650135","24.160918","3"
"9120","66000","387130000C","(04)23274275","(04)23288582","2026","2","25","8","23","臺中市","西屯區","0","2","0","7","2","6","50","3","1","1","5","4","6","6","4","4","5","4","5","1","16","2","9","1","1","F03","7","6","7","21","2","12","","14","14","1","12","4","120.620863","24.188923","2"
"9121","66000","387130000C","(04)23274275","(04)23288582","2026","2","25","8","24","臺中市","西屯區","0","1","0","7","2","6","50","4","4","1","5","4","6","6","4","4","5","4","5","2","13","2","9","5","4","C03","7","9","1","10","2","11","","84","84","1","13","4","120.616249","24.179312","2"
"9122","66000","387130000C","(04)23274275","(04)23288582","2026","2","25","8","25","臺中市","東區","0","1","0","7","3","6","50","4","1","1","5","4","6","6","2","1","10","5","5","2","16","2","9","1","1","C03","7","6","3","19","2","13","","48","48","1","6","4","120.693","24.134773","2"
"9123","66000","387130000C","(04)23274275","(04)23288582","2026","2","25","8","25","臺中市","北屯區","0","1","0","7","2","6","50","3","7","1","5","4","6","6","1","1","4","5","4","2","13","2","8","1","1","C03","7","9","1","10","2","11","","7","7","1","12","4","120.668034","24.192533","2"
"9124","66000","387130000C","(04)23274275","(04)23288582","2026","2","25","8","26","臺中市","東區","0","0","0","7","","","50","","","","","","","","","","","","","","","","","","","B03","","","1","","2","","","8","8","1","12","4","120.695025","24.142213","3"
"9125","66000","387130000C","(04)23274275","(04)23288582","2026","2","25","8","30","臺中市","北區","0","1","0","7","3","6","50","4","1","1","5","4","6","6","1","1","10","5","5","2","16","3","10","3","1","B03","7","5","1","8","2","5","","11","11","1","12","4","120.684971","24.163899","2"
"9126","66000","387130000C","(04)23274275","(04)23288582","2026","2","25","8","31","臺中市","清水區","0","1","0","7","3","6","50","4","1","1","5","4","6","6","1","1","9","4","4","2","15","3","10","3","1","B03","7","9","1","8","2","1","","59","59","1","12","4","120.557897","24.280743","2"
"9127","66000","387130000C","(04)23274275","(04)23288582","2026","2","25","8","32","臺中市","西屯區","0","0","0","7","","","50","","","","","","","","","","","","","","12","","","","","B02","","","1","","1","","","42","42","2","12","4","120.635277","24.182011","3"
"9128","66000","387130000C","(04)23274275","(04)23288582","2026","2","25","8","35","臺中市","西屯區","0","0","0","7","","","0","","","","","","","","","","","","","","16","","","","","C03","","","1","","1","","","84","84","1","13","4","120.595197","24.182055","4"
"9129","66000","387130000C","(04)23274275","(04)23288582","2026","2","25","8","40","臺中市","西屯區","0","1","0","7","2","6","50","4","1","1","5","4","6","6","2","1","10","5","5","2","12","2","9","5","4","C03","7","8","1","10","1","14","","40","40","1","12","4","120.641214","24.173414","2"
"9130","66000","387130000C","(04)23274275","(04)23288582","2026","2","25","8","42","臺中市","龍井區","0","1","0","7","2","6","50","3","1","1","5","4","6","6","2","1","5","5","5","1","16","3","10","3","1","B03","7","5","1","8","2","2","","11","11","1","12","4","120.543068","24.192502","2"
"9131","66000","387130000C","(04)23274275","(04)23288582","2026","2","25","8","42","臺中市","神岡區","0","0","0","7","","","50","","","","","","","","","","","","","","16","","","","","B03","","","1","","2","","","84","84","1","12","4","120.694594","24.232651","3"
"9132","66000","387130000C","(04)23274275","(04)23288582","2026","2","25","8","43","臺中市","沙鹿區","0","1","0","7","2","6","50","3","2","1","5","4","6","6","4","4","3","3","3","2","17","3","10","5","4","B03","7","9","1","8","2","4","","85","85","1","13","4","120.598788","24.253471","2"
"9133","66000","387130000C","(04)23274275","(04)23288582","2026","2","25","8","44","臺中市","大里區","0","0","0","7","","","30","","","","","","","","","","","","","","","","","","","B03","","","1","","2","","","8","8","1","13","4","120.708461","24.08314","3"
"9134","66000","387130000C","(04)23274275","(04)23288582","2026","2","25","8","45","臺中市","大雅區","0","2","0","7","3","6","50","13","9","1","5","4","6","6","4","4","4","3","5","2","17","2","7","1","1","C03","7","11","1","10","2","14","","46","46","1","12","4","120.657648","24.245388","2"
"9135","66000","387130000C","(04)23274275","(04)23288582","2026","2","25","8","45","臺中市","東區","0","2","0","7","2","6","50","3","1","1","5","4","6","6","4","4","10","5","5","2","13","2","9","1","1","C03","7","9","1","10","2","12","","84","84","1","12","4","120.699955","24.142127","2"
"9136","66000","387130000C","(04)23274275","(04)23288582","2026","2","25","8","46","臺中市","太平區","0","0","0","7","2","6","50","13","7","1","5","4","6","6","4","4","9","5","4","2","14","","","","","B03","","","1","","2","7","","49","49","1","12","4","120.723878","24.135678","3"
"9137","66000","387130000C","(04)23274275","(04)23288582","2026","2","25","8","49","臺中市","北屯區","0","0","0","7","","","50","","","","","","","","","","","","","","","","","","","B03","","","1","","1","","","58","58","1","6","4","120.713327","24.169637","3"
"9138","66000","387130000C","(04)23274275","(04)23288582","2026","2","25","8","49","臺中市","大里區","0","1","0","7","2","6","50","4","1","1","5","4","6","6","2","1","10","5","5","1","16","3","10","3","1","B03","7","6","1","8","2","8","","11","11","1","12","4","120.67457","24.097822","2"
"9139","66000","387130000C","(04)23274275","(04)23288582","2026","2","25","8","50","臺中市","北屯區","0","0","0","7","","","50","","","","","","","","","","","","","","13","","","","","C03","","","1","","9","","","84","84","1","12","4","120.665378","24.191236","3"
"9140","66000","387130000C","(04)23274275","(04)23288582","2026","2","25","8","51","臺中市","南屯區","0","1","0","7","1","6","50","4","1","1","5","4","6","6","2","1","1","4","5","2","13","3","10","5","4","B03","7","9","1","8","2","5","","84","84","1","13","4","120.646629","24.140096","2"
"9141","66000","387130000C","(04)23274275","(04)23288582","2026","2","25","8","52","臺中市","梧棲區","0","0","0","7","","","40","","","","","","","","","","","","","","13","","","","","B03","","","1","","1","","","7","7","1","6","4","120.554708","24.243544","3"
"9142","66000","387130000C","(04)23274275","(04)23288582","2026","2","25","8","54","臺中市","北屯區","0","3","0","7","2","6","30","4","1","1","5","4","6","6","4","4","10","5","5","2","17","2","9","1","1","C03","7","6","1","10","2","11","","14","14","1","6","4","120.665774","24.181527","2"
"9143","66000","387130000C","(04)23274275","(04)23288582","2026","2","25","8","55","臺中市","西屯區","0","0","0","7","","","50","","","","","","","","","","","","","","17","","","","","C03","","","3","","2","","","50","50","1","12","4","120.619646","24.187212","3"
"9144","66000","387130000C","(04)23274275","(04)23288582","2026","2","25","9","2","臺中市","南屯區","0","0","0","7","3","6","50","13","9","1","5","4","6","6","1","1","5","2","5","2","12","","","","","B03","","","1","","1","","","8","8","1","12","4","120.60965","24.138471","3"
"9145","66000","387130000C","(04)23274275","(04)23288582","2026","2","25","9","2","臺中市","神岡區","0","2","0","7","2","6","40","13","8","1","5","4","6","6","4","4","1","4","4","1","13","2","9","5","4","C03","7","9","1","10","2","11","","59","59","1","12","4","120.696218","24.233505","2"
"9146","66000","387130000C","(04)23274275","(04)23288582","2026","2","25","9","3","臺中市","大肚區","0","0","0","7","","","50","","","","","","","","","","","","","","13","","","","","C03","","","1","","2","","","7","7","1","6","4","120.579256","24.168972","3"
"9147","66000","387130000C","(04)23274275","(04)23288582","2026","2","25","9","8","臺中市","南屯區","0","1","0","7","3","6","50","13","9","1","5","4","6","6","4","4","1","4","5","2","13","2","9","2","4","C03","7","9","1","10","2","11","","7","7","1","6","4","120.649311","24.140119","2"
"9148","66000","387130000C","(04)23274275","(04)23288582","2026","2","25","9","10","臺中市","東勢區","0","1","0","7","3","6","50","3","9","1","5","4","6","6","3","1","4","3","4","1","11","3","10","1","4","C03","7","5","1","10","2","13","","11","11","1","11","4","120.82347","24.260147","2"
"9149","66000","387130000C","(04)23274275","(04)23288582","2026","2","25","9","11","臺中市","南屯區","0","1","0","7","2","6","40","3","4","1","5","4","6","6","1","1","1","4","1","1","13","3","10","2","1","C03","7","9","1","10","2","11","","7","7","1","13","4","120.627999","24.128718","2"
"9150","66000","387130000C","(04)23274275","(04)23288582","2026","2","25","9","17","臺中市","北屯區","0","0","0","7","","3","40","","","","","","","","","","","","","","","","","","","B03","","","1","","1","","","84","84","1","6","4","120.721589","24.183831","3"
"9151","66000","387130000C","(04)23274275","(04)23288582","2026","2","25","9","19","臺中市","西屯區","0","1","0","7","2","6","40","13","7","1","5","4","6","6","4","4","5","4","4","2","17","3","10","5","4","B03","7","1","1","8","2","8","","51","51","1","13","4","120.656915","24.161931","2"
"9152","66000","387130000C","(04)23274275","(04)23288582","2026","2","25","9","21","臺中市","后里區","0","1","0","7","3","6","30","3","9","1","5","4","6","6","4","4","10","5","5","2","17","2","9","1","1","C04","7","6","1","10","2","11","","84","84","1","6","4","120.736375","24.300892","2"
"9153","66000","387130000C","(04)23274275","(04)23288582","2026","2","25","9","22","臺中市","西屯區","0","1","0","7","1","6","50","3","1","1","5","4","6","6","1","1","10","5","5","2","17","2","8","2","1","F02","7","9","7","21","2","12","","59","59","1","12","4","120.653994","24.168045","2"
"9154","66000","387130000C","(04)23274275","(04)23288582","2026","2","25","9","23","臺中市","潭子區","0","2","0","7","2","6","30","4","1","1","5","4","6","6","4","4","10","5","5","2","17","2","9","3","1","B03","7","9","1","8","2","8","","20","20","1","13","4","120.702715","24.209391","2"
"9155","66000","387130000C","(04)23274275","(04)23288582","2026","2","25","9","23","臺中市","北屯區","0","1","0","7","2","6","50","4","1","1","5","4","6","6","2","1","1","2","5","2","13","3","10","3","1","B13","7","5","1","8","2","2","","20","20","1","12","4","120.682138","24.185574","2"
"9156","66000","387130000C","(04)23274275","(04)23288582","2026","2","25","9","25","臺中市","西屯區","0","1","0","7","2","6","50","4","9","1","5","4","6","6","3","1","5","4","5","2","18","2","9","2","1","C03","7","9","1","10","2","16","","84","84","1","12","4","120.633671","24.161708","2"
"9157","66000","387130000C","(04)23274275","(04)23288582","2026","2","25","9","32","臺中市","南屯區","0","0","0","7","","","50","","","","","","","","","","","","","","","","","","","A02","","","1","","2","","","59","59","1","13","4","120.646958","24.142215","3"
"9158","66000","387130000C","(04)23274275","(04)23288582","2026","2","25","9","39","臺中市","南屯區","0","1","0","7","3","6","50","13","9","1","5","4","6","6","1","1","5","4","4","2","12","2","9","1","1","C03","7","6","1","10","1","13","","36","36","1","12","4","120.634202","24.14439","2"
"9159","66000","387130000C","(04)23274275","(04)23288582","2026","2","25","9","39","臺中市","太平區","0","0","0","7","","","50","","","","","","","","","","","","","","13","","","","","B02","","","1","","2","","","59","59","1","12","4","120.712655","24.145389","3"
"9160","66000","387130000C","(04)23274275","(04)23288582","2026","2","25","9","39","臺中市","沙鹿區","0","1","0","7","2","6","50","5","1","1","5","4","6","6","1","1","10","5","5","2","13","3","10","1","1","C04","7","5","1","10","1","11","","7","7","1","6","4","120.560332","24.234147","2"
"9161","66000","387130000C","(04)23274275","(04)23288582","2026","2","25","9","42","臺中市","梧棲區","0","0","0","7","","","50","","","","","","","","","","","","","","14","","","","","B03","","","1","","1","","","49","49","1","6","4","120.544642","24.240509","3"
"9162","66000","387130000C","(04)23274275","(04)23288582","2026","2","25","9","43","臺中市","南區","0","0","0","7","","","50","","","","","","","","","","","","","","13","","","","","B12","","","1","","1","","","7","7","1","12","4","120.653289","24.121969","3"
"9163","66000","387130000C","(04)23274275","(04)23288582","2026","2","25","9","48","臺中市","北區","0","0","0","7","","","50","","","","","","","","","","","","","","13","","","","","C03","","","1","","9","","","7","7","2","13","4","120.675508","24.147491","3"
"9164","66000","387130000C","(04)23274275","(04)23288582","2026","2","25","9","50","臺中市","北區","0","2","0","7","3","6","50","4","2","1","5","4","6","6","1","1","5","4","5","2","17","2","9","1","1","C03","7","9","3","19","2","11","","7","7","1","12","4","120.683838","24.166991","2"
"9165","66000","387130000C","(04)23274275","(04)23288582","2026","2","25","9","51","臺中市","大安區","0","0","0","7","","","50","","","","","","","","","","","","","","","","","","","C03","","","3","","1","","","12","12","1","6","4","120.59051","24.374671","3"
"9166","66000","387130000C","(04)23274275","(04)23288582","2026","2","25","9","59","臺中市","豐原區","0","1","0","7","2","6","50","3","1","1","5","4","6","6","2","1","1","5","5","1","17","2","9","2","4","C03","7","6","3","19","2","14","","8","8","1","12","4","120.71803","24.243696","2"
"9167","66000","387130000C","(04)23274275","(04)23288582","2026","2","25","10","3","臺中市","南屯區","0","0","0","7","","","50","","","","","","","","","","","","","","13","","","","","B12","","","1","","2","","","7","7","1","6","4","120.612735","24.154131","3"
"9168","66000","387130000C","(04)23274275","(04)23288582","2026","2","25","10","7","臺中市","太平區","0","1","0","7","2","6","50","4","1","1","5","4","6","6","2","1","10","5","5","2","15","2","9","1","1","F02","7","9","7","21","2","12","14","84","84","1","12","4","120.721295","24.142736","2"
"9169","66000","387130000C","(04)23274275","(04)23288582","2026","2","25","10","8","臺中市","南屯區","0","0","0","7","","","50","","","","","","","","","","","","","","12","","","","","B03","","","1","","1","","","7","7","1","13","4","120.62657","24.140396","3"
"9170","66000","387130000C","(04)23274275","(04)23288582","2026","2","25","10","8","臺中市","西屯區","0","0","0","7","","","50","","","","","","","","","","","","","","13","","","","","B12","","","1","","1","","","7","7","1","12","4","120.636418","24.170423","3"
"9171","66000","387130000C","(04)23274275","(04)23288582","2026","2","25","10","13","臺中市","西屯區","0","0","0","7","","","30","","","","","","","","","","","","","","27","","","","","B03","","","1","","2","","","59","59","1","12","4","120.651221","24.1608","3"
"9172","66000","387130000C","(04)23274275","(04)23288582","2026","2","25","10","13","臺中市","西屯區","0","1","0","7","2","6","0","13","21","1","5","4","6","6","4","4","10","5","5","2","16","2","9","1","1","C03","7","6","1","10","2","14","","48","48","1","12","4","120.59522","24.182608","2"
"9173","66000","387130000C","(04)23274275","(04)23288582","2026","2","25","10","14","臺中市","太平區","0","2","0","7","2","6","50","13","9","1","5","4","6","6","4","4","10","5","5","2","16","2","9","2","1","C03","7","9","1","10","2","11","","20","20","1","12","4","120.727268","24.149957","2"
"9174","66000","387130000C","(04)23274275","(04)23288582","2026","2","25","10","17","臺中市","西屯區","0","1","0","7","2","6","40","13","8","1","5","4","6","6","4","4","3","4","3","1","17","2","9","1","1","C03","7","9","1","10","2","16","","6","6","1","12","4","120.59522","24.182608","2"
"9175","66000","387130000C","(04)23274275","(04)23288582","2026","2","25","10","19","臺中市","西區","0","1","0","7","2","6","50","4","1","1","5","4","6","6","4","4","10","5","5","2","17","2","9","1","1","C03","7","9","1","10","2","11","","7","7","1","13","4","120.674426","24.134437","2"
"9176","66000","387130000C","(04)23274275","(04)23288582","2026","2","25","10","20","臺中市","北屯區","0","1","0","7","3","6","50","3","1","1","5","4","6","6","4","4","10","5","5","2","16","3","10","3","1","B01","7","1","1","4","2","8","","51","51","1","6","4","120.696861","24.175169","2"
"9177","66000","387130000C","(04)23274275","(04)23288582","2026","2","25","10","30","臺中市","大雅區","0","0","0","7","","","50","","","","","","","","","","","","","","11","","","","","B12","","","1","","2","","","8","8","1","12","4","120.674221","24.230596","3"
"9178","66000","387130000C","(04)23274275","(04)23288582","2026","2","25","10","30","臺中市","西區","0","1","0","7","2","6","50","4","1","1","5","4","6","6","1","1","10","5","5","2","18","2","9","1","1","C03","7","9","1","10","2","14","","84","84","1","13","4","120.665226","24.147865","2"
"9179","66000","387130000C","(04)23274275","(04)23288582","2026","2","25","10","32","臺中市","北區","0","0","0","7","","","50","","","","","","","","","","","","","","17","","","","","B03","","","1","","1","","","51","51","1","12","4","120.683981","24.1552","4"
"9180","66000","387130000C","(04)23274275","(04)23288582","2026","2","25","10","39","臺中市","北屯區","0","1","0","7","2","6","50","13","9","1","5","4","6","6","4","4","9","4","5","2","17","3","10","3","1","B02","7","11","1","4","2","8","","45","45","1","6","4","120.71064","24.171854","2"
"9181","66000","387130000C","(04)23274275","(04)23288582","2026","2","25","10","39","臺中市","豐原區","0","1","0","7","2","6","50","18","9","1","5","4","6","6","3","1","1","4","4","1","16","3","10","3","1","B03","7","8","1","8","2","1","","24","24","1","12","4","120.719523","24.258608","2"
"9182","66000","387130000C","(04)23274275","(04)23288582","2026","2","25","10","40","臺中市","北屯區","0","1","0","7","2","6","50","4","1","1","5","4","6","6","2","1","10","5","5","2","12","3","10","3","1","B03","7","5","1","7","2","6","","11","11","1","6","4","120.686582","24.201323","2"
"9183","66000","387130000C","(04)23274275","(04)23288582","2026","2","25","10","41","臺中市","西屯區","0","0","0","7","","","50","","","","","","","","","","","","","","13","","","","","B03","","","1","","1","","","59","59","1","12","4","120.633713","24.161879","3"
"9184","66000","387130000C","(04)23274275","(04)23288582","2026","2","25","10","42","臺中市","南屯區","0","0","0","7","","","50","","","","","","","","","","","","","","","","","","","B03","","","1","","2","","","8","8","1","13","4","120.638964","24.139674","3"
"9185","66000","387130000C","(04)23274275","(04)23288582","2026","2","25","10","42","臺中市","烏日區","0","0","0","7","2","6","50","13","7","1","5","4","6","6","4","4","1","4","4","2","13","3","10","3","1","B03","7","9","1","8","1","1","","84","84","1","6","4","120.626595","24.108902","3"
"9186","66000","387130000C","(04)23274275","(04)23288582","2026","2","25","10","44","臺中市","大雅區","0","0","0","7","","","60","","","","","","","","","","","","","","","","","","","B03","","","1","","1","","","40","40","1","12","4","120.647723","24.220522","3"
"9187","66000","387130000C","(04)23274275","(04)23288582","2026","2","25","10","51","臺中市","北區","0","1","0","7","3","6","50","4","1","1","5","4","6","6","4","4","10","5","5","2","15","2","9","1","1","C03","7","9","1","10","2","11","","20","20","1","12","4","120.683406","24.1467","2"
"9188","66000","387130000C","(04)23274275","(04)23288582","2026","2","25","10","56","臺中市","北區","0","0","0","7","","","50","","","","","","","","","","","","","","13","","","","","B03","","","1","","2","","","8","8","1","13","4","120.688238","24.155388","3"
"9189","66000","387130000C","(04)23274275","(04)23288582","2026","2","25","10","56","臺中市","西屯區","0","0","0","7","","","40","","","","","","","","","","","","","","12","","","","","C03","","","1","","1","","","8","8","1","12","4","120.608645","24.184334","3"
"9190","66000","387130000C","(04)23274275","(04)23288582","2026","2","25","10","57","臺中市","西區","0","0","0","7","","","50","","","","","","","","","","","","","","14","","","","","A11","","","1","","2","","","50","50","1","12","4","120.663706","24.129338","3"
"9191","66000","387130000C","(04)23274275","(04)23288582","2026","2","25","11","2","臺中市","豐原區","0","1","0","7","2","6","50","4","1","1","5","4","6","6","1","1","5","5","4","2","16","3","10","5","4","B03","7","5","1","8","2","2","","11","11","1","12","4","120.721799","24.248847","2"
"9192","66000","387130000C","(04)23274275","(04)23288582","2026","2","25","11","16","臺中市","太平區","0","0","0","7","2","6","50","","","","","","","","","","","","","","","","","","","G03","","","1","","2","17","","84","84","1","12","4","120.709562","24.130589","3"
"9193","66000","387130000C","(04)23274275","(04)23288582","2026","2","25","11","20","臺中市","東區","0","1","0","7","1","6","50","4","1","1","5","4","6","6","1","1","9","4","5","2","16","3","10","3","1","B03","7","6","1","8","2","2","","11","11","1","12","4","120.690279","24.126364","2"
"9194","66000","387130000C","(04)23274275","(04)23288582","2026","2","25","11","23","臺中市","北屯區","0","2","0","7","2","6","30","4","1","1","5","4","6","6","4","4","10","5","5","2","15","2","8","2","1","C03","7","9","1","10","2","12","","15","15","1","12","4","120.699442","24.171227","2"
"9195","66000","387130000C","(04)23274275","(04)23288582","2026","2","25","11","24","臺中市","清水區","0","1","0","7","3","6","50","4","1","1","5","4","6","6","2","1","1","4","4","1","18","2","7","3","1","A41","7","5","1","1","2","4","","84","84","1","12","4","120.552946","24.296515","2"
"9196","66000","387130000C","(04)23274275","(04)23288582","2026","2","25","11","26","臺中市","大甲區","0","1","0","7","3","6","50","4","1","1","5","4","6","6","4","4","5","4","4","1","16","3","10","3","1","B03","7","6","1","8","2","7","","14","14","1","6","4","120.629283","24.352845","2"
"9197","66000","387130000C","(04)23274275","(04)23288582","2026","2","25","11","30","臺中市","北屯區","0","0","0","7","","","50","","","","","","","","","","","","","","12","","","","","B03","","","1","","1","","","87","87","1","12","4","120.676344","24.184374","3"
"9198","66000","387130000C","(04)23274275","(04)23288582","2026","2","25","11","30","臺中市","烏日區","0","1","0","7","2","6","50","3","1","1","5","4","6","6","1","1","5","4","5","1","13","3","10","3","1","B03","7","9","1","8","2","1","","84","84","1","6","4","120.627963","24.107929","2"
"9199","66000","387130000C","(04)23274275","(04)23288582","2026","2","25","11","31","臺中市","太平區","0","0","0","7","","","50","","","","","","","","","","","","","","13","","","","","B03","","","1","","1","","","7","7","1","12","4","120.712532","24.145571","3"
"9200","66000","387130000C","(04)23274275","(04)23288582","2026","2","25","11","32","臺中市","東區","0","0","0","7","","","50","","","","","","","","","","","","","","","","","","","B02","","","1","","1","","","11","11","1","6","4","120.693533","24.126594","4"
"9201","66000","387130000C","(04)23274275","(04)23288582","2026","2","25","11","33","臺中市","南屯區","0","0","0","7","3","6","40","13","8","1","5","4","6","6","4","4","5","5","4","2","12","","","","","B12","","","1","","2","","","59","59","1","12","4","120.611983","24.137375","3"
"9202","66000","387130000C","(04)23274275","(04)23288582","2026","2","25","11","33","臺中市","西屯區","0","2","0","7","2","6","50","13","9","1","5","4","6","6","4","4","9","4","5","2","11","2","7","1","1","C03","7","9","1","10","2","11","","39","39","1","12","4","120.667173","24.177325","2"
"9203","66000","387130000C","(04)23274275","(04)23288582","2026","2","25","11","39","臺中市","大里區","0","0","0","7","","","50","","","","","","","","","","","","","","13","","","","","B03","","","1","","2","","","84","84","1","6","4","120.703109","24.093001","3"
"9204","66000","387130000C","(04)23274275","(04)23288582","2026","2","25","11","39","臺中市","清水區","0","0","0","7","","","40","","","","","","","","","","","","","","","","","","","B03","","","1","","2","","","49","49","1","12","4","120.576172","24.270408","3"
"9205","66000","387130000C","(04)23274275","(04)23288582","2026","2","25","11","40","臺中市","北屯區","0","1","0","7","2","6","50","4","1","1","5","4","6","6","1","1","10","5","5","2","23","2","9","3","1","B03","7","9","1","8","2","10","","59","59","1","6","4","120.686552","24.195196","2"
"9206","66000","387130000C","(04)23274275","(04)23288582","2026","2","25","11","41","臺中市","南屯區","0","2","0","7","3","6","50","3","8","1","5","4","6","6","4","4","5","5","4","2","16","2","9","2","4","C03","7","11","1","10","1","14","","45","45","1","6","4","120.635896","24.147187","2"
"9207","66000","387130000C","(04)23274275","(04)23288582","2026","2","25","11","46","臺中市","南屯區","0","0","0","7","","","50","","","","","","","","","","","","","","12","","","","","B03","","","1","","1","","","40","40","1","13","4","120.646612","24.143029","3"
"9208","66000","387130000C","(04)23274275","(04)23288582","2026","2","25","11","47","臺中市","沙鹿區","0","1","0","7","2","6","30","13","9","1","5","4","6","6","4","4","10","5","5","2","17","3","10","3","1","B03","7","9","1","8","2","8","","84","84","1","12","4","120.584043","24.223435","2"
"9209","66000","387130000C","(04)23274275","(04)23288582","2026","2","25","11","55","臺中市","大雅區","0","0","0","7","","","","","","","","","","","","","","","","","11","","","","","","","","","","","","","8","8","1","","","120.653335","24.239299","3"
"9210","66000","387130000C","(04)23274275","(04)23288582","2026","2","25","11","58","臺中市","北區","0","2","0","7","3","6","50","4","1","1","5","4","6","6","4","4","5","5","5","2","17","2","9","1","1","C03","7","9","1","10","2","11","","15","15","1","12","4","120.677682","24.158215","2"
"9211","66000","387130000C","(04)23274275","(04)23288582","2026","2","25","12","0","臺中市","北屯區","0","0","0","7","","","30","","","","","","","","","","","","","","12","","","","","C03","","","1","","1","","","48","48","1","6","4","120.717052","24.176426","3"
"9212","66000","387130000C","(04)23274275","(04)23288582","2026","2","25","12","4","臺中市","大雅區","0","0","0","7","","","0","","","","","","","","","","","","","","17","","","","","B12","","","1","","2","","","51","51","1","12","4","120.63118","24.2399","3"
"9213","66000","387130000C","(04)23274275","(04)23288582","2026","2","25","12","4","臺中市","豐原區","0","0","0","7","","","50","","","","","","","","","","","","","","30","","","","","A31","","","1","","1","","","75","75","1","13","4","120.749545","24.268486","3"
"9214","66000","387130000C","(04)23274275","(04)23288582","2026","2","25","12","6","臺中市","潭子區","0","0","0","7","","","30","","","","","","","","","","","","","","","","","","","","","","","","","","","119","119","1","","","120.681514","24.226624","3"
"9215","66000","387130000C","(04)23274275","(04)23288582","2026","2","25","12","10","臺中市","北區","0","1","0","7","2","6","40","13","8","1","5","4","6","6","2","1","3","4","4","2","17","2","9","1","1","C03","7","9","1","9","2","14","","84","84","1","13","4","120.675845","24.159218","2"
"9216","66000","387130000C","(04)23274275","(04)23288582","2026","2","25","12","15","臺中市","清水區","0","0","0","7","","","50","","","","","","","","","","","","","","","","","","","A11","","","1","","2","","","78","78","1","12","4","120.613366","24.284136","3"
"9217","66000","387130000C","(04)23274275","(04)23288582","2026","2","25","12","22","臺中市","西屯區","0","0","0","7","","","50","","","","","","","","","","","","","","13","","","","","B03","","","1","","1","","","7","7","1","12","4","120.609006","24.186918","3"
"9218","66000","387130000C","(04)23274275","(04)23288582","2026","2","25","12","29","臺中市","龍井區","0","2","0","7","2","6","30","4","1","1","5","4","6","6","4","4","10","5","5","2","15","2","9","1","1","C03","7","9","1","10","2","12","","12","12","1","6","4","120.59126","24.188778","2"
"9219","66000","387130000C","(04)23274275","(04)23288582","2026","2","25","12","35","臺中市","東區","0","1","0","7","2","6","50","4","1","1","5","4","6","6","4","4","10","5","5","2","15","2","9","1","1","C03","7","9","1","10","2","12","","15","15","1","12","4","120.690907","24.144576","2"
"9220","66000","387130000C","(04)23274275","(04)23288582","2026","2","25","12","35","臺中市","清水區","0","0","0","7","","","50","","","","","","","","","","","","","","","","","","","B03","","","1","","11","","","50","50","1","12","4","120.546612","24.264934","3"
"9221","66000","387130000C","(04)23274275","(04)23288582","2026","2","25","12","42","臺中市","龍井區","0","0","0","7","","","60","","","","","","","","","","","","","","13","","","","","B12","","","1","","2","","","59","59","1","6","4","120.573865","24.185589","3"
"9222","66000","387130000C","(04)23274275","(04)23288582","2026","2","25","12","44","臺中市","北屯區","0","1","0","7","2","6","50","4","1","1","5","4","6","6","2","1","10","5","5","2","17","2","8","1","1","C03","7","1","1","10","2","16","","51","51","1","6","4","120.699677","24.160368","2"
"9223","66000","387130000C","(04)23274275","(04)23288582","2026","2","25","12","45","臺中市","西屯區","0","0","0","7","","","50","","","","","","","","","","","","","","12","","","","","C03","","","1","","1","","","40","40","1","13","4","120.641414","24.168452","3"
"9224","66000","387130000C","(04)23274275","(04)23288582","2026","2","25","12","46","臺中市","西屯區","0","2","0","7","2","6","50","3","9","1","5","4","6","6","1","1","1","4","5","1","13","2","9","2","1","C03","7","9","1","10","2","11","","84","84","1","12","4","120.597542","24.19165","2"
"9225","66000","387130000C","(04)23274275","(04)23288582","2026","2","25","12","50","臺中市","南屯區","0","1","0","7","1","6","50","4","1","1","5","4","6","6","1","1","5","4","4","2","12","3","10","5","4","B03","7","5","1","8","2","2","","47","47","1","13","4","120.645404","24.14882","2"