序號,縣市別代碼,機關代碼,市話,傳真,年,月,日,時,分,縣市,區,死亡數量,受傷數量,2-30,天候,道路照明設備,道路類別,道路速限,道路型態,事故位置,路面鋪裝,路面狀態,路面缺陷,障礙物,視距,號誌種類,號誌動作,分向設施,快車道或一般車道間,快慢車道間,路面邊線,事故類型及型態,受傷程度,主要傷處,保護裝備,行動電話或功能裝置,當事者區分(類別),車輛用途,當事者行動狀態,駕照狀態,駕照種類,飲酒情形,車輛撞擊部位最初,車輛撞擊部位其他,肇事因素個別,肇事因素主要,肇事逃逸,職業,共享經濟或外送平台,GPS座標X,GPS座標Y,事故類別
"9226","66000","387130000C","(04)23274275","(04)23288582","2026","2","25","12","50","臺中市","北屯區","0","0","0","7","","","50","","","","","","","","","","","","","","17","","","","","B03","","","1","","2","","","8","8","1","6","4","120.659939","24.192418","3"
"9227","66000","387130000C","(04)23274275","(04)23288582","2026","2","25","12","50","臺中市","西屯區","0","0","0","7","","","50","","","","","","","","","","","","","","12","","","","","B03","","","1","","1","","","35","35","1","12","4","120.649394","24.162259","3"
"9228","66000","387130000C","(04)23274275","(04)23288582","2026","2","25","12","50","臺中市","西屯區","0","2","0","7","2","6","30","3","1","1","5","4","6","6","4","4","10","5","5","2","16","3","10","5","4","B03","7","6","1","8","2","8","","14","14","1","12","4","120.65459","24.158448","2"
"9229","66000","387130000C","(04)23274275","(04)23288582","2026","2","25","12","51","臺中市","沙鹿區","0","0","0","7","","","50","","","","","","","","","","","","","","13","","","","","B03","","","1","","2","","","84","84","1","6","4","120.562232","24.238545","3"
"9230","66000","387130000C","(04)23274275","(04)23288582","2026","2","25","12","55","臺中市","西區","0","0","0","7","","","50","","","","","","","","","","","","","","","","","","","C03","","","1","","1","","","8","8","1","6","4","120.673416","24.13668","3"
"9231","66000","387130000C","(04)23274275","(04)23288582","2026","2","25","12","56","臺中市","大里區","0","1","0","7","2","6","50","4","1","1","5","4","6","6","1","1","10","5","5","2","17","3","10","5","4","B03","7","5","1","8","2","2","","11","11","1","6","4","120.697765","24.082413","2"
"9232","66000","387130000C","(04)23274275","(04)23288582","2026","2","25","12","59","臺中市","太平區","0","1","0","7","3","6","30","13","9","1","5","4","6","6","4","4","10","5","5","2","13","2","9","1","1","C03","7","9","1","10","1","12","","7","7","1","12","4","120.729521","24.111803","2"
"9233","66000","387130000C","(04)23274275","(04)23288582","2026","2","25","13","0","臺中市","東區","0","0","0","7","","","50","","","","","","","","","","","","","","13","","","","","C03","","","1","","1","","","7","7","1","12","4","120.687979","24.143169","3"
"9234","66000","387130000C","(04)23274275","(04)23288582","2026","2","25","13","0","臺中市","龍井區","0","0","0","7","","","40","","","","","","","","","","","","","","20","","","","","B03","","","1","","2","","","8","8","1","6","4","120.573065","24.19218","3"
"9235","66000","387130000C","(04)23274275","(04)23288582","2026","2","25","13","2","臺中市","南屯區","0","1","0","7","3","6","50","4","1","1","5","4","6","6","4","4","5","5","5","2","16","3","10","3","1","B03","7","6","1","8","2","1","","14","14","1","12","4","120.635592","24.141307","2"
"9236","66000","387130000C","(04)23274275","(04)23288582","2026","2","25","13","11","臺中市","霧峰區","0","1","0","7","2","6","50","4","1","1","5","4","6","6","4","4","10","5","5","2","15","2","9","1","1","C03","7","9","1","10","2","12","","15","15","1","6","4","120.700127","24.069524","2"
"9237","66000","387130000C","(04)23274275","(04)23288582","2026","2","25","13","13","臺中市","北屯區","0","2","0","7","2","6","30","3","2","1","5","4","6","6","4","4","10","5","5","2","16","2","9","2","1","C03","7","6","1","10","2","14","","38","38","1","6","4","120.670148","24.188701","2"
"9238","66000","387130000C","(04)23274275","(04)23288582","2026","2","25","13","16","臺中市","南屯區","0","0","0","7","","","50","","","","","","","","","","","","","","13","","","","","B03","","","1","","1","","","7","7","1","13","4","120.632356","24.145477","3"
"9239","66000","387130000C","(04)23274275","(04)23288582","2026","2","25","13","21","臺中市","南區","0","0","0","7","","","50","","","","","","","","","","","","","","13","","","","","C03","","","1","8","2","","","84","84","1","12","4","120.670203","24.116801","3"
"9240","66000","387130000C","(04)23274275","(04)23288582","2026","2","25","13","25","臺中市","西屯區","0","1","0","7","2","6","0","13","8","1","5","4","6","6","4","4","1","5","1","2","17","3","10","2","1","C03","7","1","5","19","2","11","","51","51","1","12","4","120.641337","24.157958","2"
"9241","66000","387130000C","(04)23274275","(04)23288582","2026","2","25","13","27","臺中市","南區","0","0","0","7","","","30","","","","","","","","","","","","","","14","","","","","B12","","","1","8","1","","","49","49","1","6","4","120.679799","24.118548","3"
"9242","66000","387130000C","(04)23274275","(04)23288582","2026","2","25","13","32","臺中市","北屯區","0","1","0","7","2","6","50","4","1","1","5","4","6","6","2","1","5","5","4","2","13","2","9","2","1","C03","7","8","1","10","2","11","","58","58","1","12","4","120.664633","24.18267","2"
"9243","66000","387130000C","(04)23274275","(04)23288582","2026","2","25","13","33","臺中市","烏日區","0","0","0","7","2","6","50","13","9","1","5","4","6","6","4","4","5","5","5","2","13","","","","","B03","","","1","","1","","","50","50","1","6","4","120.587926","24.136806","3"
"9244","66000","387130000C","(04)23274275","(04)23288582","2026","2","25","13","35","臺中市","南屯區","0","2","0","7","3","6","40","13","9","1","5","4","6","6","4","4","10","5","5","1","11","3","10","3","1","B12","7","9","1","8","2","8","","85","85","1","12","4","120.618677","24.147749","2"
"9245","66000","387130000C","(04)23274275","(04)23288582","2026","2","25","13","36","臺中市","西區","0","1","0","7","2","6","50","4","1","1","5","4","6","6","1","1","10","5","5","2","13","2","9","5","4","C03","7","9","1","10","2","11","","84","84","1","13","4","120.666683","24.141015","2"
"9246","66000","387130000C","(04)23274275","(04)23288582","2026","2","25","13","36","臺中市","后里區","0","0","0","7","2","6","50","13","9","1","5","4","6","6","4","4","9","5","5","2","17","3","10","3","1","B03","7","9","1","8","2","12","","84","84","1","12","4","120.739085","24.298727","3"
"9247","66000","387130000C","(04)23274275","(04)23288582","2026","2","25","13","38","臺中市","沙鹿區","0","0","0","7","","","50","","","","","","","","","","","","","","","","","","","B03","","","1","","2","","","8","8","1","12","4","120.560438","24.235044","3"
"9248","66000","387130000C","(04)23274275","(04)23288582","2026","2","25","13","40","臺中市","北區","0","0","0","7","","","40","","","","","","","","","","","","","","","","","","","B03","","","1","","9","","","51","51","2","12","4","120.676934","24.169909","3"
"9249","66000","387130000C","(04)23274275","(04)23288582","2026","2","25","13","58","臺中市","大里區","0","0","0","7","","","50","","","","","","","","","","","","","","","","","","","C03","","","1","","9","","","84","84","2","12","4","120.680995","24.10562","3"
"9250","66000","387130000C","(04)23274275","(04)23288582","2026","2","25","13","59","臺中市","西屯區","0","1","0","7","2","6","60","3","1","1","5","4","6","6","2","1","10","5","5","2","17","3","10","5","4","B03","7","6","1","8","2","5","","8","8","1","13","4","120.613586","24.172623","2"
"9251","66000","387130000C","(04)23274275","(04)23288582","2026","2","25","13","59","臺中市","太平區","0","0","0","7","","3","80","","","","","","","","","","","","","","","","","","","B03","","","1","","2","","","84","84","1","13","4","120.713649","24.147438","3"
"9252","66000","387130000C","(04)23274275","(04)23288582","2026","2","25","14","0","臺中市","西屯區","0","1","0","7","2","6","50","3","9","1","5","4","6","6","4","4","1","4","5","2","12","2","9","1","1","F03","7","5","7","21","2","14","","8","8","1","12","4","120.65647","24.19872","2"
"9253","66000","387130000C","(04)23274275","(04)23288582","2026","2","25","14","9","臺中市","南屯區","0","1","0","7","2","6","50","4","1","1","5","4","6","6","4","4","5","5","5","2","17","2","9","1","1","C03","7","9","1","10","2","11","","7","7","1","13","4","120.65507","24.143239","2"
"9254","66000","387130000C","(04)23274275","(04)23288582","2026","2","25","14","14","臺中市","神岡區","0","0","0","7","","","50","","","","","","","","","","","","","","12","","","","","B03","","","1","","2","","","7","7","1","13","4","120.683139","24.269445","3"
"9255","66000","387130000C","(04)23274275","(04)23288582","2026","2","25","14","15","臺中市","西區","0","2","0","7","2","6","50","3","1","1","5","4","6","6","2","1","10","5","5","2","17","2","9","4","1","F01","7","14","7","21","2","11","","84","84","1","13","4","120.661743","24.1429","2"
"9256","66000","387130000C","(04)23274275","(04)23288582","2026","2","25","14","19","臺中市","西屯區","0","0","0","7","","","50","","","","","","","","","","","","","","14","","","","","B03","","","1","","2","","","49","49","1","12","4","120.593204","24.179787","3"
"9257","66000","387130000C","(04)23274275","(04)23288582","2026","2","25","14","22","臺中市","中區","0","0","0","7","","","50","","","","","","","","","","","","","","","","","","","B03","","","1","","1","","","49","49","1","12","4","120.685602","24.139996","3"
"9258","66000","387130000C","(04)23274275","(04)23288582","2026","2","25","14","22","臺中市","西屯區","0","2","0","7","2","6","50","13","9","1","5","4","6","6","4","4","9","5","5","2","16","2","8","5","4","C03","7","11","1","10","2","14","","45","45","1","12","4","120.627429","24.182435","2"
"9259","66000","387130000C","(04)23274275","(04)23288582","2026","2","25","14","33","臺中市","太平區","0","1","0","7","2","6","50","4","1","1","5","4","6","6","2","1","10","5","5","2","16","2","9","2","1","C03","7","9","1","10","2","14","12","7","7","1","12","4","120.712765","24.147018","2"
"9260","66000","387130000C","(04)23274275","(04)23288582","2026","2","25","14","37","臺中市","太平區","0","1","0","7","3","6","50","3","1","1","5","4","6","6","4","4","10","5","5","2","16","3","10","3","1","B12","7","6","1","8","2","4","","12","12","1","13","4","120.704498","24.115744","2"
"9261","66000","387130000C","(04)23274275","(04)23288582","2026","2","25","14","37","臺中市","大肚區","0","0","0","7","","","50","","","","","","","","","","","","","","13","","","","","B12","","","1","","2","","","84","84","1","6","4","120.567493","24.122109","3"
"9262","66000","387130000C","(04)23274275","(04)23288582","2026","2","25","14","43","臺中市","南屯區","0","0","0","7","","","50","","","","","","","","","","","","","","17","","","","","B03","","","1","","1","","","20","20","1","12","4","120.622928","24.149889","3"
"9263","66000","387130000C","(04)23274275","(04)23288582","2026","2","25","14","43","臺中市","太平區","0","1","0","7","2","6","50","3","2","1","5","4","6","6","1","1","9","5","4","1","17","2","9","2","1","C03","7","15","1","10","2","12","14","84","84","1","12","4","120.7292","24.102547","2"
"9264","66000","387130000C","(04)23274275","(04)23288582","2026","2","25","14","43","臺中市","豐原區","0","1","0","7","2","6","50","13","7","1","5","4","6","6","4","4","5","5","4","2","3","2","8","6","5","H01","8","16","7","21","10","17","","98","98","1","12","5","120.727252","24.243364","2"
"9265","66000","387130000C","(04)23274275","(04)23288582","2026","2","25","14","45","臺中市","北屯區","0","0","0","7","","","40","","","","","","","","","","","","","","17","","","","","A12","","","1","","1","","","58","58","1","6","4","120.686856","24.201284","3"
"9266","66000","387130000C","(04)23274275","(04)23288582","2026","2","25","14","46","臺中市","豐原區","0","0","0","7","","","50","","","","","","","","","","","","","","13","","","","","B03","","","1","","1","","","82","82","1","12","4","120.719154","24.242945","3"
"9267","66000","387130000C","(04)23274275","(04)23288582","2026","2","25","14","47","臺中市","北區","0","1","0","7","2","6","50","13","9","1","5","4","6","6","3","1","5","5","5","2","17","2","9","1","1","C03","7","9","1","11","2","14","11","59","59","1","12","4","120.670137","24.170749","2"
"9268","66000","387130000C","(04)23274275","(04)23288582","2026","2","25","14","49","臺中市","霧峰區","0","1","0","7","2","6","30","3","1","1","5","4","6","6","3","1","10","5","5","2","16","3","10","3","1","B03","7","6","1","8","2","1","","11","11","1","6","4","120.668466","24.039986","2"
"9269","66000","387130000C","(04)23274275","(04)23288582","2026","2","25","14","50","臺中市","西區","0","0","0","7","","","30","","","","","","","","","","","","","","","","","","","B13","","","1","","2","","","84","84","1","13","4","120.670496","24.134252","3"
"9270","66000","387130000C","(04)23274275","(04)23288582","2026","2","25","14","52","臺中市","西區","0","0","0","7","","","50","","","","","","","","","","","","","","","","","","","B03","","","1","","2","","","49","49","1","6","4","120.663726","24.137327","3"
"9271","66000","387130000C","(04)23274275","(04)23288582","2026","2","25","14","55","臺中市","大里區","0","1","0","7","2","6","50","13","9","1","5","4","6","6","4","4","5","4","5","1","13","3","10","3","1","B03","7","9","1","8","2","5","","84","84","1","12","4","120.699353","24.110029","2"
"9272","66000","387130000C","(04)23274275","(04)23288582","2026","2","25","14","59","臺中市","南屯區","0","1","0","7","2","6","50","3","1","1","5","4","6","6","4","4","10","5","5","2","18","2","9","1","1","C03","7","9","1","10","2","16","","84","84","1","13","4","120.649058","24.125695","2"
"9273","66000","387130000C","(04)23274275","(04)23288582","2026","2","25","14","59","臺中市","西屯區","0","1","0","7","2","6","70","4","1","1","5","4","6","6","2","1","10","5","5","2","17","3","10","5","4","B03","7","7","1","8","2","5","","84","84","1","12","4","120.624486","24.178573","2"
"9274","66000","387130000C","(04)23274275","(04)23288582","2026","2","25","15","0","臺中市","大肚區","0","0","0","6","","","50","","","","","","","","","","","","","","13","","","","","B13","","","1","","1","","","7","7","1","6","4","120.577069","24.165273","3"
"9275","66000","387130000C","(04)23274275","(04)23288582","2026","2","25","15","1","臺中市","清水區","0","2","0","7","3","6","50","4","1","1","5","4","6","6","1","1","1","4","5","1","16","3","10","3","1","B03","7","5","1","8","2","2","","20","20","1","12","4","120.57347","24.262842","2"
"9276","66000","387130000C","(04)23274275","(04)23288582","2026","2","25","15","2","臺中市","北屯區","0","1","0","7","2","6","40","13","7","1","5","4","6","6","4","4","5","5","4","2","12","2","9","4","1","F01","7","9","7","21","2","14","","8","8","1","12","4","120.69424","24.172072","2"
"9277","66000","387130000C","(04)23274275","(04)23288582","2026","2","25","15","2","臺中市","烏日區","0","0","0","7","2","6","60","4","1","1","5","4","6","6","1","1","10","5","5","2","12","3","10","3","1","B03","7","9","2","19","2","2","","8","8","1","6","4","120.6158","24.105795","3"
"9278","66000","387130000C","(04)23274275","(04)23288582","2026","2","25","15","5","臺中市","北區","0","1","0","7","3","6","50","18","24","1","5","4","6","6","4","4","5","5","5","2","17","3","10","5","4","B12","7","9","1","8","2","2","","8","8","1","13","4","120.671398","24.171768","2"
"9279","66000","387130000C","(04)23274275","(04)23288582","2026","2","25","15","5","臺中市","太平區","0","1","0","7","3","6","30","13","9","1","5","4","6","6","4","4","10","5","5","2","12","3","10","3","1","B03","7","12","1","8","2","3","","84","84","1","13","4","120.706036","24.148809","2"
"9280","66000","387130000C","(04)23274275","(04)23288582","2026","2","25","15","11","臺中市","東區","0","0","0","7","","","50","","","","","","","","","","","","","","","","","","","B13","","","1","","9","","","8","8","2","6","4","120.695483","24.126146","3"
"9281","66000","387130000C","(04)23274275","(04)23288582","2026","2","25","15","15","臺中市","西區","0","0","0","7","","","50","","","","","","","","","","","","","","17","","","","","B12","","","1","","1","","","84","84","1","13","4","120.672069","24.15223","3"
"9282","66000","387130000C","(04)23274275","(04)23288582","2026","2","25","15","19","臺中市","北屯區","0","0","0","7","","","50","","","","","","","","","","","","","","","","","","","B03","","","1","","1","","","51","51","1","12","4","120.6811","24.172797","3"
"9283","66000","387130000C","(04)23274275","(04)23288582","2026","2","25","15","20","臺中市","北屯區","0","0","0","7","","","50","","","","","","","","","","","","","","17","","","","","B02","","","1","","1","","","84","84","1","6","4","120.687058","24.19394","3"
"9284","66000","387130000C","(04)23274275","(04)23288582","2026","2","25","15","20","臺中市","沙鹿區","0","2","0","7","2","6","40","3","2","1","5","4","6","6","1","1","1","4","4","2","17","2","9","1","1","C03","7","9","1","10","2","12","","85","85","1","12","4","120.568057","24.207398","2"
"9285","66000","387130000C","(04)23274275","(04)23288582","2026","2","25","15","24","臺中市","南屯區","0","0","0","7","3","6","50","13","9","1","5","4","6","6","4","4","5","5","5","2","12","","","","","B03","","","1","","1","","","8","8","1","12","4","120.650458","24.153948","3"
"9286","66000","387130000C","(04)23274275","(04)23288582","2026","2","25","15","25","臺中市","西區","0","2","0","7","2","6","50","4","1","1","5","4","6","6","2","1","10","5","5","2","16","2","9","2","1","C03","7","6","1","10","2","11","","11","11","1","13","4","120.670457","24.146169","2"
"9287","66000","387130000C","(04)23274275","(04)23288582","2026","2","25","15","28","臺中市","北區","0","0","0","7","","","50","","","","","","","","","","","","","","17","","","","","B03","","","1","","1","","","84","84","1","13","4","120.688879","24.153524","3"
"9288","66000","387130000C","(04)23274275","(04)23288582","2026","2","25","15","30","臺中市","大甲區","0","1","0","7","2","6","50","4","1","1","5","4","6","6","4","4","10","5","5","2","15","2","8","2","1","C03","7","9","1","10","2","12","","15","15","1","6","4","120.622471","24.346142","2"
"9289","66000","387130000C","(04)23274275","(04)23288582","2026","2","25","15","33","臺中市","北屯區","0","0","0","7","","","50","","","","","","","","","","","","","","12","","","","","B03","","","1","","1","","","50","50","1","6","4","120.691693","24.182702","3"
"9290","66000","387130000C","(04)23274275","(04)23288582","2026","2","25","15","36","臺中市","西區","0","0","0","7","","","50","","","","","","","","","","","","","","","","","","","B03","","","1","","1","","","84","84","1","12","4","120.662583","24.155647","3"
"9291","66000","387130000C","(04)23274275","(04)23288582","2026","2","25","15","36","臺中市","豐原區","0","0","0","7","","","50","","","","","","","","","","","","","","14","","","","","B03","","","1","","1","","","49","49","1","12","4","120.729406","24.255983","3"
"9292","66000","387130000C","(04)23274275","(04)23288582","2026","2","25","15","38","臺中市","大雅區","0","1","0","7","3","6","50","4","2","1","5","4","6","6","4","4","5","5","5","1","12","3","10","3","1","B03","7","9","1","8","2","5","","7","7","1","12","4","120.646549","24.222694","2"
"9293","66000","387130000C","(04)23274275","(04)23288582","2026","2","25","15","38","臺中市","西屯區","0","0","0","7","","","50","","","","","","","","","","","","","","17","","","","","B03","","","1","","1","","","8","8","1","12","4","120.637503","24.180072","3"
"9294","66000","387130000C","(04)23274275","(04)23288582","2026","2","25","15","38","臺中市","龍井區","0","1","0","7","2","6","30","4","1","1","5","4","6","6","4","4","10","5","5","1","15","3","10","3","1","B03","7","9","1","8","2","2","","15","15","1","12","4","120.51071","24.206253","2"
"9295","66000","387130000C","(04)23274275","(04)23288582","2026","2","25","15","41","臺中市","外埔區","0","2","0","7","3","6","50","4","2","1","5","4","6","6","1","1","5","5","5","1","16","2","9","1","1","C03","7","6","1","10","2","11","","11","11","1","6","4","120.636746","24.324047","2"
"9296","66000","387130000C","(04)23274275","(04)23288582","2026","2","25","15","43","臺中市","西屯區","0","0","0","7","","","50","","","","","","","","","","","","","","12","","","","","B03","","","1","","1","","","51","51","1","12","4","120.65071","24.166918","3"
"9297","66000","387130000C","(04)23274275","(04)23288582","2026","2","25","15","45","臺中市","清水區","0","1","0","7","3","6","70","4","1","1","5","4","6","6","1","1","1","4","4","1","16","3","10","3","1","B12","7","5","1","8","2","2","","11","11","1","12","4","120.595293","24.3006","2"
"9298","66000","387130000C","(04)23274275","(04)23288582","2026","2","25","15","45","臺中市","后里區","0","1","0","7","2","6","30","11","9","1","5","4","6","6","4","4","10","5","5","2","11","3","10","2","1","C03","7","9","1","10","2","11","","84","84","1","12","4","120.71638","24.306268","2"
"9299","66000","387130000C","(04)23274275","(04)23288582","2026","2","25","15","47","臺中市","霧峰區","0","1","0","7","2","6","40","13","8","1","5","4","6","6","4","4","1","4","4","1","13","2","9","2","1","C03","7","9","1","10","2","11","","58","58","1","12","4","120.662346","24.07175","2"
"9300","66000","387130000C","(04)23274275","(04)23288582","2026","2","25","15","47","臺中市","烏日區","0","0","0","7","","","30","","","","","","","","","","","","","","17","","","","","B01","","","1","","1","","","51","51","1","6","4","120.616372","24.110954","3"
"9301","66000","387130000C","(04)23274275","(04)23288582","2026","2","25","15","49","臺中市","南屯區","0","1","0","7","3","6","50","4","1","1","5","4","6","6","1","1","5","4","4","2","12","3","10","3","1","B03","7","5","1","8","2","5","","11","11","1","12","4","120.633507","24.141415","2"
"9302","66000","387130000C","(04)23274275","(04)23288582","2026","2","25","15","53","臺中市","北屯區","0","0","0","7","","","","","","","","","","","","","","","","","","","","","","","","","","","","","","119","119","1","","","120.710724","24.165662","3"
"9303","66000","387130000C","(04)23274275","(04)23288582","2026","2","25","15","57","臺中市","西區","0","1","0","7","3","6","50","4","1","1","5","4","6","6","1","1","10","5","5","2","13","2","8","1","1","C03","7","9","1","10","2","11","","7","7","1","6","4","120.667712","24.130908","2"
"9304","66000","387130000C","(04)23274275","(04)23288582","2026","2","25","16","0","臺中市","北屯區","0","1","0","7","2","6","50","4","1","1","5","4","6","6","1","1","10","5","5","2","16","2","9","5","4","C04","7","6","1","11","2","13","","48","48","1","12","4","120.692761","24.168193","2"
"9305","66000","387130000C","(04)23274275","(04)23288582","2026","2","25","16","0","臺中市","西屯區","0","0","0","7","","","50","","","","","","","","","","","","","","13","","","","","C03","","","1","","2","","","59","59","1","12","4","120.653319","24.167272","3"
"9306","66000","387130000C","(04)23274275","(04)23288582","2026","2","25","16","2","臺中市","豐原區","0","2","0","7","2","6","50","4","1","1","5","4","6","6","4","4","10","5","5","2","15","3","10","5","4","B01","7","9","1","7","2","6","","15","15","1","12","4","120.734758","24.247308","2"
"9307","66000","387130000C","(04)23274275","(04)23288582","2026","2","25","16","5","臺中市","霧峰區","0","1","0","7","2","6","30","12","9","1","5","4","6","6","4","4","10","5","5","1","18","2","9","2","1","C03","7","9","1","10","2","14","","84","84","1","12","4","120.679334","24.070461","2"
"9308","66000","387130000C","(04)23274275","(04)23288582","2026","2","25","16","5","臺中市","大里區","0","0","0","7","","","30","","","","","","","","","","","","","","14","","","","","B12","","","1","","2","","","49","49","1","6","4","120.677368","24.095432","3"
"9309","66000","387130000C","(04)23274275","(04)23288582","2026","2","25","16","5","臺中市","豐原區","0","1","0","7","2","6","50","4","1","1","5","4","6","6","1","1","10","5","5","2","15","2","8","2","1","C03","7","9","1","10","2","11","","21","21","1","13","4","120.722065","24.252008","2"
"9310","66000","387130000C","(04)23274275","(04)23288582","2026","2","25","16","6","臺中市","南屯區","0","0","0","7","","","50","","","","","","","","","","","","","","16","","","","","B12","","","1","","2","","","84","84","1","13","4","120.620489","24.134761","3"
"9311","66000","387130000C","(04)23274275","(04)23288582","2026","2","25","16","15","臺中市","北區","0","1","0","7","2","6","40","13","7","1","5","4","6","6","2","1","1","4","4","2","17","3","10","3","1","B03","7","1","3","19","2","7","","51","51","1","12","4","120.684873","24.164159","2"
"9312","66000","387130000C","(04)23274275","(04)23288582","2026","2","25","16","22","臺中市","西屯區","0","0","0","7","","","50","","","","","","","","","","","","","","14","","","","","B03","","","1","","2","","","49","49","1","12","4","120.638638","24.175335","3"
"9313","66000","387130000C","(04)23274275","(04)23288582","2026","2","25","16","24","臺中市","南區","0","1","0","7","3","6","50","4","1","1","5","4","6","6","1","1","10","5","5","2","16","2","9","2","1","C03","7","8","1","10","2","14","","35","35","1","13","4","120.666763","24.124247","2"
"9314","66000","387130000C","(04)23274275","(04)23288582","2026","2","25","16","27","臺中市","西屯區","0","0","0","7","","","30","","","","","","","","","","","","","","14","","","","","C03","","","1","","1","","","49","49","1","13","4","120.649977","24.169079","4"
"9315","66000","387130000C","(04)23274275","(04)23288582","2026","2","25","16","28","臺中市","北區","0","0","0","7","","","50","","","","","","","","","","","","","","17","","","","","B03","","","1","","9","","","54","54","1","12","4","120.685311","24.14749","3"
"9316","66000","387130000C","(04)23274275","(04)23288582","2026","2","25","16","28","臺中市","豐原區","0","0","0","7","","","30","","","","","","","","","","","","","","30","","","","","A12","","","1","","2","","","84","84","1","12","4","120.740912","24.256839","3"
"9317","66000","387130000C","(04)23274275","(04)23288582","2026","2","25","16","34","臺中市","南區","0","1","0","7","1","6","50","4","1","1","5","4","6","6","2","1","10","5","5","2","17","3","10","5","4","B03","7","5","1","8","2","5","","11","11","1","13","4","120.679223","24.119215","2"
"9318","66000","387130000C","(04)23274275","(04)23288582","2026","2","25","16","34","臺中市","大肚區","0","2","0","7","2","6","30","4","1","1","5","4","6","6","4","4","10","5","5","2","15","2","9","4","1","F03","7","9","7","21","2","11","","12","12","1","3","4","120.548147","24.14834","2"
"9319","66000","387130000C","(04)23274275","(04)23288582","2026","2","25","16","36","臺中市","潭子區","0","1","0","7","2","6","30","3","2","1","5","4","6","6","4","4","3","4","4","1","16","3","10","3","1","B03","7","5","1","8","2","1","","14","14","1","13","4","120.705391","24.214191","2"
"9320","66000","387130000C","(04)23274275","(04)23288582","2026","2","25","16","37","臺中市","西屯區","0","1","0","7","2","6","30","13","9","1","5","4","6","6","4","4","10","5","5","2","18","2","9","6","1","F01","7","9","7","21","2","11","12","84","84","1","4","4","120.639101","24.173923","2"
"9321","66000","387130000C","(04)23274275","(04)23288582","2026","2","25","16","41","臺中市","西區","0","2","0","7","2","6","50","13","19","1","5","4","6","6","4","4","10","5","5","2","3","2","8","5","4","C03","7","9","3","19","2","11","","10","10","1","13","4","120.661994","24.153252","2"
"9322","66000","387130000C","(04)23274275","(04)23288582","2026","2","25","16","42","臺中市","大里區","0","1","0","7","3","6","40","13","14","1","5","4","6","6","4","4","5","2","5","1","17","2","9","1","1","C03","7","1","1","10","2","14","","51","51","1","6","4","120.703323","24.093232","2"
"9323","66000","387130000C","(04)23274275","(04)23288582","2026","2","25","16","45","臺中市","南屯區","0","1","0","7","3","6","50","4","8","1","5","4","6","6","2","1","5","4","4","1","12","3","10","3","1","B03","7","5","1","8","2","2","","11","11","1","12","4","120.630647","24.144822","2"
"9324","66000","387130000C","(04)23274275","(04)23288582","2026","2","25","16","47","臺中市","南屯區","0","0","0","7","","","50","","","","","","","","","","","","","","","","","","","B03","","","1","","1","","","56","56","1","13","4","120.616286","24.146186","3"
"9325","66000","387130000C","(04)23274275","(04)23288582","2026","2","25","16","50","臺中市","西區","0","0","0","7","","","50","","","","","","","","","","","","","","13","","","","","C03","","","1","","1","","","59","59","1","13","4","120.664407","24.149044","3"
"9326","66000","387130000C","(04)23274275","(04)23288582","2026","2","25","16","58","臺中市","北屯區","0","0","0","7","","","50","","","","","","","","","","","","","","13","","","","","C03","","","1","","1","","","7","7","1","6","4","120.697323","24.170632","3"
"9327","66000","387130000C","(04)23274275","(04)23288582","2026","2","25","16","58","臺中市","大里區","0","2","0","7","3","6","50","4","1","1","5","4","6","6","4","4","10","4","5","2","15","2","9","5","4","C03","7","9","1","10","2","11","","15","15","1","13","4","120.700422","24.108813","2"
"9328","66000","387130000C","(04)23274275","(04)23288582","2026","2","25","16","58","臺中市","豐原區","0","0","0","7","","","30","","","","","","","","","","","","","","17","","","","","B03","","","1","","2","","","8","8","1","12","4","120.718161","24.25106","3"
"9329","66000","387130000C","(04)23274275","(04)23288582","2026","2","25","17","0","臺中市","東區","0","0","0","7","","","50","","","","","","","","","","","","","","13","","","","","C03","","","3","","9","","","8","8","2","6","4","120.698021","24.147943","3"
"9330","66000","387130000C","(04)23274275","(04)23288582","2026","2","25","17","0","臺中市","新社區","0","2","0","7","1","6","50","3","1","1","5","4","6","6","4","4","5","5","5","1","12","2","9","1","4","C03","7","9","1","10","8","11","","8","8","1","13","4","120.796049","24.204341","2"
"9331","66000","387130000C","(04)23274275","(04)23288582","2026","2","25","17","2","臺中市","南屯區","0","0","0","7","","","50","","","","","","","","","","","","","","","","","","","B03","","","1","","1","","","50","50","1","13","4","120.641332","24.133394","3"
"9332","66000","387130000C","(04)23274275","(04)23288582","2026","2","25","17","2","臺中市","西屯區","0","1","0","7","2","6","50","3","1","1","5","4","6","6","4","4","10","5","5","2","16","3","10","5","4","B03","7","5","1","8","2","6","","47","47","1","13","4","120.659621","24.169686","2"
"9333","66000","387130000C","(04)23274275","(04)23288582","2026","2","25","17","5","臺中市","大肚區","0","2","0","7","2","6","30","3","1","1","5","4","6","6","4","4","10","5","5","2","16","2","9","1","1","F03","7","9","7","21","2","12","","59","59","1","4","4","120.564966","24.126219","2"
"9334","66000","387130000C","(04)23274275","(04)23288582","2026","2","25","17","6","臺中市","中區","0","2","0","7","2","6","50","4","1","1","5","4","6","6","1","1","10","4","5","2","12","2","9","1","1","C03","7","6","1","10","2","13","","39","39","1","12","4","120.67725","24.145704","2"