序號,縣市別代碼,機關代碼,市話,傳真,年,月,日,時,分,縣市,區,死亡數量,受傷數量,2-30,天候,道路照明設備,道路類別,道路速限,道路型態,事故位置,路面鋪裝,路面狀態,路面缺陷,障礙物,視距,號誌種類,號誌動作,分向設施,快車道或一般車道間,快慢車道間,路面邊線,事故類型及型態,受傷程度,主要傷處,保護裝備,行動電話或功能裝置,當事者區分(類別),車輛用途,當事者行動狀態,駕照狀態,駕照種類,飲酒情形,車輛撞擊部位最初,車輛撞擊部位其他,肇事因素個別,肇事因素主要,肇事逃逸,職業,共享經濟或外送平台,GPS座標X,GPS座標Y,事故類別
"9335","66000","387130000C","(04)23274275","(04)23288582","2026","2","25","17","7","臺中市","北區","0","1","0","7","3","6","50","18","24","1","5","4","6","6","4","4","3","4","5","2","17","3","10","5","4","C03","7","9","1","10","2","11","","84","84","1","13","4","120.684956","24.16783","2"
"9336","66000","387130000C","(04)23274275","(04)23288582","2026","2","25","17","7","臺中市","梧棲區","0","1","0","7","2","6","50","4","1","1","5","4","6","6","1","1","5","5","5","1","16","3","10","4","1","A12","7","6","1","5","2","6","","11","11","1","12","4","120.535345","24.235781","2"
"9337","66000","387130000C","(04)23274275","(04)23288582","2026","2","25","17","8","臺中市","中區","0","0","0","7","","","30","","","","","","","","","","","","","","","","","","","B03","","","1","","2","","","84","84","1","12","4","120.681745","24.142854","3"
"9338","66000","387130000C","(04)23274275","(04)23288582","2026","2","25","17","10","臺中市","龍井區","0","0","0","7","","","50","","","","","","","","","","","","","","","","","","","B03","","","1","","1","","","7","7","1","12","4","120.523854","24.208495","3"
"9339","66000","387130000C","(04)23274275","(04)23288582","2026","2","25","17","11","臺中市","龍井區","0","1","0","7","2","6","50","11","9","1","5","4","6","6","4","4","4","5","5","1","11","2","9","1","1","C02","7","9","1","9","2","11","","39","39","1","6","4","120.572063","24.186161","2"
"9340","66000","387130000C","(04)23274275","(04)23288582","2026","2","25","17","12","臺中市","西屯區","0","0","0","7","","","50","","","","","","","","","","","","","","17","","","","","B03","","","1","","1","","","51","51","1","12","4","120.655772","24.173977","3"
"9341","66000","387130000C","(04)23274275","(04)23288582","2026","2","25","17","12","臺中市","龍井區","0","1","0","7","2","6","50","5","1","1","5","4","6","6","1","1","10","5","5","2","16","3","10","3","1","B03","7","11","1","8","2","1","","45","45","1","6","4","120.573422","24.185409","2"
"9342","66000","387130000C","(04)23274275","(04)23288582","2026","2","25","17","14","臺中市","西屯區","0","0","0","7","","","50","","","","","","","","","","","","","","13","","","","","C03","","","1","","1","","","7","7","1","12","4","120.595072","24.169848","3"
"9343","66000","387130000C","(04)23274275","(04)23288582","2026","2","25","17","14","臺中市","烏日區","0","1","0","7","2","6","30","13","9","1","5","4","6","6","4","4","1","5","5","2","12","3","10","3","1","B03","7","9","1","8","2","2","","8","8","1","6","4","120.618369","24.111326","2"
"9344","66000","387130000C","(04)23274275","(04)23288582","2026","2","25","17","15","臺中市","沙鹿區","0","1","0","6","2","6","50","13","14","1","5","4","6","6","2","1","1","4","5","1","13","2","7","1","1","C03","7","9","1","10","2","11","","7","7","1","12","4","120.606481","24.247332","2"
"9345","66000","387130000C","(04)23274275","(04)23288582","2026","2","25","17","19","臺中市","南屯區","0","0","0","7","","3","80","","","","","","","","","","","","","","13","3","10","3","1","B03","7","9","1","8","1","1","","7","7","1","12","4","120.621618","24.134699","3"
"9346","66000","387130000C","(04)23274275","(04)23288582","2026","2","25","17","19","臺中市","豐原區","0","1","0","7","2","6","50","13","9","1","5","4","6","6","4","4","5","5","4","2","17","3","10","3","1","B03","7","11","1","8","2","4","","45","45","1","13","4","120.723391","24.24766","2"
"9347","66000","387130000C","(04)23274275","(04)23288582","2026","2","25","17","20","臺中市","北屯區","0","2","0","7","3","6","50","13","9","1","5","4","6","6","4","4","9","5","5","2","17","2","9","1","1","C03","7","1","1","10","2","11","","51","51","1","12","4","120.698214","24.161987","2"
"9348","66000","387130000C","(04)23274275","(04)23288582","2026","2","25","17","23","臺中市","西屯區","0","1","0","7","2","6","50","13","9","1","5","4","6","6","4","4","5","5","5","2","12","3","10","3","1","B12","7","4","1","8","2","2","","34","34","1","13","4","120.594293","24.185191","2"
"9349","66000","387130000C","(04)23274275","(04)23288582","2026","2","25","17","25","臺中市","太平區","0","1","0","7","3","6","50","13","9","1","5","4","6","6","4","4","9","4","5","1","17","3","10","3","1","B03","7","9","1","8","2","2","","84","84","1","13","4","120.721285","24.120011","2"
"9350","66000","387130000C","(04)23274275","(04)23288582","2026","2","25","17","28","臺中市","西屯區","0","1","0","7","2","6","50","13","9","1","5","4","6","6","4","4","5","5","5","2","12","3","10","5","4","B03","7","15","1","8","2","5","","43","43","1","13","4","120.655356","24.19272","2"
"9351","66000","387130000C","(04)23274275","(04)23288582","2026","2","25","17","30","臺中市","北屯區","0","1","0","7","2","6","50","13","8","1","5","4","6","6","4","4","3","4","4","2","12","3","10","3","1","A04","7","7","1","2","1","2","","8","8","1","12","4","120.685848","24.178955","2"
"9352","66000","387130000C","(04)23274275","(04)23288582","2026","2","25","17","31","臺中市","北屯區","0","0","0","7","","","50","","","","","","","","","","","","","","","","","","","B03","","","1","","1","","","8","8","1","12","4","120.698258","24.171841","3"
"9353","66000","387130000C","(04)23274275","(04)23288582","2026","2","25","17","34","臺中市","沙鹿區","0","0","0","7","","","50","","","","","","","","","","","","","","17","","","","","B03","","","1","","2","","","56","56","1","12","4","120.571642","24.245888","3"
"9354","66000","387130000C","(04)23274275","(04)23288582","2026","2","25","17","36","臺中市","北屯區","0","0","0","7","","","50","","","","","","","","","","","","","","13","","","","","C03","","","1","","1","","","7","7","1","6","4","120.719109","24.17606","3"
"9355","66000","387130000C","(04)23274275","(04)23288582","2026","2","25","17","38","臺中市","北屯區","0","1","0","7","1","6","50","4","2","1","5","4","6","6","4","4","5","4","4","2","15","3","10","3","1","B03","7","9","1","8","2","2","","13","13","1","13","4","120.678659","24.175985","2"
"9356","66000","387130000C","(04)23274275","(04)23288582","2026","2","25","17","41","臺中市","南區","0","0","0","7","","","40","","","","","","","","","","","","","","13","","","","","C03","","","1","","1","","","84","84","1","12","4","120.660632","24.132696","4"
"9357","66000","387130000C","(04)23274275","(04)23288582","2026","2","25","17","41","臺中市","太平區","0","0","0","7","","","40","","","","","","","","","","","","","","","","","","","B03","","","1","","2","","","12","12","1","13","4","120.70478","24.124973","3"
"9358","66000","387130000C","(04)23274275","(04)23288582","2026","2","25","17","42","臺中市","北區","0","2","0","7","2","6","30","3","1","1","5","4","6","6","4","4","10","5","5","2","17","2","9","1","1","C03","7","6","1","10","2","11","","84","84","1","13","4","120.683021","24.162324","2"
"9359","66000","387130000C","(04)23274275","(04)23288582","2026","2","25","17","46","臺中市","中區","0","2","0","7","3","6","50","4","2","1","5","4","6","6","1","1","5","2","4","2","13","2","8","1","1","C03","7","9","1","10","1","12","","7","7","1","6","4","120.675473","24.141775","2"
"9360","66000","387130000C","(04)23274275","(04)23288582","2026","2","25","17","46","臺中市","梧棲區","0","0","0","7","","","40","","","","","","","","","","","","","","16","","","","","B03","","","1","","2","","","14","14","1","12","4","120.531718","24.251439","3"
"9361","66000","387130000C","(04)23274275","(04)23288582","2026","2","25","17","47","臺中市","大里區","0","1","0","7","2","6","50","13","7","1","5","4","6","6","4","4","5","5","4","2","17","2","9","1","1","C03","7","1","1","10","2","16","","84","84","1","13","4","120.691729","24.115024","2"
"9362","66000","387130000C","(04)23274275","(04)23288582","2026","2","25","17","49","臺中市","清水區","0","1","0","6","3","6","70","13","14","1","5","4","6","6","4","4","1","5","4","1","12","3","10","3","1","B12","7","7","1","8","2","2","","40","40","1","12","4","120.601545","24.31034","2"
"9363","66000","387130000C","(04)23274275","(04)23288582","2026","2","25","17","50","臺中市","后里區","0","1","0","7","3","6","50","13","7","1","5","4","6","6","4","4","9","4","4","1","17","3","10","3","1","B03","7","6","1","8","2","8","","20","20","1","6","4","120.708505","24.311204","2"
"9364","66000","387130000C","(04)23274275","(04)23288582","2026","2","25","17","52","臺中市","南區","0","1","0","7","2","6","50","3","1","1","5","4","6","6","4","4","10","5","5","2","16","2","8","1","1","C03","7","6","1","10","2","12","","14","14","1","12","4","120.655982","24.113723","2"
"9365","66000","387130000C","(04)23274275","(04)23288582","2026","2","25","17","55","臺中市","龍井區","0","0","0","7","","","50","","","","","","","","","","","","","","14","","","","","B03","","","1","","1","","","84","84","1","6","4","120.573422","24.185409","3"
"9366","66000","387130000C","(04)23274275","(04)23288582","2026","2","25","18","0","臺中市","北屯區","0","0","0","7","","","40","","","","","","","","","","","","","","9","","","","","B12","","","1","","1","","","84","84","1","12","4","120.690225","24.17517","3"
"9367","66000","387130000C","(04)23274275","(04)23288582","2026","2","25","18","1","臺中市","豐原區","0","1","0","7","1","6","50","4","1","1","5","4","6","6","1","1","10","5","5","2","18","3","10","1","1","C03","7","9","1","10","2","12","","84","84","1","12","4","120.712731","24.250794","2"
"9368","66000","387130000C","(04)23274275","(04)23288582","2026","2","25","18","2","臺中市","大肚區","0","0","0","7","","","50","","","","","","","","","","","","","","","","","","","B03","","","1","","2","","","8","8","1","6","4","120.546635","24.1537","3"
"9369","66000","387130000C","(04)23274275","(04)23288582","2026","2","25","18","6","臺中市","西屯區","0","0","0","7","","","30","","","","","","","","","","","","","","12","","","","","B03","","","1","","2","","","8","8","1","12","4","120.652819","24.171991","3"
"9370","66000","387130000C","(04)23274275","(04)23288582","2026","2","25","18","6","臺中市","后里區","0","1","0","7","1","6","40","13","8","1","5","4","6","6","4","4","1","4","4","1","13","3","10","2","1","C03","7","9","1","10","2","12","","7","7","1","12","4","120.722673","24.309498","2"
"9371","66000","387130000C","(04)23274275","(04)23288582","2026","2","25","18","7","臺中市","北屯區","0","0","0","7","","","50","","","","","","","","","","","","","","","","","","","C03","","","1","","2","","","8","8","1","13","4","120.690639","24.171185","3"
"9372","66000","387130000C","(04)23274275","(04)23288582","2026","2","25","18","9","臺中市","龍井區","0","2","0","7","1","6","30","3","1","1","5","4","6","6","4","4","10","5","5","1","16","2","7","2","1","C03","7","6","1","10","2","11","","14","14","1","12","4","120.531967","24.190985","2"
"9373","66000","387130000C","(04)23274275","(04)23288582","2026","2","25","18","12","臺中市","南屯區","0","2","0","7","1","6","50","13","9","1","5","4","6","6","1","1","1","4","5","2","12","2","9","2","1","C03","7","8","1","10","2","14","","40","40","1","13","4","120.650092","24.140118","2"
"9374","66000","387130000C","(04)23274275","(04)23288582","2026","2","25","18","13","臺中市","龍井區","0","0","0","7","","","50","","","","","","","","","","","","","","12","","","","","B02","","","1","","1","","","40","40","1","6","4","120.574139","24.181711","3"
"9375","66000","387130000C","(04)23274275","(04)23288582","2026","2","25","18","14","臺中市","南區","0","0","0","7","","","30","","","","","","","","","","","","","","","","","","","B03","","","1","","1","","","84","84","1","13","4","120.682844","24.131457","4"
"9376","66000","387130000C","(04)23274275","(04)23288582","2026","2","25","18","14","臺中市","西屯區","0","0","0","7","","","50","","","","","","","","","","","","","","","","","","","B03","","","1","","1","","","84","84","1","12","4","120.62777","24.159252","3"
"9377","66000","387130000C","(04)23274275","(04)23288582","2026","2","25","18","14","臺中市","大里區","0","0","0","7","","","50","","","","","","","","","","","","","","12","","","","","A02","","","1","","2","","","84","84","1","6","4","120.689268","24.118928","4"
"9378","66000","387130000C","(04)23274275","(04)23288582","2026","2","25","18","17","臺中市","西區","0","0","0","7","","","50","","","","","","","","","","","","","","17","","","","","C03","","","1","","2","","","84","84","1","13","4","120.660937","24.154238","3"
"9379","66000","387130000C","(04)23274275","(04)23288582","2026","2","25","18","18","臺中市","北區","0","1","0","7","2","6","40","13","8","1","5","4","6","6","4","4","3","4","4","2","17","2","9","1","1","C03","7","9","1","10","2","11","","85","85","1","12","4","120.674831","24.148629","2"
"9380","66000","387130000C","(04)23274275","(04)23288582","2026","2","25","18","18","臺中市","西屯區","0","0","0","7","","","50","","","","","","","","","","","","","","12","","","","","C03","","","1","","1","","","8","8","1","12","4","120.640844","24.167398","3"
"9381","66000","387130000C","(04)23274275","(04)23288582","2026","2","25","18","19","臺中市","潭子區","0","0","0","7","","","50","","","","","","","","","","","","","","14","","","","","B12","","","1","","2","","","49","49","1","13","4","120.704331","24.201658","3"
"9382","66000","387130000C","(04)23274275","(04)23288582","2026","2","25","18","23","臺中市","西屯區","0","1","0","7","1","6","70","13","7","1","5","4","6","6","4","4","1","4","3","2","13","3","10","3","1","B03","7","9","1","8","1","1","","7","7","1","12","4","120.624696","24.178498","2"
"9383","66000","387130000C","(04)23274275","(04)23288582","2026","2","25","18","27","臺中市","北屯區","0","1","0","7","1","6","50","13","7","1","5","4","6","6","4","4","5","4","4","2","13","2","9","1","1","C03","7","9","1","10","2","11","","7","7","1","13","4","120.679847","24.193079","2"
"9384","66000","387130000C","(04)23274275","(04)23288582","2026","2","25","18","30","臺中市","南區","0","1","0","7","1","6","50","4","1","1","5","4","6","6","4","4","5","4","4","2","12","2","8","2","1","C03","7","6","1","10","2","13","","48","48","1","6","4","120.66735","24.114286","2"
"9385","66000","387130000C","(04)23274275","(04)23288582","2026","2","25","18","31","臺中市","南屯區","0","0","0","7","","","50","","","","","","","","","","","","","","16","","","","","B03","","","1","","1","","","11","11","1","12","4","120.622221","24.140162","4"
"9386","66000","387130000C","(04)23274275","(04)23288582","2026","2","25","18","32","臺中市","梧棲區","0","0","0","7","","","50","","","","","","","","","","","","","","9","","","","","C03","","","1","","1","","","85","85","1","12","4","120.532979","24.263698","3"
"9387","66000","387130000C","(04)23274275","(04)23288582","2026","2","25","18","34","臺中市","北區","0","1","0","7","1","6","50","4","1","1","5","4","6","6","2","1","10","5","5","2","17","3","10","5","4","B02","7","5","1","8","2","2","","47","47","1","13","4","120.681553","24.155745","2"
"9388","66000","387130000C","(04)23274275","(04)23288582","2026","2","25","18","35","臺中市","西屯區","0","0","0","7","","","50","","","","","","","","","","","","","","2","","","","","B03","","","1","","1","","","40","40","1","12","4","120.656568","24.200875","3"
"9389","66000","387130000C","(04)23274275","(04)23288582","2026","2","25","18","35","臺中市","西屯區","0","1","0","7","1","6","50","5","1","1","5","4","6","6","2","1","10","5","5","2","16","3","10","5","4","B03","7","5","1","8","2","2","","85","85","1","13","4","120.593768","24.191332","2"
"9390","66000","387130000C","(04)23274275","(04)23288582","2026","2","25","18","36","臺中市","大雅區","0","0","0","7","","","30","","","","","","","","","","","","","","20","","","","","B03","","","1","","2","","","47","47","1","12","4","120.63082","24.219032","3"
"9391","66000","387130000C","(04)23274275","(04)23288582","2026","2","25","18","37","臺中市","東區","0","0","0","7","","","50","","","","","","","","","","","","","","13","","","","","C03","","","1","","1","","","7","7","1","6","4","120.699655","24.144697","4"
"9392","66000","387130000C","(04)23274275","(04)23288582","2026","2","25","18","40","臺中市","南屯區","0","0","0","7","","3","40","","","","","","","","","","","","","","12","3","10","3","1","B03","7","9","1","8","1","2","","84","84","1","12","4","120.621618","24.134699","3"
"9393","66000","387130000C","(04)23274275","(04)23288582","2026","2","25","18","47","臺中市","東區","0","0","0","7","","","50","","","","","","","","","","","","","","13","","","","","B03","","","1","","1","","","84","84","1","12","4","120.69173","24.147501","3"
"9394","66000","387130000C","(04)23274275","(04)23288582","2026","2","25","18","49","臺中市","南屯區","0","1","0","7","1","6","50","5","1","1","5","4","6","6","2","1","5","5","5","2","13","3","10","2","1","C03","7","15","1","10","2","11","","7","7","1","13","4","120.637735","24.142436","2"
"9395","66000","387130000C","(04)23274275","(04)23288582","2026","2","25","18","49","臺中市","北屯區","0","1","0","7","1","6","50","5","4","1","5","4","6","6","2","1","1","4","5","2","18","2","9","1","1","C03","7","14","1","10","2","12","","54","54","1","12","4","120.676473","24.201307","2"
"9396","66000","387130000C","(04)23274275","(04)23288582","2026","2","25","18","49","臺中市","北屯區","0","0","0","7","","","50","","","","","","","","","","","","","","","","","","","B03","","","1","","1","","","77","77","1","12","4","120.690997","24.180933","3"
"9397","66000","387130000C","(04)23274275","(04)23288582","2026","2","25","18","49","臺中市","豐原區","0","1","0","7","1","6","50","13","7","1","5","4","6","6","4","4","5","5","4","2","17","2","9","1","1","C03","7","6","1","10","2","14","","39","39","1","13","4","120.722059","24.257068","2"
"9398","66000","387130000C","(04)23274275","(04)23288582","2026","2","25","18","52","臺中市","北屯區","0","1","0","7","1","6","50","4","1","1","5","4","6","6","2","1","10","5","5","2","16","2","9","2","1","C03","7","9","1","8","2","11","","21","21","1","12","4","120.703809","24.159602","2"
"9399","66000","387130000C","(04)23274275","(04)23288582","2026","2","25","18","54","臺中市","北屯區","0","1","0","7","1","6","50","4","1","1","5","4","6","6","1","1","10","5","5","2","10","3","10","3","1","B03","7","9","1","8","2","8","","59","59","1","6","4","120.672555","24.181039","2"
"9400","66000","387130000C","(04)23274275","(04)23288582","2026","2","25","18","56","臺中市","南屯區","0","0","0","7","","","50","","","","","","","","","","","","","","","","","","","C03","","","1","","2","","","84","84","1","13","4","120.636929","24.146768","4"
"9401","66000","387130000C","(04)23274275","(04)23288582","2026","2","25","19","7","臺中市","北屯區","0","0","0","7","","3","80","","","","","","","","","","","","","","","","","","","B03","","","1","","1","","","84","84","1","13","4","120.720377","24.165294","3"
"9402","66000","387130000C","(04)23274275","(04)23288582","2026","2","25","19","11","臺中市","東區","0","2","0","7","3","6","50","4","1","1","5","4","6","6","1","1","10","5","5","2","16","2","9","2","1","C03","7","6","1","10","2","11","","11","11","1","13","4","120.694677","24.129622","2"
"9403","66000","387130000C","(04)23274275","(04)23288582","2026","2","25","19","11","臺中市","北屯區","0","0","0","7","","","50","","","","","","","","","","","","","","9","","","","","B03","","","1","8","1","","","7","7","1","12","4","120.672473","24.187901","3"
"9404","66000","387130000C","(04)23274275","(04)23288582","2026","2","25","19","13","臺中市","南屯區","0","0","0","7","","","50","","","","","","","","","","","","","","3","","","","","B01","","","1","","9","","","10","10","1","12","4","120.638304","24.13372","3"
"9405","66000","387130000C","(04)23274275","(04)23288582","2026","2","25","19","19","臺中市","潭子區","0","1","0","7","1","6","50","3","1","1","5","4","6","6","4","4","9","5","5","2","17","3","10","3","1","B03","7","5","1","8","2","8","","12","12","1","13","4","120.705251","24.2107","2"
"9406","66000","387130000C","(04)23274275","(04)23288582","2026","2","25","19","20","臺中市","龍井區","0","1","0","7","1","6","50","5","1","1","5","4","6","6","3","1","10","5","5","2","12","3","10","3","1","B03","7","9","1","8","2","5","","7","7","1","6","4","120.592491","24.181709","2"
"9407","66000","387130000C","(04)23274275","(04)23288582","2026","2","25","19","23","臺中市","西區","0","1","0","7","1","6","40","13","8","1","5","4","6","6","4","4","1","4","4","2","13","2","9","2","1","C03","7","9","1","10","2","11","","59","59","1","13","4","120.660635","24.140202","2"
"9408","66000","387130000C","(04)23274275","(04)23288582","2026","2","25","19","24","臺中市","霧峰區","0","1","0","7","1","6","30","4","1","1","5","4","6","6","4","4","10","5","5","2","15","3","10","3","1","B03","7","9","1","8","2","1","","15","15","1","13","4","120.698294","24.087463","2"
"9409","66000","387130000C","(04)23274275","(04)23288582","2026","2","25","19","24","臺中市","大里區","0","1","0","7","1","6","30","3","1","1","5","4","6","6","4","4","9","5","4","2","16","3","10","3","1","B03","7","5","1","8","2","8","","13","13","1","13","4","120.67118","24.10619","2"
"9410","66000","387130000C","(04)23274275","(04)23288582","2026","2","25","19","25","臺中市","西區","0","1","0","7","1","6","50","13","9","1","5","4","6","6","4","4","5","5","5","2","17","2","9","5","4","C03","7","9","1","10","2","12","","84","84","1","12","4","120.65569","24.136637","2"
"9411","66000","387130000C","(04)23274275","(04)23288582","2026","2","25","19","25","臺中市","北屯區","0","1","0","7","3","6","50","4","1","1","5","4","6","6","1","1","10","5","5","2","18","2","9","1","1","C03","7","9","1","8","2","11","","82","82","1","12","4","120.72091","24.175972","2"
"9412","66000","387130000C","(04)23274275","(04)23288582","2026","2","25","19","28","臺中市","西屯區","0","1","0","7","1","6","50","4","1","1","5","4","6","6","2","1","10","5","5","2","12","3","10","1","1","C03","7","9","1","10","2","13","","84","84","1","12","4","120.648294","24.167899","2"
"9413","66000","387130000C","(04)23274275","(04)23288582","2026","2","25","19","32","臺中市","南屯區","0","0","0","7","","","50","","","","","","","","","","","","","","13","","","","","C03","","","1","","1","","","59","59","1","12","4","120.611667","24.13842","3"
"9414","66000","387130000C","(04)23274275","(04)23288582","2026","2","25","19","36","臺中市","西屯區","0","0","0","7","","","30","","","","","","","","","","","","","","14","","","","","B03","","","1","","1","","","49","49","1","12","4","120.619558","24.168825","3"
"9415","66000","387130000C","(04)23274275","(04)23288582","2026","2","25","19","37","臺中市","大肚區","0","1","0","1","2","6","50","3","9","1","5","4","6","6","1","1","8","3","5","1","13","3","10","3","1","B03","7","10","1","8","2","5","","7","7","1","12","4","120.540747","24.150833","2"
"9416","66000","387130000C","(04)23274275","(04)23288582","2026","2","25","19","44","臺中市","西屯區","0","2","0","7","1","6","50","13","9","1","5","4","6","6","4","4","1","4","5","2","12","2","9","2","1","C03","7","1","3","19","2","14","","51","51","1","12","4","120.655774","24.16917","2"
"9417","66000","387130000C","(04)23274275","(04)23288582","2026","2","25","19","48","臺中市","南屯區","0","0","0","7","","","50","","","","","","","","","","","","","","","","","","","B03","","","1","","1","","","49","49","1","13","4","120.646906","24.152127","3"
"9418","66000","387130000C","(04)23274275","(04)23288582","2026","2","25","19","51","臺中市","北屯區","0","1","0","7","1","6","50","4","1","1","5","4","6","6","2","1","10","5","5","2","16","3","10","3","1","B03","7","6","1","8","2","2","","11","11","1","12","4","120.720908","24.169862","2"
"9419","66000","387130000C","(04)23274275","(04)23288582","2026","2","25","19","53","臺中市","北區","0","1","0","7","1","6","50","3","1","1","5","4","6","6","2","1","10","5","5","2","17","2","9","1","1","C03","7","6","5","19","2","12","","84","84","1","13","4","120.681087","24.157607","2"
"9420","66000","387130000C","(04)23274275","(04)23288582","2026","2","25","20","0","臺中市","大雅區","0","1","0","7","1","6","50","3","1","1","5","4","6","6","4","4","5","5","5","1","17","2","9","1","1","C03","7","6","1","10","2","11","","84","84","1","12","4","120.653945","24.230126","2"
"9421","66000","387130000C","(04)23274275","(04)23288582","2026","2","25","20","6","臺中市","北屯區","0","0","0","7","","","50","","","","","","","","","","","","","","","","","","","B03","","","1","","1","","","49","49","1","12","4","120.683395","24.170772","3"
"9422","66000","387130000C","(04)23274275","(04)23288582","2026","2","25","20","6","臺中市","清水區","0","0","0","7","","3","90","","","","","","","","","","","","","","","","","","","B03","","","1","","1","","","87","87","1","12","4","120.566358","24.321435","3"
"9423","66000","387130000C","(04)23274275","(04)23288582","2026","2","25","20","8","臺中市","中區","0","1","0","7","1","6","1","4","1","1","5","4","6","6","1","1","9","4","4","2","17","3","10","3","1","B03","7","9","1","8","2","1","","84","84","1","12","4","120.675005","24.143543","2"
"9424","66000","387130000C","(04)23274275","(04)23288582","2026","2","25","20","8","臺中市","烏日區","0","1","0","7","1","6","30","4","1","1","5","4","6","6","4","4","10","5","5","2","17","3","10","3","1","B03","7","6","1","8","2","16","","84","84","1","6","4","120.640632","24.067428","2"
"9425","66000","387130000C","(04)23274275","(04)23288582","2026","2","25","20","24","臺中市","烏日區","0","2","0","7","1","6","70","3","1","1","5","4","6","6","2","1","10","5","5","2","13","2","9","2","1","C03","7","9","1","10","2","11","","7","7","1","6","4","120.608871","24.10811","2"
"9426","66000","387130000C","(04)23274275","(04)23288582","2026","2","25","20","26","臺中市","西屯區","0","1","0","7","1","6","50","4","1","1","5","4","6","6","2","1","10","5","5","2","16","3","10","5","1","B03","7","6","1","8","2","8","","48","48","1","12","4","120.659979","24.164907","2"
"9427","66000","387130000C","(04)23274275","(04)23288582","2026","2","25","20","28","臺中市","西區","0","1","0","7","3","6","50","4","1","1","5","4","6","6","1","1","10","5","5","2","16","2","9","1","1","C03","7","6","5","19","2","11","","23","23","1","6","4","120.64993","24.145004","2"
"9428","66000","387130000C","(04)23274275","(04)23288582","2026","2","25","20","30","臺中市","清水區","0","1","0","7","1","6","30","4","1","1","5","4","6","6","4","4","9","4","5","1","17","3","10","3","1","B01","7","9","1","8","1","8","","20","20","1","12","4","120.576037","24.287933","2"
"9429","66000","387130000C","(04)23274275","(04)23288582","2026","2","25","20","34","臺中市","沙鹿區","0","0","0","6","","","50","","","","","","","","","","","","","","14","","","","","B12","","","1","","1","","","49","49","1","12","4","120.575745","24.2261","3"
"9430","66000","387130000C","(04)23274275","(04)23288582","2026","2","25","20","56","臺中市","南區","0","0","0","7","","","50","","","","","","","","","","","","","","","","","","","C03","","","1","","9","","","50","50","2","6","4","120.681998","24.128662","3"
"9431","66000","387130000C","(04)23274275","(04)23288582","2026","2","25","20","59","臺中市","西屯區","0","0","0","7","","","50","","","","","","","","","","","","","","16","","","","","B03","","","1","","1","","","14","14","1","12","4","120.650295","24.1641","3"
"9432","66000","387130000C","(04)23274275","(04)23288582","2026","2","25","21","0","臺中市","西屯區","0","0","0","7","","","50","","","","","","","","","","","","","","14","","","","","B12","","","1","","1","","","49","49","1","13","4","120.63953","24.181726","3"
"9433","66000","387130000C","(04)23274275","(04)23288582","2026","2","25","21","4","臺中市","北屯區","0","0","0","6","","","50","","","","","","","","","","","","","","13","","","","","B03","","","1","8","1","","","7","7","1","12","4","120.676311","24.193136","3"
"9434","66000","387130000C","(04)23274275","(04)23288582","2026","2","25","21","8","臺中市","北區","0","0","0","7","","","50","","","","","","","","","","","","","","17","","","","","B03","","","1","","1","","","57","57","1","13","4","120.671026","24.173252","3"
"9435","66000","387130000C","(04)23274275","(04)23288582","2026","2","25","21","12","臺中市","梧棲區","0","1","0","7","1","6","70","4","1","1","5","4","6","6","3","1","10","5","5","2","17","3","10","3","1","B03","7","6","1","1","2","16","","11","11","1","12","4","120.534586","24.250391","2"
"9436","66000","387130000C","(04)23274275","(04)23288582","2026","2","25","21","20","臺中市","太平區","0","0","0","7","","","50","","","","","","","","","","","","","","","","","","","B03","","","3","","2","","","59","59","1","12","4","120.723181","24.131756","3"
"9437","66000","387130000C","(04)23274275","(04)23288582","2026","2","25","21","27","臺中市","烏日區","0","0","0","7","1","6","40","13","9","1","5","4","6","6","1","1","4","3","4","1","11","3","10","3","1","B03","7","2","1","8","1","7","","49","49","1","6","4","120.62375","24.106302","3"
"9438","66000","387130000C","(04)23274275","(04)23288582","2026","2","25","21","29","臺中市","西區","0","1","0","7","1","6","50","13","8","1","5","4","6","6","4","4","9","4","4","2","17","2","9","1","1","C03","7","9","1","10","2","12","","84","84","1","13","4","120.666528","24.134002","2"
"9439","66000","387130000C","(04)23274275","(04)23288582","2026","2","25","21","29","臺中市","沙鹿區","0","0","0","7","1","6","50","13","9","1","5","4","6","6","4","4","5","5","5","1","17","3","10","2","1","C03","7","1","1","10","7","12","","34","34","1","6","4","120.573116","24.22961","3"
"9440","66000","387130000C","(04)23274275","(04)23288582","2026","2","25","21","30","臺中市","大雅區","0","0","0","7","","","70","","","","","","","","","","","","","","","","","","","C03","","","1","","2","","","84","84","1","13","4","120.627902","24.242212","3"
"9441","66000","387130000C","(04)23274275","(04)23288582","2026","2","25","21","40","臺中市","龍井區","0","0","0","7","","","30","","","","","","","","","","","","","","17","","","","","B03","","","1","","9","","","8","8","1","12","4","120.591984","24.181813","3"
"9442","66000","387130000C","(04)23274275","(04)23288582","2026","2","25","21","42","臺中市","西區","0","1","0","7","1","6","50","13","7","1","5","4","6","6","4","4","5","4","4","2","13","2","9","1","1","C03","7","9","1","10","2","11","12","7","7","1","12","4","120.66779","24.140463","2"
"9443","66000","387130000C","(04)23274275","(04)23288582","2026","2","25","21","45","臺中市","大里區","0","0","0","7","","","50","","","","","","","","","","","","","","","","","","","C03","","","1","","2","","","23","23","1","12","4","120.702767","24.088246","3"