序號,縣市別代碼,機關代碼,市話,傳真,年,月,日,時,分,縣市,區,死亡數量,受傷數量,2-30,天候,道路照明設備,道路類別,道路速限,道路型態,事故位置,路面鋪裝,路面狀態,路面缺陷,障礙物,視距,號誌種類,號誌動作,分向設施,快車道或一般車道間,快慢車道間,路面邊線,事故類型及型態,受傷程度,主要傷處,保護裝備,行動電話或功能裝置,當事者區分(類別),車輛用途,當事者行動狀態,駕照狀態,駕照種類,飲酒情形,車輛撞擊部位最初,車輛撞擊部位其他,肇事因素個別,肇事因素主要,肇事逃逸,職業,共享經濟或外送平台,GPS座標X,GPS座標Y,事故類別
"9444","66000","387130000C","(04)23274275","(04)23288582","2026","2","25","21","48","臺中市","南屯區","0","0","0","7","","","50","","","","","","","","","","","","","","13","","","","","B03","","","1","","1","","","59","59","1","12","4","120.647481","24.153674","3"
"9445","66000","387130000C","(04)23274275","(04)23288582","2026","2","25","21","52","臺中市","北區","0","0","0","7","","","50","","","","","","","","","","","","","","13","","","","","C03","","","1","","2","","","7","7","1","12","4","120.684874","24.164233","3"
"9446","66000","387130000C","(04)23274275","(04)23288582","2026","2","25","21","53","臺中市","南區","0","0","0","7","","","60","","","","","","","","","","","","","","14","","","","","B03","","","1","","1","","","49","49","1","6","4","120.645604","24.110433","3"
"9447","66000","387130000C","(04)23274275","(04)23288582","2026","2","25","22","14","臺中市","烏日區","0","2","0","7","1","6","50","4","1","1","5","4","6","6","1","1","2","3","4","1","15","2","8","1","1","C03","7","15","1","10","2","12","","23","23","1","6","4","120.626346","24.110589","2"
"9448","66000","387130000C","(04)23274275","(04)23288582","2026","2","25","22","20","臺中市","北屯區","0","0","0","7","","","50","","","","","","","","","","","","","","","","","","","B03","","","1","","1","","","8","8","1","13","4","120.686357","24.186882","4"
"9449","66000","387130000C","(04)23274275","(04)23288582","2026","2","25","22","30","臺中市","中區","0","0","0","7","","","50","","","","","","","","","","","","","","17","","","","","B01","","","1","","2","","","11","11","1","12","4","120.678778","24.14719","4"
"9450","66000","387130000C","(04)23274275","(04)23288582","2026","2","25","22","40","臺中市","北屯區","0","0","0","7","","","50","","","","","","","","","","","","","","17","","","","","C03","","","1","","2","","","78","78","1","12","4","120.687013","24.169267","4"
"9451","66000","387130000C","(04)23274275","(04)23288582","2026","2","25","22","41","臺中市","南區","0","1","0","7","1","6","50","3","1","1","5","4","6","6","4","4","10","5","5","2","17","3","10","3","1","B03","7","2","1","8","2","2","","49","49","1","13","4","120.67402","24.131713","2"
"9452","66000","387130000C","(04)23274275","(04)23288582","2026","2","25","22","43","臺中市","東區","0","1","0","7","1","6","50","13","7","1","5","4","6","6","4","4","5","5","4","2","17","2","9","2","1","C03","7","9","1","10","2","11","","84","84","1","12","4","120.703952","24.14454","2"
"9453","66000","387130000C","(04)23274275","(04)23288582","2026","2","25","22","53","臺中市","南區","0","1","0","7","1","6","50","13","9","1","5","4","6","6","4","4","1","4","5","2","17","2","9","5","4","C03","7","8","1","10","2","14","","40","40","1","13","4","120.658624","24.117798","2"
"9454","66000","387130000C","(04)23274275","(04)23288582","2026","2","25","22","53","臺中市","西屯區","0","0","0","7","","","50","","","","","","","","","","","","","","16","","","","","B03","","","1","","1","","","11","11","1","12","4","120.640692","24.176237","3"
"9455","66000","387130000C","(04)23274275","(04)23288582","2026","2","25","22","54","臺中市","大里區","0","1","0","7","2","6","50","13","7","1","5","4","6","6","1","1","5","5","4","1","17","3","10","3","1","B03","7","9","1","8","2","1","","84","84","1","12","4","120.683697","24.100689","2"
"9456","66000","387130000C","(04)23274275","(04)23288582","2026","2","25","23","11","臺中市","大里區","0","1","0","7","1","6","50","4","1","1","5","4","6","6","1","1","10","5","5","2","17","3","10","1","1","C03","7","6","1","10","2","11","","84","84","1","12","4","120.677819","24.114906","2"
"9457","66000","387130000C","(04)23274275","(04)23288582","2026","2","25","23","59","臺中市","大肚區","0","0","0","1","","","50","","","","","","","","","","","","","","13","","","","","B03","","","1","","1","","","59","59","1","12","4","120.54328","24.150332","3"
"9458","66000","387130000C","(04)23274275","(04)23288582","2026","2","26","0","31","臺中市","南區","0","0","0","7","","","30","","","","","","","","","","","","","","","","","","","C04","","","1","","9","","","49","49","2","13","4","120.662069","24.122548","3"
"9459","66000","387130000C","(04)23274275","(04)23288582","2026","2","26","0","52","臺中市","太平區","0","0","0","7","","","50","","","","","","","","","","","","","","","","","","","B03","","","1","","2","","","34","34","1","12","4","120.716186","24.147284","3"
"9460","66000","387130000C","(04)23274275","(04)23288582","2026","2","26","1","51","臺中市","中區","0","1","0","7","1","6","50","4","1","1","5","4","6","6","4","4","10","5","5","2","15","3","10","3","1","B01","7","1","1","15","2","1","","51","51","1","13","4","120.67769","24.14047","2"
"9461","66000","387130000C","(04)23274275","(04)23288582","2026","2","26","2","5","臺中市","南屯區","0","0","0","7","","","50","","","","","","","","","","","","","","17","","","","","B03","","","1","","1","","","25","25","1","13","4","120.64651","24.132145","3"
"9462","66000","387130000C","(04)23274275","(04)23288582","2026","2","26","3","12","臺中市","太平區","0","0","0","7","","","50","","","","","","","","","","","","","","","","","","","A41","","","1","","9","","","85","85","1","12","4","120.712708","24.116817","3"
"9463","66000","387130000C","(04)23274275","(04)23288582","2026","2","26","3","45","臺中市","北屯區","0","2","0","7","2","6","50","4","1","1","5","4","6","6","4","4","10","5","5","2","15","2","9","1","1","C03","7","9","1","10","2","11","","6","6","1","12","4","120.69411","24.178701","2"
"9464","66000","387130000C","(04)23274275","(04)23288582","2026","2","26","6","8","臺中市","大雅區","0","1","0","7","1","6","60","13","8","1","5","4","6","6","4","4","1","4","4","1","16","3","10","3","1","B12","7","5","1","8","2","6","","84","84","1","12","4","120.649609","24.213789","2"
"9465","66000","387130000C","(04)23274275","(04)23288582","2026","2","26","6","15","臺中市","大里區","0","1","0","7","3","6","50","13","9","1","5","4","6","6","4","4","5","4","5","1","13","2","9","5","4","F01","7","9","7","21","2","11","","84","84","1","4","4","120.695538","24.103868","2"
"9466","66000","387130000C","(04)23274275","(04)23288582","2026","2","26","6","50","臺中市","外埔區","0","0","0","7","","","50","","","","","","","","","","","","","","1","","","","","F03","","","7","","2","","","48","48","1","3","4","120.653419","24.331742","3"
"9467","66000","387130000C","(04)23274275","(04)23288582","2026","2","26","7","0","臺中市","北屯區","0","2","0","7","2","6","50","4","1","1","5","4","6","6","2","1","10","5","5","2","11","3","10","3","1","B03","7","6","1","8","2","2","","14","14","1","6","4","120.683537","24.1736","2"
"9468","66000","387130000C","(04)23274275","(04)23288582","2026","2","26","7","10","臺中市","北屯區","0","0","0","7","","","40","","","","","","","","","","","","","","13","","","","","B03","","","1","","2","","","7","7","1","6","4","120.721938","24.183084","3"
"9469","66000","387130000C","(04)23274275","(04)23288582","2026","2","26","7","10","臺中市","神岡區","0","2","0","7","2","6","50","4","1","1","5","4","6","6","4","4","9","5","4","1","17","3","10","3","1","B12","7","9","1","8","2","1","1","84","84","1","12","4","120.639657","24.287948","2"
"9470","66000","387130000C","(04)23274275","(04)23288582","2026","2","26","7","13","臺中市","東區","0","1","0","7","2","6","50","3","1","1","5","4","6","6","4","4","3","4","5","2","12","3","10","3","1","A02","7","4","1","1","2","2","","1","1","1","12","4","120.686465","24.135898","2"
"9471","66000","387130000C","(04)23274275","(04)23288582","2026","2","26","7","18","臺中市","潭子區","0","3","0","7","2","6","40","4","2","1","5","4","6","6","4","4","5","4","4","2","12","2","8","1","1","C04","7","1","3","19","2","11","","51","51","1","13","4","120.703547","24.212336","2"
"9472","66000","387130000C","(04)23274275","(04)23288582","2026","2","26","7","20","臺中市","沙鹿區","0","0","0","7","2","6","60","13","7","1","5","4","6","6","4","4","1","3","1","2","12","","","","","B03","","","1","","1","","","40","40","1","12","4","120.594916","24.249955","3"
"9473","66000","387130000C","(04)23274275","(04)23288582","2026","2","26","7","22","臺中市","南屯區","0","0","0","7","","","50","","","","","","","","","","","","","","16","","","","","C03","","","1","","2","","","47","47","1","6","4","120.638454","24.147263","3"
"9474","66000","387130000C","(04)23274275","(04)23288582","2026","2","26","7","23","臺中市","太平區","0","1","0","7","2","6","50","13","9","1","5","4","6","6","4","4","5","4","5","1","17","2","9","2","1","C03","7","9","1","10","2","12","","84","84","1","12","4","120.734996","24.134178","2"
"9475","66000","387130000C","(04)23274275","(04)23288582","2026","2","26","7","24","臺中市","潭子區","0","0","0","7","","","50","","","","","","","","","","","","","","","","","","","B03","","","1","","2","","","58","58","1","13","4","120.702801","24.200926","3"
"9476","66000","387130000C","(04)23274275","(04)23288582","2026","2","26","7","26","臺中市","東區","0","1","0","7","1","6","50","13","9","1","5","4","6","6","4","4","9","4","5","2","12","2","9","1","1","C03","7","9","1","10","2","12","","7","7","1","12","4","120.689633","24.133198","2"
"9477","66000","387130000C","(04)23274275","(04)23288582","2026","2","26","7","29","臺中市","清水區","0","1","0","7","3","6","50","4","1","1","5","4","6","6","1","1","9","4","4","2","16","3","10","3","1","B03","7","5","1","8","2","2","","85","85","1","12","4","120.636347","24.289404","2"
"9478","66000","387130000C","(04)23274275","(04)23288582","2026","2","26","7","31","臺中市","北屯區","0","1","0","7","2","6","50","4","1","1","5","4","6","6","1","1","10","5","5","2","18","2","9","1","1","C03","7","15","1","10","2","14","","82","82","1","6","4","120.721011","24.176056","2"
"9479","66000","387130000C","(04)23274275","(04)23288582","2026","2","26","7","31","臺中市","大里區","0","0","0","7","","","50","","","","","","","","","","","","","","","","","","","B03","","","1","","1","","","7","7","1","12","4","120.696029","24.104138","3"
"9480","66000","387130000C","(04)23274275","(04)23288582","2026","2","26","7","32","臺中市","清水區","0","0","0","7","","","40","","","","","","","","","","","","","","","","","","","B03","","","1","","11","","","76","76","1","12","4","120.561525","24.262329","3"
"9481","66000","387130000C","(04)23274275","(04)23288582","2026","2","26","7","33","臺中市","南屯區","0","0","0","7","","","50","","","","","","","","","","","","","","","","","","","C03","","","1","","2","","","7","7","1","13","4","120.635346","24.151596","3"
"9482","66000","387130000C","(04)23274275","(04)23288582","2026","2","26","7","34","臺中市","霧峰區","0","1","0","7","2","6","40","13","8","1","5","4","6","6","4","4","1","2","4","1","17","2","8","5","4","C03","7","9","1","10","2","11","","84","84","1","13","4","120.699948","24.073975","2"
"9483","66000","387130000C","(04)23274275","(04)23288582","2026","2","26","7","35","臺中市","南區","0","0","0","7","","","50","","","","","","","","","","","","","","","","","","","B03","","","1","","1","","","2","2","1","6","4","120.650059","24.120652","3"
"9484","66000","387130000C","(04)23274275","(04)23288582","2026","2","26","7","36","臺中市","北屯區","0","0","0","7","","","50","","","","","","","","","","","","","","12","","","","","C03","","","1","","1","","","82","82","1","12","4","120.710575","24.178252","3"
"9485","66000","387130000C","(04)23274275","(04)23288582","2026","2","26","7","36","臺中市","北屯區","0","0","0","7","","","50","","","","","","","","","","","","","","","","","","","A42","","","1","","1","","","40","40","1","6","4","120.685669","24.201293","3"
"9486","66000","387130000C","(04)23274275","(04)23288582","2026","2","26","7","36","臺中市","豐原區","0","1","0","7","2","6","50","13","7","1","5","4","6","6","1","1","1","4","4","1","13","3","10","3","1","A05","7","9","1","2","2","1","","59","59","1","13","4","120.719776","24.264018","2"
"9487","66000","387130000C","(04)23274275","(04)23288582","2026","2","26","7","36","臺中市","豐原區","0","0","0","7","","","50","","","","","","","","","","","","","","17","","","","","B03","","","1","","2","","","85","85","1","12","4","120.729468","24.24694","4"
"9488","66000","387130000C","(04)23274275","(04)23288582","2026","2","26","7","39","臺中市","西屯區","0","1","0","7","2","6","50","4","1","1","5","4","6","6","2","1","10","5","5","1","3","3","10","5","4","B01","7","5","1","8","1","5","","10","10","1","12","4","120.650958","24.170879","2"
"9489","66000","387130000C","(04)23274275","(04)23288582","2026","2","26","7","40","臺中市","龍井區","0","0","0","7","","","50","","","","","","","","","","","","","","","","","","","C03","","","1","","9","","","14","14","1","12","4","120.536039","24.177027","3"
"9490","66000","387130000C","(04)23274275","(04)23288582","2026","2","26","7","43","臺中市","龍井區","0","1","0","7","2","6","30","4","2","1","5","4","6","6","4","4","5","5","5","1","16","3","10","1","1","C03","7","6","3","19","9","11","","14","14","1","12","4","120.525323","24.206169","2"
"9491","66000","387130000C","(04)23274275","(04)23288582","2026","2","26","7","44","臺中市","豐原區","0","0","0","7","","","50","","","","","","","","","","","","","","13","","","","","B01","","","1","","2","","","84","84","1","12","4","120.710703","24.250197","3"
"9492","66000","387130000C","(04)23274275","(04)23288582","2026","2","26","7","45","臺中市","北區","0","0","0","7","","","50","","","","","","","","","","","","","","","","","","","B03","","","1","","11","","","87","87","1","13","4","120.673751","24.15922","3"
"9493","66000","387130000C","(04)23274275","(04)23288582","2026","2","26","7","45","臺中市","北屯區","0","0","0","7","","","50","","","","","","","","","","","","","","17","","","","","C03","","","1","","1","","","58","58","1","6","4","120.703948","24.181777","3"
"9494","66000","387130000C","(04)23274275","(04)23288582","2026","2","26","7","45","臺中市","梧棲區","0","0","0","7","","","50","","","","","","","","","","","","","","13","","","","","C03","","","1","","2","","","7","7","1","6","4","120.533762","24.243194","3"
"9495","66000","387130000C","(04)23274275","(04)23288582","2026","2","26","7","45","臺中市","大甲區","0","2","0","7","2","6","60","13","12","1","5","4","6","6","4","4","1","4","4","1","13","2","9","2","1","C03","7","9","1","10","2","11","","58","58","1","6","4","120.61693","24.34606","2"
"9496","66000","387130000C","(04)23274275","(04)23288582","2026","2","26","7","47","臺中市","西屯區","0","0","0","7","","","60","","","","","","","","","","","","","","13","","","","","B03","","","1","","1","","","59","59","1","12","4","120.653131","24.160738","3"
"9497","66000","387130000C","(04)23274275","(04)23288582","2026","2","26","7","50","臺中市","西屯區","0","1","0","7","2","6","50","4","1","1","5","4","6","6","1","1","3","4","3","2","17","2","9","1","1","C03","7","1","1","10","2","11","","51","51","1","12","4","120.63904","24.159578","2"
"9498","66000","387130000C","(04)23274275","(04)23288582","2026","2","26","7","50","臺中市","太平區","0","0","0","7","","","50","","","","","","","","","","","","","","","","","","","B03","","","1","","2","","","59","59","1","12","4","120.700749","24.149611","3"
"9499","66000","387130000C","(04)23274275","(04)23288582","2026","2","26","7","51","臺中市","大里區","0","0","0","7","","","50","","","","","","","","","","","","","","17","","","","","C03","","","1","","2","","","84","84","1","6","4","120.679492","24.095414","3"
"9500","66000","387130000C","(04)23274275","(04)23288582","2026","2","26","7","54","臺中市","東區","0","1","0","7","2","6","50","13","9","1","5","4","6","6","4","4","5","4","5","2","13","2","9","5","4","C03","7","9","1","10","2","11","","7","7","1","12","4","120.702069","24.131645","2"
"9501","66000","387130000C","(04)23274275","(04)23288582","2026","2","26","7","56","臺中市","南屯區","0","1","0","7","1","6","50","3","1","1","5","4","6","6","4","4","5","4","4","2","15","2","9","5","4","C03","7","1","1","10","2","14","","51","51","1","13","4","120.642612","24.153676","2"
"9502","66000","387130000C","(04)23274275","(04)23288582","2026","2","26","7","58","臺中市","北區","0","0","0","7","","","40","","","","","","","","","","","","","","","","","","","C03","","","1","","1","","","84","84","1","12","4","120.687248","24.155698","3"
"9503","66000","387130000C","(04)23274275","(04)23288582","2026","2","26","7","58","臺中市","東區","0","1","0","7","2","6","40","3","1","1","5","4","6","6","1","1","10","5","5","2","18","2","8","1","1","C03","7","13","1","10","2","14","","84","84","1","12","4","120.692426","24.145392","2"
"9504","66000","387130000C","(04)23274275","(04)23288582","2026","2","26","7","58","臺中市","西屯區","0","2","0","7","2","6","50","4","2","1","5","4","6","6","4","4","5","4","4","2","16","2","9","5","4","C03","7","6","1","10","2","13","","4","4","1","13","4","120.592652","24.168306","2"
"9505","66000","387130000C","(04)23274275","(04)23288582","2026","2","26","7","59","臺中市","西屯區","0","2","0","7","2","3","80","13","7","1","5","4","6","6","4","4","1","4","5","1","13","3","10","5","4","B03","7","9","1","8","1","1","","84","84","1","13","4","120.628572","24.16195","2"
"9506","66000","387130000C","(04)23274275","(04)23288582","2026","2","26","8","1","臺中市","神岡區","0","1","0","7","1","6","50","13","9","1","5","4","6","6","4","4","9","4","4","2","13","3","10","1","4","C03","7","9","1","10","2","11","","7","7","1","12","4","120.661631","24.258798","2"
"9507","66000","387130000C","(04)23274275","(04)23288582","2026","2","26","8","2","臺中市","東區","0","2","0","7","2","6","50","4","1","1","5","4","6","6","2","1","10","5","5","2","17","2","9","1","1","C03","7","6","1","10","2","14","","11","11","1","12","4","120.687767","24.138826","2"
"9508","66000","387130000C","(04)23274275","(04)23288582","2026","2","26","8","4","臺中市","西屯區","0","1","0","7","2","6","50","3","9","1","5","4","6","6","4","4","5","4","5","2","18","2","9","5","4","C03","7","9","1","10","2","16","","84","84","1","12","4","120.626774","24.200094","2"
"9509","66000","387130000C","(04)23274275","(04)23288582","2026","2","26","8","5","臺中市","北屯區","0","0","0","7","","","50","","","","","","","","","","","","","","13","","","","","B03","","","1","","1","","","7","7","1","6","4","120.670756","24.173881","3"
"9510","66000","387130000C","(04)23274275","(04)23288582","2026","2","26","8","5","臺中市","西屯區","0","2","0","7","2","6","30","3","2","1","5","4","6","6","4","4","9","4","5","1","13","2","7","1","1","C03","7","9","1","10","2","11","","7","7","1","12","4","120.642928","24.188962","2"
"9511","66000","387130000C","(04)23274275","(04)23288582","2026","2","26","8","5","臺中市","龍井區","0","0","0","7","","","50","","","","","","","","","","","","","","","","","","","B03","","","1","","2","","","21","21","1","12","4","120.546138","24.192939","3"
"9512","66000","387130000C","(04)23274275","(04)23288582","2026","2","26","8","6","臺中市","梧棲區","0","0","0","7","","","60","","","","","","","","","","","","","","12","","","","","B03","","","1","","2","","","8","8","1","6","4","120.536308","24.249586","3"
"9513","66000","387130000C","(04)23274275","(04)23288582","2026","2","26","8","8","臺中市","西屯區","0","0","0","7","","","50","","","","","","","","","","","","","","12","","","","","B03","","","1","","1","","","40","40","1","12","4","120.650623","24.164361","3"
"9514","66000","387130000C","(04)23274275","(04)23288582","2026","2","26","8","11","臺中市","太平區","0","1","0","7","2","6","40","13","9","1","5","4","6","6","4","4","9","5","5","1","13","2","9","2","1","C03","7","9","1","10","2","11","","7","7","1","12","4","120.721804","24.112205","2"
"9515","66000","387130000C","(04)23274275","(04)23288582","2026","2","26","8","12","臺中市","東區","0","1","0","7","1","6","50","4","1","1","5","4","6","6","1","1","9","4","5","2","12","3","10","3","1","B03","7","5","1","8","2","2","","7","7","1","12","4","120.699902","24.142778","2"
"9516","66000","387130000C","(04)23274275","(04)23288582","2026","2","26","8","16","臺中市","龍井區","0","3","0","7","2","6","50","4","1","1","5","4","6","6","2","1","10","5","5","2","17","2","9","5","4","C03","7","9","1","10","2","11","","21","21","1","6","4","120.592862","24.182846","2"
"9517","66000","387130000C","(04)23274275","(04)23288582","2026","2","26","8","22","臺中市","南區","0","0","0","7","","","50","","","","","","","","","","","","","","","","","","","B03","","","1","","2","","","35","35","1","6","4","120.670581","24.114794","3"
"9518","66000","387130000C","(04)23274275","(04)23288582","2026","2","26","8","29","臺中市","梧棲區","0","1","0","7","3","6","50","4","1","1","5","4","6","6","1","1","10","5","5","2","16","3","10","3","1","B03","7","5","1","8","2","5","","47","47","1","6","4","120.533596","24.243237","2"
"9519","66000","387130000C","(04)23274275","(04)23288582","2026","2","26","8","30","臺中市","大里區","0","0","0","7","","","30","","","","","","","","","","","","","","14","","","","","A11","","","1","","2","","","49","49","1","6","4","120.682515","24.118056","3"
"9520","66000","387130000C","(04)23274275","(04)23288582","2026","2","26","8","31","臺中市","潭子區","0","1","0","7","2","6","50","3","1","1","5","4","6","6","4","4","5","5","4","2","16","3","10","3","1","B03","7","5","1","8","2","7","","14","14","1","13","4","120.706506","24.2315","2"
"9521","66000","387130000C","(04)23274275","(04)23288582","2026","2","26","8","33","臺中市","潭子區","0","1","0","7","3","6","50","4","1","1","5","4","6","6","4","4","5","5","5","2","13","2","9","2","1","C03","7","9","1","10","2","11","12","7","7","1","13","4","120.701752","24.188282","2"
"9522","66000","387130000C","(04)23274275","(04)23288582","2026","2","26","8","37","臺中市","烏日區","0","1","0","7","2","6","50","13","7","1","5","4","6","6","4","4","5","5","4","2","17","3","10","3","1","B03","7","14","1","8","2","2","","87","87","1","6","4","120.634056","24.106799","2"
"9523","66000","387130000C","(04)23274275","(04)23288582","2026","2","26","8","42","臺中市","中區","0","1","0","7","2","6","50","4","1","1","5","4","6","6","1","1","10","5","5","2","17","3","10","1","1","C03","7","9","1","10","2","11","","7","7","1","13","4","120.681494","24.136519","2"
"9524","66000","387130000C","(04)23274275","(04)23288582","2026","2","26","8","43","臺中市","南區","0","2","0","7","1","6","40","7","8","1","5","4","6","6","4","4","10","2","1","2","12","2","9","1","1","C03","7","9","1","10","2","12","","8","8","1","12","4","120.67651","24.118937","2"
"9525","66000","387130000C","(04)23274275","(04)23288582","2026","2","26","8","43","臺中市","大里區","0","2","0","7","2","6","50","4","9","1","5","4","6","6","1","1","10","4","4","1","13","2","9","2","1","C03","7","9","1","10","2","11","","7","7","1","12","4","120.685162","24.103075","2"
"9526","66000","387130000C","(04)23274275","(04)23288582","2026","2","26","8","44","臺中市","大雅區","0","0","0","7","","","50","","","","","","","","","","","","","","16","","","","","E03","","","1","","2","","","45","45","1","11","4","120.669728","24.223069","3"
"9527","66000","387130000C","(04)23274275","(04)23288582","2026","2","26","8","45","臺中市","豐原區","0","0","0","7","","","50","","","","","","","","","","","","","","17","","","","","C03","","","1","","2","","","12","12","1","13","4","120.715737","24.24927","3"
"9528","66000","387130000C","(04)23274275","(04)23288582","2026","2","26","8","46","臺中市","霧峰區","0","1","0","7","2","6","40","3","1","1","5","4","6","6","4","4","10","5","5","2","17","3","10","5","4","B03","7","6","1","8","2","1","","14","14","1","6","4","120.673919","24.063244","2"
"9529","66000","387130000C","(04)23274275","(04)23288582","2026","2","26","8","46","臺中市","神岡區","0","1","0","7","2","6","50","3","1","1","5","4","6","6","4","4","10","5","5","1","17","3","10","3","1","B03","7","6","1","8","2","4","4","12","12","1","12","4","120.693673","24.245066","2"
"9530","66000","387130000C","(04)23274275","(04)23288582","2026","2","26","8","47","臺中市","南區","0","0","0","7","","","50","","","","","","","","","","","","","","13","","","","","B01","","","1","","1","","","8","8","1","12","4","120.660754","24.121883","3"
"9531","66000","387130000C","(04)23274275","(04)23288582","2026","2","26","8","47","臺中市","大里區","0","0","0","7","","","40","","","","","","","","","","","","","","12","","","","","C03","","","1","","2","","","48","48","1","13","4","120.695427","24.099646","3"
"9532","66000","387130000C","(04)23274275","(04)23288582","2026","2","26","8","48","臺中市","烏日區","0","1","0","6","2","6","50","13","9","1","5","4","6","6","4","4","3","4","4","1","18","2","7","2","1","C03","7","9","1","10","2","12","","59","59","1","12","4","120.633503","24.105912","2"
"9533","66000","387130000C","(04)23274275","(04)23288582","2026","2","26","8","49","臺中市","北區","0","1","0","7","2","6","50","4","1","1","5","4","6","6","2","1","5","4","4","2","16","3","10","1","1","C03","7","7","1","10","2","13","","40","40","1","13","4","120.703835","24.15955","2"
"9534","66000","387130000C","(04)23274275","(04)23288582","2026","2","26","8","49","臺中市","太平區","0","1","0","7","3","6","50","3","8","1","5","4","6","6","4","4","5","5","4","2","16","3","10","3","1","B03","7","6","1","8","1","5","","39","39","1","12","4","120.706971","24.159375","2"
"9535","66000","387130000C","(04)23274275","(04)23288582","2026","2","26","8","49","臺中市","后里區","0","0","0","7","3","6","40","13","8","1","5","4","6","6","4","4","5","4","4","2","14","3","10","3","1","B12","7","2","1","8","1","6","","49","49","1","6","4","120.713708","24.304855","3"
"9536","66000","387130000C","(04)23274275","(04)23288582","2026","2","26","8","53","臺中市","北屯區","0","1","0","7","2","6","50","13","9","1","5","4","6","6","2","1","1","4","5","2","13","3","10","3","1","B12","7","9","1","8","2","1","","84","84","1","6","4","120.68642","24.195427","2"
"9537","66000","387130000C","(04)23274275","(04)23288582","2026","2","26","8","53","臺中市","梧棲區","0","1","0","7","3","6","50","4","1","1","5","4","6","6","3","1","10","5","5","2","15","2","9","1","1","C03","7","9","1","10","2","11","","24","24","1","6","4","120.53354","24.265343","2"
"9538","66000","387130000C","(04)23274275","(04)23288582","2026","2","26","8","58","臺中市","太平區","0","0","0","7","","","50","","","","","","","","","","","","","","16","","","","","B03","","","1","","1","","","45","45","1","12","4","120.720447","24.158607","3"
"9539","66000","387130000C","(04)23274275","(04)23288582","2026","2","26","9","0","臺中市","南區","0","1","0","7","1","6","50","7","11","1","5","4","6","6","4","4","2","4","2","2","13","2","8","1","1","C03","7","9","1","10","1","11","","7","7","1","12","4","120.676499","24.118903","2"
"9540","66000","387130000C","(04)23274275","(04)23288582","2026","2","26","9","0","臺中市","西屯區","0","1","0","7","2","6","50","3","1","1","5","4","6","6","4","4","5","5","5","2","16","3","10","1","1","C03","7","5","1","10","2","13","","47","47","1","12","4","120.662349","24.172821","2"
"9541","66000","387130000C","(04)23274275","(04)23288582","2026","2","26","9","3","臺中市","烏日區","0","0","0","7","","","50","","","","","","","","","","","","","","17","","","","","B03","","","1","","1","","","50","50","1","6","4","120.643913","24.082362","3"
"9542","66000","387130000C","(04)23274275","(04)23288582","2026","2","26","9","4","臺中市","霧峰區","0","1","0","7","2","6","50","3","1","1","5","4","6","6","4","4","10","5","5","2","3","3","10","3","1","B03","7","6","1","8","2","1","","10","10","1","6","4","120.696959","24.06516","2"
"9543","66000","387130000C","(04)23274275","(04)23288582","2026","2","26","9","8","臺中市","西屯區","0","0","0","7","","","50","","","","","","","","","","","","","","13","","","","","B03","","","1","","2","","","7","7","1","13","4","120.64442","24.201647","3"
"9544","66000","387130000C","(04)23274275","(04)23288582","2026","2","26","9","14","臺中市","大里區","0","0","0","7","","","50","","","","","","","","","","","","","","13","","","","","B03","","","1","","2","","","7","7","1","6","4","120.705001","24.095781","3"
"9545","66000","387130000C","(04)23274275","(04)23288582","2026","2","26","9","15","臺中市","南屯區","0","0","0","7","","","40","","","","","","","","","","","","","","17","","","","","B01","","","1","","1","","","51","51","1","6","4","120.606745","24.136067","3"
"9546","66000","387130000C","(04)23274275","(04)23288582","2026","2","26","9","17","臺中市","西區","0","2","0","7","2","6","50","4","1","1","5","4","6","6","1","1","10","5","5","2","17","3","10","3","1","B01","7","5","1","4","2","5","","47","47","1","13","4","120.671191","24.137237","2"
"9547","66000","387130000C","(04)23274275","(04)23288582","2026","2","26","9","17","臺中市","梧棲區","0","0","0","7","","","50","","","","","","","","","","","","","","14","","","","","B12","","","1","","2","","","49","49","1","6","4","120.5386","24.248764","3"
"9548","66000","387130000C","(04)23274275","(04)23288582","2026","2","26","9","18","臺中市","西屯區","0","0","0","7","","","50","","","","","","","","","","","","","","13","","","","","B03","","","1","","1","","","59","59","1","13","4","120.607156","24.160166","3"
"9549","66000","387130000C","(04)23274275","(04)23288582","2026","2","26","9","18","臺中市","太平區","0","0","0","7","","","50","","","","","","","","","","","","","","16","","","","","B03","","","1","","1","","","14","14","1","12","4","120.716393","24.141787","3"
"9550","66000","387130000C","(04)23274275","(04)23288582","2026","2","26","9","19","臺中市","西屯區","0","1","0","7","2","6","30","3","9","1","5","4","6","6","4","4","10","5","5","2","17","3","10","5","4","B12","7","9","1","8","2","6","","84","84","1","12","4","120.638626","24.178581","2"
"9551","66000","387130000C","(04)23274275","(04)23288582","2026","2","26","9","20","臺中市","東區","0","0","0","7","","","50","","","","","","","","","","","","","","","","","","","B12","","","1","","1","","","7","7","1","12","4","120.705579","24.13036","3"
"9552","66000","387130000C","(04)23274275","(04)23288582","2026","2","26","9","21","臺中市","西屯區","0","0","0","7","","","30","","","","","","","","","","","","","","17","","","","","B03","","","1","","1","","","8","8","1","12","4","120.63986","24.176023","3"
"9553","66000","387130000C","(04)23274275","(04)23288582","2026","2","26","9","21","臺中市","大里區","0","0","0","7","","","50","","","","","","","","","","","","","","16","","","","","C04","","","3","","2","","","11","11","2","13","4","120.677959","24.114985","3"