序號,縣市別代碼,機關代碼,市話,傳真,年,月,日,時,分,縣市,區,死亡數量,受傷數量,2-30,天候,道路照明設備,道路類別,道路速限,道路型態,事故位置,路面鋪裝,路面狀態,路面缺陷,障礙物,視距,號誌種類,號誌動作,分向設施,快車道或一般車道間,快慢車道間,路面邊線,事故類型及型態,受傷程度,主要傷處,保護裝備,行動電話或功能裝置,當事者區分(類別),車輛用途,當事者行動狀態,駕照狀態,駕照種類,飲酒情形,車輛撞擊部位最初,車輛撞擊部位其他,肇事因素個別,肇事因素主要,肇事逃逸,職業,共享經濟或外送平台,GPS座標X,GPS座標Y,事故類別
"9554","66000","387130000C","(04)23274275","(04)23288582","2026","2","26","9","26","臺中市","南屯區","0","0","0","7","3","6","50","13","8","1","5","4","6","6","1","1","1","4","1","2","13","","","","","B01","","","1","","1","","","7","7","1","12","4","120.633537","24.124016","4"
"9555","66000","387130000C","(04)23274275","(04)23288582","2026","2","26","9","26","臺中市","大里區","0","1","0","7","2","6","50","13","8","1","5","4","6","6","4","4","9","4","4","2","17","2","9","2","1","C03","7","7","1","10","2","12","","40","40","1","12","4","120.692553","24.119656","2"
"9556","66000","387130000C","(04)23274275","(04)23288582","2026","2","26","9","29","臺中市","潭子區","0","0","0","7","","","30","","","","","","","","","","","","","","","","","","","B03","","","1","","2","","","84","84","1","13","4","120.72806","24.202741","3"
"9557","66000","387130000C","(04)23274275","(04)23288582","2026","2","26","9","30","臺中市","北屯區","0","0","0","7","","","","","","","","","","","","","","","","","17","","","","","","","","","","","","","119","119","1","","","120.690144","24.183532","3"
"9558","66000","387130000C","(04)23274275","(04)23288582","2026","2","26","9","40","臺中市","烏日區","0","1","0","7","2","6","50","13","9","1","5","4","6","6","4","4","5","5","5","1","17","2","9","5","4","C03","7","9","1","10","2","14","","8","8","1","13","4","120.625954","24.110398","2"
"9559","66000","387130000C","(04)23274275","(04)23288582","2026","2","26","9","40","臺中市","沙鹿區","0","0","0","7","","","60","","","","","","","","","","","","","","","","","","","A41","","","1","","2","","","8","8","1","13","4","120.57591","24.251639","3"
"9560","66000","387130000C","(04)23274275","(04)23288582","2026","2","26","9","43","臺中市","東區","0","2","0","7","3","6","50","4","1","1","5","4","6","6","2","1","5","5","5","2","13","2","9","2","1","C03","7","9","1","10","2","11","","7","7","1","6","4","120.699902","24.142778","2"
"9561","66000","387130000C","(04)23274275","(04)23288582","2026","2","26","9","44","臺中市","大安區","0","0","0","7","","","50","","","","","","","","","","","","","","","","","","","B03","","","1","","10","","","59","59","1","6","4","120.593469","24.336918","3"
"9562","66000","387130000C","(04)23274275","(04)23288582","2026","2","26","9","46","臺中市","北屯區","0","1","0","7","2","6","40","4","1","1","5","4","6","6","2","1","10","5","5","2","17","3","10","2","1","C03","7","1","1","10","2","16","","51","51","1","6","4","120.690303","24.175506","2"
"9563","66000","387130000C","(04)23274275","(04)23288582","2026","2","26","9","47","臺中市","大雅區","0","1","0","7","2","6","70","3","1","1","5","4","6","6","2","1","10","5","5","2","17","2","8","2","1","C03","7","1","1","10","2","14","","51","51","1","12","4","120.636664","24.234798","2"
"9564","66000","387130000C","(04)23274275","(04)23288582","2026","2","26","9","49","臺中市","北屯區","0","0","0","6","","","40","","","","","","","","","","","","","","17","","","","","C03","","","1","","1","","","59","59","1","12","4","120.667614","24.179316","3"
"9565","66000","387130000C","(04)23274275","(04)23288582","2026","2","26","9","51","臺中市","北屯區","0","0","0","7","","","50","","","","","","","","","","","","","","13","","","","","C03","","","1","","1","","","58","58","1","6","4","120.701755","24.186499","3"
"9566","66000","387130000C","(04)23274275","(04)23288582","2026","2","26","9","51","臺中市","西屯區","0","0","0","7","","","30","","","","","","","","","","","","","","24","","","","","B03","","","1","","1","","","56","56","1","12","4","120.661181","24.176238","3"
"9567","66000","387130000C","(04)23274275","(04)23288582","2026","2","26","9","52","臺中市","潭子區","0","0","0","7","","","30","","","","","","","","","","","","","","","","","","","C03","","","1","","2","","","41","41","1","13","4","120.716789","24.227234","3"
"9568","66000","387130000C","(04)23274275","(04)23288582","2026","2","26","9","57","臺中市","北區","0","0","0","7","","","50","","","","","","","","","","","","","","","","","","","C03","","","1","","1","","","7","7","1","12","4","120.67979","24.152168","3"
"9569","66000","387130000C","(04)23274275","(04)23288582","2026","2","26","9","57","臺中市","北屯區","0","0","0","7","","","30","","","","","","","","","","","","","","13","","","","","B03","","","1","","1","","","58","58","1","6","4","120.692986","24.162564","3"
"9570","66000","387130000C","(04)23274275","(04)23288582","2026","2","26","10","0","臺中市","北屯區","0","0","0","7","","","","","","","","","","","","","","","","","12","","","","","","","","","","","","","119","119","1","","","120.721147","24.17562","3"
"9571","66000","387130000C","(04)23274275","(04)23288582","2026","2","26","10","3","臺中市","東區","0","0","0","7","","","50","","","","","","","","","","","","","","14","","","","","B02","","","1","","1","","","49","49","1","12","4","120.685131","24.12888","3"
"9572","66000","387130000C","(04)23274275","(04)23288582","2026","2","26","10","3","臺中市","北屯區","0","1","0","7","2","6","60","13","7","1","5","4","6","6","4","4","1","4","4","2","18","2","9","1","1","C03","7","9","1","10","2","12","","84","84","1","6","4","120.711414","24.164766","2"
"9573","66000","387130000C","(04)23274275","(04)23288582","2026","2","26","10","10","臺中市","西屯區","0","0","0","7","","","0","","","","","","","","","","","","","","14","","","","","B13","","","1","","1","","","49","49","1","12","4","120.628351","24.184042","3"
"9574","66000","387130000C","(04)23274275","(04)23288582","2026","2","26","10","15","臺中市","南屯區","0","0","0","7","","","50","","","","","","","","","","","","","","17","","","","","B12","","","1","","2","","","51","51","1","6","4","120.641206","24.140772","3"
"9575","66000","387130000C","(04)23274275","(04)23288582","2026","2","26","10","24","臺中市","南屯區","0","2","0","7","3","6","30","3","1","1","5","4","6","6","4","4","10","5","5","2","16","2","9","1","1","C03","7","6","1","10","2","14","","85","85","1","6","4","120.613684","24.148333","2"
"9576","66000","387130000C","(04)23274275","(04)23288582","2026","2","26","10","24","臺中市","西屯區","0","0","0","7","","","50","","","","","","","","","","","","","","13","","","","","B03","","","1","","1","","","59","59","1","12","4","120.656145","24.166205","3"
"9577","66000","387130000C","(04)23274275","(04)23288582","2026","2","26","10","29","臺中市","潭子區","0","1","0","7","3","6","50","5","1","1","5","4","6","6","1","1","5","5","5","1","17","3","10","3","1","B03","7","5","1","8","2","6","","11","11","1","13","4","120.715354","24.20476","2"
"9578","66000","387130000C","(04)23274275","(04)23288582","2026","2","26","10","33","臺中市","北屯區","0","1","0","7","2","6","50","4","1","1","5","4","6","6","1","1","10","5","5","2","30","2","9","1","1","C03","7","14","3","19","2","14","","84","84","1","6","4","120.687691","24.171965","2"
"9579","66000","387130000C","(04)23274275","(04)23288582","2026","2","26","10","39","臺中市","西屯區","0","1","0","7","2","6","50","13","9","1","5","4","6","6","4","4","5","5","5","2","17","3","10","5","4","B03","7","9","1","8","1","2","","59","59","2","13","4","120.634261","24.167615","2"
"9580","66000","387130000C","(04)23274275","(04)23288582","2026","2","26","10","47","臺中市","北區","0","1","0","7","2","6","50","13","9","1","5","4","6","6","4","4","1","4","5","2","17","3","10","3","1","B03","7","7","1","8","2","2","","40","40","1","12","4","120.677121","24.15162","2"
"9581","66000","387130000C","(04)23274275","(04)23288582","2026","2","26","10","48","臺中市","西屯區","0","2","0","7","2","6","50","4","1","1","5","4","6","6","1","1","10","5","5","2","15","2","9","5","4","C03","7","9","1","10","2","12","15","21","21","1","12","4","120.645472","24.175895","2"
"9582","66000","387130000C","(04)23274275","(04)23288582","2026","2","26","10","52","臺中市","西屯區","0","0","0","7","","","50","","","","","","","","","","","","","","16","","","","","C03","","","1","","1","","","39","39","1","12","4","120.646691","24.165139","3"
"9583","66000","387130000C","(04)23274275","(04)23288582","2026","2","26","10","54","臺中市","大里區","0","0","0","7","1","6","50","3","1","1","5","4","6","","4","","10","5","5","2","16","3","10","2","1","C03","7","6","1","10","5","13","","48","48","1","12","4","120.674482","24.098097","3"
"9584","66000","387130000C","(04)23274275","(04)23288582","2026","2","26","10","59","臺中市","北區","0","0","0","7","","","50","","","","","","","","","","","","","","","","","","","C03","","","1","","1","","","84","84","1","13","4","120.686138","24.153456","3"
"9585","66000","387130000C","(04)23274275","(04)23288582","2026","2","26","10","59","臺中市","西屯區","0","1","0","7","2","6","50","4","1","1","5","4","6","6","2","1","10","5","5","2","13","2","8","5","4","C03","7","9","1","10","2","11","","59","59","1","12","4","120.649709","24.162933","2"
"9586","66000","387130000C","(04)23274275","(04)23288582","2026","2","26","10","59","臺中市","和平區","0","0","0","7","3","5","30","13","9","1","5","4","3","6","4","4","10","5","5","1","16","","","","","G03","","","7","","2","","","84","84","1","7","5","121.295169","24.313782","3"
"9587","66000","387130000C","(04)23274275","(04)23288582","2026","2","26","11","2","臺中市","西屯區","0","0","0","7","","","40","","","","","","","","","","","","","","24","","","","","B03","","","1","","2","","","50","50","1","12","4","120.64921","24.174954","3"
"9588","66000","387130000C","(04)23274275","(04)23288582","2026","2","26","11","5","臺中市","西區","0","1","0","7","2","6","50","4","1","1","5","4","6","6","1","1","10","5","5","2","17","3","10","3","1","B03","7","6","1","8","2","6","","11","11","1","13","4","120.660134","24.140175","2"
"9589","66000","387130000C","(04)23274275","(04)23288582","2026","2","26","11","5","臺中市","西屯區","0","0","0","7","","","70","","","","","","","","","","","","","","14","","","","","B03","","","1","","1","","","84","84","1","12","4","120.616933","24.18286","3"
"9590","66000","387130000C","(04)23274275","(04)23288582","2026","2","26","11","5","臺中市","西屯區","0","0","0","7","","","50","","","","","","","","","","","","","","17","","","","","B03","","","1","","1","","","8","8","2","12","4","120.655792","24.172206","3"
"9591","66000","387130000C","(04)23274275","(04)23288582","2026","2","26","11","11","臺中市","西屯區","0","2","0","7","2","6","50","13","9","1","5","4","6","6","4","4","5","4","5","2","16","3","10","5","4","B03","7","5","1","8","2","5","","65","65","1","13","4","120.662565","24.164438","2"
"9592","66000","387130000C","(04)23274275","(04)23288582","2026","2","26","11","15","臺中市","南屯區","0","1","0","7","2","6","50","3","1","1","5","4","6","6","1","1","9","4","5","2","12","3","10","1","1","C03","7","5","1","10","2","12","","11","11","1","12","4","120.612597","24.138437","2"
"9593","66000","387130000C","(04)23274275","(04)23288582","2026","2","26","11","17","臺中市","北區","0","0","0","7","","","50","","","","","","","","","","","","","","","","","","","C03","","","1","","9","","","51","51","2","12","4","120.670403","24.161968","3"
"9594","66000","387130000C","(04)23274275","(04)23288582","2026","2","26","11","18","臺中市","東區","0","0","0","7","","","50","","","","","","","","","","","","","","","","","","","B03","","","5","","9","","","84","84","2","12","4","120.709113","24.143885","3"
"9595","66000","387130000C","(04)23274275","(04)23288582","2026","2","26","11","19","臺中市","烏日區","0","0","0","7","2","6","50","4","2","1","5","4","6","6","2","1","3","4","3","2","13","","","","","B03","","","1","","1","","","78","78","1","6","4","120.616219","24.110055","3"
"9596","66000","387130000C","(04)23274275","(04)23288582","2026","2","26","11","20","臺中市","清水區","0","0","0","7","","","50","","","","","","","","","","","","","","17","","","","","B03","","","1","","2","","","7","7","1","12","4","120.572669","24.274863","3"
"9597","66000","387130000C","(04)23274275","(04)23288582","2026","2","26","11","24","臺中市","沙鹿區","0","1","0","7","2","6","30","4","2","1","5","4","6","6","4","4","8","3","5","1","17","2","9","5","4","C03","7","9","1","10","2","14","","12","12","1","13","4","120.573529","24.225491","2"
"9598","66000","387130000C","(04)23274275","(04)23288582","2026","2","26","11","26","臺中市","大里區","0","0","0","7","","","50","","","","","","","","","","","","","","14","","","","","B03","","","1","","2","","","49","49","1","13","4","120.687866","24.098115","3"
"9599","66000","387130000C","(04)23274275","(04)23288582","2026","2","26","11","27","臺中市","東區","0","1","0","7","2","6","50","13","9","1","5","4","6","6","4","4","5","4","5","2","17","2","9","1","1","C03","7","6","1","10","2","14","","48","48","1","12","4","120.687992","24.13622","2"
"9600","66000","387130000C","(04)23274275","(04)23288582","2026","2","26","11","27","臺中市","大里區","0","1","0","7","2","6","50","4","1","1","2","4","6","6","1","1","10","5","5","2","17","3","10","5","4","A41","7","9","1","1","2","16","","84","84","1","13","4","120.713699","24.094261","2"
"9601","66000","387130000C","(04)23274275","(04)23288582","2026","2","26","11","29","臺中市","西屯區","0","0","0","7","","","50","","","","","","","","","","","","","","16","","","","","B03","","","1","","2","","","11","11","1","13","4","120.654696","24.199019","3"
"9602","66000","387130000C","(04)23274275","(04)23288582","2026","2","26","11","33","臺中市","清水區","0","0","0","7","","","50","","","","","","","","","","","","","","","","","","","B03","","","1","","2","","","7","7","1","12","4","120.560283","24.268109","3"
"9603","66000","387130000C","(04)23274275","(04)23288582","2026","2","26","11","35","臺中市","西屯區","0","0","0","7","","","50","","","","","","","","","","","","","","12","","","","","B03","","","1","","1","","","40","40","1","12","4","120.644487","24.194324","3"
"9604","66000","387130000C","(04)23274275","(04)23288582","2026","2","26","11","36","臺中市","大雅區","0","0","0","7","","","60","","","","","","","","","","","","","","13","","","","","B03","","","5","","2","","","7","7","1","12","4","120.649173","24.217944","3"
"9605","66000","387130000C","(04)23274275","(04)23288582","2026","2","26","11","45","臺中市","西屯區","0","0","0","7","","","40","","","","","","","","","","","","","","16","","","","","C03","","","1","","1","","","59","59","1","12","4","120.64705","24.17082","3"
"9606","66000","387130000C","(04)23274275","(04)23288582","2026","2","26","11","51","臺中市","南屯區","0","0","0","7","","","50","","","","","","","","","","","","","","","","","","","B03","","","1","","1","","","7","7","1","13","4","120.645054","24.132031","3"
"9607","66000","387130000C","(04)23274275","(04)23288582","2026","2","26","11","57","臺中市","東區","0","0","0","7","","","50","","","","","","","","","","","","","","","","","","","C03","","","1","","1","","","49","49","1","12","4","120.690477","24.126545","3"
"9608","66000","387130000C","(04)23274275","(04)23288582","2026","2","26","11","57","臺中市","南屯區","0","1","0","7","3","6","50","13","9","1","5","4","6","6","4","4","5","4","5","2","18","2","9","1","1","C03","7","5","1","10","2","12","","59","59","1","12","4","120.645618","24.134824","2"
"9609","66000","387130000C","(04)23274275","(04)23288582","2026","2","26","11","59","臺中市","大雅區","0","1","0","7","1","6","50","3","1","1","5","4","6","6","4","4","5","2","4","1","13","3","10","3","1","B13","7","9","1","6","2","8","","7","7","1","12","4","120.644521","24.204815","2"
"9610","66000","387130000C","(04)23274275","(04)23288582","2026","2","26","11","59","臺中市","神岡區","0","1","0","7","1","6","50","5","1","1","5","4","6","6","1","1","1","4","5","1","12","2","7","5","4","B01","7","9","1","4","2","4","","8","8","1","12","4","120.66492","24.273554","2"
"9611","66000","387130000C","(04)23274275","(04)23288582","2026","2","26","12","3","臺中市","中區","0","1","0","7","2","6","50","13","9","1","5","4","6","6","2","1","9","4","5","2","17","3","10","3","1","B03","7","13","1","8","2","4","","76","76","1","12","4","120.679655","24.142657","2"
"9612","66000","387130000C","(04)23274275","(04)23288582","2026","2","26","12","3","臺中市","西屯區","0","1","0","7","2","6","50","13","9","1","4","4","6","6","4","4","3","4","5","2","18","2","9","1","1","C03","7","5","1","10","2","16","","87","87","1","12","4","120.644659","24.16304","2"
"9613","66000","387130000C","(04)23274275","(04)23288582","2026","2","26","12","11","臺中市","北屯區","0","0","0","7","","","60","","","","","","","","","","","","","","","","","","","B03","","","1","","2","","","7","7","1","6","4","120.706329","24.164978","3"
"9614","66000","387130000C","(04)23274275","(04)23288582","2026","2","26","12","14","臺中市","南屯區","0","0","0","7","","","0","","","","","","","","","","","","","","14","","","","","C03","","","1","","1","","","49","49","1","6","4","120.609304","24.149869","4"
"9615","66000","387130000C","(04)23274275","(04)23288582","2026","2","26","12","15","臺中市","西屯區","0","0","0","7","","","50","","","","","","","","","","","","","","13","","","","","B03","","","1","","1","","","59","59","1","13","4","120.60891","24.187115","3"
"9616","66000","387130000C","(04)23274275","(04)23288582","2026","2","26","12","15","臺中市","豐原區","0","0","0","7","","","50","","","","","","","","","","","","","","14","","","","","B12","","","1","","2","","","49","49","1","13","4","120.713026","24.250921","3"
"9617","66000","387130000C","(04)23274275","(04)23288582","2026","2","26","12","20","臺中市","西區","0","0","0","7","","","50","","","","","","","","","","","","","","17","","","","","B03","","","1","","1","","","49","49","1","12","4","120.660131","24.135521","3"
"9618","66000","387130000C","(04)23274275","(04)23288582","2026","2","26","12","20","臺中市","西屯區","0","0","0","7","","","30","","","","","","","","","","","","","","17","","","","","B03","","","1","","1","","","84","84","1","13","4","120.645777","24.18181","3"
"9619","66000","387130000C","(04)23274275","(04)23288582","2026","2","26","12","25","臺中市","西區","0","0","0","7","","","50","","","","","","","","","","","","","","","","","","","B03","","","1","","1","","","84","84","1","13","4","120.653042","24.152242","3"
"9620","66000","387130000C","(04)23274275","(04)23288582","2026","2","26","12","28","臺中市","霧峰區","0","1","0","7","2","6","40","13","8","1","5","4","6","6","4","4","1","4","4","1","13","2","9","5","4","C03","7","7","1","10","2","11","","59","59","1","6","4","120.692736","24.039551","2"
"9621","66000","387130000C","(04)23274275","(04)23288582","2026","2","26","12","29","臺中市","大雅區","0","0","0","6","","","50","","","","","","","","","","","","","","2","","","","","A05","","","1","","1","","","8","8","1","12","4","120.652339","24.221287","3"
"9622","66000","387130000C","(04)23274275","(04)23288582","2026","2","26","12","45","臺中市","北區","0","2","0","7","2","6","50","4","1","1","5","4","6","6","2","1","1","4","5","2","12","2","9","1","1","C03","7","7","1","10","2","12","","39","39","1","13","4","120.683508","24.148272","2"
"9623","66000","387130000C","(04)23274275","(04)23288582","2026","2","26","12","47","臺中市","豐原區","0","0","0","7","","","50","","","","","","","","","","","","","","17","","","","","B11","","","1","","1","","","76","76","1","12","4","120.715331","24.252153","3"
"9624","66000","387130000C","(04)23274275","(04)23288582","2026","2","26","12","51","臺中市","大里區","0","0","0","7","","","50","","","","","","","","","","","","","","","","","","","C03","","","1","","2","","","20","20","1","12","4","120.688937","24.112516","4"
"9625","66000","387130000C","(04)23274275","(04)23288582","2026","2","26","12","52","臺中市","南區","0","1","0","7","2","6","50","3","1","1","5","4","6","6","4","4","10","5","5","2","16","3","10","5","4","B03","7","5","1","8","2","2","","84","84","1","12","4","120.670057","24.125541","2"
"9626","66000","387130000C","(04)23274275","(04)23288582","2026","2","26","12","52","臺中市","北屯區","0","0","0","7","","","50","","","","","","","","","","","","","","12","","","","","B12","","","1","","2","","","8","8","1","12","4","120.681987","24.181898","3"
"9627","66000","387130000C","(04)23274275","(04)23288582","2026","2","26","12","52","臺中市","西屯區","0","1","0","7","2","6","40","3","1","1","5","4","6","6","2","1","10","5","5","2","16","3","10","5","4","B03","7","5","1","8","2","2","","11","11","1","12","4","120.602863","24.182975","2"
"9628","66000","387130000C","(04)23274275","(04)23288582","2026","2","26","12","55","臺中市","中區","0","1","0","7","2","6","50","13","8","1","5","4","6","6","4","4","5","5","4","2","17","2","9","1","1","C03","7","1","1","10","2","14","","51","51","1","13","4","120.674472","24.143178","2"
"9629","66000","387130000C","(04)23274275","(04)23288582","2026","2","26","12","55","臺中市","龍井區","0","0","0","7","","","50","","","","","","","","","","","","","","","","","","","B03","","","5","","2","","","84","84","1","12","4","120.550485","24.216338","3"
"9630","66000","387130000C","(04)23274275","(04)23288582","2026","2","26","13","0","臺中市","梧棲區","0","1","0","7","2","6","30","4","1","1","5","4","6","6","4","4","10","5","5","2","15","2","9","1","1","C03","7","9","2","19","2","11","","15","15","1","12","4","120.549562","24.255256","2"
"9631","66000","387130000C","(04)23274275","(04)23288582","2026","2","26","13","0","臺中市","豐原區","0","1","0","7","2","6","30","3","2","1","5","4","6","6","4","4","10","5","5","2","17","2","9","2","1","C03","7","9","1","10","2","12","","84","84","1","13","4","120.730314","24.268468","2"
"9632","66000","387130000C","(04)23274275","(04)23288582","2026","2","26","13","1","臺中市","北屯區","0","1","0","7","3","6","30","4","1","1","5","4","6","6","4","4","10","5","5","2","15","3","10","3","1","B03","7","9","1","8","2","2","","15","15","1","6","4","120.684346","24.189554","2"
"9633","66000","387130000C","(04)23274275","(04)23288582","2026","2","26","13","4","臺中市","北區","0","0","0","7","","","50","","","","","","","","","","","","","","13","","","","","C03","","","1","","2","","","8","8","1","12","4","120.68195","24.144535","3"
"9634","66000","387130000C","(04)23274275","(04)23288582","2026","2","26","13","12","臺中市","豐原區","0","0","0","7","","","50","","","","","","","","","","","","","","13","","","","","B03","","","1","","1","","","59","59","1","12","4","120.705299","24.249782","3"
"9635","66000","387130000C","(04)23274275","(04)23288582","2026","2","26","13","13","臺中市","大里區","0","1","0","7","2","6","40","13","14","1","5","4","6","6","4","4","3","4","4","1","17","2","7","2","1","C03","7","2","1","10","2","13","","84","84","1","6","4","120.691572","24.091505","2"
"9636","66000","387130000C","(04)23274275","(04)23288582","2026","2","26","13","15","臺中市","大雅區","0","1","0","7","1","6","50","3","1","1","5","4","6","6","1","1","5","5","5","1","17","3","10","3","1","B12","7","6","1","8","2","2","","87","87","1","13","4","120.669569","24.222442","2"
"9637","66000","387130000C","(04)23274275","(04)23288582","2026","2","26","13","16","臺中市","沙鹿區","0","1","0","7","2","6","30","4","1","1","5","4","6","6","4","4","10","5","5","2","15","2","9","2","1","C03","7","9","1","14","2","11","","12","12","1","6","4","120.566126","24.242241","2"
"9638","66000","387130000C","(04)23274275","(04)23288582","2026","2","26","13","18","臺中市","西屯區","0","0","0","7","","","50","","","","","","","","","","","","","","13","","","","","C03","","","1","","1","","","7","7","1","12","4","120.644581","24.17385","3"
"9639","66000","387130000C","(04)23274275","(04)23288582","2026","2","26","13","24","臺中市","西區","0","0","0","7","","","50","","","","","","","","","","","","","","","","","","","B12","","","1","","2","","","84","84","1","6","4","120.672294","24.133486","3"
"9640","66000","387130000C","(04)23274275","(04)23288582","2026","2","26","13","26","臺中市","北區","0","1","0","7","2","6","50","3","1","1","5","4","6","6","1","1","10","5","5","2","16","3","10","3","1","B03","7","5","1","8","2","2","","84","84","1","12","4","120.668229","24.17","2"
"9641","66000","387130000C","(04)23274275","(04)23288582","2026","2","26","13","27","臺中市","北屯區","0","0","0","7","","","30","","","","","","","","","","","","","","14","","","","","B12","","","1","","1","","","49","49","1","6","4","120.741104","24.16563","4"
"9642","66000","387130000C","(04)23274275","(04)23288582","2026","2","26","13","28","臺中市","南區","0","2","0","7","2","6","50","4","2","1","5","4","6","6","2","1","3","4","5","2","13","2","9","1","1","C03","7","9","3","19","2","11","","7","7","1","12","4","120.658154","24.11731","2"
"9643","66000","387130000C","(04)23274275","(04)23288582","2026","2","26","13","28","臺中市","后里區","0","0","0","7","2","6","30","13","9","1","5","4","6","6","4","4","10","5","5","2","14","3","10","3","1","B03","7","2","1","7","2","7","","49","49","1","12","4","120.720101","24.305845","3"
"9644","66000","387130000C","(04)23274275","(04)23288582","2026","2","26","13","30","臺中市","沙鹿區","0","1","0","7","2","6","50","4","1","1","5","4","6","6","4","4","5","5","5","2","17","3","10","3","1","B03","7","9","1","8","2","5","","59","59","1","12","4","120.561353","24.239956","2"
"9645","66000","387130000C","(04)23274275","(04)23288582","2026","2","26","13","39","臺中市","潭子區","0","0","0","7","","3","80","","","","","","","","","","","","","","","","","","","B12","","","1","","2","","","91","91","1","13","4","120.721732","24.194006","3"
"9646","66000","387130000C","(04)23274275","(04)23288582","2026","2","26","13","40","臺中市","大里區","0","0","0","7","","","50","","","","","","","","","","","","","","17","","","","","B03","","","1","8","2","","","84","84","1","13","4","120.695796","24.088301","3"
"9647","66000","387130000C","(04)23274275","(04)23288582","2026","2","26","13","46","臺中市","烏日區","0","0","0","7","2","6","50","13","9","1","5","4","6","6","4","4","1","4","5","2","12","3","10","3","1","B03","7","1","1","8","1","5","","51","51","1","6","4","120.616577","24.112959","3"
"9648","66000","387130000C","(04)23274275","(04)23288582","2026","2","26","13","51","臺中市","烏日區","0","0","0","6","2","6","50","13","7","1","5","4","6","6","4","4","3","4","4","2","13","","","","","C03","","","1","","2","","","87","87","1","6","4","120.649218","24.111022","3"
"9649","66000","387130000C","(04)23274275","(04)23288582","2026","2","26","13","55","臺中市","東勢區","0","1","0","7","3","6","50","13","9","1","5","4","6","6","4","4","4","4","4","1","12","3","10","1","1","C03","7","8","1","10","2","13","","20","20","1","13","4","120.829751","24.253186","2"
"9650","66000","387130000C","(04)23274275","(04)23288582","2026","2","26","14","0","臺中市","西屯區","0","0","0","7","","","50","","","","","","","","","","","","","","14","","","","","B12","","","1","","1","","","49","49","1","12","4","120.603995","24.156691","3"
"9651","66000","387130000C","(04)23274275","(04)23288582","2026","2","26","14","8","臺中市","北屯區","0","0","0","7","","","50","","","","","","","","","","","","","","","","","","","F03","","","7","","1","","","8","8","1","12","4","120.722965","24.159855","3"
"9652","66000","387130000C","(04)23274275","(04)23288582","2026","2","26","14","8","臺中市","西屯區","0","0","0","7","","","50","","","","","","","","","","","","","","13","","","","","B13","","","1","","1","","","59","59","1","12","4","120.656533","24.200594","3"
"9653","66000","387130000C","(04)23274275","(04)23288582","2026","2","26","14","9","臺中市","梧棲區","0","2","0","7","3","6","50","4","1","1","5","4","6","6","1","1","10","5","5","2","15","2","9","1","1","C03","7","9","1","10","2","11","","21","21","1","6","4","120.530094","24.253785","2"
"9654","66000","387130000C","(04)23274275","(04)23288582","2026","2","26","14","15","臺中市","太平區","0","1","0","7","2","6","50","3","1","1","5","4","6","6","4","4","10","5","5","2","16","3","10","3","1","B03","7","6","1","8","2","2","","14","14","1","12","4","120.728963","24.102172","2"
"9655","66000","387130000C","(04)23274275","(04)23288582","2026","2","26","14","16","臺中市","南區","0","1","0","7","3","6","50","3","2","1","5","4","6","6","4","4","5","5","5","2","13","2","9","2","1","C03","7","6","1","10","2","11","","84","84","1","5","4","120.669998","24.129851","2"
"9656","66000","387130000C","(04)23274275","(04)23288582","2026","2","26","14","16","臺中市","后里區","0","1","0","7","2","6","50","3","1","1","5","4","6","6","4","4","4","5","5","1","16","3","10","2","1","C03","7","6","1","10","2","12","","14","14","1","12","4","120.70899","24.3056","2"
"9657","66000","387130000C","(04)23274275","(04)23288582","2026","2","26","14","16","臺中市","后里區","0","0","0","7","3","6","50","13","7","1","5","4","6","6","1","1","1","4","5","1","12","3","10","3","1","B03","7","9","1","8","2","8","","84","84","1","6","4","120.723202","24.311798","3"
"9658","66000","387130000C","(04)23274275","(04)23288582","2026","2","26","14","24","臺中市","太平區","0","1","0","7","3","6","50","4","1","1","5","4","6","6","4","4","10","5","5","2","11","3","10","3","1","B03","7","6","1","8","2","5","","14","14","1","13","4","120.716455","24.141818","2"
"9659","66000","387130000C","(04)23274275","(04)23288582","2026","2","26","14","27","臺中市","大里區","0","0","0","7","","","50","","","","","","","","","","","","","","12","","","","","C03","","","1","","2","","","39","39","1","13","4","120.678722","24.097998","3"
"9660","66000","387130000C","(04)23274275","(04)23288582","2026","2","26","14","30","臺中市","豐原區","0","0","0","7","","","50","","","","","","","","","","","","","","13","","","","","C03","","","1","","2","","","84","84","1","12","4","120.701212","24.249842","3"
"9661","66000","387130000C","(04)23274275","(04)23288582","2026","2","26","14","34","臺中市","潭子區","0","0","0","7","","","50","","","","","","","","","","","","","","","","","","","B03","","","1","","2","","","84","84","1","13","4","120.720484","24.195033","3"
"9662","66000","387130000C","(04)23274275","(04)23288582","2026","2","26","14","34","臺中市","南屯區","0","0","0","7","3","6","50","13","8","1","5","4","6","6","1","1","1","2","1","2","12","","","","","B12","","","1","","9","","","40","40","2","12","4","120.623428","24.136239","3"
"9663","66000","387130000C","(04)23274275","(04)23288582","2026","2","26","14","37","臺中市","南區","0","0","0","7","","","50","","","","","","","","","","","","","","","","","","","B03","","","1","","1","","","7","7","1","12","4","120.684152","24.121645","3"