序號,縣市別代碼,機關代碼,市話,傳真,年,月,日,時,分,縣市,區,死亡數量,受傷數量,2-30,天候,道路照明設備,道路類別,道路速限,道路型態,事故位置,路面鋪裝,路面狀態,路面缺陷,障礙物,視距,號誌種類,號誌動作,分向設施,快車道或一般車道間,快慢車道間,路面邊線,事故類型及型態,受傷程度,主要傷處,保護裝備,行動電話或功能裝置,當事者區分(類別),車輛用途,當事者行動狀態,駕照狀態,駕照種類,飲酒情形,車輛撞擊部位最初,車輛撞擊部位其他,肇事因素個別,肇事因素主要,肇事逃逸,職業,共享經濟或外送平台,GPS座標X,GPS座標Y,事故類別
"9664","66000","387130000C","(04)23274275","(04)23288582","2026","2","26","14","45","臺中市","太平區","0","0","0","7","","","50","","","","","","","","","","","","","","","","","","","A04","","","1","","2","","","7","7","1","12","4","120.714779","24.149293","3"
"9665","66000","387130000C","(04)23274275","(04)23288582","2026","2","26","14","46","臺中市","龍井區","0","1","0","7","2","6","30","13","9","1","5","4","6","6","4","4","10","5","5","1","17","3","10","1","1","C03","7","11","1","10","2","11","","45","45","1","12","4","120.512411","24.204696","2"
"9666","66000","387130000C","(04)23274275","(04)23288582","2026","2","26","14","48","臺中市","西區","0","0","0","7","","","30","","","","","","","","","","","","","","14","","","","","B12","","","1","","2","","","84","84","1","13","4","120.662207","24.146951","3"
"9667","66000","387130000C","(04)23274275","(04)23288582","2026","2","26","14","50","臺中市","霧峰區","0","0","0","7","","","50","","","","","","","","","","","","","","","","","","","C03","","","1","","2","","","7","7","1","13","4","120.698625","24.06349","3"
"9668","66000","387130000C","(04)23274275","(04)23288582","2026","2","26","14","54","臺中市","大雅區","0","1","0","7","2","6","50","3","1","1","5","4","6","6","3","1","5","5","5","1","16","3","10","3","1","B12","7","5","1","8","2","6","","47","47","1","12","4","120.673585","24.231888","2"
"9669","66000","387130000C","(04)23274275","(04)23288582","2026","2","26","14","54","臺中市","霧峰區","0","0","0","7","","","50","","","","","","","","","","","","","","13","","","","","B03","","","1","","1","","","84","84","1","6","4","120.699094","24.064444","3"
"9670","66000","387130000C","(04)23274275","(04)23288582","2026","2","26","14","56","臺中市","西區","0","0","0","7","","","50","","","","","","","","","","","","","","14","","","","","B03","","","1","","9","","","50","50","1","13","4","120.673364","24.138863","3"
"9671","66000","387130000C","(04)23274275","(04)23288582","2026","2","26","14","56","臺中市","西屯區","0","1","0","7","2","6","50","3","1","1","5","4","6","6","4","4","10","5","5","2","16","3","10","5","1","B03","7","1","1","8","2","2","","51","51","1","13","4","120.645024","24.166685","2"
"9672","66000","387130000C","(04)23274275","(04)23288582","2026","2","26","14","57","臺中市","清水區","0","0","0","7","","","30","","","","","","","","","","","","","","","","","","","B03","","","1","","1","","","58","58","1","12","4","120.634956","24.274517","3"
"9673","66000","387130000C","(04)23274275","(04)23288582","2026","2","26","14","58","臺中市","太平區","0","1","0","7","2","6","50","4","1","1","5","4","6","6","4","4","10","5","5","2","15","2","8","2","1","C03","7","9","1","10","2","12","","15","15","1","12","4","120.711399","24.13982","2"
"9674","66000","387130000C","(04)23274275","(04)23288582","2026","2","26","15","5","臺中市","清水區","0","3","0","7","3","6","50","4","1","1","5","4","6","6","3","1","5","5","5","1","15","2","1","2","1","C03","7","9","1","10","2","11","","20","20","1","12","4","120.571061","24.277907","2"
"9675","66000","387130000C","(04)23274275","(04)23288582","2026","2","26","15","8","臺中市","梧棲區","0","0","0","7","","","40","","","","","","","","","","","","","","16","","","","","C03","","","1","","2","","","48","48","1","12","4","120.549484","24.239064","3"
"9676","66000","387130000C","(04)23274275","(04)23288582","2026","2","26","15","10","臺中市","南屯區","0","0","0","7","","3","50","","","","","","","","","","","","","","20","","","","","B03","","","1","","2","","","59","59","1","12","4","120.619943","24.124727","3"
"9677","66000","387130000C","(04)23274275","(04)23288582","2026","2","26","15","10","臺中市","烏日區","0","1","0","7","2","6","50","4","2","1","5","4","6","6","4","4","10","5","5","2","17","2","9","5","4","F01","7","1","7","21","2","11","","84","84","1","12","4","120.627838","24.113101","2"
"9678","66000","387130000C","(04)23274275","(04)23288582","2026","2","26","15","11","臺中市","北屯區","0","0","0","7","","3","80","","","","","","","","","","","","","","13","","","","","B03","","","1","","1","","","7","7","1","12","4","120.720559","24.174373","3"
"9679","66000","387130000C","(04)23274275","(04)23288582","2026","2","26","15","11","臺中市","神岡區","0","2","0","7","1","6","50","4","1","1","5","4","6","6","4","4","10","5","5","1","16","2","9","1","1","C03","7","6","3","19","2","12","","14","14","1","12","4","120.696316","24.252528","2"
"9680","66000","387130000C","(04)23274275","(04)23288582","2026","2","26","15","12","臺中市","北屯區","0","1","0","7","2","6","50","3","1","1","5","4","6","6","2","1","10","5","5","2","16","3","10","3","1","B03","7","5","1","8","2","2","","20","20","1","12","4","120.661633","24.185038","2"
"9681","66000","387130000C","(04)23274275","(04)23288582","2026","2","26","15","13","臺中市","北屯區","0","0","0","7","","","50","","","","","","","","","","","","","","13","","","","","B03","","","1","","1","","","7","7","1","6","4","120.721132","24.176329","3"
"9682","66000","387130000C","(04)23274275","(04)23288582","2026","2","26","15","24","臺中市","北屯區","0","1","0","7","3","6","50","4","1","1","5","4","6","6","4","4","10","5","5","2","15","3","10","3","1","B03","7","9","1","8","2","2","","12","12","1","6","4","120.687543","24.171264","2"
"9683","66000","387130000C","(04)23274275","(04)23288582","2026","2","26","15","28","臺中市","西屯區","0","0","0","7","","","60","","","","","","","","","","","","","","13","","","","","B03","","","1","","1","","","84","84","1","12","4","120.629613","24.162731","3"
"9684","66000","387130000C","(04)23274275","(04)23288582","2026","2","26","15","30","臺中市","南屯區","0","0","0","7","","3","80","","","","","","","","","","","","","","13","3","10","3","1","B03","7","9","1","8","1","1","","7","7","1","12","4","120.621618","24.134699","3"
"9685","66000","387130000C","(04)23274275","(04)23288582","2026","2","26","15","30","臺中市","北屯區","0","1","0","7","2","6","50","3","2","1","5","4","6","6","4","4","4","3","4","2","14","3","10","3","1","B03","7","2","1","8","2","7","","49","49","1","13","4","120.689261","24.181372","2"
"9686","66000","387130000C","(04)23274275","(04)23288582","2026","2","26","15","35","臺中市","大雅區","0","0","0","7","","","60","","","","","","","","","","","","","","","","","","","B02","","","1","","2","","","7","7","1","13","4","120.647967","24.219905","3"
"9687","66000","387130000C","(04)23274275","(04)23288582","2026","2","26","15","37","臺中市","南區","0","2","0","7","3","6","50","3","1","1","5","4","6","6","4","4","10","5","5","2","13","2","8","2","1","C03","7","9","1","10","2","11","","7","7","1","13","4","120.670016","24.130008","2"
"9688","66000","387130000C","(04)23274275","(04)23288582","2026","2","26","15","37","臺中市","北屯區","0","0","0","7","","","50","","","","","","","","","","","","","","12","","","","","B12","","","1","","1","","","1","1","1","6","4","120.692917","24.172404","3"
"9689","66000","387130000C","(04)23274275","(04)23288582","2026","2","26","15","43","臺中市","北屯區","0","5","0","7","3","6","50","13","17","1","5","4","6","6","4","4","3","4","5","1","17","3","10","3","1","A12","7","9","1","7","2","1","","59","59","1","12","4","120.677516","24.200882","2"
"9690","66000","387130000C","(04)23274275","(04)23288582","2026","2","26","15","44","臺中市","西屯區","0","0","0","7","","","40","","","","","","","","","","","","","","17","","","","","B03","","","1","","1","","","8","8","1","12","4","120.656377","24.158633","3"
"9691","66000","387130000C","(04)23274275","(04)23288582","2026","2","26","15","50","臺中市","西屯區","0","2","0","7","1","6","30","4","1","1","5","4","6","6","4","4","10","5","5","2","15","2","7","1","1","C03","7","9","1","10","2","14","","12","12","1","12","4","120.644143","24.18041","2"
"9692","66000","387130000C","(04)23274275","(04)23288582","2026","2","26","15","54","臺中市","北屯區","0","0","0","7","","","50","","","","","","","","","","","","","","13","","","","","B03","","","1","","1","","","7","7","1","12","4","120.661005","24.191364","3"
"9693","66000","387130000C","(04)23274275","(04)23288582","2026","2","26","16","1","臺中市","大肚區","0","2","0","7","2","6","50","13","9","1","5","4","6","6","4","4","5","5","5","1","12","2","8","1","1","C03","7","1","1","10","9","14","","51","51","1","12","4","120.579132","24.169509","2"
"9694","66000","387130000C","(04)23274275","(04)23288582","2026","2","26","16","2","臺中市","豐原區","0","0","0","7","","","50","","","","","","","","","","","","","","13","","","","","B03","","","1","","1","","","7","7","1","13","4","120.698989","24.246979","3"
"9695","66000","387130000C","(04)23274275","(04)23288582","2026","2","26","16","10","臺中市","北屯區","0","1","0","7","2","6","50","13","9","1","5","4","6","6","4","4","5","4","5","2","18","2","9","1","1","C03","7","9","1","10","2","11","","84","84","1","12","4","120.764238","24.199098","2"
"9696","66000","387130000C","(04)23274275","(04)23288582","2026","2","26","16","15","臺中市","西屯區","0","0","0","7","","","50","","","","","","","","","","","","","","17","","","","","B03","","","1","","9","","","84","84","1","12","4","120.622952","24.183105","3"
"9697","66000","387130000C","(04)23274275","(04)23288582","2026","2","26","16","21","臺中市","沙鹿區","0","1","0","7","2","6","60","3","2","1","5","4","6","6","2","1","1","4","3","1","13","3","10","3","1","A12","7","9","1","7","2","1","8","7","7","1","6","4","120.575715","24.226834","2"
"9698","66000","387130000C","(04)23274275","(04)23288582","2026","2","26","16","23","臺中市","西屯區","0","2","0","7","2","6","50","4","1","1","5","4","6","6","2","1","10","5","5","2","13","2","5","5","4","C03","7","9","1","10","1","11","","7","7","1","13","4","120.635562","24.1679","2"
"9699","66000","387130000C","(04)23274275","(04)23288582","2026","2","26","16","24","臺中市","東區","0","0","0","7","","","50","","","","","","","","","","","","","","","","","","","B03","","","1","","1","","","7","7","1","13","4","120.689255","24.131309","3"
"9700","66000","387130000C","(04)23274275","(04)23288582","2026","2","26","16","25","臺中市","北區","0","0","0","7","","","50","","","","","","","","","","","","","","17","","","","","C03","","","1","","1","","","87","87","1","13","4","120.686209","24.154313","4"
"9701","66000","387130000C","(04)23274275","(04)23288582","2026","2","26","16","27","臺中市","南屯區","0","0","0","7","","","50","","","","","","","","","","","","","","23","","","","","B03","","","1","","2","","","59","59","1","13","4","120.630806","24.150796","3"
"9702","66000","387130000C","(04)23274275","(04)23288582","2026","2","26","16","27","臺中市","北屯區","0","1","0","7","2","6","50","13","7","1","5","4","6","6","4","4","5","5","4","2","17","3","10","3","1","B03","7","11","1","8","2","8","","84","84","1","12","4","120.687015","24.175633","2"
"9703","66000","387130000C","(04)23274275","(04)23288582","2026","2","26","16","30","臺中市","北屯區","0","1","0","7","3","6","30","4","1","1","5","4","6","6","4","4","10","5","5","2","15","2","9","2","1","C03","7","9","1","10","2","11","","15","15","1","12","4","120.679923","24.190538","2"
"9704","66000","387130000C","(04)23274275","(04)23288582","2026","2","26","16","32","臺中市","東區","0","1","0","7","1","6","50","4","1","1","5","4","6","6","1","1","10","5","5","2","17","2","9","5","4","C04","7","9","5","10","2","11","","7","7","1","12","4","120.704769","24.130631","2"
"9705","66000","387130000C","(04)23274275","(04)23288582","2026","2","26","16","37","臺中市","東勢區","0","0","0","7","","","50","","","","","","","","","","","","","","13","","","","","B03","","","1","","2","","","7","7","1","13","4","120.793053","24.285636","3"
"9706","66000","387130000C","(04)23274275","(04)23288582","2026","2","26","16","40","臺中市","北區","0","2","0","7","2","6","50","4","1","1","5","4","6","6","1","1","10","5","5","2","13","2","9","5","4","C01","7","12","1","9","2","12","","7","7","1","13","4","120.671638","24.17336","2"
"9707","66000","387130000C","(04)23274275","(04)23288582","2026","2","26","16","40","臺中市","大里區","0","1","0","7","2","6","60","13","9","1","5","4","6","6","4","4","1","5","4","1","17","3","10","1","1","C03","7","9","1","10","2","14","13","82","82","1","6","4","120.669574","24.103657","2"
"9708","66000","387130000C","(04)23274275","(04)23288582","2026","2","26","16","41","臺中市","西屯區","0","0","0","7","","3","80","","","","","","","","","","","","","","13","","","","","B03","","","1","","1","","","7","7","1","12","4","120.65726","24.200218","3"
"9709","66000","387130000C","(04)23274275","(04)23288582","2026","2","26","16","43","臺中市","南區","0","0","0","7","","","50","","","","","","","","","","","","","","12","","","","","B03","","","1","","2","","","40","40","1","6","4","120.669676","24.126918","3"
"9710","66000","387130000C","(04)23274275","(04)23288582","2026","2","26","16","43","臺中市","西屯區","0","1","0","7","2","6","30","4","1","1","5","4","6","6","4","4","10","5","5","2","15","3","10","5","4","B03","7","9","1","8","2","5","","15","15","1","13","4","120.655059","24.171402","2"
"9711","66000","387130000C","(04)23274275","(04)23288582","2026","2","26","16","45","臺中市","南屯區","0","2","0","7","3","6","50","13","9","1","5","4","6","6","4","4","5","5","5","2","17","2","9","2","1","C03","7","11","1","10","2","14","","45","45","1","12","4","120.609841","24.139441","2"
"9712","66000","387130000C","(04)23274275","(04)23288582","2026","2","26","16","46","臺中市","南屯區","0","0","0","7","","","50","","","","","","","","","","","","","","","","","","","C03","","","1","","1","","","48","48","1","13","4","120.638209","24.141042","3"
"9713","66000","387130000C","(04)23274275","(04)23288582","2026","2","26","16","47","臺中市","豐原區","0","1","0","7","2","6","50","4","1","1","5","4","6","6","1","1","10","5","5","2","17","2","9","1","1","C03","7","6","1","10","2","11","","11","11","1","13","4","120.714143","24.259334","2"
"9714","66000","387130000C","(04)23274275","(04)23288582","2026","2","26","16","49","臺中市","太平區","0","0","0","7","","","50","","","","","","","","","","","","","","","","","","","B03","","","1","","2","","","49","49","1","13","4","120.725953","24.133194","3"
"9715","66000","387130000C","(04)23274275","(04)23288582","2026","2","26","16","50","臺中市","西區","0","0","0","7","","","50","","","","","","","","","","","","","","","","","","","B12","","","1","","1","","","51","51","1","6","4","120.659989","24.146534","3"
"9716","66000","387130000C","(04)23274275","(04)23288582","2026","2","26","16","50","臺中市","沙鹿區","0","0","0","7","","","50","","","","","","","","","","","","","","13","","","","","C03","","","3","","2","","","7","7","1","12","4","120.580155","24.213498","3"
"9717","66000","387130000C","(04)23274275","(04)23288582","2026","2","26","16","53","臺中市","西區","0","1","0","7","2","6","50","4","1","1","5","4","6","6","4","4","10","5","5","2","13","3","10","5","4","B03","7","9","1","8","2","5","","7","7","1","13","4","120.673642","24.150929","2"
"9718","66000","387130000C","(04)23274275","(04)23288582","2026","2","26","16","54","臺中市","北屯區","0","0","0","7","","","50","","","","","","","","","","","","","","13","","","","","B12","","","1","","2","","","59","59","1","6","4","120.701811","24.17015","3"
"9719","66000","387130000C","(04)23274275","(04)23288582","2026","2","26","16","56","臺中市","南屯區","0","1","0","7","3","6","50","3","1","1","5","4","6","6","1","1","5","4","4","1","1","3","10","3","1","B03","7","5","1","8","2","1","","10","10","1","12","4","120.6105","24.131998","2"
"9720","66000","387130000C","(04)23274275","(04)23288582","2026","2","26","16","58","臺中市","中區","0","0","0","7","","","50","","","","","","","","","","","","","","12","","","","","C03","","","1","","1","","","40","40","1","13","4","120.681486","24.144234","3"
"9721","66000","387130000C","(04)23274275","(04)23288582","2026","2","26","16","59","臺中市","豐原區","0","1","0","7","2","6","50","4","1","1","5","4","6","6","1","1","10","5","5","2","16","4","11","1","1","C03","7","6","1","10","2","11","","11","11","1","12","4","120.718834","24.249697","2"
"9722","66000","387130000C","(04)23274275","(04)23288582","2026","2","26","17","0","臺中市","北區","0","0","0","7","3","9","50","13","24","1","5","4","6","6","4","4","2","5","5","2","17","","","","","C03","","","1","","1","","","7","7","1","13","4","120.686162","24.154328","3"
"9723","66000","387130000C","(04)23274275","(04)23288582","2026","2","26","17","1","臺中市","南屯區","0","1","0","7","1","6","50","4","1","1","5","4","6","6","1","1","5","4","5","2","16","3","10","3","1","B03","7","6","1","8","2","8","","11","11","1","12","4","120.653022","24.135679","2"
"9724","66000","387130000C","(04)23274275","(04)23288582","2026","2","26","17","4","臺中市","北區","0","0","0","7","","","50","","","","","","","","","","","","","","17","","","","","B03","","","1","","2","","","84","84","1","13","4","120.66803","24.161615","3"
"9725","66000","387130000C","(04)23274275","(04)23288582","2026","2","26","17","6","臺中市","南屯區","0","1","0","7","3","6","50","4","1","1","5","4","6","6","1","1","10","5","5","2","16","3","10","3","1","B02","7","6","1","8","2","1","","48","48","1","12","4","120.641401","24.132062","2"
"9726","66000","387130000C","(04)23274275","(04)23288582","2026","2","26","17","8","臺中市","龍井區","0","0","0","7","","","30","","","","","","","","","","","","","","17","","","","","A11","","","1","","2","","","8","8","1","6","4","120.5921","24.180556","3"
"9727","66000","387130000C","(04)23274275","(04)23288582","2026","2","26","17","11","臺中市","北區","0","1","0","7","2","6","50","4","1","1","5","4","6","6","1","1","10","5","5","2","13","3","10","1","1","C03","7","9","1","10","2","11","","7","7","1","13","4","120.674441","24.16299","2"
"9728","66000","387130000C","(04)23274275","(04)23288582","2026","2","26","17","16","臺中市","大肚區","0","1","0","7","2","6","50","4","1","1","5","4","6","6","2","1","10","5","5","2","16","3","10","3","1","B03","7","6","1","8","2","2","","11","11","1","6","4","120.544676","24.153282","2"
"9729","66000","387130000C","(04)23274275","(04)23288582","2026","2","26","17","17","臺中市","北屯區","0","2","0","7","2","6","50","3","1","1","5","4","6","6","4","4","4","3","4","2","17","2","1","3","1","B03","7","1","1","8","2","8","4","51","51","1","13","4","120.677234","24.19194","2"
"9730","66000","387130000C","(04)23274275","(04)23288582","2026","2","26","17","17","臺中市","大里區","0","1","0","7","3","6","50","13","7","1","5","4","6","6","4","4","5","4","4","2","11","3","10","5","4","B03","7","9","1","8","2","1","","4","4","1","13","4","120.692915","24.107465","2"
"9731","66000","387130000C","(04)23274275","(04)23288582","2026","2","26","17","19","臺中市","梧棲區","0","0","0","7","","","50","","","","","","","","","","","","","","13","","","","","C03","","","1","","1","","","7","7","1","12","4","120.533931","24.225234","3"
"9732","66000","387130000C","(04)23274275","(04)23288582","2026","2","26","17","23","臺中市","東區","0","1","0","7","3","6","50","13","9","1","5","4","6","6","4","4","5","4","5","2","13","2","9","2","1","C03","7","9","1","10","2","11","","7","7","1","13","4","120.698757","24.132983","2"
"9733","66000","387130000C","(04)23274275","(04)23288582","2026","2","26","17","26","臺中市","太平區","0","1","0","7","3","6","40","13","8","1","5","4","6","6","4","4","9","4","4","2","12","2","9","2","1","C03","7","6","1","10","2","11","","23","23","1","13","4","120.715605","24.135775","2"
"9734","66000","387130000C","(04)23274275","(04)23288582","2026","2","26","17","27","臺中市","北屯區","0","0","0","7","","","50","","","","","","","","","","","","","","13","","","","","B12","","","1","","1","","","84","84","1","6","4","120.663874","24.200726","3"
"9735","66000","387130000C","(04)23274275","(04)23288582","2026","2","26","17","27","臺中市","大里區","0","1","0","6","2","6","40","5","4","1","5","4","6","6","1","1","1","2","4","2","12","3","10","1","1","C03","7","9","1","10","2","13","","20","20","1","13","4","120.681454","24.104886","2"
"9736","66000","387130000C","(04)23274275","(04)23288582","2026","2","26","17","28","臺中市","南區","0","0","0","7","","","50","","","","","","","","","","","","","","","","","","","C03","","","1","","1","","","84","84","1","13","4","120.649347","24.121302","3"
"9737","66000","387130000C","(04)23274275","(04)23288582","2026","2","26","17","28","臺中市","西屯區","0","0","0","7","1","6","50","13","9","1","5","4","6","6","4","4","1","4","5","2","12","3","10","1","1","C03","7","9","1","10","7","14","","53","53","1","12","4","120.654673","24.201172","3"
"9738","66000","387130000C","(04)23274275","(04)23288582","2026","2","26","17","29","臺中市","南屯區","0","0","0","7","","","50","","","","","","","","","","","","","","13","","","","","B03","","","1","","2","","","59","59","1","13","4","120.620381","24.139893","3"
"9739","66000","387130000C","(04)23274275","(04)23288582","2026","2","26","17","29","臺中市","龍井區","0","0","0","7","","","30","","","","","","","","","","","","","","13","","","","","B03","","","1","","2","","","84","84","1","6","4","120.592917","24.181273","3"
"9740","66000","387130000C","(04)23274275","(04)23288582","2026","2","26","17","30","臺中市","南區","0","0","0","7","","","50","","","","","","","","","","","","","","","","","","","B12","","","1","","9","","","8","8","2","6","4","120.677477","24.128689","3"
"9741","66000","387130000C","(04)23274275","(04)23288582","2026","2","26","17","34","臺中市","北屯區","0","0","0","7","","","50","","","","","","","","","","","","","","","","","","","A05","","","1","","1","","","87","87","1","12","4","120.676631","24.177302","3"
"9742","66000","387130000C","(04)23274275","(04)23288582","2026","2","26","17","39","臺中市","龍井區","0","1","0","6","1","6","50","13","9","1","5","4","6","6","4","4","9","5","5","1","13","2","8","1","1","C03","7","9","1","10","2","11","","7","7","1","6","4","120.575809","24.176691","2"
"9743","66000","387130000C","(04)23274275","(04)23288582","2026","2","26","17","40","臺中市","北區","0","1","0","7","2","6","30","13","9","1","5","4","6","6","4","4","10","5","5","2","17","2","9","5","4","C03","7","15","1","10","2","11","","84","84","1","13","4","120.680175","24.165575","2"
"9744","66000","387130000C","(04)23274275","(04)23288582","2026","2","26","17","40","臺中市","北屯區","0","1","0","7","1","6","50","4","1","1","5","4","6","6","1","1","10","5","5","2","16","3","10","3","1","B03","7","6","1","8","2","8","","85","85","1","12","4","120.69316","24.178144","2"
"9745","66000","387130000C","(04)23274275","(04)23288582","2026","2","26","17","40","臺中市","北屯區","0","0","0","7","","","30","","","","","","","","","","","","","","17","","","","","B03","","","1","","2","","","50","50","1","6","4","120.740858","24.165567","3"
"9746","66000","387130000C","(04)23274275","(04)23288582","2026","2","26","17","40","臺中市","西屯區","0","1","0","7","1","6","50","13","9","1","5","4","6","6","4","4","3","4","5","1","12","3","10","3","1","B03","7","9","1","8","1","5","","84","84","1","12","4","120.597868","24.191817","2"
"9747","66000","387130000C","(04)23274275","(04)23288582","2026","2","26","17","41","臺中市","南屯區","0","2","0","7","1","6","50","3","9","1","5","4","6","6","4","4","5","5","5","1","16","2","9","1","1","C03","7","6","1","10","2","14","","14","14","1","12","4","120.645092","24.133358","2"
"9748","66000","387130000C","(04)23274275","(04)23288582","2026","2","26","17","44","臺中市","西屯區","0","0","0","7","","","50","","","","","","","","","","","","","","13","","","","","B03","","","1","","1","","","78","78","1","12","4","120.610204","24.185655","4"
"9749","66000","387130000C","(04)23274275","(04)23288582","2026","2","26","17","46","臺中市","清水區","0","0","0","7","","","50","","","","","","","","","","","","","","","","","","","C03","","","1","","1","","","58","58","1","12","4","120.573378","24.270535","3"
"9750","66000","387130000C","(04)23274275","(04)23288582","2026","2","26","17","49","臺中市","北屯區","0","0","0","7","","","50","","","","","","","","","","","","","","17","","","","","B03","","","1","","2","","","59","59","1","12","4","120.685469","24.171207","3"
"9751","66000","387130000C","(04)23274275","(04)23288582","2026","2","26","17","49","臺中市","霧峰區","0","1","0","7","2","6","50","4","1","1","5","4","6","6","1","1","1","4","4","1","13","3","10","3","1","B03","7","9","1","8","2","1","","58","58","1","13","4","120.695948","24.065982","2"
"9752","66000","387130000C","(04)23274275","(04)23288582","2026","2","26","17","51","臺中市","西屯區","0","0","0","7","","","60","","","","","","","","","","","","","","13","","","","","B03","","","1","","1","","","7","7","1","13","4","120.632331","24.171196","3"
"9753","66000","387130000C","(04)23274275","(04)23288582","2026","2","26","17","54","臺中市","大里區","0","0","0","7","","","30","","","","","","","","","","","","","","14","","","","","B03","","","1","","2","","","49","49","1","6","4","120.671845","24.087196","3"
"9754","66000","387130000C","(04)23274275","(04)23288582","2026","2","26","17","55","臺中市","西屯區","0","0","0","7","","","50","","","","","","","","","","","","","","13","","","","","B03","","","1","","1","","","7","7","1","13","4","120.637456","24.177621","3"
"9755","66000","387130000C","(04)23274275","(04)23288582","2026","2","26","17","55","臺中市","霧峰區","0","0","0","7","","","40","","","","","","","","","","","","","","13","","","","","B03","","","1","","2","","","84","84","1","12","4","120.663072","24.071208","3"
"9756","66000","387130000C","(04)23274275","(04)23288582","2026","2","26","17","55","臺中市","霧峰區","0","0","0","7","","","40","","","","","","","","","","","","","","","","","","","B12","","","1","","11","","","26","26","2","6","4","120.662983","24.072292","3"
"9757","66000","387130000C","(04)23274275","(04)23288582","2026","2","26","17","56","臺中市","梧棲區","0","0","0","7","","","50","","","","","","","","","","","","","","17","","","","","B03","","","1","","1","","","59","59","1","5","4","120.534584","24.25545","3"
"9758","66000","387130000C","(04)23274275","(04)23288582","2026","2","26","17","58","臺中市","南屯區","0","3","0","7","1","6","50","13","9","1","5","4","6","6","4","4","9","5","5","2","17","2","9","1","1","C03","7","11","1","10","2","14","","45","45","1","12","4","120.643884","24.130701","2"
"9759","66000","387130000C","(04)23274275","(04)23288582","2026","2","26","17","59","臺中市","西屯區","0","0","0","7","","","50","","","","","","","","","","","","","","12","","","","","B03","","","1","","2","","","51","51","1","12","4","120.660799","24.171717","3"
"9760","66000","387130000C","(04)23274275","(04)23288582","2026","2","26","18","0","臺中市","沙鹿區","0","0","0","6","","","30","","","","","","","","","","","","","","11","","","","","C03","","","1","","1","","","41","41","1","12","4","120.582192","24.219035","3"
"9761","66000","387130000C","(04)23274275","(04)23288582","2026","2","26","18","2","臺中市","烏日區","0","0","0","7","","","50","","","","","","","","","","","","","","12","","","","","B02","","","1","","1","","","40","40","1","6","4","120.614554","24.117467","4"
"9762","66000","387130000C","(04)23274275","(04)23288582","2026","2","26","18","6","臺中市","沙鹿區","0","0","0","7","","","50","","","","","","","","","","","","","","","","","","","B03","","","1","","2","","","40","40","1","6","4","120.564793","24.248844","3"
"9763","66000","387130000C","(04)23274275","(04)23288582","2026","2","26","18","8","臺中市","太平區","0","0","0","7","1","6","50","13","9","1","5","4","6","6","4","4","10","5","5","2","11","","","","","B11","","","1","","2","","","8","8","1","12","4","120.703247","24.147685","3"
"9764","66000","387130000C","(04)23274275","(04)23288582","2026","2","26","18","11","臺中市","南區","0","0","0","7","","","50","","","","","","","","","","","","","","","","","","","B03","","","1","","2","","","84","84","1","12","4","120.662411","24.120844","3"
"9765","66000","387130000C","(04)23274275","(04)23288582","2026","2","26","18","15","臺中市","西屯區","0","1","0","7","1","6","50","4","4","1","5","4","6","6","2","1","5","4","4","2","13","3","10","3","1","B03","7","9","1","8","2","1","","7","7","1","12","4","120.65216","24.176187","2"
"9766","66000","387130000C","(04)23274275","(04)23288582","2026","2","26","18","16","臺中市","大甲區","0","2","0","7","1","6","50","4","1","1","5","4","6","6","4","4","10","5","5","2","3","2","8","1","1","C03","7","9","1","10","2","11","","59","59","1","6","4","120.622139","24.344761","2"
"9767","66000","387130000C","(04)23274275","(04)23288582","2026","2","26","18","18","臺中市","大里區","0","1","0","7","1","6","50","13","7","1","5","4","6","6","4","4","5","5","4","2","18","2","9","1","1","C03","7","9","1","10","2","14","","84","84","1","13","4","120.681225","24.100193","2"
"9768","66000","387130000C","(04)23274275","(04)23288582","2026","2","26","18","20","臺中市","大雅區","0","0","0","7","","","50","","","","","","","","","","","","","","","","","","","B03","","","1","","1","","","49","49","1","13","4","120.646915","24.225808","3"
"9769","66000","387130000C","(04)23274275","(04)23288582","2026","2","26","18","20","臺中市","大里區","0","0","0","7","","","50","","","","","","","","","","","","","","16","","","","","B03","","","1","","2","","","11","11","1","13","4","120.676507","24.110866","3"
"9770","66000","387130000C","(04)23274275","(04)23288582","2026","2","26","18","20","臺中市","沙鹿區","0","1","0","6","1","6","50","13","9","1","5","4","6","6","4","4","5","4","5","2","12","2","8","1","1","C03","7","11","1","10","2","14","","45","45","1","12","2","120.577956","24.222432","2"
"9771","66000","387130000C","(04)23274275","(04)23288582","2026","2","26","18","24","臺中市","潭子區","0","0","0","6","","","60","","","","","","","","","","","","","","","","","","","B03","","","1","","2","","","40","40","1","13","4","120.708107","24.228158","3"
"9772","66000","387130000C","(04)23274275","(04)23288582","2026","2","26","18","25","臺中市","南區","0","0","0","7","","","50","","","","","","","","","","","","","","13","","","","","C03","","","3","","2","","","7","7","1","6","4","120.68479","24.129099","3"
"9773","66000","387130000C","(04)23274275","(04)23288582","2026","2","26","18","27","臺中市","龍井區","0","1","0","7","1","6","50","3","1","1","5","4","6","6","4","4","10","5","5","2","17","3","10","1","1","C03","7","1","1","10","2","14","","51","51","1","6","4","120.59148","24.181326","2"