序號,縣市別代碼,機關代碼,市話,傳真,年,月,日,時,分,縣市,區,死亡數量,受傷數量,2-30,天候,道路照明設備,道路類別,道路速限,道路型態,事故位置,路面鋪裝,路面狀態,路面缺陷,障礙物,視距,號誌種類,號誌動作,分向設施,快車道或一般車道間,快慢車道間,路面邊線,事故類型及型態,受傷程度,主要傷處,保護裝備,行動電話或功能裝置,當事者區分(類別),車輛用途,當事者行動狀態,駕照狀態,駕照種類,飲酒情形,車輛撞擊部位最初,車輛撞擊部位其他,肇事因素個別,肇事因素主要,肇事逃逸,職業,共享經濟或外送平台,GPS座標X,GPS座標Y,事故類別
"9774","66000","387130000C","(04)23274275","(04)23288582","2026","2","26","18","29","臺中市","北屯區","0","0","0","7","","","50","","","","","","","","","","","","","","12","","","","","B03","","","1","","1","","","40","40","1","13","4","120.695989","24.165004","3"
"9775","66000","387130000C","(04)23274275","(04)23288582","2026","2","26","18","29","臺中市","烏日區","0","0","0","7","","","50","","","","","","","","","","","","","","13","","","","","B03","","","1","","1","","","57","57","1","12","4","120.607355","24.109798","3"
"9776","66000","387130000C","(04)23274275","(04)23288582","2026","2","26","18","29","臺中市","神岡區","0","0","0","7","","","50","","","","","","","","","","","","","","17","","","","","B03","","","1","","1","","","84","84","1","12","4","120.694766","24.248261","3"
"9777","66000","387130000C","(04)23274275","(04)23288582","2026","2","26","18","30","臺中市","北區","0","0","0","7","3","6","50","4","1","1","5","4","6","6","2","1","10","5","5","2","17","","","","","C03","","","1","","1","","","47","47","1","13","4","120.700613","24.153965","3"
"9778","66000","387130000C","(04)23274275","(04)23288582","2026","2","26","18","30","臺中市","南區","0","0","0","7","","","50","","","","","","","","","","","","","","","","","","","B03","","","1","","1","","","40","40","1","13","4","120.670221","24.112462","3"
"9779","66000","387130000C","(04)23274275","(04)23288582","2026","2","26","18","35","臺中市","大里區","0","1","0","7","1","6","50","3","1","1","5","4","6","6","1","1","5","4","5","1","13","3","10","3","1","B12","7","9","1","3","2","1","","7","7","1","13","4","120.686307","24.088734","2"
"9780","66000","387130000C","(04)23274275","(04)23288582","2026","2","26","18","36","臺中市","西屯區","0","0","0","7","","","50","","","","","","","","","","","","","","12","","","","","B02","","","1","","2","","","84","84","1","12","4","120.64798","24.196236","3"
"9781","66000","387130000C","(04)23274275","(04)23288582","2026","2","26","18","38","臺中市","沙鹿區","0","0","0","7","","","50","","","","","","","","","","","","","","","","","","","C03","","","5","","1","","","78","78","1","6","4","120.563052","24.217102","3"
"9782","66000","387130000C","(04)23274275","(04)23288582","2026","2","26","18","41","臺中市","潭子區","0","2","0","6","1","6","50","4","1","1","5","4","6","6","1","1","5","4","4","2","13","2","9","2","1","C03","7","9","1","10","2","11","14","7","7","1","13","4","120.700594","24.211496","2"
"9783","66000","387130000C","(04)23274275","(04)23288582","2026","2","26","18","44","臺中市","北區","0","0","0","7","","","50","","","","","","","","","","","","","","17","","","","","B03","","","1","","2","","","84","84","1","13","4","120.689134","24.153572","3"
"9784","66000","387130000C","(04)23274275","(04)23288582","2026","2","26","18","44","臺中市","沙鹿區","0","2","0","7","1","6","30","13","9","1","5","4","6","6","4","4","10","5","5","2","2","2","9","2","1","C03","7","9","5","19","2","11","","84","84","1","6","4","120.573461","24.237244","2"
"9785","66000","387130000C","(04)23274275","(04)23288582","2026","2","26","18","46","臺中市","中區","0","1","0","7","1","6","50","13","9","1","5","4","6","6","4","4","5","4","5","2","17","2","9","1","1","C03","7","15","1","10","2","11","","7","7","1","13","4","120.681383","24.144102","2"
"9786","66000","387130000C","(04)23274275","(04)23288582","2026","2","26","18","48","臺中市","南區","0","1","0","7","1","6","40","13","11","1","5","4","6","6","4","4","5","5","4","2","17","3","10","5","4","B03","7","1","1","8","2","8","","51","51","1","13","4","120.661298","24.113246","2"
"9787","66000","387130000C","(04)23274275","(04)23288582","2026","2","26","18","49","臺中市","北區","0","3","0","7","1","6","50","13","7","1","5","4","6","6","4","4","5","5","4","2","17","2","9","1","1","C03","7","1","1","10","2","11","","51","51","1","13","4","120.66558","24.156391","2"
"9788","66000","387130000C","(04)23274275","(04)23288582","2026","2","26","18","54","臺中市","龍井區","0","1","0","7","1","6","50","13","8","1","4","3","6","6","4","4","2","4","2","1","30","2","9","1","1","C03","7","9","1","10","2","12","","87","87","1","13","4","120.505988","24.211031","2"
"9789","66000","387130000C","(04)23274275","(04)23288582","2026","2","26","18","57","臺中市","西屯區","0","0","0","7","","","50","","","","","","","","","","","","","","13","","","","","B02","","","1","","1","","","7","7","1","13","4","120.651812","24.197794","3"
"9790","66000","387130000C","(04)23274275","(04)23288582","2026","2","26","18","59","臺中市","西屯區","0","4","0","7","1","6","50","13","9","1","5","4","6","6","4","4","9","4","5","2","16","2","9","1","1","C03","7","6","1","10","2","12","","48","48","1","13","4","120.637374","24.1767","2"
"9791","66000","387130000C","(04)23274275","(04)23288582","2026","2","26","19","2","臺中市","大肚區","0","0","0","7","","","50","","","","","","","","","","","","","","","","","","","B03","","","1","","2","","","56","56","1","13","4","120.537461","24.160321","3"
"9792","66000","387130000C","(04)23274275","(04)23288582","2026","2","26","19","7","臺中市","太平區","0","0","0","7","","3","80","","","","","","","","","","","","","","","","","","","B03","","","1","","2","","","7","7","1","12","4","120.713649","24.147438","3"
"9793","66000","387130000C","(04)23274275","(04)23288582","2026","2","26","19","8","臺中市","太平區","0","2","0","7","1","6","40","3","1","1","5","4","6","6","4","4","10","5","5","2","16","2","9","2","1","C03","7","6","1","10","2","14","","14","14","1","13","4","120.727883","24.15565","2"
"9794","66000","387130000C","(04)23274275","(04)23288582","2026","2","26","19","10","臺中市","沙鹿區","0","0","0","6","","","50","","","","","","","","","","","","","","11","","","","","B02","","","1","","1","","","8","8","1","12","4","120.562981","24.23671","3"
"9795","66000","387130000C","(04)23274275","(04)23288582","2026","2","26","19","16","臺中市","南屯區","0","2","0","7","1","6","50","4","9","1","5","4","6","6","4","4","5","5","5","1","15","2","9","1","1","C03","7","9","1","10","2","11","14","20","20","1","12","4","120.642536","24.144836","2"
"9796","66000","387130000C","(04)23274275","(04)23288582","2026","2","26","19","18","臺中市","豐原區","0","1","0","7","1","6","40","13","7","1","5","4","6","6","4","4","5","2","4","2","17","2","9","5","4","C03","7","11","1","10","2","12","","39","39","1","13","4","120.732813","24.258586","2"
"9797","66000","387130000C","(04)23274275","(04)23288582","2026","2","26","19","22","臺中市","沙鹿區","0","1","0","7","1","6","50","13","7","1","5","4","6","6","4","4","1","4","4","2","17","2","9","2","1","C03","7","7","1","10","2","13","","84","84","1","6","4","120.563563","24.247796","2"
"9798","66000","387130000C","(04)23274275","(04)23288582","2026","2","26","19","24","臺中市","西屯區","0","1","0","7","1","6","40","4","2","1","5","4","6","6","2","1","5","5","4","2","18","2","9","1","1","C03","7","9","1","10","2","14","","85","85","1","12","4","120.635842","24.169454","2"
"9799","66000","387130000C","(04)23274275","(04)23288582","2026","2","26","19","25","臺中市","北屯區","0","1","0","7","1","6","50","5","1","1","5","4","6","6","1","1","10","5","5","2","13","3","10","3","1","B03","7","9","1","8","2","8","","59","59","1","12","4","120.67628","24.176978","2"
"9800","66000","387130000C","(04)23274275","(04)23288582","2026","2","26","19","26","臺中市","西屯區","0","1","0","7","1","6","50","5","7","1","5","4","6","6","2","1","9","3","4","2","12","3","10","3","1","B03","7","6","1","8","2","8","","84","84","1","12","4","120.65746","24.163167","2"
"9801","66000","387130000C","(04)23274275","(04)23288582","2026","2","26","19","29","臺中市","西屯區","0","0","0","7","","","50","","","","","","","","","","","","","","16","","","","","B03","","","1","","1","","","40","40","1","12","4","120.617823","24.188235","3"
"9802","66000","387130000C","(04)23274275","(04)23288582","2026","2","26","19","30","臺中市","沙鹿區","0","0","0","6","","","50","","","","","","","","","","","","","","16","","","","","B03","","","1","","2","","","48","48","1","12","4","120.5641","24.243815","3"
"9803","66000","387130000C","(04)23274275","(04)23288582","2026","2","26","19","31","臺中市","南區","0","0","0","7","","","50","","","","","","","","","","","","","","","","","","","B03","","","1","","2","","","8","8","1","12","4","120.648074","24.118581","3"
"9804","66000","387130000C","(04)23274275","(04)23288582","2026","2","26","19","31","臺中市","烏日區","0","0","0","7","","","50","","","","","","","","","","","","","","","","","","","B03","","","1","","1","","","49","49","2","13","4","120.608948","24.107371","3"
"9805","66000","387130000C","(04)23274275","(04)23288582","2026","2","26","19","31","臺中市","豐原區","0","1","0","7","1","6","50","13","9","1","5","4","6","6","4","4","1","5","5","1","13","2","9","1","1","C03","7","4","1","10","2","11","","7","7","1","12","4","120.710266","24.246765","2"
"9806","66000","387130000C","(04)23274275","(04)23288582","2026","2","26","19","34","臺中市","大里區","0","1","0","7","1","6","50","4","2","1","5","4","6","6","4","4","10","5","5","2","16","3","10","5","4","B03","7","6","1","7","2","4","","83","83","1","12","4","120.681416","24.076577","2"
"9807","66000","387130000C","(04)23274275","(04)23288582","2026","2","26","19","36","臺中市","北屯區","0","1","0","7","1","6","30","3","2","1","5","4","6","6","4","4","10","5","5","2","13","3","10","1","1","C03","7","9","1","10","1","11","","59","59","1","12","4","120.723864","24.176805","2"
"9808","66000","387130000C","(04)23274275","(04)23288582","2026","2","26","19","36","臺中市","西屯區","0","1","0","7","1","6","50","4","1","1","5","4","6","6","2","1","10","5","5","2","16","3","10","5","4","B03","7","6","1","8","2","5","","11","11","1","12","4","120.645666","24.170073","2"
"9809","66000","387130000C","(04)23274275","(04)23288582","2026","2","26","19","37","臺中市","北區","0","2","0","7","1","6","40","13","8","1","5","4","6","6","4","4","1","4","4","2","17","2","9","5","4","C03","7","15","1","10","2","12","","84","84","1","13","4","120.694582","24.156267","2"
"9810","66000","387130000C","(04)23274275","(04)23288582","2026","2","26","19","41","臺中市","北屯區","0","1","0","7","1","6","50","3","1","1","5","4","6","6","4","4","1","4","5","2","16","3","10","3","1","B03","7","5","1","8","2","5","","20","20","1","12","4","120.69649","24.170733","2"
"9811","66000","387130000C","(04)23274275","(04)23288582","2026","2","26","19","44","臺中市","南屯區","0","1","0","7","1","6","50","13","7","1","5","4","6","6","1","1","5","5","4","2","12","3","10","3","1","B03","7","9","1","8","2","6","","8","8","1","12","4","120.636745","24.145173","2"
"9812","66000","387130000C","(04)23274275","(04)23288582","2026","2","26","19","45","臺中市","北屯區","0","0","0","7","","","50","","","","","","","","","","","","","","12","","","","","","","","","","","","","119","119","1","","","120.687011","24.185451","3"
"9813","66000","387130000C","(04)23274275","(04)23288582","2026","2","26","19","46","臺中市","龍井區","0","0","0","7","","","50","","","","","","","","","","","","","","15","","","","","F03","","","7","","2","","","84","84","1","6","4","120.522891","24.211121","3"
"9814","66000","387130000C","(04)23274275","(04)23288582","2026","2","26","19","55","臺中市","潭子區","0","2","0","6","3","6","40","4","4","1","5","4","6","6","1","1","1","4","4","1","13","2","9","2","1","C03","7","9","3","19","2","11","","84","84","1","13","4","120.706119","24.220546","2"
"9815","66000","387130000C","(04)23274275","(04)23288582","2026","2","26","19","59","臺中市","北屯區","0","1","0","7","1","6","50","4","1","1","5","4","6","6","2","1","10","5","5","2","13","2","7","2","1","C03","7","9","2","19","2","12","","7","7","1","12","4","120.664224","24.185572","2"
"9816","66000","387130000C","(04)23274275","(04)23288582","2026","2","26","19","59","臺中市","大肚區","0","0","0","7","","","50","","","","","","","","","","","","","","12","","","","","B03","","","1","","2","","","8","8","1","6","4","120.581113","24.173357","3"
"9817","66000","387130000C","(04)23274275","(04)23288582","2026","2","26","20","0","臺中市","北屯區","0","0","0","7","","","50","","","","","","","","","","","","","","17","","","","","B03","","","1","","2","","","84","84","1","6","4","120.672006","24.175598","3"
"9818","66000","387130000C","(04)23274275","(04)23288582","2026","2","26","20","4","臺中市","西區","0","0","0","6","","","30","","","","","","","","","","","","","","","","","","","B03","","","1","","1","","","84","84","1","12","4","120.658138","24.146155","3"
"9819","66000","387130000C","(04)23274275","(04)23288582","2026","2","26","20","6","臺中市","外埔區","0","0","0","7","","","50","","","","","","","","","","","","","","16","","","","","B03","","","1","","2","","","84","84","1","12","4","120.639309","24.344218","3"
"9820","66000","387130000C","(04)23274275","(04)23288582","2026","2","26","20","7","臺中市","南屯區","0","0","0","7","","","50","","","","","","","","","","","","","","17","","","","","B03","","","1","","1","","","84","84","1","12","4","120.632834","24.137286","3"
"9821","66000","387130000C","(04)23274275","(04)23288582","2026","2","26","20","7","臺中市","龍井區","0","2","0","7","1","6","30","3","2","1","5","4","6","6","4","4","10","5","5","2","16","2","9","1","1","C03","7","6","1","10","2","14","","14","14","1","6","2","120.589805","24.179474","2"
"9822","66000","387130000C","(04)23274275","(04)23288582","2026","2","26","20","8","臺中市","清水區","0","0","0","7","","","70","","","","","","","","","","","","","","","","","","","B12","","","1","","2","","","84","84","1","12","4","120.592202","24.304409","3"
"9823","66000","387130000C","(04)23274275","(04)23288582","2026","2","26","20","13","臺中市","龍井區","0","0","0","7","","","50","","","","","","","","","","","","","","13","","","","","B03","","","1","","2","","","59","59","1","6","4","120.592576","24.182926","3"
"9824","66000","387130000C","(04)23274275","(04)23288582","2026","2","26","20","14","臺中市","烏日區","0","0","0","7","1","6","40","4","1","1","5","4","6","6","4","4","10","5","5","2","15","3","10","3","1","B03","7","9","1","7","2","5","","20","20","1","6","4","120.632413","24.078368","3"
"9825","66000","387130000C","(04)23274275","(04)23288582","2026","2","26","20","20","臺中市","龍井區","0","2","0","7","1","6","30","3","1","1","5","4","6","6","4","4","10","5","5","2","16","2","9","1","1","C03","7","6","1","10","2","11","","48","48","1","6","4","120.578023","24.180503","2"
"9826","66000","387130000C","(04)23274275","(04)23288582","2026","2","26","20","27","臺中市","南屯區","0","0","0","7","","","50","","","","","","","","","","","","","","35","","","","","B03","","","1","","1","","","76","76","1","12","4","120.643894","24.136671","4"
"9827","66000","387130000C","(04)23274275","(04)23288582","2026","2","26","20","28","臺中市","西屯區","0","0","0","7","","","50","","","","","","","","","","","","","","9","","","","","B03","","","1","","1","","","51","51","1","13","4","120.651029","24.177133","3"
"9828","66000","387130000C","(04)23274275","(04)23288582","2026","2","26","20","29","臺中市","北區","0","0","0","7","","","50","","","","","","","","","","","","","","17","","","","","B03","","","1","","1","","","84","84","1","13","4","120.692954","24.157211","3"
"9829","66000","387130000C","(04)23274275","(04)23288582","2026","2","26","20","29","臺中市","太平區","0","1","0","7","1","6","50","4","1","1","5","4","6","6","2","1","10","5","5","2","16","3","10","3","1","B03","7","6","1","8","2","1","","11","11","1","12","4","120.713906","24.145014","2"
"9830","66000","387130000C","(04)23274275","(04)23288582","2026","2","26","20","30","臺中市","南區","0","0","0","7","","","30","","","","","","","","","","","","","","","","","","","C03","","","1","","2","","","84","84","1","13","4","120.683068","24.130133","3"
"9831","66000","387130000C","(04)23274275","(04)23288582","2026","2","26","20","33","臺中市","南區","0","0","0","7","","","50","","","","","","","","","","","","","","","","","","","C03","","","1","","1","","","8","8","1","13","4","120.673951","24.129152","3"
"9832","66000","387130000C","(04)23274275","(04)23288582","2026","2","26","20","38","臺中市","西屯區","0","0","0","7","","","50","","","","","","","","","","","","","","12","","","","","B03","","","1","","1","","","40","40","1","12","4","120.636709","24.171106","3"
"9833","66000","387130000C","(04)23274275","(04)23288582","2026","2","26","20","38","臺中市","沙鹿區","0","0","0","7","","","1","","","","","","","","","","","","","","12","","","","","B03","","","1","","1","","","51","51","1","6","4","120.599647","24.254052","3"
"9834","66000","387130000C","(04)23274275","(04)23288582","2026","2","26","20","45","臺中市","北區","0","2","0","7","1","6","50","4","4","1","5","4","6","6","1","1","1","4","5","2","13","2","9","1","1","C03","7","9","1","10","2","11","","7","7","1","13","4","120.68519","24.166937","2"
"9835","66000","387130000C","(04)23274275","(04)23288582","2026","2","26","20","51","臺中市","大里區","0","1","0","7","1","6","30","11","9","1","5","4","6","6","4","4","10","5","5","2","11","3","10","1","1","C03","7","1","1","10","2","14","","51","51","1","12","4","120.711762","24.087308","2"
"9836","66000","387130000C","(04)23274275","(04)23288582","2026","2","26","21","6","臺中市","北屯區","0","1","0","7","1","6","50","13","9","1","5","4","6","6","4","4","5","5","5","2","9","3","10","3","1","B03","7","5","1","8","2","2","1","84","84","1","12","4","120.682686","24.177676","2"
"9837","66000","387130000C","(04)23274275","(04)23288582","2026","2","26","21","7","臺中市","豐原區","0","1","0","7","1","6","50","4","1","1","5","4","6","6","1","1","5","4","5","2","16","3","10","5","4","B03","7","6","1","8","2","1","","11","11","1","13","4","120.720812","24.228892","2"
"9838","66000","387130000C","(04)23274275","(04)23288582","2026","2","26","21","12","臺中市","北屯區","0","2","0","7","1","6","50","4","2","1","5","4","6","6","2","1","1","4","5","2","13","3","10","1","1","C03","7","9","1","10","2","11","","7","7","1","12","4","120.679473","24.172796","2"
"9839","66000","387130000C","(04)23274275","(04)23288582","2026","2","26","21","15","臺中市","北區","0","3","0","7","1","6","50","4","9","1","5","4","6","6","4","4","5","5","5","2","13","2","9","5","4","C03","7","12","1","10","2","11","","7","7","1","13","4","120.682318","24.163985","2"
"9840","66000","387130000C","(04)23274275","(04)23288582","2026","2","26","21","26","臺中市","大里區","0","0","0","7","","","30","","","","","","","","","","","","","","","","","","","C03","","","1","","9","","","49","49","2","12","4","120.681487","24.102832","3"
"9841","66000","387130000C","(04)23274275","(04)23288582","2026","2","26","21","28","臺中市","南屯區","0","1","0","7","1","6","50","4","2","1","5","4","6","6","2","1","1","2","4","2","17","3","10","3","1","B03","7","9","1","8","2","5","","21","21","1","6","4","120.632269","24.145338","2"
"9842","66000","387130000C","(04)23274275","(04)23288582","2026","2","26","21","30","臺中市","西區","0","0","0","7","","","50","","","","","","","","","","","","","","12","","","","","B02","","","1","","1","","","85","85","1","12","4","120.657242","24.150853","3"
"9843","66000","387130000C","(04)23274275","(04)23288582","2026","2","26","21","38","臺中市","太平區","0","0","0","7","2","6","50","4","1","1","5","4","6","6","2","1","1","5","5","2","16","","","","","B03","","","1","","2","","","25","25","1","12","4","120.715494","24.151967","3"
"9844","66000","387130000C","(04)23274275","(04)23288582","2026","2","26","21","44","臺中市","梧棲區","0","0","0","7","","","70","","","","","","","","","","","","","","13","","","","","B03","","","1","","1","","","7","7","1","6","4","120.524824","24.254524","4"
"9845","66000","387130000C","(04)23274275","(04)23288582","2026","2","26","21","45","臺中市","沙鹿區","0","2","0","7","1","6","60","3","1","1","5","4","6","6","1","1","10","5","5","2","16","2","9","3","1","B03","7","9","1","8","2","1","","21","21","1","6","4","120.575288","24.247375","2"
"9846","66000","387130000C","(04)23274275","(04)23288582","2026","2","26","21","48","臺中市","中區","0","1","0","7","1","6","50","4","1","1","5","4","6","6","1","1","9","5","5","2","17","3","10","1","1","C03","7","7","1","10","2","16","","40","40","1","13","4","120.677215","24.14021","2"
"9847","66000","387130000C","(04)23274275","(04)23288582","2026","2","26","21","49","臺中市","南區","0","1","0","7","1","6","50","4","1","1","5","4","6","6","4","4","10","5","5","2","17","3","10","5","4","F01","7","1","7","21","2","11","","51","51","1","12","4","120.650225","24.115865","2"
"9848","66000","387130000C","(04)23274275","(04)23288582","2026","2","26","21","50","臺中市","大里區","0","1","0","7","1","6","50","13","11","1","5","4","6","6","4","4","1","5","5","1","13","2","9","1","1","C03","7","9","1","10","2","11","12","7","7","1","6","4","120.688338","24.093952","2"
"9849","66000","387130000C","(04)23274275","(04)23288582","2026","2","26","21","56","臺中市","南屯區","0","1","0","7","2","6","50","4","1","1","5","4","6","6","1","1","9","4","1","2","12","3","10","3","1","B03","7","5","1","8","2","2","","11","11","1","12","4","120.623527","24.14523","2"
"9850","66000","387130000C","(04)23274275","(04)23288582","2026","2","26","21","56","臺中市","沙鹿區","0","1","0","7","1","6","50","3","1","1","5","4","6","6","1","1","10","5","5","2","17","4","11","2","1","C03","7","9","1","10","11","11","","21","21","2","6","4","120.575768","24.252032","2"
"9851","66000","387130000C","(04)23274275","(04)23288582","2026","2","26","22","0","臺中市","東區","0","0","0","7","","","50","","","","","","","","","","","","","","17","","","","","C03","","","1","","9","","","49","49","1","6","4","120.692235","24.129587","3"
"9852","66000","387130000C","(04)23274275","(04)23288582","2026","2","26","22","3","臺中市","西區","0","0","0","7","","","50","","","","","","","","","","","","","","12","","","","","C03","","","1","","2","","","1","1","1","12","4","120.671785","24.151568","4"
"9853","66000","387130000C","(04)23274275","(04)23288582","2026","2","26","22","4","臺中市","南屯區","0","0","0","7","","","50","","","","","","","","","","","","","","13","","","","","B03","","","1","","1","","","58","58","1","6","4","120.646378","24.132176","3"
"9854","66000","387130000C","(04)23274275","(04)23288582","2026","2","26","22","8","臺中市","北屯區","0","1","0","7","1","6","50","4","1","1","5","4","6","6","2","1","10","5","5","2","16","2","9","2","1","C03","7","4","1","10","2","14","","84","84","1","12","4","120.690872","24.163091","2"
"9855","66000","387130000C","(04)23274275","(04)23288582","2026","2","26","22","10","臺中市","南屯區","0","2","0","7","1","6","50","3","1","1","5","4","6","6","4","4","10","5","5","2","17","2","9","2","1","C03","7","9","1","10","2","11","","4","4","1","13","4","120.640728","24.133408","2"
"9856","66000","387130000C","(04)23274275","(04)23288582","2026","2","26","22","15","臺中市","北區","0","1","0","7","1","6","50","4","2","1","5","4","6","6","1","1","5","5","5","2","17","2","8","5","1","C03","7","9","1","10","2","14","","42","42","1","13","4","120.695659","24.160821","2"
"9857","66000","387130000C","(04)23274275","(04)23288582","2026","2","26","22","40","臺中市","大雅區","0","0","0","7","","","30","","","","","","","","","","","","","","","","","","","B03","","","1","","1","","","87","87","1","13","4","120.671184","24.222201","3"
"9858","66000","387130000C","(04)23274275","(04)23288582","2026","2","26","22","48","臺中市","豐原區","0","0","0","7","","","50","","","","","","","","","","","","","","13","","","","","B03","","","1","","2","","","7","7","1","12","4","120.749788","24.26908","3"
"9859","66000","387130000C","(04)23274275","(04)23288582","2026","2","26","22","57","臺中市","大雅區","0","2","0","7","1","6","50","5","2","1","5","4","6","6","1","1","4","1","5","1","11","2","8","1","4","C03","7","6","1","10","2","11","","48","48","1","12","4","120.653784","24.231071","2"
"9860","66000","387130000C","(04)23274275","(04)23288582","2026","2","26","23","18","臺中市","西屯區","0","1","0","7","1","6","50","13","9","1","5","4","6","6","4","4","9","5","5","1","12","3","10","5","4","B03","7","1","1","8","2","8","","51","51","1","13","4","120.661547","24.170754","2"
"9861","66000","387130000C","(04)23274275","(04)23288582","2026","2","26","23","27","臺中市","東區","0","1","0","7","1","6","40","13","8","1","5","4","6","6","4","4","9","5","4","2","17","2","9","2","1","C03","7","9","1","10","2","11","","84","84","1","12","4","120.700028","24.140763","2"
"9862","66000","387130000C","(04)23274275","(04)23288582","2026","2","26","23","42","臺中市","北屯區","0","0","0","7","","","50","","","","","","","","","","","","","","13","","","","","C03","","","1","9","1","","","7","7","1","12","4","120.687702","24.17235","3"
"9863","66000","387130000C","(04)23274275","(04)23288582","2026","2","26","23","55","臺中市","霧峰區","0","1","0","7","1","6","40","13","8","1","5","4","6","6","4","4","1","4","4","1","13","3","10","3","1","B03","7","9","1","8","2","1","","84","84","1","6","4","120.696311","24.067512","2"
"9864","66000","387130000C","(04)23274275","(04)23288582","2026","2","27","0","28","臺中市","大肚區","0","1","0","7","1","6","50","11","9","1","5","4","6","6","4","4","4","3","5","1","23","3","10","3","1","B02","7","5","1","8","2","1","","84","84","1","6","4","120.557144","24.160693","2"
"9865","66000","387130000C","(04)23274275","(04)23288582","2026","2","27","0","35","臺中市","西屯區","0","1","0","7","1","6","40","13","8","1","5","4","6","6","4","4","1","5","1","1","23","2","9","5","4","C03","7","9","1","10","8","11","","53","53","1","12","4","120.615866","24.183037","2"
"9866","66000","387130000C","(04)23274275","(04)23288582","2026","2","27","0","38","臺中市","西屯區","0","2","0","7","1","6","30","4","1","1","5","4","6","6","4","4","10","5","5","2","16","2","9","5","1","C03","7","6","1","10","2","11","","14","14","1","12","4","120.650267","24.166727","2"
"9867","66000","387130000C","(04)23274275","(04)23288582","2026","2","27","0","55","臺中市","豐原區","0","1","0","6","1","6","40","4","1","1","5","4","6","6","1","1","5","4","5","1","12","2","9","5","4","C03","7","4","1","10","2","14","","1","1","1","13","4","120.725389","24.233649","2"
"9868","66000","387130000C","(04)23274275","(04)23288582","2026","2","27","0","56","臺中市","西屯區","0","1","0","7","1","6","50","4","1","1","5","4","6","6","1","1","10","5","5","2","16","3","10","5","4","B03","7","5","1","8","2","2","","11","11","1","12","4","120.647959","24.169758","2"
"9869","66000","387130000C","(04)23274275","(04)23288582","2026","2","27","1","29","臺中市","北屯區","0","0","0","7","","","50","","","","","","","","","","","","","","12","","","","","B03","","","1","","2","","","59","59","1","12","4","120.697078","24.160934","3"
"9870","66000","387130000C","(04)23274275","(04)23288582","2026","2","27","1","44","臺中市","北區","0","1","0","7","1","6","50","4","1","1","5","4","6","6","1","1","5","4","5","2","16","3","10","3","1","B03","7","6","5","19","2","8","","23","23","1","12","4","120.684439","24.142374","2"
"9871","66000","387130000C","(04)23274275","(04)23288582","2026","2","27","2","4","臺中市","中區","0","0","0","7","","","50","","","","","","","","","","","","","","17","","","","","B03","","","1","","2","","","84","84","1","13","4","120.678774","24.142902","3"
"9872","66000","387130000C","(04)23274275","(04)23288582","2026","2","27","2","36","臺中市","太平區","0","0","0","7","1","6","50","13","9","1","5","4","6","6","4","4","5","5","4","1","11","3","10","3","1","B03","7","9","1","8","9","8","","39","39","1","12","4","120.731137","24.150301","3"
"9873","66000","387130000C","(04)23274275","(04)23288582","2026","2","27","2","40","臺中市","北屯區","0","0","0","7","","","50","","","","","","","","","","","","","","13","","","","","B03","","","1","8","1","","","7","7","1","12","4","120.690639","24.171185","3"
"9874","66000","387130000C","(04)23274275","(04)23288582","2026","2","27","3","30","臺中市","西區","0","0","0","7","1","6","50","5","2","1","5","4","6","6","1","1","9","4","5","2","13","3","10","3","1","B03","7","9","1","8","8","5","","53","53","1","12","4","120.671391","24.152214","3"
"9875","66000","387130000C","(04)23274275","(04)23288582","2026","2","27","5","5","臺中市","太平區","0","0","0","7","2","6","50","13","9","1","5","4","6","6","4","4","9","5","5","2","17","","","","","B03","","","1","","2","","","84","84","1","12","4","120.716151","24.148131","3"
"9876","66000","387130000C","(04)23274275","(04)23288582","2026","2","27","5","15","臺中市","西屯區","0","1","0","5","1","6","50","11","7","1","4","4","6","6","4","4","5","4","4","2","12","3","10","5","4","B03","7","9","5","19","2","5","","84","84","1","12","4","120.607046","24.16896","2"
"9877","66000","387130000C","(04)23274275","(04)23288582","2026","2","27","5","33","臺中市","西屯區","0","1","0","5","1","6","50","13","9","1","4","4","6","6","2","1","1","2","5","1","12","2","9","5","4","C03","7","7","1","10","2","12","","35","35","1","12","4","120.655377","24.200004","2"
"9878","66000","387130000C","(04)23274275","(04)23288582","2026","2","27","6","4","臺中市","烏日區","0","2","0","7","2","6","40","3","2","1","5","4","6","6","1","1","1","4","4","2","13","2","9","5","4","C03","7","9","1","10","2","11","","59","59","1","13","4","120.641718","24.115357","2"
"9879","66000","387130000C","(04)23274275","(04)23288582","2026","2","27","6","19","臺中市","北屯區","0","1","0","7","2","6","50","4","1","1","4","4","6","6","1","1","5","5","5","2","17","2","9","1","1","C03","7","9","1","10","2","14","","84","84","1","12","4","120.724241","24.166865","2"
"9880","66000","387130000C","(04)23274275","(04)23288582","2026","2","27","6","27","臺中市","東勢區","0","1","0","5","2","6","60","13","8","1","4","4","6","6","1","1","1","4","4","1","18","2","9","5","4","C03","7","9","3","19","2","12","","59","59","1","13","4","120.824755","24.256901","2"
"9881","66000","387130000C","(04)23274275","(04)23288582","2026","2","27","6","28","臺中市","西屯區","0","2","0","5","1","6","50","3","2","1","4","4","6","6","1","1","10","5","5","2","16","2","9","5","1","C03","7","9","1","10","2","11","","21","21","1","12","4","120.662954","24.163813","2"
"9882","66000","387130000C","(04)23274275","(04)23288582","2026","2","27","7","8","臺中市","外埔區","0","2","0","6","3","6","50","3","1","1","4","4","6","6","4","4","5","5","5","1","16","2","9","1","1","C03","7","6","5","10","8","11","","39","39","1","6","4","120.634674","24.330903","2"