序號,縣市別代碼,機關代碼,市話,傳真,年,月,日,時,分,縣市,區,死亡數量,受傷數量,2-30,天候,道路照明設備,道路類別,道路速限,道路型態,事故位置,路面鋪裝,路面狀態,路面缺陷,障礙物,視距,號誌種類,號誌動作,分向設施,快車道或一般車道間,快慢車道間,路面邊線,事故類型及型態,受傷程度,主要傷處,保護裝備,行動電話或功能裝置,當事者區分(類別),車輛用途,當事者行動狀態,駕照狀態,駕照種類,飲酒情形,車輛撞擊部位最初,車輛撞擊部位其他,肇事因素個別,肇事因素主要,肇事逃逸,職業,共享經濟或外送平台,GPS座標X,GPS座標Y,事故類別
"9883","66000","387130000C","(04)23274275","(04)23288582","2026","2","27","7","33","臺中市","南區","0","1","0","7","2","6","50","3","1","1","5","4","6","6","4","4","10","5","5","2","18","2","9","1","1","C03","7","5","1","10","2","12","","87","87","1","12","4","120.663441","24.127224","2"
"9884","66000","387130000C","(04)23274275","(04)23288582","2026","2","27","7","33","臺中市","北屯區","0","2","0","7","2","6","30","3","1","1","5","4","6","6","4","4","1","4","5","2","17","2","9","1","1","C03","7","5","2","19","2","14","","13","13","1","12","4","120.685384","24.167379","2"
"9885","66000","387130000C","(04)23274275","(04)23288582","2026","2","27","7","34","臺中市","梧棲區","0","0","0","7","","","30","","","","","","","","","","","","","","13","","","","","C03","","","1","","2","","","59","59","1","6","4","120.535102","24.223143","3"
"9886","66000","387130000C","(04)23274275","(04)23288582","2026","2","27","7","40","臺中市","豐原區","0","1","0","6","2","6","50","4","2","1","5","4","6","6","1","1","1","4","4","1","17","2","8","1","1","C03","7","9","1","10","2","11","12","84","84","1","13","4","120.742371","24.263644","2"
"9887","66000","387130000C","(04)23274275","(04)23288582","2026","2","27","7","41","臺中市","南屯區","0","1","0","7","3","6","30","13","9","1","5","4","6","6","4","4","10","5","5","2","12","3","10","3","1","B03","7","9","1","8","2","2","","8","8","1","12","4","120.638923","24.137752","2"
"9888","66000","387130000C","(04)23274275","(04)23288582","2026","2","27","7","48","臺中市","東區","0","1","0","6","2","6","50","5","1","1","5","4","6","6","2","1","10","5","5","2","17","3","10","3","1","B03","7","6","1","8","2","16","","11","11","1","12","4","120.694389","24.142821","2"
"9889","66000","387130000C","(04)23274275","(04)23288582","2026","2","27","7","50","臺中市","西區","0","1","0","6","2","6","30","4","1","1","4","4","6","6","4","4","10","5","5","2","15","2","9","2","1","C03","7","9","1","10","2","11","","15","15","1","13","4","120.660523","24.135848","2"
"9890","66000","387130000C","(04)23274275","(04)23288582","2026","2","27","7","50","臺中市","沙鹿區","0","1","0","7","2","6","50","3","1","1","5","4","6","6","4","4","10","5","5","2","16","2","9","2","1","C03","7","6","1","10","2","14","","48","48","1","6","4","120.556306","24.228317","2"
"9891","66000","387130000C","(04)23274275","(04)23288582","2026","2","27","7","58","臺中市","南屯區","0","1","0","7","2","6","30","3","1","1","5","4","6","6","4","4","9","5","5","2","11","3","10","3","1","B12","7","6","1","8","2","1","","11","11","1","12","4","120.615024","24.15339","2"
"9892","66000","387130000C","(04)23274275","(04)23288582","2026","2","27","8","9","臺中市","北屯區","0","0","0","7","","","30","","","","","","","","","","","","","","15","","","","","B03","","","1","","2","","","12","12","1","6","4","120.687818","24.193856","3"
"9893","66000","387130000C","(04)23274275","(04)23288582","2026","2","27","8","11","臺中市","南區","0","0","0","7","","","50","","","","","","","","","","","","","","","","","","","C03","","","1","","2","","","7","7","1","6","4","120.649091","24.122126","4"
"9894","66000","387130000C","(04)23274275","(04)23288582","2026","2","27","8","34","臺中市","東區","0","1","0","7","1","6","50","3","2","1","5","4","6","6","4","4","9","4","5","2","12","2","9","1","1","C03","7","9","1","10","2","14","","7","7","1","12","4","120.698063","24.142776","2"
"9895","66000","387130000C","(04)23274275","(04)23288582","2026","2","27","8","38","臺中市","西屯區","0","1","0","7","2","6","50","13","9","1","5","4","6","6","4","4","1","4","5","2","13","2","9","1","1","C03","7","9","1","9","2","11","14","7","7","1","12","4","120.659206","24.193679","2"
"9896","66000","387130000C","(04)23274275","(04)23288582","2026","2","27","8","44","臺中市","大甲區","0","1","0","5","2","6","50","4","1","1","4","4","6","6","1","1","10","5","5","2","16","2","8","2","1","F03","7","6","7","21","2","11","","23","23","1","6","4","120.623145","24.35179","2"
"9897","66000","387130000C","(04)23274275","(04)23288582","2026","2","27","8","45","臺中市","西屯區","0","0","0","7","","","60","","","","","","","","","","","","","","16","","","","","B12","","","1","","1","","","47","47","1","12","4","120.635021","24.161207","3"
"9898","66000","387130000C","(04)23274275","(04)23288582","2026","2","27","8","45","臺中市","沙鹿區","0","0","0","7","","","30","","","","","","","","","","","","","","12","","","","","G06","","","7","","1","","","59","59","1","13","4","120.558499","24.236863","4"
"9899","66000","387130000C","(04)23274275","(04)23288582","2026","2","27","8","46","臺中市","南屯區","0","2","0","7","3","6","40","13","7","1","5","4","6","6","4","4","9","5","4","2","16","2","9","2","1","C03","7","6","3","19","2","14","","48","48","1","13","4","120.611912","24.136478","2"
"9900","66000","387130000C","(04)23274275","(04)23288582","2026","2","27","8","51","臺中市","北屯區","0","1","0","7","2","6","50","4","1","1","5","4","6","6","1","1","10","5","5","2","15","3","10","3","1","B03","7","9","1","8","2","4","","21","21","1","6","4","120.693514","24.181462","2"
"9901","66000","387130000C","(04)23274275","(04)23288582","2026","2","27","8","59","臺中市","西屯區","0","1","0","7","2","6","50","3","1","1","5","4","6","6","4","4","5","5","4","2","16","2","9","1","1","C03","7","4","1","10","2","12","","7","7","1","12","4","120.644047","24.17868","2"
"9902","66000","387130000C","(04)23274275","(04)23288582","2026","2","27","9","1","臺中市","龍井區","0","0","0","5","","","60","","","","","","","","","","","","","","","","","","","B03","","","1","","2","","","7","7","1","12","4","120.5375","24.219428","3"
"9903","66000","387130000C","(04)23274275","(04)23288582","2026","2","27","9","2","臺中市","石岡區","0","0","0","5","","","70","","","","","","","","","","","","","","","","","","","B03","","","1","","1","","","51","51","1","13","4","120.804822","24.267198","3"
"9904","66000","387130000C","(04)23274275","(04)23288582","2026","2","27","9","10","臺中市","東區","0","0","0","7","","","50","","","","","","","","","","","","","","","","","","","C03","","","1","","1","","","51","51","1","12","4","120.695021","24.134829","3"
"9905","66000","387130000C","(04)23274275","(04)23288582","2026","2","27","9","13","臺中市","北屯區","0","1","0","6","2","6","30","3","1","1","5","4","6","6","4","4","10","5","5","2","16","3","10","3","1","B03","7","6","1","8","2","1","","14","14","1","6","4","120.733925","24.173099","2"
"9906","66000","387130000C","(04)23274275","(04)23288582","2026","2","27","9","13","臺中市","西屯區","0","1","0","6","2","6","50","13","9","1","5","4","6","6","4","4","5","5","5","2","9","3","10","6","5","H04","8","21","7","21","2","17","","109","109","1","13","5","120.664358","24.171757","2"
"9907","66000","387130000C","(04)23274275","(04)23288582","2026","2","27","9","15","臺中市","東區","0","0","0","7","","","50","","","","","","","","","","","","","","17","","","","","B03","","","1","","2","","","56","56","1","12","4","120.706051","24.141029","3"
"9908","66000","387130000C","(04)23274275","(04)23288582","2026","2","27","9","16","臺中市","大里區","0","1","0","6","2","6","50","13","9","1","5","4","6","6","4","4","10","5","5","2","17","2","9","4","1","F02","7","9","7","21","11","11","","59","59","1","12","4","120.702066","24.084732","2"
"9909","66000","387130000C","(04)23274275","(04)23288582","2026","2","27","9","20","臺中市","西屯區","0","0","0","5","","","50","","","","","","","","","","","","","","12","","","","","B12","","","1","","1","","","84","84","2","12","4","120.65053","24.210327","3"
"9910","66000","387130000C","(04)23274275","(04)23288582","2026","2","27","9","23","臺中市","大里區","0","1","0","6","2","6","50","5","2","1","5","4","6","6","1","1","10","5","5","2","12","2","9","2","1","C03","7","9","1","10","2","14","","85","85","1","12","4","120.690184","24.112973","2"
"9911","66000","387130000C","(04)23274275","(04)23288582","2026","2","27","9","23","臺中市","東勢區","0","0","0","5","","","40","","","","","","","","","","","","","","","","","","","B03","","","1","","2","","","55","55","1","13","4","120.792531","24.285457","3"
"9912","66000","387130000C","(04)23274275","(04)23288582","2026","2","27","9","24","臺中市","西屯區","0","0","0","7","","","50","","","","","","","","","","","","","","12","","","","","B03","","","1","","1","","","84","84","1","12","4","120.619393","24.184496","3"
"9913","66000","387130000C","(04)23274275","(04)23288582","2026","2","27","9","30","臺中市","烏日區","0","0","0","7","2","6","40","13","9","1","5","4","6","6","4","4","10","5","5","2","12","3","10","5","4","B03","7","1","1","8","9","2","6","51","51","2","6","4","120.638821","24.111909","3"
"9914","66000","387130000C","(04)23274275","(04)23288582","2026","2","27","9","31","臺中市","烏日區","0","1","0","7","2","6","40","5","1","1","5","4","6","6","2","1","5","5","5","2","16","3","10","3","1","B03","7","5","1","8","2","2","","84","84","1","6","4","120.644487","24.093197","2"
"9915","66000","387130000C","(04)23274275","(04)23288582","2026","2","27","9","33","臺中市","大里區","0","1","0","6","2","6","40","13","7","1","5","4","6","6","4","4","1","4","4","1","17","2","9","5","4","C03","7","6","1","10","2","13","","84","84","1","13","4","120.695023","24.088935","2"
"9916","66000","387130000C","(04)23274275","(04)23288582","2026","2","27","9","33","臺中市","石岡區","0","0","0","7","","","50","","","","","","","","","","","","","","17","","","","","B03","","","1","","2","","","84","84","1","12","4","120.77696","24.275609","3"
"9917","66000","387130000C","(04)23274275","(04)23288582","2026","2","27","9","35","臺中市","東勢區","0","0","0","5","","","40","","","","","","","","","","","","","","","","","","","B03","","","1","","2","","","83","83","1","13","4","120.831176","24.259829","3"
"9918","66000","387130000C","(04)23274275","(04)23288582","2026","2","27","9","36","臺中市","大甲區","0","0","0","5","","","50","","","","","","","","","","","","","","","","","","","B03","","","3","","3","","","15","15","1","6","4","120.616428","24.348449","3"
"9919","66000","387130000C","(04)23274275","(04)23288582","2026","2","27","9","37","臺中市","潭子區","0","0","0","6","","","50","","","","","","","","","","","","","","13","","","","","B03","","","1","","2","","","7","7","1","13","4","120.700691","24.21301","3"
"9920","66000","387130000C","(04)23274275","(04)23288582","2026","2","27","9","46","臺中市","豐原區","0","1","0","7","2","6","30","5","1","1","5","4","6","6","4","4","10","5","5","2","15","3","10","3","1","B03","7","9","1","8","2","4","","12","12","1","13","4","120.718801","24.252528","2"
"9921","66000","387130000C","(04)23274275","(04)23288582","2026","2","27","9","57","臺中市","西區","0","1","0","6","2","6","40","13","8","1","5","4","6","6","4","4","1","4","4","2","18","2","9","2","1","C03","7","9","1","10","2","12","","84","84","1","12","4","120.662057","24.161053","2"
"9922","66000","387130000C","(04)23274275","(04)23288582","2026","2","27","10","0","臺中市","西區","0","0","0","7","","","50","","","","","","","","","","","","","","13","","","","","B03","","","1","","9","","","7","7","1","12","4","120.672741","24.135881","3"
"9923","66000","387130000C","(04)23274275","(04)23288582","2026","2","27","10","0","臺中市","南屯區","0","0","0","5","3","6","60","13","7","1","5","4","6","6","1","1","1","2","1","2","13","","","","","A11","","","1","","1","","","7","7","1","12","4","120.623194","24.140449","3"
"9924","66000","387130000C","(04)23274275","(04)23288582","2026","2","27","10","1","臺中市","西區","0","0","0","6","","","50","","","","","","","","","","","","","","","","","","","C03","","","1","","10","","","84","84","1","12","4","120.66423","24.132051","3"
"9925","66000","387130000C","(04)23274275","(04)23288582","2026","2","27","10","6","臺中市","大雅區","0","1","0","7","2","6","60","4","1","1","5","4","6","6","2","1","1","5","5","1","16","3","10","3","1","B03","7","6","1","8","3","5","","48","48","1","12","4","120.645263","24.225553","2"
"9926","66000","387130000C","(04)23274275","(04)23288582","2026","2","27","10","8","臺中市","西區","0","0","0","5","","","50","","","","","","","","","","","","","","13","","","","","C03","","","1","","1","","","7","7","1","13","4","120.672422","24.135585","3"
"9927","66000","387130000C","(04)23274275","(04)23288582","2026","2","27","10","8","臺中市","北屯區","0","1","0","5","2","6","50","13","8","1","4","4","6","6","4","4","1","4","4","2","17","3","10","3","1","B03","7","7","1","8","2","2","","84","84","1","12","4","120.663307","24.186538","2"
"9928","66000","387130000C","(04)23274275","(04)23288582","2026","2","27","10","9","臺中市","北區","0","0","0","5","","","30","","","","","","","","","","","","","","","","","","","A12","","","1","","2","","","7","7","1","8","4","120.670043","24.168212","4"
"9929","66000","387130000C","(04)23274275","(04)23288582","2026","2","27","10","9","臺中市","大里區","0","0","0","6","","","50","","","","","","","","","","","","","","","","","","","B03","","","1","","2","","","7","7","1","12","4","120.674812","24.102936","3"
"9930","66000","387130000C","(04)23274275","(04)23288582","2026","2","27","10","9","臺中市","烏日區","0","1","0","5","2","6","50","13","9","1","4","4","6","6","4","4","5","4","4","2","18","2","9","5","4","C03","7","9","1","10","6","12","","84","84","1","6","4","120.61175","24.110545","2"
"9931","66000","387130000C","(04)23274275","(04)23288582","2026","2","27","10","12","臺中市","烏日區","0","0","0","7","2","3","80","10","7","1","5","4","6","6","4","4","3","4","5","2","12","","","","","B03","","","1","","1","","","8","8","1","13","4","120.616521","24.107356","3"
"9932","66000","387130000C","(04)23274275","(04)23288582","2026","2","27","10","14","臺中市","西區","0","1","0","7","2","6","50","13","9","1","5","4","6","6","4","4","5","5","4","2","17","3","10","3","1","B03","7","9","3","19","11","4","","8","8","2","12","4","120.670133","24.146631","2"
"9933","66000","387130000C","(04)23274275","(04)23288582","2026","2","27","10","16","臺中市","大肚區","0","1","0","5","2","6","50","13","9","1","4","4","6","6","4","4","5","5","5","1","18","2","9","5","4","C03","7","9","1","10","2","12","","82","82","1","6","4","120.579137","24.169012","2"
"9934","66000","387130000C","(04)23274275","(04)23288582","2026","2","27","10","23","臺中市","烏日區","0","1","0","5","2","6","50","13","9","1","4","4","6","6","4","4","7","5","5","2","17","3","10","5","4","B03","7","1","1","8","1","8","","51","51","1","13","4","120.597363","24.110231","2"
"9935","66000","387130000C","(04)23274275","(04)23288582","2026","2","27","10","26","臺中市","北區","0","1","0","5","2","6","40","13","8","1","4","4","6","6","4","4","1","4","4","2","13","3","10","1","1","C04","7","9","1","10","2","11","","7","7","1","13","1","120.675104","24.149362","2"
"9936","66000","387130000C","(04)23274275","(04)23288582","2026","2","27","10","36","臺中市","太平區","0","1","0","5","2","6","50","13","9","1","4","4","6","6","4","4","5","4","5","1","13","3","10","3","1","B03","7","9","1","8","2","5","","7","7","1","13","4","120.723023","24.118421","2"
"9937","66000","387130000C","(04)23274275","(04)23288582","2026","2","27","10","38","臺中市","北區","0","0","0","7","","","50","","","","","","","","","","","","","","","","","","","B03","","","1","","2","","","84","84","1","12","4","120.682043","24.158147","3"
"9938","66000","387130000C","(04)23274275","(04)23288582","2026","2","27","10","40","臺中市","太平區","0","1","0","5","2","6","50","3","1","1","4","4","6","6","4","4","10","5","5","2","16","3","10","3","1","B01","7","5","1","4","2","2","","20","20","1","12","4","120.724044","24.138546","2"
"9939","66000","387130000C","(04)23274275","(04)23288582","2026","2","27","10","41","臺中市","北區","0","1","0","6","2","6","50","4","1","1","4","4","6","6","1","1","10","5","5","2","17","2","9","1","1","C03","7","9","1","10","2","12","","84","84","1","12","4","120.687248","24.155681","2"
"9940","66000","387130000C","(04)23274275","(04)23288582","2026","2","27","10","42","臺中市","西區","0","1","0","6","2","6","40","13","8","1","5","4","6","6","4","4","1","4","5","2","18","2","9","1","1","C03","7","9","1","10","2","14","","43","43","1","13","4","120.661008","24.159263","2"
"9941","66000","387130000C","(04)23274275","(04)23288582","2026","2","27","10","46","臺中市","北區","0","1","0","7","3","6","50","13","9","1","5","4","6","6","4","4","5","4","5","2","17","3","10","5","4","B03","7","11","1","8","2","4","","45","45","1","13","4","120.674127","24.155577","2"
"9942","66000","387130000C","(04)23274275","(04)23288582","2026","2","27","10","46","臺中市","南屯區","0","0","0","7","","","60","","","","","","","","","","","","","","13","","","","","B03","","","1","","1","","","59","59","1","6","4","120.586977","24.161409","3"
"9943","66000","387130000C","(04)23274275","(04)23288582","2026","2","27","10","47","臺中市","烏日區","0","0","0","6","2","3","80","10","7","1","5","4","6","6","4","4","3","4","5","2","13","","","","","B03","","","1","","1","","","7","7","1","6","4","120.616521","24.107356","3"
"9944","66000","387130000C","(04)23274275","(04)23288582","2026","2","27","10","53","臺中市","西屯區","0","1","0","6","2","6","50","4","1","1","4","4","6","6","2","1","10","5","5","2","16","3","10","3","1","B03","7","6","1","8","2","2","","48","48","1","12","4","120.620175","24.187084","2"
"9945","66000","387130000C","(04)23274275","(04)23288582","2026","2","27","10","55","臺中市","北屯區","0","0","0","7","","","50","","","","","","","","","","","","","","","","","","","B03","","","1","","1","","","7","7","1","6","4","120.693835","24.164938","3"
"9946","66000","387130000C","(04)23274275","(04)23288582","2026","2","27","10","57","臺中市","豐原區","0","1","0","6","2","6","50","4","1","1","5","4","6","6","1","1","5","4","5","1","17","3","10","5","4","B03","7","6","1","8","2","5","","11","11","1","12","4","120.720355","24.265567","2"
"9947","66000","387130000C","(04)23274275","(04)23288582","2026","2","27","10","58","臺中市","潭子區","0","0","0","7","","","30","","","","","","","","","","","","","","","","","","","B03","","","1","","9","","","84","84","2","13","4","120.729393","24.215546","3"
"9948","66000","387130000C","(04)23274275","(04)23288582","2026","2","27","10","58","臺中市","南屯區","0","1","0","7","2","6","50","13","9","1","4","4","6","6","4","4","9","5","5","2","12","3","10","1","1","C03","7","8","3","19","9","13","","42","42","2","12","4","120.625963","24.113192","2"
"9949","66000","387130000C","(04)23274275","(04)23288582","2026","2","27","10","59","臺中市","南區","0","0","0","6","","","50","","","","","","","","","","","","","","","","","","","C03","","","1","","2","","","8","8","1","6","4","120.650544","24.120277","4"
"9950","66000","387130000C","(04)23274275","(04)23288582","2026","2","27","11","0","臺中市","大雅區","0","1","0","5","1","6","50","4","2","1","4","4","6","6","1","1","5","5","5","1","18","2","9","1","1","C03","7","9","1","10","2","14","","82","82","1","13","4","120.651836","24.228101","2"
"9951","66000","387130000C","(04)23274275","(04)23288582","2026","2","27","11","0","臺中市","西屯區","0","0","0","5","","","50","","","","","","","","","","","","","","16","","","","","B03","","","1","","2","","","14","14","1","12","4","120.640846","24.186535","3"
"9952","66000","387130000C","(04)23274275","(04)23288582","2026","2","27","11","0","臺中市","太平區","0","0","0","6","","","50","","","","","","","","","","","","","","17","","","","","B12","","","1","","2","","","59","59","1","6","4","120.704348","24.115436","3"
"9953","66000","387130000C","(04)23274275","(04)23288582","2026","2","27","11","8","臺中市","南屯區","0","1","0","5","3","6","50","13","9","1","4","4","6","6","1","1","5","5","4","2","9","3","10","3","1","B03","7","6","1","8","2","8","","20","20","1","12","4","120.612018","24.137141","2"
"9954","66000","387130000C","(04)23274275","(04)23288582","2026","2","27","11","16","臺中市","龍井區","0","1","0","6","2","6","50","13","8","1","4","4","6","6","4","4","1","4","4","2","18","2","9","1","1","C03","7","9","1","10","2","14","","7","7","1","12","4","120.551288","24.2118","2"
"9955","66000","387130000C","(04)23274275","(04)23288582","2026","2","27","11","19","臺中市","西屯區","0","4","0","7","2","6","50","4","2","1","5","4","6","6","4","4","5","5","4","2","17","3","10","3","1","B03","7","1","1","8","2","8","","51","51","1","12","4","120.633043","24.165023","2"
"9956","66000","387130000C","(04)23274275","(04)23288582","2026","2","27","11","24","臺中市","大肚區","0","1","0","7","2","6","50","13","9","1","5","4","6","6","4","4","5","5","5","2","17","3","10","5","4","B03","7","11","1","8","2","1","","39","39","1","6","4","120.567371","24.156374","2"
"9957","66000","387130000C","(04)23274275","(04)23288582","2026","2","27","11","27","臺中市","北區","0","0","0","7","","","50","","","","","","","","","","","","","","16","","","","","B03","","","1","","1","","","51","51","1","13","4","120.676654","24.161693","3"
"9958","66000","387130000C","(04)23274275","(04)23288582","2026","2","27","11","30","臺中市","南屯區","0","1","0","7","1","6","50","13","9","1","5","4","6","6","4","4","5","5","5","2","12","3","10","5","4","B03","7","1","1","8","2","8","","51","51","1","13","4","120.643565","24.138401","2"
"9959","66000","387130000C","(04)23274275","(04)23288582","2026","2","27","11","39","臺中市","沙鹿區","0","0","0","7","","","50","","","","","","","","","","","","","","","","","","","B03","","","1","","2","","","50","50","1","12","4","120.566103","24.250958","3"
"9960","66000","387130000C","(04)23274275","(04)23288582","2026","2","27","11","40","臺中市","北區","0","2","0","7","3","6","30","4","1","1","5","4","6","6","4","4","10","5","5","2","15","2","9","1","1","C03","7","9","1","10","2","11","","15","15","1","12","4","120.68751","24.16272","2"
"9961","66000","387130000C","(04)23274275","(04)23288582","2026","2","27","11","40","臺中市","烏日區","0","0","0","7","","","50","","","","","","","","","","","","","","","","","","","B03","","","1","","2","","","84","84","1","13","4","120.608954","24.108113","3"
"9962","66000","387130000C","(04)23274275","(04)23288582","2026","2","27","11","41","臺中市","豐原區","0","1","0","7","2","6","50","13","9","1","4","4","6","6","4","4","1","4","5","1","13","2","9","1","1","C03","7","9","3","19","2","11","12","59","59","1","13","4","120.709864","24.254149","2"
"9963","66000","387130000C","(04)23274275","(04)23288582","2026","2","27","11","44","臺中市","南屯區","0","0","0","7","","","30","","","","","","","","","","","","","","9","","","","","B03","","","1","","2","","","59","59","1","6","4","120.640125","24.141041","3"
"9964","66000","387130000C","(04)23274275","(04)23288582","2026","2","27","11","44","臺中市","西屯區","0","0","0","7","","","60","","","","","","","","","","","","","","12","","","","","B13","","","1","","1","","","8","8","2","12","4","120.63958","24.16892","3"
"9965","66000","387130000C","(04)23274275","(04)23288582","2026","2","27","11","45","臺中市","北屯區","0","0","0","7","","","50","","","","","","","","","","","","","","13","","","","","B03","","","1","","1","","","7","7","1","6","4","120.708449","24.188956","3"
"9966","66000","387130000C","(04)23274275","(04)23288582","2026","2","27","11","50","臺中市","大雅區","0","2","0","7","2","6","60","13","9","1","5","4","6","6","4","4","5","4","5","1","12","3","10","3","1","B03","7","11","1","8","2","2","","45","45","1","12","4","120.648921","24.226811","2"
"9967","66000","387130000C","(04)23274275","(04)23288582","2026","2","27","11","54","臺中市","豐原區","0","0","0","7","","","50","","","","","","","","","","","","","","17","","","","","B03","","","1","","2","","","59","59","1","13","4","120.720071","24.252719","4"
"9968","66000","387130000C","(04)23274275","(04)23288582","2026","2","27","11","55","臺中市","大雅區","0","2","0","7","3","6","50","4","2","1","5","4","6","6","4","4","10","3","5","2","17","2","9","1","1","C03","7","1","1","10","2","14","","51","51","1","12","4","120.650361","24.21952","2"
"9969","66000","387130000C","(04)23274275","(04)23288582","2026","2","27","12","0","臺中市","沙鹿區","0","0","0","7","","","50","","","","","","","","","","","","","","","","","","","B03","","","1","","2","","","8","8","1","6","4","120.56019","24.236173","3"
"9970","66000","387130000C","(04)23274275","(04)23288582","2026","2","27","12","2","臺中市","南區","0","1","0","7","1","6","50","13","9","4","5","4","6","6","4","4","9","4","5","2","12","3","10","1","1","C03","7","9","1","10","2","14","","1","1","1","12","4","120.662652","24.127438","2"
"9971","66000","387130000C","(04)23274275","(04)23288582","2026","2","27","12","4","臺中市","后里區","0","0","0","7","2","6","50","4","1","1","5","4","6","6","4","4","9","4","4","1","13","3","10","3","1","B03","7","9","1","7","2","1","","7","7","1","12","4","120.720291","24.309225","3"
"9972","66000","387130000C","(04)23274275","(04)23288582","2026","2","27","12","20","臺中市","南區","0","1","0","7","2","6","50","5","1","1","5","4","6","6","2","1","10","5","5","2","13","3","10","1","1","C03","7","9","1","10","2","12","","7","7","1","12","4","120.657858","24.12878","2"
"9973","66000","387130000C","(04)23274275","(04)23288582","2026","2","27","12","21","臺中市","北屯區","0","1","0","7","2","6","30","4","1","1","5","4","6","6","4","4","10","5","5","2","15","2","9","1","1","F03","7","9","7","21","2","14","","12","12","1","12","4","120.715885","24.17292","2"
"9974","66000","387130000C","(04)23274275","(04)23288582","2026","2","27","12","23","臺中市","南區","0","1","0","6","2","6","40","4","1","1","5","4","6","6","1","1","10","5","5","2","16","2","7","1","1","C03","7","9","1","10","2","14","","39","39","1","12","4","120.653873","24.122172","2"
"9975","66000","387130000C","(04)23274275","(04)23288582","2026","2","27","12","23","臺中市","南屯區","0","0","0","7","","","50","","","","","","","","","","","","","","","","","","","C03","","","1","","1","","","40","40","1","13","4","120.635233","24.153116","3"
"9976","66000","387130000C","(04)23274275","(04)23288582","2026","2","27","12","25","臺中市","北屯區","0","0","0","7","","","50","","","","","","","","","","","","","","","","","","","B12","","","1","","2","","","49","49","1","12","4","120.681945","24.176201","3"
"9977","66000","387130000C","(04)23274275","(04)23288582","2026","2","27","12","28","臺中市","大甲區","0","1","0","7","1","6","50","4","1","1","5","4","6","6","1","1","5","5","5","1","12","3","10","3","1","B03","7","6","1","8","2","8","","42","42","1","12","4","120.624517","24.346255","2"
"9978","66000","387130000C","(04)23274275","(04)23288582","2026","2","27","12","30","臺中市","大里區","0","0","0","7","","","50","","","","","","","","","","","","","","","","","","","B12","","","1","","2","","","59","59","1","12","4","120.682696","24.099272","3"
"9979","66000","387130000C","(04)23274275","(04)23288582","2026","2","27","12","31","臺中市","東勢區","0","0","0","7","","","60","","","","","","","","","","","","","","16","","","","","A12","","","1","","1","","","84","84","1","12","4","120.823256","24.268626","3"
"9980","66000","387130000C","(04)23274275","(04)23288582","2026","2","27","12","33","臺中市","南屯區","0","0","0","7","","","50","","","","","","","","","","","","","","","","","","","B03","","","1","","1","","","14","14","1","13","4","120.636932","24.152881","3"
"9981","66000","387130000C","(04)23274275","(04)23288582","2026","2","27","12","39","臺中市","潭子區","0","1","0","7","3","6","50","4","1","1","5","4","6","6","3","1","5","4","4","2","13","3","10","3","1","B03","7","9","1","8","2","1","","7","7","1","13","4","120.693824","24.219246","2"
"9982","66000","387130000C","(04)23274275","(04)23288582","2026","2","27","12","40","臺中市","南區","0","2","0","7","2","6","50","3","1","1","5","4","6","6","4","4","10","5","5","2","16","2","9","1","1","C03","7","6","1","10","2","11","","14","14","1","12","4","120.676086","24.128618","2"
"9983","66000","387130000C","(04)23274275","(04)23288582","2026","2","27","12","54","臺中市","西屯區","0","0","0","7","","","0","","","","","","","","","","","","","","14","","","","","B12","","","1","","1","","","49","49","1","12","4","120.63436","24.178597","3"
"9984","66000","387130000C","(04)23274275","(04)23288582","2026","2","27","12","55","臺中市","大雅區","0","0","0","6","","","30","","","","","","","","","","","","","","","","","","","B03","","","1","","1","","","8","8","1","12","4","120.654724","24.22875","3"
"9985","66000","387130000C","(04)23274275","(04)23288582","2026","2","27","13","2","臺中市","太平區","0","0","0","7","","","30","","","","","","","","","","","","","","14","","","","","B03","","","1","","1","","","49","49","1","13","4","120.711183","24.140942","3"
"9986","66000","387130000C","(04)23274275","(04)23288582","2026","2","27","13","5","臺中市","北屯區","0","0","0","7","","","30","","","","","","","","","","","","","","17","","","","","B03","","","1","","2","","","8","8","1","6","4","120.661904","24.196438","3"
"9987","66000","387130000C","(04)23274275","(04)23288582","2026","2","27","13","6","臺中市","潭子區","0","0","0","7","","","0","","","","","","","","","","","","","","","","","","","B03","","","1","","2","","","49","49","1","13","4","120.703182","24.216061","3"
"9988","66000","387130000C","(04)23274275","(04)23288582","2026","2","27","13","18","臺中市","東區","0","0","0","7","","","50","","","","","","","","","","","","","","","","","","","B12","","","1","","2","","","50","50","1","12","4","120.696324","24.139777","3"
"9989","66000","387130000C","(04)23274275","(04)23288582","2026","2","27","13","18","臺中市","北屯區","0","5","0","7","2","6","50","4","1","1","5","4","6","6","4","4","10","5","5","2","16","2","9","3","1","B03","7","9","1","8","2","4","1","13","13","1","6","4","120.7225","24.170341","2"
"9990","66000","387130000C","(04)23274275","(04)23288582","2026","2","27","13","20","臺中市","南屯區","0","1","0","7","3","6","50","4","1","1","5","4","6","6","1","1","10","5","5","2","12","2","9","2","1","C03","7","8","1","10","2","14","","84","84","1","13","4","120.638195","24.139835","2"
"9991","66000","387130000C","(04)23274275","(04)23288582","2026","2","27","13","23","臺中市","大雅區","0","1","0","6","1","6","40","3","2","1","5","4","6","6","4","4","1","5","4","1","17","2","9","1","1","C03","7","7","2","19","2","11","","42","42","1","13","4","120.639429","24.231859","2"