序號,縣市別代碼,機關代碼,市話,傳真,年,月,日,時,分,縣市,區,死亡數量,受傷數量,2-30,天候,道路照明設備,道路類別,道路速限,道路型態,事故位置,路面鋪裝,路面狀態,路面缺陷,障礙物,視距,號誌種類,號誌動作,分向設施,快車道或一般車道間,快慢車道間,路面邊線,事故類型及型態,受傷程度,主要傷處,保護裝備,行動電話或功能裝置,當事者區分(類別),車輛用途,當事者行動狀態,駕照狀態,駕照種類,飲酒情形,車輛撞擊部位最初,車輛撞擊部位其他,肇事因素個別,肇事因素主要,肇事逃逸,職業,共享經濟或外送平台,GPS座標X,GPS座標Y,事故類別
"9992","66000","387130000C","(04)23274275","(04)23288582","2026","2","27","13","24","臺中市","南區","0","1","0","7","2","6","50","3","1","1","5","4","6","6","2","1","10","5","5","2","17","3","10","3","1","B03","7","7","1","8","2","2","","40","40","1","12","4","120.662138","24.116817","2"
"9993","66000","387130000C","(04)23274275","(04)23288582","2026","2","27","13","30","臺中市","南屯區","0","2","0","7","2","6","50","13","7","1","5","4","6","6","4","4","1","4","4","2","17","3","10","3","1","B03","7","1","1","8","2","7","","51","51","1","12","4","120.640726","24.152437","2"
"9994","66000","387130000C","(04)23274275","(04)23288582","2026","2","27","13","33","臺中市","南區","0","0","0","7","","","30","","","","","","","","","","","","","","","","","","","C03","","","1","","2","","","84","84","1","12","4","120.656787","24.122809","3"
"9995","66000","387130000C","(04)23274275","(04)23288582","2026","2","27","13","35","臺中市","中區","0","1","0","7","3","6","50","13","9","1","5","4","6","6","4","4","10","4","5","2","13","3","10","3","1","B03","7","9","1","8","1","5","","43","43","1","12","4","120.684954","24.139808","2"
"9996","66000","387130000C","(04)23274275","(04)23288582","2026","2","27","13","38","臺中市","南屯區","0","0","0","7","","","50","","","","","","","","","","","","","","12","3","10","3","1","B03","7","3","1","8","2","1","","50","50","1","12","4","120.636224","24.143297","3"
"9997","66000","387130000C","(04)23274275","(04)23288582","2026","2","27","13","39","臺中市","后里區","0","1","0","7","2","6","30","13","9","1","5","4","6","6","4","4","10","5","5","2","18","2","9","6","1","F01","7","21","7","21","7","14","","59","59","1","6","4","120.72826","24.312778","2"
"9998","66000","387130000C","(04)23274275","(04)23288582","2026","2","27","13","41","臺中市","西區","0","0","0","7","","","30","","","","","","","","","","","","","","","","","","","B03","","","1","","1","","","14","14","1","6","4","120.658779","24.136094","3"
"9999","66000","387130000C","(04)23274275","(04)23288582","2026","2","27","13","51","臺中市","梧棲區","0","1","0","7","2","6","50","4","1","1","5","4","6","6","4","4","10","5","5","2","16","3","10","1","1","C03","7","6","1","10","2","12","","15","15","1","12","4","120.532476","24.247969","2"
"10000","66000","387130000C","(04)23274275","(04)23288582","2026","2","27","13","54","臺中市","霧峰區","0","0","0","7","","","50","","","","","","","","","","","","","","17","","","","","B03","","","1","","2","","","84","84","1","6","4","120.698736","24.06427","3"
"10001","66000","387130000C","(04)23274275","(04)23288582","2026","2","27","13","59","臺中市","西區","0","1","0","6","2","6","50","4","1","1","5","4","6","6","1","1","10","5","5","2","17","3","10","3","1","B01","7","1","1","4","2","5","","51","51","1","12","4","120.672666","24.146955","2"
"10002","66000","387130000C","(04)23274275","(04)23288582","2026","2","27","13","59","臺中市","烏日區","0","0","0","7","2","6","30","13","9","2","5","4","6","6","4","4","5","4","5","2","12","3","10","3","1","B01","7","1","1","4","1","8","","51","51","1","6","4","120.615531","24.112782","3"
"10003","66000","387130000C","(04)23274275","(04)23288582","2026","2","27","14","0","臺中市","北區","0","0","0","7","","","0","","","","","","","","","","","","","","17","","","","","B03","","","7","","10","","","85","85","1","13","4","120.676682","24.158337","3"
"10004","66000","387130000C","(04)23274275","(04)23288582","2026","2","27","14","3","臺中市","北區","0","0","0","7","3","6","50","18","24","1","5","4","6","6","4","4","5","4","5","2","17","","","","","C03","","","1","","2","","","8","8","1","13","4","120.682178","24.16696","3"
"10005","66000","387130000C","(04)23274275","(04)23288582","2026","2","27","14","5","臺中市","大甲區","0","0","0","7","","","30","","","","","","","","","","","","","","30","","","","","B03","","","1","","2","","","84","84","1","6","4","120.630376","24.346919","3"
"10006","66000","387130000C","(04)23274275","(04)23288582","2026","2","27","14","12","臺中市","南屯區","0","0","0","7","","","50","","","","","","","","","","","","","","13","","","","","B03","","","1","","2","","","84","84","1","13","4","120.615748","24.151573","3"
"10007","66000","387130000C","(04)23274275","(04)23288582","2026","2","27","14","12","臺中市","東勢區","0","1","0","7","2","6","50","4","1","1","5","4","6","6","4","4","10","5","5","2","18","2","9","4","1","F01","7","6","7","21","1","16","","84","84","1","4","1","120.825546","24.258905","2"
"10008","66000","387130000C","(04)23274275","(04)23288582","2026","2","27","14","17","臺中市","西區","0","0","0","7","","","50","","","","","","","","","","","","","","14","","","","","C03","","","1","","1","","","49","49","1","13","4","120.668534","24.139951","3"
"10009","66000","387130000C","(04)23274275","(04)23288582","2026","2","27","14","19","臺中市","東勢區","0","0","0","7","","","50","","","","","","","","","","","","","","14","","","","","B03","","","1","","2","","","50","50","1","13","4","120.826952","24.260328","3"
"10010","66000","387130000C","(04)23274275","(04)23288582","2026","2","27","14","25","臺中市","北屯區","0","0","0","7","","","50","","","","","","","","","","","","","","17","","","","","B03","","","1","","1","","","49","49","1","6","4","120.730557","24.172424","3"
"10011","66000","387130000C","(04)23274275","(04)23288582","2026","2","27","14","27","臺中市","豐原區","0","1","0","7","2","6","40","13","12","1","5","4","6","6","4","4","1","4","4","2","12","2","9","5","4","F01","7","8","7","21","7","14","","40","40","1","13","4","120.737199","24.252565","2"
"10012","66000","387130000C","(04)23274275","(04)23288582","2026","2","27","14","28","臺中市","南屯區","0","0","0","6","","","50","","","","","","","","","","","","","","","","","","","C03","","","5","","1","","","84","84","1","13","4","120.596088","24.149975","3"
"10013","66000","387130000C","(04)23274275","(04)23288582","2026","2","27","14","29","臺中市","神岡區","0","1","0","7","2","6","30","4","1","1","5","4","6","6","4","4","10","5","5","2","15","2","9","5","4","B03","7","9","1","8","2","5","","12","12","1","12","4","120.64411","24.246564","2"
"10014","66000","387130000C","(04)23274275","(04)23288582","2026","2","27","14","30","臺中市","和平區","0","0","0","7","","","50","","","","","","","","","","","","","","11","","","","","B03","","","1","","2","","","8","8","1","12","4","121.267871","24.297958","3"
"10015","66000","387130000C","(04)23274275","(04)23288582","2026","2","27","14","38","臺中市","西區","0","0","0","7","","","50","","","","","","","","","","","","","","12","","","","","B03","","","1","","1","","","1","1","1","12","4","120.655069","24.146704","3"
"10016","66000","387130000C","(04)23274275","(04)23288582","2026","2","27","14","40","臺中市","西屯區","0","2","0","7","2","6","60","3","1","1","5","4","6","6","4","4","10","5","5","2","16","3","10","5","4","B03","7","5","1","8","2","2","","47","47","1","13","4","120.627089","24.177463","2"
"10017","66000","387130000C","(04)23274275","(04)23288582","2026","2","27","14","42","臺中市","北區","0","1","0","7","2","6","50","3","2","1","5","4","6","6","4","4","10","5","5","2","17","3","10","3","1","B03","7","6","1","8","2","8","","84","84","1","13","4","120.697153","24.152949","2"
"10018","66000","387130000C","(04)23274275","(04)23288582","2026","2","27","14","46","臺中市","西屯區","0","0","0","7","","","30","","","","","","","","","","","","","","17","","","","","C03","","","1","","2","","","84","84","1","12","4","120.641999","24.174324","3"
"10019","66000","387130000C","(04)23274275","(04)23288582","2026","2","27","14","49","臺中市","豐原區","1","0","0","7","2","6","50","3","1","1","5","4","6","6","4","4","1","5","5","2","23","1","9","1","1","C03","7","9","1","10","2","14","","84","84","1","12","4","120.70383","24.249704","1"
"10020","66000","387130000C","(04)23274275","(04)23288582","2026","2","27","14","52","臺中市","北區","0","2","0","7","3","6","50","5","2","1","5","4","6","6","1","1","5","4","5","2","12","3","10","5","4","B03","7","9","1","8","2","2","","39","39","1","13","4","120.681957","24.144763","2"
"10021","66000","387130000C","(04)23274275","(04)23288582","2026","2","27","14","56","臺中市","南屯區","0","0","0","7","","","50","","","","","","","","","","","","","","13","","","","","B03","","","1","","1","","","59","59","1","6","4","120.632768","24.145401","3"
"10022","66000","387130000C","(04)23274275","(04)23288582","2026","2","27","15","7","臺中市","太平區","0","2","0","7","2","6","50","4","2","1","5","4","6","6","1","1","5","5","5","1","16","2","9","2","1","C03","7","6","1","10","2","12","14","39","39","1","12","4","120.71746","24.123667","2"
"10023","66000","387130000C","(04)23274275","(04)23288582","2026","2","27","15","14","臺中市","東區","0","2","0","7","2","6","50","4","1","1","5","4","6","6","2","1","10","5","5","2","17","3","10","3","1","B01","7","5","1","4","2","5","","84","84","1","12","4","120.687832","24.136579","2"
"10024","66000","387130000C","(04)23274275","(04)23288582","2026","2","27","15","16","臺中市","西區","0","1","0","7","3","6","40","13","8","1","5","4","6","6","4","4","5","5","4","2","13","2","7","1","1","C03","7","9","1","10","2","11","14","84","84","1","6","4","120.661932","24.134657","2"
"10025","66000","387130000C","(04)23274275","(04)23288582","2026","2","27","15","16","臺中市","北屯區","0","1","0","7","2","6","50","13","9","1","5","4","6","6","4","4","1","4","5","2","12","3","10","2","1","C03","7","9","1","10","2","14","","85","85","1","12","4","120.696476","24.168731","2"
"10026","66000","387130000C","(04)23274275","(04)23288582","2026","2","27","15","22","臺中市","潭子區","0","3","0","7","3","6","50","3","1","1","5","4","6","6","2","1","1","4","5","2","12","2","9","1","1","C03","7","9","5","19","1","11","","59","59","2","13","4","120.705953","24.200337","2"
"10027","66000","387130000C","(04)23274275","(04)23288582","2026","2","27","15","26","臺中市","北屯區","0","1","0","7","3","6","50","3","1","1","5","4","6","6","1","1","10","5","5","2","13","3","10","3","1","B03","7","5","1","8","2","1","","7","7","1","12","4","120.717323","24.167169","2"
"10028","66000","387130000C","(04)23274275","(04)23288582","2026","2","27","15","26","臺中市","西屯區","0","2","0","6","2","6","50","4","1","1","5","4","6","6","2","1","4","3","5","2","13","2","9","1","1","C03","7","9","1","10","2","11","","7","7","1","13","4","120.65389","24.155981","2"
"10029","66000","387130000C","(04)23274275","(04)23288582","2026","2","27","15","33","臺中市","西屯區","0","0","0","7","","","50","","","","","","","","","","","","","","12","","","","","B03","","","1","","1","","","8","8","2","13","4","120.667006","24.175161","3"
"10030","66000","387130000C","(04)23274275","(04)23288582","2026","2","27","15","33","臺中市","太平區","0","2","0","7","2","6","50","13","9","1","5","4","6","6","4","4","9","4","5","1","3","2","9","6","5","H01","8","18","7","21","10","17","","95","95","1","1","5","120.72551","24.145599","2"
"10031","66000","387130000C","(04)23274275","(04)23288582","2026","2","27","15","33","臺中市","太平區","0","0","0","7","","","50","","","","","","","","","","","","","","13","","","","","C03","","","1","","2","","","84","84","1","6","4","120.703581","24.148208","3"
"10032","66000","387130000C","(04)23274275","(04)23288582","2026","2","27","15","35","臺中市","北屯區","0","0","0","7","","","50","","","","","","","","","","","","","","17","","","","","B03","","","1","","9","","","84","84","2","12","4","120.66471","24.185977","3"
"10033","66000","387130000C","(04)23274275","(04)23288582","2026","2","27","15","36","臺中市","西區","0","0","0","7","","","40","","","","","","","","","","","","","","","","","","","C03","","","1","","1","","","7","7","1","12","4","120.661781","24.155306","3"
"10034","66000","387130000C","(04)23274275","(04)23288582","2026","2","27","15","40","臺中市","烏日區","0","0","0","7","","","30","","","","","","","","","","","","","","","","","","","B12","","","1","","1","","","8","8","1","6","4","120.640545","24.106164","3"
"10035","66000","387130000C","(04)23274275","(04)23288582","2026","2","27","15","48","臺中市","南區","0","1","0","7","2","6","50","13","8","1","5","4","6","6","4","4","1","4","4","2","16","3","10","3","1","B03","7","5","1","8","2","5","","85","85","1","6","4","120.654358","24.114561","2"
"10036","66000","387130000C","(04)23274275","(04)23288582","2026","2","27","15","49","臺中市","沙鹿區","0","2","0","7","2","6","50","3","1","1","5","4","6","6","4","4","10","5","5","2","16","3","10","3","1","B03","7","6","1","8","2","1","","14","14","1","6","4","120.556819","24.232583","2"
"10037","66000","387130000C","(04)23274275","(04)23288582","2026","2","27","15","50","臺中市","北區","0","2","0","7","2","6","50","3","9","1","5","4","6","6","4","4","5","4","5","2","17","2","9","5","4","C03","7","9","1","10","2","11","","7","7","1","13","4","120.689843","24.154367","2"
"10038","66000","387130000C","(04)23274275","(04)23288582","2026","2","27","15","51","臺中市","北區","0","0","0","7","3","6","50","18","","5","5","4","6","6","4","4","9","5","5","2","17","","","","","B13","","","1","","1","","","8","8","1","13","4","120.696447","24.160869","4"
"10039","66000","387130000C","(04)23274275","(04)23288582","2026","2","27","15","52","臺中市","大安區","0","1","0","7","3","6","50","13","9","1","5","4","6","6","4","4","5","5","5","1","27","2","9","3","1","B03","7","9","1","8","2","1","","59","59","1","6","4","120.586057","24.374129","2"
"10040","66000","387130000C","(04)23274275","(04)23288582","2026","2","27","15","53","臺中市","北屯區","0","0","0","7","","","50","","","","","","","","","","","","","","17","","","","","","","","","","","","","85","85","1","","","120.670007","24.175669","3"
"10041","66000","387130000C","(04)23274275","(04)23288582","2026","2","27","15","54","臺中市","沙鹿區","0","1","0","6","2","6","40","13","8","1","5","4","6","6","4","4","1","4","3","1","18","2","9","2","1","C03","7","9","1","10","2","14","","84","84","1","5","4","120.580703","24.197977","2"
"10042","66000","387130000C","(04)23274275","(04)23288582","2026","2","27","16","1","臺中市","西屯區","0","1","0","7","2","6","50","13","9","1","5","4","6","6","4","4","5","4","5","2","17","3","10","5","4","B03","7","9","1","8","1","2","","59","59","1","13","4","120.619883","24.187336","2"
"10043","66000","387130000C","(04)23274275","(04)23288582","2026","2","27","16","5","臺中市","北屯區","0","1","0","7","2","6","0","18","21","4","5","4","6","6","4","4","10","5","5","2","18","2","1","5","4","F04","7","9","7","21","2","14","","59","59","1","12","4","120.701772","24.18197","2"
"10044","66000","387130000C","(04)23274275","(04)23288582","2026","2","27","16","10","臺中市","南屯區","0","0","0","7","","","50","","","","","","","","","","","","","","12","","","","","C03","","","1","","1","","","8","8","1","12","4","120.64658","24.144082","3"
"10045","66000","387130000C","(04)23274275","(04)23288582","2026","2","27","16","11","臺中市","沙鹿區","0","0","0","7","","","50","","","","","","","","","","","","","","30","","","","","B03","","","1","","9","","","50","50","2","12","4","120.561851","24.206485","3"
"10046","66000","387130000C","(04)23274275","(04)23288582","2026","2","27","16","14","臺中市","大里區","0","2","0","7","2","6","50","3","2","1","5","4","6","6","4","4","1","4","5","1","13","2","9","1","1","F03","7","9","7","21","2","11","","7","7","1","13","4","120.682864","24.098754","2"
"10047","66000","387130000C","(04)23274275","(04)23288582","2026","2","27","16","20","臺中市","南屯區","0","1","0","7","3","6","40","4","1","1","5","4","6","6","1","1","10","5","5","2","17","3","10","3","1","B01","7","11","1","4","2","8","","45","45","1","13","4","120.650642","24.153653","2"
"10048","66000","387130000C","(04)23274275","(04)23288582","2026","2","27","16","27","臺中市","中區","0","0","0","7","","","50","","","","","","","","","","","","","","16","","","","","B03","","","1","","2","","","47","47","1","13","4","120.684678","24.137665","3"
"10049","66000","387130000C","(04)23274275","(04)23288582","2026","2","27","16","28","臺中市","北屯區","0","0","0","7","","","50","","","","","","","","","","","","","","","","","","","B03","","","1","","1","","","84","84","1","12","4","120.739729","24.178881","3"
"10050","66000","387130000C","(04)23274275","(04)23288582","2026","2","27","16","36","臺中市","北區","0","0","0","7","3","6","50","18","24","1","5","4","6","6","4","4","10","5","5","2","13","","","","","C03","","","1","","2","","","7","7","1","13","4","120.685258","24.165403","3"
"10051","66000","387130000C","(04)23274275","(04)23288582","2026","2","27","16","40","臺中市","西區","0","1","0","7","3","6","30","4","1","1","5","4","6","6","4","4","10","5","5","2","15","2","8","2","1","C03","7","9","1","10","1","12","","13","13","1","12","4","120.658287","24.146703","2"
"10052","66000","387130000C","(04)23274275","(04)23288582","2026","2","27","16","40","臺中市","北區","0","1","0","7","2","6","30","13","9","1","5","4","6","6","4","4","1","2","5","1","13","3","10","5","4","C03","7","9","1","10","2","11","","7","7","1","12","4","120.667744","24.157047","2"
"10053","66000","387130000C","(04)23274275","(04)23288582","2026","2","27","16","42","臺中市","大里區","0","2","0","7","2","6","50","3","1","1","5","4","6","6","4","4","5","5","5","1","16","2","6","1","1","C03","7","5","1","10","2","12","","14","14","1","6","4","120.698725","24.109757","2"
"10054","66000","387130000C","(04)23274275","(04)23288582","2026","2","27","16","52","臺中市","西屯區","0","0","0","7","","","50","","","","","","","","","","","","","","14","","","","","B12","","","1","","1","","","49","49","1","13","4","120.640911","24.167561","3"
"10055","66000","387130000C","(04)23274275","(04)23288582","2026","2","27","16","53","臺中市","東區","0","0","0","7","","","50","","","","","","","","","","","","","","","","","","","B03","","","1","","2","","","7","7","1","13","4","120.68599","24.14013","3"
"10056","66000","387130000C","(04)23274275","(04)23288582","2026","2","27","17","0","臺中市","西區","0","0","0","7","","","50","","","","","","","","","","","","","","","","","","","B03","","","1","","1","","","7","7","1","6","4","120.665532","24.153785","3"
"10057","66000","387130000C","(04)23274275","(04)23288582","2026","2","27","17","0","臺中市","北區","0","0","0","7","3","6","50","18","24","1","5","4","6","6","4","4","3","4","5","2","17","","","","","F03","","","7","","9","","","91","91","1","13","4","120.676176","24.149931","3"
"10058","66000","387130000C","(04)23274275","(04)23288582","2026","2","27","17","7","臺中市","北屯區","0","0","0","7","","","50","","","","","","","","","","","","","","13","","","","","C03","","","1","","1","","","7","7","1","12","4","120.685803","24.179698","3"
"10059","66000","387130000C","(04)23274275","(04)23288582","2026","2","27","17","7","臺中市","大里區","0","2","0","7","2","6","50","4","1","1","5","4","6","6","1","1","5","5","5","1","16","2","8","1","1","C03","7","6","1","10","2","13","","48","48","1","6","4","120.70352","24.096021","2"
"10060","66000","387130000C","(04)23274275","(04)23288582","2026","2","27","17","10","臺中市","西屯區","0","0","0","7","","","60","","","","","","","","","","","","","","","","","","","B03","","","1","","1","","","59","59","1","12","4","120.637261","24.159856","3"
"10061","66000","387130000C","(04)23274275","(04)23288582","2026","2","27","17","11","臺中市","南屯區","0","1","0","7","3","6","50","4","2","1","5","4","6","6","2","1","5","4","4","1","12","3","10","3","1","B03","7","9","1","8","2","2","","7","7","1","12","4","120.650153","24.130803","2"
"10062","66000","387130000C","(04)23274275","(04)23288582","2026","2","27","17","16","臺中市","大里區","0","2","0","7","2","6","40","13","9","1","5","4","6","6","4","4","5","4","5","2","12","2","9","5","4","C03","7","9","1","10","2","12","","59","59","1","6","4","120.701187","24.100931","2"
"10063","66000","387130000C","(04)23274275","(04)23288582","2026","2","27","17","24","臺中市","北屯區","0","0","0","7","","","30","","","","","","","","","","","","","","14","","","","","B03","","","1","","2","","","49","49","1","12","4","120.663404","24.188155","3"
"10064","66000","387130000C","(04)23274275","(04)23288582","2026","2","27","17","30","臺中市","北區","0","0","0","7","","","30","","","","","","","","","","","","","","14","","","","","B12","","","1","","2","","","49","49","1","13","4","120.686789","24.155507","3"
"10065","66000","387130000C","(04)23274275","(04)23288582","2026","2","27","17","37","臺中市","南區","0","0","0","7","","","50","","","","","","","","","","","","","","12","","","","","","","","","","","","","86","86","1","","","120.661744","24.121946","3"
"10066","66000","387130000C","(04)23274275","(04)23288582","2026","2","27","17","38","臺中市","西屯區","0","0","0","7","","","60","","","","","","","","","","","","","","12","","","","","B03","","","1","","1","","","38","38","1","12","4","120.644251","24.194815","3"
"10067","66000","387130000C","(04)23274275","(04)23288582","2026","2","27","17","45","臺中市","西屯區","0","0","0","7","","","50","","","","","","","","","","","","","","13","","","","","B03","","","1","","1","","","78","78","1","13","4","120.628753","24.205347","3"
"10068","66000","387130000C","(04)23274275","(04)23288582","2026","2","27","17","45","臺中市","西屯區","0","0","0","6","","","30","","","","","","","","","","","","","","15","","","","","B03","","","1","","1","","","13","13","1","13","4","120.615185","24.182384","3"
"10069","66000","387130000C","(04)23274275","(04)23288582","2026","2","27","17","46","臺中市","東勢區","0","1","0","6","1","6","60","3","2","1","5","4","6","6","4","4","5","4","5","1","13","2","9","5","4","B03","7","9","3","19","2","1","3","7","7","1","13","4","120.808851","24.303331","2"
"10070","66000","387130000C","(04)23274275","(04)23288582","2026","2","27","17","49","臺中市","大肚區","0","0","0","7","","","40","","","","","","","","","","","","","","","","","","","C03","","","1","","2","","","7","7","1","6","4","120.577482","24.11838","3"
"10071","66000","387130000C","(04)23274275","(04)23288582","2026","2","27","17","50","臺中市","大里區","0","1","0","7","3","6","50","3","1","1","5","4","6","6","4","4","5","4","5","1","16","2","9","5","4","C03","7","6","1","10","2","13","","4","4","1","13","4","120.689921","24.109284","2"
"10072","66000","387130000C","(04)23274275","(04)23288582","2026","2","27","17","57","臺中市","北區","0","0","0","7","3","6","50","18","24","1","5","4","6","6","4","4","10","5","5","2","17","","","","","C03","","","1","","2","","","84","84","1","13","4","120.676607","24.172013","3"
"10073","66000","387130000C","(04)23274275","(04)23288582","2026","2","27","17","59","臺中市","南屯區","0","0","0","7","","","50","","","","","","","","","","","","","","","","","","","B03","","","1","","1","","","40","40","1","12","4","120.624403","24.149426","3"
"10074","66000","387130000C","(04)23274275","(04)23288582","2026","2","27","18","3","臺中市","大甲區","0","1","0","7","1","6","50","13","14","1","5","4","6","6","4","4","1","4","4","1","17","2","9","1","1","C03","7","9","1","10","2","11","","52","52","1","12","4","120.617529","24.342854","2"
"10075","66000","387130000C","(04)23274275","(04)23288582","2026","2","27","18","6","臺中市","南屯區","0","0","0","7","","","40","","","","","","","","","","","","","","13","","","","","B03","","","1","","1","","","59","59","1","13","4","120.649512","24.133242","3"
"10076","66000","387130000C","(04)23274275","(04)23288582","2026","2","27","18","10","臺中市","南屯區","0","0","0","7","","","50","","","","","","","","","","","","","","","","","","","B02","","","1","","1","","","40","40","1","13","4","120.624403","24.149426","3"
"10077","66000","387130000C","(04)23274275","(04)23288582","2026","2","27","18","14","臺中市","潭子區","0","1","0","6","1","6","50","11","9","1","5","4","6","6","4","4","10","5","5","1","18","2","9","1","1","C03","7","9","1","10","2","12","","59","59","1","13","4","120.712184","24.193881","2"
"10078","66000","387130000C","(04)23274275","(04)23288582","2026","2","27","18","16","臺中市","西屯區","0","0","0","7","","","50","","","","","","","","","","","","","","13","","","","","C03","","","1","","1","","","59","59","1","13","4","120.637379","24.178919","3"
"10079","66000","387130000C","(04)23274275","(04)23288582","2026","2","27","18","17","臺中市","北區","0","2","0","7","1","6","50","4","1","1","5","4","6","6","1","1","10","5","5","2","17","3","10","5","4","B03","7","9","1","8","2","5","","84","84","1","13","4","120.683559","24.148114","2"
"10080","66000","387130000C","(04)23274275","(04)23288582","2026","2","27","18","20","臺中市","東區","0","2","0","7","1","6","50","13","9","1","5","4","6","6","4","4","5","4","5","2","17","3","10","3","1","B03","7","15","1","8","2","2","","65","65","1","12","4","120.689929","24.142825","2"
"10081","66000","387130000C","(04)23274275","(04)23288582","2026","2","27","18","20","臺中市","豐原區","0","1","0","6","1","6","50","3","2","1","5","4","6","6","4","4","5","4","4","2","17","2","9","1","1","F01","7","6","7","21","2","13","","20","20","1","6","4","120.722774","24.251044","2"
"10082","66000","387130000C","(04)23274275","(04)23288582","2026","2","27","18","23","臺中市","清水區","0","1","0","7","1","6","50","4","2","1","5","4","6","6","3","1","8","3","4","1","17","3","10","3","1","B12","7","5","1","8","2","16","","20","20","1","12","4","120.577267","24.273762","2"
"10083","66000","387130000C","(04)23274275","(04)23288582","2026","2","27","18","26","臺中市","后里區","0","0","0","6","1","6","50","4","1","1","5","4","6","6","1","1","1","4","5","1","12","3","10","3","1","B03","7","9","1","8","2","5","","42","42","1","12","4","120.682073","24.315654","3"
"10084","66000","387130000C","(04)23274275","(04)23288582","2026","2","27","18","31","臺中市","北區","0","0","0","7","","","50","","","","","","","","","","","","","","13","","","","","B03","","","1","","1","","","59","59","1","12","4","120.675551","24.149733","3"
"10085","66000","387130000C","(04)23274275","(04)23288582","2026","2","27","18","31","臺中市","霧峰區","0","1","0","6","1","6","50","4","2","1","5","4","6","6","4","4","5","4","4","1","17","3","10","3","1","B03","7","6","1","8","2","8","","14","14","1","6","4","120.699327","24.070124","2"
"10086","66000","387130000C","(04)23274275","(04)23288582","2026","2","27","18","31","臺中市","太平區","0","0","0","7","1","6","50","","","","","","","","","","","","","","","","","","","C03","","","1","","2","8","","84","84","1","12","4","120.721056","24.157716","3"
"10087","66000","387130000C","(04)23274275","(04)23288582","2026","2","27","18","32","臺中市","東區","0","0","0","5","","","50","","","","","","","","","","","","","","17","","","","","C03","","","1","","2","","","8","8","1","12","4","120.6897","24.13749","3"
"10088","66000","387130000C","(04)23274275","(04)23288582","2026","2","27","18","33","臺中市","西區","0","1","0","7","1","6","50","13","8","1","5","4","6","6","4","4","2","4","5","2","16","3","10","3","1","B03","7","5","1","8","2","2","","47","47","1","13","4","120.660754","24.156307","2"
"10089","66000","387130000C","(04)23274275","(04)23288582","2026","2","27","18","33","臺中市","太平區","0","1","0","7","1","6","50","13","9","1","5","4","6","6","4","4","5","5","5","2","18","2","8","1","1","C03","7","9","1","10","2","14","","55","55","1","12","4","120.705587","24.148467","2"
"10090","66000","387130000C","(04)23274275","(04)23288582","2026","2","27","18","37","臺中市","西屯區","0","1","0","7","1","6","50","13","9","1","5","4","6","6","4","4","5","4","5","2","14","3","10","3","1","B03","7","2","1","8","2","6","","49","49","1","12","4","120.619158","24.182036","2"
"10091","66000","387130000C","(04)23274275","(04)23288582","2026","2","27","18","38","臺中市","北屯區","0","0","0","7","","","30","","","","","","","","","","","","","","17","","","","","B03","","","1","","9","","","50","50","1","12","4","120.699148","24.180444","3"
"10092","66000","387130000C","(04)23274275","(04)23288582","2026","2","27","18","39","臺中市","東勢區","0","0","0","7","","","50","","","","","","","","","","","","","","","","","","","B03","","","1","","1","","","84","84","1","12","4","120.836022","24.245116","3"
"10093","66000","387130000C","(04)23274275","(04)23288582","2026","2","27","18","43","臺中市","大里區","0","1","0","6","2","6","50","3","2","1","5","4","6","6","4","4","9","5","5","1","16","3","10","3","1","B02","7","5","1","8","2","2","","47","47","1","13","4","120.706202","24.111691","2"
"10094","66000","387130000C","(04)23274275","(04)23288582","2026","2","27","18","53","臺中市","龍井區","0","0","0","7","","","50","","","","","","","","","","","","","","12","","","","","C03","","","1","","9","","","8","8","1","6","4","120.582647","24.178407","3"
"10095","66000","387130000C","(04)23274275","(04)23288582","2026","2","27","18","58","臺中市","潭子區","0","2","0","7","1","6","30","13","13","1","5","4","6","6","4","4","10","5","5","2","10","2","9","1","1","F01","7","9","7","21","2","11","","85","85","1","12","4","120.705239","24.205564","2"
"10096","66000","387130000C","(04)23274275","(04)23288582","2026","2","27","19","5","臺中市","西屯區","0","0","0","7","","","50","","","","","","","","","","","","","","17","","","","","B03","","","1","","2","","","8","8","1","13","4","120.654389","24.162294","3"
"10097","66000","387130000C","(04)23274275","(04)23288582","2026","2","27","19","20","臺中市","東區","0","1","0","5","1","6","50","13","7","1","4","4","6","6","4","4","9","5","4","2","18","2","9","2","1","C03","7","9","1","10","2","12","","59","59","1","13","4","120.705197","24.142581","2"
"10098","66000","387130000C","(04)23274275","(04)23288582","2026","2","27","19","21","臺中市","新社區","0","0","0","7","","","50","","","","","","","","","","","","","","","","","","","B03","","","1","","1","","","59","59","1","12","4","120.803419","24.229718","3"
"10099","66000","387130000C","(04)23274275","(04)23288582","2026","2","27","19","24","臺中市","大甲區","0","2","0","7","1","6","50","13","9","1","5","4","6","6","4","4","4","3","5","1","2","2","9","1","1","C03","7","9","1","10","2","11","","87","87","1","13","4","120.620885","24.350443","2"
"10100","66000","387130000C","(04)23274275","(04)23288582","2026","2","27","19","28","臺中市","西屯區","0","0","0","7","","","50","","","","","","","","","","","","","","","","","","","B03","","","1","","2","","","59","59","1","12","4","120.620732","24.18669","3"