序號,縣市別代碼,機關代碼,市話,傳真,年,月,日,時,分,縣市,區,死亡數量,受傷數量,2-30,天候,道路照明設備,道路類別,道路速限,道路型態,事故位置,路面鋪裝,路面狀態,路面缺陷,障礙物,視距,號誌種類,號誌動作,分向設施,快車道或一般車道間,快慢車道間,路面邊線,事故類型及型態,受傷程度,主要傷處,保護裝備,行動電話或功能裝置,當事者區分(類別),車輛用途,當事者行動狀態,駕照狀態,駕照種類,飲酒情形,車輛撞擊部位最初,車輛撞擊部位其他,肇事因素個別,肇事因素主要,肇事逃逸,職業,共享經濟或外送平台,GPS座標X,GPS座標Y,事故類別
"10101","66000","387130000C","(04)23274275","(04)23288582","2026","2","27","19","46","臺中市","北區","0","0","0","7","2","9","50","18","24","1","5","4","6","6","4","4","3","5","5","2","17","","","","","B03","","","1","","1","","","40","40","1","13","4","120.682708","24.145848","3"
"10102","66000","387130000C","(04)23274275","(04)23288582","2026","2","27","19","58","臺中市","大里區","0","0","0","7","","","50","","","","","","","","","","","","","","17","","","","","B03","","","1","","2","","","35","35","1","6","4","120.678851","24.11494","3"
"10103","66000","387130000C","(04)23274275","(04)23288582","2026","2","27","19","59","臺中市","沙鹿區","0","0","0","7","","","60","","","","","","","","","","","","","","13","","","","","B03","","","3","","2","","","7","7","1","12","4","120.564107","24.206239","3"
"10104","66000","387130000C","(04)23274275","(04)23288582","2026","2","27","20","0","臺中市","西區","0","0","0","7","","","50","","","","","","","","","","","","","","17","","","","","B02","","","1","","1","","","51","51","1","12","1","120.665164","24.144496","3"
"10105","66000","387130000C","(04)23274275","(04)23288582","2026","2","27","20","7","臺中市","大雅區","0","0","0","7","","","60","","","","","","","","","","","","","","17","","","","","B03","","","1","","9","","","86","86","1","12","4","120.64696","24.221634","3"
"10106","66000","387130000C","(04)23274275","(04)23288582","2026","2","27","20","12","臺中市","北區","0","1","0","7","1","6","50","5","2","1","5","4","6","6","4","4","10","5","5","2","13","3","10","3","1","B03","7","9","1","8","2","1","","7","7","1","13","4","120.682998","24.145652","2"
"10107","66000","387130000C","(04)23274275","(04)23288582","2026","2","27","20","16","臺中市","北區","0","0","0","7","","","50","","","","","","","","","","","","","","17","","","","","C03","","","1","","2","","","11","11","1","12","4","120.670506","24.155745","3"
"10108","66000","387130000C","(04)23274275","(04)23288582","2026","2","27","20","17","臺中市","大甲區","0","0","0","7","","","50","","","","","","","","","","","","","","8","","","","","","","","","","","","","86","86","2","","4","120.625642","24.340005","3"
"10109","66000","387130000C","(04)23274275","(04)23288582","2026","2","27","20","21","臺中市","西區","0","0","0","7","","","50","","","","","","","","","","","","","","","","","","","B03","","","1","","1","","","84","84","1","6","4","120.65357","24.148733","3"
"10110","66000","387130000C","(04)23274275","(04)23288582","2026","2","27","20","21","臺中市","西屯區","0","0","0","7","","","40","","","","","","","","","","","","","","13","","","","","B02","","","1","","1","","","49","49","1","12","4","120.642572","24.178206","3"
"10111","66000","387130000C","(04)23274275","(04)23288582","2026","2","27","20","37","臺中市","西屯區","0","0","0","7","","","30","","","","","","","","","","","","","","12","","","","","B02","","","1","","2","","","59","59","1","12","4","120.642942","24.175113","3"
"10112","66000","387130000C","(04)23274275","(04)23288582","2026","2","27","20","57","臺中市","烏日區","0","0","0","7","1","6","50","13","7","1","5","4","6","6","1","1","1","4","1","2","13","3","10","3","1","B12","7","9","1","8","1","1","","7","7","1","6","4","120.618978","24.102607","3"
"10113","66000","387130000C","(04)23274275","(04)23288582","2026","2","27","21","9","臺中市","西屯區","0","0","0","6","","","50","","","","","","","","","","","","","","12","","","","","C03","","","1","","1","","","35","35","1","13","4","120.644476","24.201637","3"
"10114","66000","387130000C","(04)23274275","(04)23288582","2026","2","27","21","11","臺中市","北屯區","0","0","0","7","","","50","","","","","","","","","","","","","","17","","","","","","","","","","","","","86","86","1","","","120.658886","24.184703","3"
"10115","66000","387130000C","(04)23274275","(04)23288582","2026","2","27","21","24","臺中市","大甲區","0","0","0","7","1","6","50","11","9","1","5","4","6","6","4","4","5","5","5","2","11","3","10","3","1","B03","7","9","1","8","2","7","","8","8","1","6","4","120.622269","24.359655","3"
"10116","66000","387130000C","(04)23274275","(04)23288582","2026","2","27","21","26","臺中市","大雅區","0","0","0","7","","","50","","","","","","","","","","","","","","17","","","","","B03","","","1","","1","","","84","84","1","12","4","120.650411","24.221421","3"
"10117","66000","387130000C","(04)23274275","(04)23288582","2026","2","27","21","29","臺中市","北屯區","0","1","0","7","1","6","40","13","7","1","5","4","6","6","4","4","9","5","4","2","17","3","10","3","1","B01","7","3","1","1","2","8","","50","50","1","12","4","120.659134","24.191175","2"
"10118","66000","387130000C","(04)23274275","(04)23288582","2026","2","27","21","30","臺中市","北區","0","0","0","7","","","30","","","","","","","","","","","","","","17","","","","","B03","","","6","","2","","","85","85","1","13","4","120.685243","24.162656","4"
"10119","66000","387130000C","(04)23274275","(04)23288582","2026","2","27","21","30","臺中市","南區","0","0","0","7","","","30","","","","","","","","","","","","","","","","","","","B12","","","1","","2","","","84","84","1","13","4","120.650401","24.112559","3"
"10120","66000","387130000C","(04)23274275","(04)23288582","2026","2","27","21","41","臺中市","北屯區","0","1","0","7","1","6","50","3","2","1","5","4","6","6","4","4","5","5","4","2","13","3","10","3","1","B03","7","9","1","8","1","1","","84","84","1","12","4","120.692772","24.164779","2"
"10121","66000","387130000C","(04)23274275","(04)23288582","2026","2","27","21","45","臺中市","西屯區","0","2","0","7","1","6","50","13","9","1","5","4","6","6","4","4","5","4","5","2","17","3","10","5","1","F01","7","6","7","21","2","16","","39","39","1","13","4","120.655874","24.171076","2"
"10122","66000","387130000C","(04)23274275","(04)23288582","2026","2","27","21","49","臺中市","西屯區","0","0","0","5","","","0","","","","","","","","","","","","","","17","","","","","C03","","","1","","1","","","84","84","1","12","4","120.64324","24.165196","3"
"10123","66000","387130000C","(04)23274275","(04)23288582","2026","2","27","21","50","臺中市","大雅區","0","2","0","7","1","6","50","13","8","1","5","4","6","6","4","4","1","4","4","2","13","2","7","2","1","C03","7","9","1","10","2","11","","84","84","1","12","4","120.651395","24.221297","2"
"10124","66000","387130000C","(04)23274275","(04)23288582","2026","2","27","21","53","臺中市","大里區","0","0","0","7","","","50","","","","","","","","","","","","","","","","","","","B03","","","1","","2","","","59","59","1","6","4","120.691534","24.091907","3"
"10125","66000","387130000C","(04)23274275","(04)23288582","2026","2","27","21","55","臺中市","龍井區","0","0","0","6","","","60","","","","","","","","","","","","","","17","","","","","B03","","","1","","2","","","21","21","1","6","4","120.579309","24.192097","3"
"10126","66000","387130000C","(04)23274275","(04)23288582","2026","2","27","21","56","臺中市","西區","0","1","0","6","1","6","50","4","1","1","5","4","6","6","1","1","10","5","5","2","17","3","10","3","1","B03","7","5","1","8","2","2","","47","47","1","12","4","120.671191","24.137237","2"
"10127","66000","387130000C","(04)23274275","(04)23288582","2026","2","27","22","13","臺中市","西區","0","2","0","7","1","6","40","5","1","1","5","4","6","6","4","4","1","4","1","2","17","2","9","1","1","F03","7","9","7","21","2","16","","90","90","1","12","4","120.670943","24.149661","2"
"10128","66000","387130000C","(04)23274275","(04)23288582","2026","2","27","22","14","臺中市","西區","0","1","0","7","2","6","50","4","1","1","5","4","6","6","1","1","10","5","5","2","13","2","9","2","1","C03","7","9","1","10","2","11","","7","7","1","12","4","120.657948","24.158206","2"
"10129","66000","387130000C","(04)23274275","(04)23288582","2026","2","27","22","18","臺中市","西區","0","0","0","6","","","30","","","","","","","","","","","","","","","","","","","B02","","","1","","1","","","8","8","1","12","4","120.655801","24.151428","3"
"10130","66000","387130000C","(04)23274275","(04)23288582","2026","2","27","22","29","臺中市","東區","0","1","0","7","1","6","50","3","1","1","5","4","6","6","4","4","5","4","5","2","17","3","10","3","1","B03","7","11","1","8","2","7","","45","45","1","13","4","120.701113","24.131989","2"
"10131","66000","387130000C","(04)23274275","(04)23288582","2026","2","27","22","31","臺中市","北區","0","0","0","7","","","50","","","","","","","","","","","","","","13","","","","","C03","","","1","","1","","","84","84","1","12","4","120.676549","24.150256","3"
"10132","66000","387130000C","(04)23274275","(04)23288582","2026","2","27","22","50","臺中市","大里區","0","1","0","6","1","6","50","4","1","1","5","4","6","6","1","1","5","2","5","2","16","3","10","3","1","B03","7","5","1","8","2","2","","84","84","1","13","4","120.67938","24.115091","2"
"10133","66000","387130000C","(04)23274275","(04)23288582","2026","2","27","22","54","臺中市","西區","0","0","0","7","","","50","","","","","","","","","","","","","","12","","","","","B02","","","1","","3","","","84","84","1","12","4","120.66977","24.146723","3"
"10134","66000","387130000C","(04)23274275","(04)23288582","2026","2","27","22","55","臺中市","南區","0","0","0","6","","","50","","","","","","","","","","","","","","","","","","","C03","","","1","","1","","","84","84","1","12","4","120.667083","24.128531","3"
"10135","66000","387130000C","(04)23274275","(04)23288582","2026","2","27","23","0","臺中市","豐原區","0","0","0","7","","","50","","","","","","","","","","","","","","17","","","","","B12","","","1","","2","","","49","49","1","6","4","120.717081","24.253058","3"
"10136","66000","387130000C","(04)23274275","(04)23288582","2026","2","27","23","7","臺中市","大里區","0","1","0","6","1","6","50","4","2","1","5","4","6","6","2","1","5","4","5","1","18","2","9","1","1","C03","7","12","1","10","2","14","","84","84","1","12","4","120.689532","24.10631","2"
"10137","66000","387130000C","(04)23274275","(04)23288582","2026","2","27","23","41","臺中市","西區","0","0","0","7","","","50","","","","","","","","","","","","","","14","","","","","B03","","","1","","1","","","49","49","1","12","4","120.659051","24.138133","3"
"10138","66000","387130000C","(04)23274275","(04)23288582","2026","2","27","23","46","臺中市","北屯區","0","2","0","6","1","6","50","13","9","1","5","4","6","6","4","4","1","3","5","2","13","2","1","3","1","B03","7","9","1","8","2","1","","7","7","1","13","4","120.698136","24.171562","2"
"10139","66000","387130000C","(04)23274275","(04)23288582","2026","2","28","0","10","臺中市","北區","0","2","0","5","1","6","50","4","1","1","4","4","6","6","1","1","10","5","5","2","16","3","10","3","1","B03","7","5","1","8","2","2","","84","84","1","13","4","120.686725","24.165283","2"
"10140","66000","387130000C","(04)23274275","(04)23288582","2026","2","28","0","13","臺中市","南區","0","0","0","7","","","50","","","","","","","","","","","","","","","","","","","B03","","","1","","1","","","8","8","1","12","4","120.659878","24.110722","3"
"10141","66000","387130000C","(04)23274275","(04)23288582","2026","2","28","0","18","臺中市","西屯區","0","0","0","7","","","40","","","","","","","","","","","","","","16","","","","","B03","","","1","","2","","","7","7","1","12","4","120.651021","24.162144","3"
"10142","66000","387130000C","(04)23274275","(04)23288582","2026","2","28","0","22","臺中市","潭子區","0","0","0","7","","","30","","","","","","","","","","","","","","9","","","","","","","","","","","","","86","86","1","","","120.702561","24.212367","3"
"10143","66000","387130000C","(04)23274275","(04)23288582","2026","2","28","0","28","臺中市","西屯區","0","1","0","7","1","6","50","3","1","1","5","4","6","6","3","1","10","5","5","2","3","3","10","5","1","C03","7","6","1","10","2","11","","10","10","1","12","4","120.661943","24.176233","2"
"10144","66000","387130000C","(04)23274275","(04)23288582","2026","2","28","0","42","臺中市","西區","0","0","0","6","1","6","50","3","2","1","5","4","6","6","4","4","8","3","5","2","14","","","","","B01","","","1","","1","","","49","49","1","6","4","120.662161","24.1507","3"
"10145","66000","387130000C","(04)23274275","(04)23288582","2026","2","28","1","43","臺中市","龍井區","0","0","0","7","","","30","","","","","","","","","","","","","","17","","","","","B01","","","1","","1","","","8","8","1","6","4","120.591833","24.180251","3"
"10146","66000","387130000C","(04)23274275","(04)23288582","2026","2","28","2","6","臺中市","西屯區","0","1","0","7","1","6","40","13","8","1","5","4","6","6","4","4","1","5","5","1","18","2","9","1","1","C03","7","9","1","10","2","12","","84","84","1","12","4","120.595561","24.181989","2"
"10147","66000","387130000C","(04)23274275","(04)23288582","2026","2","28","2","27","臺中市","南區","0","0","0","7","","","30","","","","","","","","","","","","","","16","","","","","B03","","","1","","2","","","24","24","1","12","4","120.650474","24.107897","3"
"10148","66000","387130000C","(04)23274275","(04)23288582","2026","2","28","2","35","臺中市","中區","0","0","0","6","","","50","","","","","","","","","","","","","","","","","","","B03","","","1","","1","","","49","49","1","13","4","120.675213","24.14472","3"
"10149","66000","387130000C","(04)23274275","(04)23288582","2026","2","28","2","58","臺中市","北區","0","2","0","7","1","6","50","4","1","1","5","4","6","6","4","4","5","5","5","2","15","2","9","1","1","C03","7","9","1","10","2","11","","15","15","1","12","2","120.68228","24.162013","2"
"10150","66000","387130000C","(04)23274275","(04)23288582","2026","2","28","3","0","臺中市","潭子區","0","0","0","5","","","30","","","","","","","","","","","","","","9","","","","","B03","","","1","","1","","","49","49","1","12","4","120.71104","24.201578","3"
"10151","66000","387130000C","(04)23274275","(04)23288582","2026","2","28","3","10","臺中市","大肚區","0","3","0","7","1","6","50","11","9","1","5","4","6","6","4","4","9","4","5","2","23","2","9","3","1","B03","7","15","1","8","2","8","","84","84","1","6","4","120.565595","24.160058","2"
"10152","66000","387130000C","(04)23274275","(04)23288582","2026","2","28","5","52","臺中市","南屯區","0","0","0","5","","","","","","","","","","","","","","","","","","","","","","","","","","","","","","86","86","1","","4","120.651246","24.15173","3"
"10153","66000","387130000C","(04)23274275","(04)23288582","2026","2","28","6","23","臺中市","北區","0","0","0","7","","","50","","","","","","","","","","","","","","23","","","","","B03","","","1","","2","","","59","59","1","13","4","120.698631","24.152297","3"
"10154","66000","387130000C","(04)23274275","(04)23288582","2026","2","28","6","27","臺中市","南屯區","0","1","0","6","2","6","50","4","1","1","5","4","6","6","4","4","5","4","4","2","16","3","10","3","1","B01","7","5","1","4","2","8","","13","13","1","12","4","120.641709","24.148756","2"
"10155","66000","387130000C","(04)23274275","(04)23288582","2026","2","28","6","50","臺中市","潭子區","0","0","0","7","","","50","","","","","","","","","","","","","","","","","","","B03","","","1","","2","","","8","8","1","13","4","120.697635","24.223621","3"
"10156","66000","387130000C","(04)23274275","(04)23288582","2026","2","28","6","57","臺中市","太平區","0","2","0","5","3","6","50","13","9","1","4","4","6","6","4","4","9","5","5","1","16","2","9","1","1","C03","7","6","1","10","2","13","","48","48","1","12","4","120.73374","24.157717","2"
"10157","66000","387130000C","(04)23274275","(04)23288582","2026","2","28","7","5","臺中市","中區","0","1","0","6","2","6","50","4","1","1","5","4","6","6","4","4","10","5","5","2","17","3","10","3","1","B03","7","6","1","8","2","8","","12","12","1","13","4","120.681628","24.141848","2"
"10158","66000","387130000C","(04)23274275","(04)23288582","2026","2","28","7","25","臺中市","烏日區","0","0","0","7","","","50","","","","","","","","","","","","","","17","","","","","B03","","","1","","9","","","50","50","2","6","4","120.642472","24.063435","3"
"10159","66000","387130000C","(04)23274275","(04)23288582","2026","2","28","7","27","臺中市","北屯區","0","1","0","5","2","6","50","3","1","1","4","4","6","6","1","1","10","5","5","2","18","2","9","1","1","C03","7","9","1","10","2","14","","82","82","1","6","4","120.699355","24.170226","2"
"10160","66000","387130000C","(04)23274275","(04)23288582","2026","2","28","7","29","臺中市","梧棲區","0","1","0","6","3","6","30","4","1","1","4","4","6","6","1","1","10","5","5","2","15","2","9","1","1","C03","7","9","1","10","2","12","","21","21","1","6","4","120.532015","24.228775","2"
"10161","66000","387130000C","(04)23274275","(04)23288582","2026","2","28","7","37","臺中市","烏日區","0","1","0","5","2","6","50","4","2","1","4","4","6","6","1","1","5","4","5","1","17","3","10","5","4","B01","7","1","1","4","2","4","","51","51","1","12","4","120.634407","24.097714","2"
"10162","66000","387130000C","(04)23274275","(04)23288582","2026","2","28","7","45","臺中市","南屯區","0","2","0","7","3","6","50","13","9","1","5","4","6","6","4","4","9","5","5","2","12","2","9","1","1","C03","7","1","1","10","2","14","","51","51","1","12","4","120.643426","24.138402","2"
"10163","66000","387130000C","(04)23274275","(04)23288582","2026","2","28","7","45","臺中市","豐原區","0","1","0","5","2","6","30","13","9","1","4","4","6","1","4","4","10","5","5","2","17","3","10","5","4","B03","7","11","5","19","2","7","","46","46","1","13","4","120.73605","24.268575","2"
"10164","66000","387130000C","(04)23274275","(04)23288582","2026","2","28","7","47","臺中市","豐原區","0","1","0","5","2","6","50","3","1","1","4","4","6","6","4","4","10","5","5","2","17","2","9","1","1","F03","7","6","7","21","2","12","","48","48","1","13","4","120.696248","24.240598","2"
"10165","66000","387130000C","(04)23274275","(04)23288582","2026","2","28","7","49","臺中市","西屯區","0","1","0","6","2","6","40","3","2","1","5","4","6","6","4","4","5","5","5","2","17","3","10","3","1","B03","7","11","1","8","1","16","","45","45","1","12","4","120.636265","24.170164","2"
"10166","66000","387130000C","(04)23274275","(04)23288582","2026","2","28","7","50","臺中市","太平區","0","1","0","5","3","6","50","5","1","1","4","4","6","6","1","1","10","5","5","2","18","2","9","1","1","C03","7","6","1","10","2","14","","84","84","1","12","4","120.731527","24.140266","2"
"10167","66000","387130000C","(04)23274275","(04)23288582","2026","2","28","7","53","臺中市","東區","0","0","0","7","","","50","","","","","","","","","","","","","","27","","","","","C03","","","1","","2","","","7","7","1","13","4","120.68713","24.133273","4"
"10168","66000","387130000C","(04)23274275","(04)23288582","2026","2","28","8","5","臺中市","大雅區","0","1","0","6","1","6","30","13","9","1","5","4","6","6","4","4","10","5","5","1","17","2","9","1","1","C03","7","11","1","10","2","12","","45","45","1","13","4","120.631969","24.228249","2"
"10169","66000","387130000C","(04)23274275","(04)23288582","2026","2","28","8","7","臺中市","梧棲區","0","0","0","7","","","40","","","","","","","","","","","","","","13","","","","","B03","","","1","","1","","","7","7","1","6","4","120.537165","24.251065","3"
"10170","66000","387130000C","(04)23274275","(04)23288582","2026","2","28","8","10","臺中市","東區","0","1","0","7","2","6","50","4","1","1","5","4","6","6","2","1","10","5","5","2","17","3","10","1","1","C03","7","4","1","10","2","12","","7","7","1","12","4","120.698842","24.133021","2"
"10171","66000","387130000C","(04)23274275","(04)23288582","2026","2","28","8","22","臺中市","神岡區","0","1","0","6","2","6","50","4","1","1","4","4","6","6","1","1","10","5","5","2","30","2","9","2","1","C03","7","9","1","10","2","14","","84","84","1","6","4","120.661338","24.263445","2"
"10172","66000","387130000C","(04)23274275","(04)23288582","2026","2","28","8","26","臺中市","潭子區","0","1","0","6","3","6","50","11","9","1","5","4","6","6","4","4","1","5","5","1","18","2","9","2","1","C03","7","9","3","19","2","12","","84","84","1","13","4","120.720448","24.221568","2"
"10173","66000","387130000C","(04)23274275","(04)23288582","2026","2","28","8","33","臺中市","潭子區","0","0","0","7","","","60","","","","","","","","","","","","","","","","","","","B12","","","3","","2","","","7","7","1","13","4","120.702999","24.199898","3"
"10174","66000","387130000C","(04)23274275","(04)23288582","2026","2","28","8","33","臺中市","西屯區","0","0","0","7","","","50","","","","","","","","","","","","","","14","","","","","B12","","","1","","9","","","84","84","2","12","4","120.65711","24.171261","3"
"10175","66000","387130000C","(04)23274275","(04)23288582","2026","2","28","8","42","臺中市","梧棲區","0","1","0","6","3","6","50","4","1","1","4","4","6","6","4","4","10","5","5","2","15","3","10","1","1","C03","7","9","1","10","2","13","","12","12","1","6","4","120.547534","24.247623","2"
"10176","66000","387130000C","(04)23274275","(04)23288582","2026","2","28","8","44","臺中市","清水區","0","1","0","7","3","6","50","3","1","1","5","4","6","6","4","4","5","5","5","2","16","2","9","1","1","C03","7","6","1","10","2","12","","13","13","1","12","4","120.570855","24.275819","2"
"10177","66000","387130000C","(04)23274275","(04)23288582","2026","2","28","8","52","臺中市","霧峰區","0","1","0","7","2","6","50","3","1","1","4","4","6","6","1","1","9","4","4","1","17","3","10","3","1","B03","7","6","1","8","2","16","","25","25","1","13","4","120.700065","24.075656","2"
"10178","66000","387130000C","(04)23274275","(04)23288582","2026","2","28","8","55","臺中市","大里區","0","1","0","7","2","6","50","3","1","1","5","4","6","6","4","4","1","4","5","1","16","3","10","3","1","B03","7","5","1","8","2","5","","85","85","1","12","4","120.691915","24.101166","2"
"10179","66000","387130000C","(04)23274275","(04)23288582","2026","2","28","9","0","臺中市","沙鹿區","0","2","0","7","2","6","50","13","9","1","5","4","6","6","4","4","2","4","5","2","17","2","9","1","1","C03","7","1","1","10","2","14","","51","51","1","12","4","120.560164","24.238528","2"
"10180","66000","387130000C","(04)23274275","(04)23288582","2026","2","28","9","0","臺中市","清水區","0","1","0","7","3","6","50","4","1","1","5","4","6","6","4","4","10","5","5","2","16","3","10","3","1","B03","7","6","1","8","2","1","","14","14","1","12","4","120.582269","24.291879","2"
"10181","66000","387130000C","(04)23274275","(04)23288582","2026","2","28","9","5","臺中市","沙鹿區","0","0","0","7","","","50","","","","","","","","","","","","","","","","","","","A12","","","1","","1","","","8","8","1","6","4","120.575454","24.213387","3"
"10182","66000","387130000C","(04)23274275","(04)23288582","2026","2","28","9","10","臺中市","大雅區","0","0","0","6","","","50","","","","","","","","","","","","","","","","","","","C03","","","1","","2","","","40","40","1","13","4","120.64793","24.223165","3"
"10183","66000","387130000C","(04)23274275","(04)23288582","2026","2","28","9","14","臺中市","北屯區","0","0","0","5","","","50","","","","","","","","","","","","","","","","","","","B03","","","1","","1","","","84","84","1","12","4","120.690491","24.175457","3"
"10184","66000","387130000C","(04)23274275","(04)23288582","2026","2","28","9","16","臺中市","北區","0","0","0","7","2","6","50","","8","1","5","4","6","6","4","4","9","4","4","2","17","3","10","3","1","B03","7","11","1","8","2","5","","45","45","1","12","4","120.692418","24.151833","3"
"10185","66000","387130000C","(04)23274275","(04)23288582","2026","2","28","9","16","臺中市","太平區","0","1","0","6","3","6","50","4","2","1","5","4","6","6","4","4","5","5","4","1","16","3","10","3","1","B03","7","5","1","8","2","7","","47","47","1","12","4","120.732061","24.113838","2"
"10186","66000","387130000C","(04)23274275","(04)23288582","2026","2","28","9","24","臺中市","沙鹿區","0","1","0","7","2","6","50","4","1","1","5","4","6","6","4","4","9","4","5","2","16","3","10","3","1","B03","7","5","1","8","2","2","","47","47","1","12","4","120.568746","24.25281","2"
"10187","66000","387130000C","(04)23274275","(04)23288582","2026","2","28","9","35","臺中市","沙鹿區","0","0","0","7","","","50","","","","","","","","","","","","","","","","","","","B01","","","1","","2","","","7","7","1","6","4","120.562089","24.245287","3"
"10188","66000","387130000C","(04)23274275","(04)23288582","2026","2","28","9","39","臺中市","霧峰區","0","1","0","6","2","6","40","13","9","1","5","4","6","6","4","4","9","5","5","1","17","3","10","3","1","B03","7","1","1","8","2","4","","51","51","1","13","4","120.715994","24.076716","2"
"10189","66000","387130000C","(04)23274275","(04)23288582","2026","2","28","9","42","臺中市","潭子區","0","0","0","7","","","40","","","","","","","","","","","","","","","","","","","B03","","","1","","2","","","51","51","1","13","4","120.704444","24.202128","3"
"10190","66000","387130000C","(04)23274275","(04)23288582","2026","2","28","9","43","臺中市","南屯區","0","1","0","6","3","6","40","13","8","1","5","4","6","6","4","4","1","5","1","2","17","3","10","3","1","B03","7","9","1","8","2","2","","85","85","1","6","4","120.604851","24.151882","2"
"10191","66000","387130000C","(04)23274275","(04)23288582","2026","2","28","9","45","臺中市","北區","0","0","0","7","","","50","","","","","","","","","","","","","","","","","","","C03","","","1","","1","","","7","7","1","13","4","120.667584","24.154065","3"
"10192","66000","387130000C","(04)23274275","(04)23288582","2026","2","28","9","54","臺中市","霧峰區","0","1","0","7","2","6","50","13","9","1","4","4","6","6","4","4","5","2","5","1","16","3","10","2","1","C03","7","6","1","10","2","13","","39","39","1","13","4","120.696976","24.06363","2"
"10193","66000","387130000C","(04)23274275","(04)23288582","2026","2","28","9","59","臺中市","豐原區","0","2","0","6","2","6","50","3","1","1","5","4","6","6","4","4","5","5","5","1","17","2","8","1","1","C03","7","9","1","10","2","14","14","84","84","1","13","4","120.718859","24.243681","2"
"10194","66000","387130000C","(04)23274275","(04)23288582","2026","2","28","10","4","臺中市","南區","0","2","0","7","2","6","50","3","1","1","5","4","6","6","2","1","10","5","5","2","17","2","9","1","1","C03","7","9","1","8","2","11","","21","21","1","12","4","120.660027","24.124792","2"
"10195","66000","387130000C","(04)23274275","(04)23288582","2026","2","28","10","6","臺中市","南區","0","2","0","6","3","6","50","4","1","1","5","4","6","6","2","1","1","5","5","2","12","2","9","2","1","C03","7","4","1","10","2","14","","1","1","1","5","4","120.666798","24.119149","2"
"10196","66000","387130000C","(04)23274275","(04)23288582","2026","2","28","10","7","臺中市","北屯區","0","0","0","7","","","50","","","","","","","","","","","","","","","","","","","B03","","","1","","1","","","25","25","1","13","4","120.700269","24.164973","3"
"10197","66000","387130000C","(04)23274275","(04)23288582","2026","2","28","10","7","臺中市","大里區","0","0","0","7","","","50","","","","","","","","","","","","","","","","","","","B03","","","1","","2","","","49","49","1","12","4","120.685628","24.109067","3"
"10198","66000","387130000C","(04)23274275","(04)23288582","2026","2","28","10","8","臺中市","神岡區","0","0","0","7","","","40","","","","","","","","","","","","","","17","","","","","B03","","","1","","2","","","59","59","1","13","4","120.680245","24.248354","3"
"10199","66000","387130000C","(04)23274275","(04)23288582","2026","2","28","10","10","臺中市","北區","0","0","0","7","","","50","","","","","","","","","","","","","","","","","","","B03","","","1","","2","","","49","49","1","12","4","120.692961","24.157722","3"
"10200","66000","387130000C","(04)23274275","(04)23288582","2026","2","28","10","16","臺中市","西屯區","0","1","0","7","2","6","50","3","9","1","5","4","6","6","2","1","5","4","5","2","12","2","8","1","1","C03","7","9","1","10","2","14","","84","84","1","12","4","120.654331","24.194049","2"
"10201","66000","387130000C","(04)23274275","(04)23288582","2026","2","28","10","23","臺中市","南屯區","0","0","0","7","","","50","","","","","","","","","","","","","","","","","","","B03","","","1","","2","","","45","45","1","13","4","120.635035","24.146361","3"
"10202","66000","387130000C","(04)23274275","(04)23288582","2026","2","28","10","30","臺中市","太平區","0","2","0","7","3","6","50","4","1","1","5","4","6","6","1","1","10","5","5","2","16","2","8","1","1","C03","7","5","1","10","2","11","","47","47","1","12","4","120.722101","24.129111","2"
"10203","66000","387130000C","(04)23274275","(04)23288582","2026","2","28","10","30","臺中市","豐原區","0","0","0","7","","","50","","","","","","","","","","","","","","13","","","","","B12","","","1","","2","","","7","7","1","13","4","120.751082","24.269969","3"
"10204","66000","387130000C","(04)23274275","(04)23288582","2026","2","28","10","32","臺中市","北屯區","0","0","0","7","","","30","","","","","","","","","","","","","","9","","","","","B03","","","1","","1","","","51","51","1","6","4","120.690284","24.162556","3"
"10205","66000","387130000C","(04)23274275","(04)23288582","2026","2","28","10","37","臺中市","南區","0","0","0","7","","","50","","","","","","","","","","","","","","","","","","","B03","","","1","","1","","","7","7","1","12","4","120.669848","24.115627","3"
"10206","66000","387130000C","(04)23274275","(04)23288582","2026","2","28","10","40","臺中市","霧峰區","0","0","0","7","","","60","","","","","","","","","","","","","","","","","","","B03","","","1","","1","","","23","23","1","13","4","120.695625","24.01472","3"
"10207","66000","387130000C","(04)23274275","(04)23288582","2026","2","28","10","41","臺中市","大里區","0","0","0","7","","3","80","","","","","","","","","","","","","","","","","","","B03","","","1","","2","","","40","40","1","12","4","120.691464","24.099496","3"
"10208","66000","387130000C","(04)23274275","(04)23288582","2026","2","28","10","41","臺中市","神岡區","0","1","0","6","2","6","50","3","1","1","5","4","6","6","4","4","10","5","5","1","17","2","9","2","1","C03","7","6","5","19","2","11","","39","39","1","6","4","120.682383","24.271042","2"
"10209","66000","387130000C","(04)23274275","(04)23288582","2026","2","28","10","45","臺中市","大里區","0","1","0","7","2","6","30","11","9","1","4","4","6","6","4","4","10","5","5","2","11","2","9","2","1","F03","7","5","7","21","2","11","","7","7","1","13","4","120.700531","24.086373","2"