序號,縣市別代碼,機關代碼,市話,傳真,年,月,日,時,分,縣市,區,死亡數量,受傷數量,2-30,天候,道路照明設備,道路類別,道路速限,道路型態,事故位置,路面鋪裝,路面狀態,路面缺陷,障礙物,視距,號誌種類,號誌動作,分向設施,快車道或一般車道間,快慢車道間,路面邊線,事故類型及型態,受傷程度,主要傷處,保護裝備,行動電話或功能裝置,當事者區分(類別),車輛用途,當事者行動狀態,駕照狀態,駕照種類,飲酒情形,車輛撞擊部位最初,車輛撞擊部位其他,肇事因素個別,肇事因素主要,肇事逃逸,職業,共享經濟或外送平台,GPS座標X,GPS座標Y,事故類別
"10210","66000","387130000C","(04)23274275","(04)23288582","2026","2","28","10","46","臺中市","北屯區","0","2","0","6","2","6","50","4","2","1","5","4","6","6","2","1","1","2","5","2","13","2","9","1","1","C03","7","9","1","10","2","11","","7","7","1","12","4","120.671276","24.173887","2"
"10211","66000","387130000C","(04)23274275","(04)23288582","2026","2","28","10","47","臺中市","梧棲區","0","0","0","7","","","50","","","","","","","","","","","","","","17","","","","","C03","","","1","","2","","","48","48","1","6","4","120.530438","24.255315","3"
"10212","66000","387130000C","(04)23274275","(04)23288582","2026","2","28","10","49","臺中市","北區","0","0","0","7","","","50","","","","","","","","","","","","","","12","","","","","B03","","","1","","1","","","40","40","1","13","4","120.682335","24.153988","3"
"10213","66000","387130000C","(04)23274275","(04)23288582","2026","2","28","10","50","臺中市","東區","0","1","0","7","2","6","50","5","2","1","5","4","6","6","2","1","5","2","4","2","13","3","10","3","1","B03","7","9","1","8","2","2","","84","84","1","13","4","120.692569","24.140081","2"
"10214","66000","387130000C","(04)23274275","(04)23288582","2026","2","28","10","53","臺中市","北區","0","3","0","7","2","6","40","4","2","1","5","4","6","6","1","1","5","4","4","2","16","2","8","1","1","C03","7","5","1","10","2","13","","20","20","1","12","4","120.682273","24.15902","2"
"10215","66000","387130000C","(04)23274275","(04)23288582","2026","2","28","10","55","臺中市","西屯區","0","0","0","6","","","40","","","","","","","","","","","","","","12","","","","","B03","","","1","","2","","","8","8","1","12","4","120.643378","24.170219","3"
"10216","66000","387130000C","(04)23274275","(04)23288582","2026","2","28","11","0","臺中市","大雅區","0","0","0","7","","","70","","","","","","","","","","","","","","","","","","","B01","","","1","","2","","","84","84","1","12","4","120.629575","24.241426","3"
"10217","66000","387130000C","(04)23274275","(04)23288582","2026","2","28","11","2","臺中市","沙鹿區","0","0","0","5","","","50","","","","","","","","","","","","","","","","","","","B01","","","1","","2","","","88","88","1","6","4","120.564641","24.238952","3"
"10218","66000","387130000C","(04)23274275","(04)23288582","2026","2","28","11","7","臺中市","北屯區","0","1","0","7","1","6","50","3","2","1","5","4","6","6","1","1","9","4","5","2","11","3","10","3","1","B03","7","6","1","8","2","1","","11","11","1","13","4","120.714946","24.174145","2"
"10219","66000","387130000C","(04)23274275","(04)23288582","2026","2","28","11","8","臺中市","西屯區","0","0","0","6","","","60","","","","","","","","","","","","","","13","","","","","A04","","","1","","1","","","59","59","1","13","4","120.633953","24.161324","3"
"10220","66000","387130000C","(04)23274275","(04)23288582","2026","2","28","11","12","臺中市","西屯區","0","1","0","7","2","6","50","13","9","1","5","4","6","6","4","4","5","4","5","2","12","3","10","5","4","B03","7","9","1","8","2","2","","84","84","1","12","4","120.624933","24.180073","2"
"10221","66000","387130000C","(04)23274275","(04)23288582","2026","2","28","11","16","臺中市","南屯區","0","0","0","7","3","6","50","13","8","1","5","4","6","6","4","4","5","5","4","2","12","","","","","B03","","","1","","1","","","8","8","1","12","4","120.616189","24.152453","3"
"10222","66000","387130000C","(04)23274275","(04)23288582","2026","2","28","11","18","臺中市","潭子區","0","1","0","7","3","6","50","3","1","1","5","4","6","6","4","4","5","4","5","1","14","3","10","3","1","B03","7","2","1","8","2","3","","49","49","1","13","4","120.700473","24.212477","2"
"10223","66000","387130000C","(04)23274275","(04)23288582","2026","2","28","11","21","臺中市","龍井區","0","0","0","7","","","60","","","","","","","","","","","","","","","","","","","B03","","","1","","1","","","8","8","1","12","4","120.580083","24.188857","3"
"10224","66000","387130000C","(04)23274275","(04)23288582","2026","2","28","11","22","臺中市","西區","0","0","0","6","","","50","","","","","","","","","","","","","","17","","","","","B03","","","1","","2","","","84","84","1","13","4","120.660405","24.141254","3"
"10225","66000","387130000C","(04)23274275","(04)23288582","2026","2","28","11","24","臺中市","北區","0","0","0","7","","","50","","","","","","","","","","","","","","","","","","","B02","","","1","","2","","","50","50","1","13","4","120.693546","24.155611","3"
"10226","66000","387130000C","(04)23274275","(04)23288582","2026","2","28","11","24","臺中市","北屯區","0","0","0","6","","","50","","","","","","","","","","","","","","17","","","","","B03","","","1","","1","","","76","76","1","6","4","120.705391","24.174636","3"
"10227","66000","387130000C","(04)23274275","(04)23288582","2026","2","28","11","30","臺中市","大雅區","0","0","0","6","","","0","","","","","","","","","","","","","","","","","","","C03","","","1","","2","","","45","45","1","13","4","120.649898","24.221887","3"
"10228","66000","387130000C","(04)23274275","(04)23288582","2026","2","28","11","30","臺中市","南屯區","0","0","0","7","","","30","","","","","","","","","","","","","","14","","","","","B03","","","1","","2","","","49","49","1","6","4","120.626231","24.12911","3"
"10229","66000","387130000C","(04)23274275","(04)23288582","2026","2","28","11","31","臺中市","北屯區","0","0","0","7","","","50","","","","","","","","","","","","","","13","","","","","C03","","","1","","2","","","84","84","1","6","4","120.697745","24.170349","3"
"10230","66000","387130000C","(04)23274275","(04)23288582","2026","2","28","11","33","臺中市","北屯區","0","0","0","7","","3","50","","","","","","","","","","","","","","","","","","","B03","","","1","","2","","","20","20","1","13","4","120.696117","24.201171","3"
"10231","66000","387130000C","(04)23274275","(04)23288582","2026","2","28","11","34","臺中市","西屯區","0","0","0","6","","","50","","","","","","","","","","","","","","13","","","","","B03","","","1","","1","","","56","56","1","12","4","120.615818","24.18904","3"
"10232","66000","387130000C","(04)23274275","(04)23288582","2026","2","28","11","34","臺中市","大甲區","0","2","0","6","2","6","50","4","1","1","5","4","6","6","4","4","10","5","5","2","15","2","8","2","1","C03","7","9","1","10","2","12","","15","15","1","6","4","120.618213","24.346219","2"
"10233","66000","387130000C","(04)23274275","(04)23288582","2026","2","28","11","35","臺中市","西區","0","0","0","7","","","50","","","","","","","","","","","","","","","","","","","B03","","","1","","2","","","8","8","1","13","4","120.666425","24.137267","3"
"10234","66000","387130000C","(04)23274275","(04)23288582","2026","2","28","11","37","臺中市","東區","0","1","0","7","2","6","50","4","9","1","5","4","6","6","4","4","5","5","5","2","17","3","10","3","1","B03","7","6","1","8","2","8","","26","26","1","12","4","120.683497","24.134698","2"
"10235","66000","387130000C","(04)23274275","(04)23288582","2026","2","28","11","44","臺中市","西屯區","0","0","0","7","","","50","","","","","","","","","","","","","","13","","","","","C03","","","1","","1","","","7","7","1","12","4","120.660036","24.164313","3"
"10236","66000","387130000C","(04)23274275","(04)23288582","2026","2","28","11","49","臺中市","大雅區","0","1","0","7","3","6","30","13","9","1","5","4","6","6","4","4","10","5","5","2","17","3","10","3","4","B03","7","15","1","8","2","8","","84","84","1","12","4","120.672288","24.233147","2"
"10237","66000","387130000C","(04)23274275","(04)23288582","2026","2","28","11","50","臺中市","南區","0","0","0","6","","","30","","","","","","","","","","","","","","","","","","","B03","","","1","","2","","","49","49","1","12","4","120.656846","24.115087","3"
"10238","66000","387130000C","(04)23274275","(04)23288582","2026","2","28","11","51","臺中市","西屯區","0","0","0","7","","","30","","","","","","","","","","","","","","15","","","","","C03","","","3","","2","","","12","12","1","12","4","120.644456","24.17162","3"
"10239","66000","387130000C","(04)23274275","(04)23288582","2026","2","28","11","53","臺中市","大里區","0","1","0","7","2","6","50","5","1","1","5","4","6","6","1","1","5","5","5","2","16","3","10","3","1","B12","7","5","3","19","2","6","","11","11","1","12","4","120.700981","24.10259","2"
"10240","66000","387130000C","(04)23274275","(04)23288582","2026","2","28","11","55","臺中市","大雅區","0","0","0","6","","","50","","","","","","","","","","","","","","","","","","","B12","","","1","","2","","","45","45","1","13","4","120.649057","24.226309","3"
"10241","66000","387130000C","(04)23274275","(04)23288582","2026","2","28","12","2","臺中市","太平區","0","0","0","6","2","6","40","","","","","","","","","","","","","","","","","","","C04","","","1","","1","13","","49","49","1","12","4","120.715126","24.158989","3"
"10242","66000","387130000C","(04)23274275","(04)23288582","2026","2","28","12","3","臺中市","大雅區","0","0","0","7","","","50","","","","","","","","","","","","","","","","","","","B03","","","1","","1","","","6","6","1","12","4","120.651747","24.246264","3"
"10243","66000","387130000C","(04)23274275","(04)23288582","2026","2","28","12","5","臺中市","西屯區","0","0","0","7","","","60","","","","","","","","","","","","","","13","","","","","B03","","","1","","1","","","7","7","1","12","4","120.646139","24.164941","3"
"10244","66000","387130000C","(04)23274275","(04)23288582","2026","2","28","12","5","臺中市","豐原區","0","1","0","7","2","6","50","13","8","1","5","4","6","6","4","4","9","5","4","2","17","3","10","5","4","B03","7","11","1","8","2","2","","45","45","1","13","4","120.734959","24.255576","2"
"10245","66000","387130000C","(04)23274275","(04)23288582","2026","2","28","12","13","臺中市","北區","0","1","0","7","2","6","50","13","7","1","5","4","6","6","4","4","9","5","4","2","17","3","10","3","1","B03","7","1","1","8","2","4","","51","51","1","12","4","120.673731","24.17005","2"
"10246","66000","387130000C","(04)23274275","(04)23288582","2026","2","28","12","20","臺中市","北屯區","0","0","0","7","","","50","","","","","","","","","","","","","","13","","","","","C03","","","1","","1","","","7","7","1","6","4","120.685468","24.173361","4"
"10247","66000","387130000C","(04)23274275","(04)23288582","2026","2","28","12","20","臺中市","北屯區","0","1","0","7","1","6","50","13","9","1","5","4","6","6","4","4","3","4","5","2","12","3","10","3","1","B03","7","1","1","8","2","7","","51","51","1","13","4","120.727313","24.166885","2"
"10248","66000","387130000C","(04)23274275","(04)23288582","2026","2","28","12","20","臺中市","北屯區","0","1","0","7","1","6","50","4","2","1","5","4","6","6","3","1","5","4","4","2","18","2","9","1","1","C03","7","5","1","10","2","12","","84","84","1","13","4","120.667489","24.195407","2"
"10249","66000","387130000C","(04)23274275","(04)23288582","2026","2","28","12","21","臺中市","神岡區","0","1","0","7","2","6","50","4","1","1","5","4","6","6","2","1","10","5","5","1","17","3","10","5","4","B03","7","6","1","8","2","2","","84","84","1","12","4","120.682923","24.246428","2"
"10250","66000","387130000C","(04)23274275","(04)23288582","2026","2","28","12","25","臺中市","大雅區","0","2","0","6","1","6","30","3","2","1","5","4","6","6","3","1","5","5","4","1","17","2","7","1","1","C03","7","6","1","10","2","11","","20","20","1","13","4","120.629974","24.209741","2"
"10251","66000","387130000C","(04)23274275","(04)23288582","2026","2","28","12","28","臺中市","神岡區","0","0","0","6","","","1","","","","","","","","","","","","","","17","","","","","B03","","","1","","2","","","14","14","1","6","4","120.711293","24.257173","3"
"10252","66000","387130000C","(04)23274275","(04)23288582","2026","2","28","12","29","臺中市","北區","0","0","0","7","2","6","50","3","2","1","5","4","6","6","1","1","5","4","4","2","17","3","10","3","1","B03","7","7","1","8","1","6","","40","40","1","12","4","120.666292","24.155832","3"
"10253","66000","387130000C","(04)23274275","(04)23288582","2026","2","28","12","33","臺中市","豐原區","0","0","0","7","","","50","","","","","","","","","","","","","","14","","","","","C03","","","1","","2","","","49","49","1","13","4","120.704223","24.239193","3"
"10254","66000","387130000C","(04)23274275","(04)23288582","2026","2","28","12","37","臺中市","北屯區","0","0","0","6","","","50","","","","","","","","","","","","","","13","","","","","B03","","","1","","1","","","7","7","1","6","4","120.662469","24.188557","3"
"10255","66000","387130000C","(04)23274275","(04)23288582","2026","2","28","12","46","臺中市","霧峰區","0","0","0","7","","","30","","","","","","","","","","","","","","","","","","","B03","","","1","","2","","","61","61","1","13","4","120.679469","24.031077","3"
"10256","66000","387130000C","(04)23274275","(04)23288582","2026","2","28","12","52","臺中市","霧峰區","0","0","0","7","","","50","","","","","","","","","","","","","","13","","","","","C03","","","5","","8","","","7","7","1","12","4","120.69199","24.043191","3"
"10257","66000","387130000C","(04)23274275","(04)23288582","2026","2","28","13","2","臺中市","西屯區","0","1","0","7","2","6","40","5","2","1","5","4","6","6","2","1","1","1","1","1","12","2","8","2","1","C03","7","8","1","10","2","14","","35","35","1","12","2","120.646066","24.164354","2"
"10258","66000","387130000C","(04)23274275","(04)23288582","2026","2","28","13","3","臺中市","南屯區","0","1","0","7","2","6","50","4","1","1","5","4","6","6","2","1","5","5","4","2","16","3","10","3","1","B03","7","11","1","8","2","4","","45","45","1","13","4","120.6484","24.133395","2"
"10259","66000","387130000C","(04)23274275","(04)23288582","2026","2","28","13","3","臺中市","西屯區","0","0","0","7","","","50","","","","","","","","","","","","","","13","","","","","B03","","","1","","2","","","7","7","1","13","4","120.63517","24.17232","3"
"10260","66000","387130000C","(04)23274275","(04)23288582","2026","2","28","13","3","臺中市","大甲區","0","0","0","7","1","6","50","3","1","1","5","4","6","6","1","1","5","4","5","1","17","3","10","3","1","A12","7","5","1","3","2","9","","84","84","1","12","4","120.620343","24.341945","3"
"10261","66000","387130000C","(04)23274275","(04)23288582","2026","2","28","13","15","臺中市","太平區","0","0","0","7","","","30","","","","","","","","","","","","","","","","","","","C03","","","1","","2","","","5","5","1","12","4","120.805298","24.101504","3"
"10262","66000","387130000C","(04)23274275","(04)23288582","2026","2","28","13","17","臺中市","東區","0","0","0","7","","","50","","","","","","","","","","","","","","","","","","","B02","","","1","","1","","","7","7","1","6","4","120.702189","24.135144","3"
"10263","66000","387130000C","(04)23274275","(04)23288582","2026","2","28","13","23","臺中市","西區","0","4","0","7","1","6","50","4","1","1","5","4","6","6","4","4","10","5","5","2","15","2","9","1","1","C03","7","9","1","10","2","12","","15","15","1","13","4","120.660859","24.148447","2"
"10264","66000","387130000C","(04)23274275","(04)23288582","2026","2","28","13","24","臺中市","太平區","0","0","0","7","2","6","50","","","","","","","","","","","","","","","","","","","B03","","","1","","2","4","","40","40","1","12","4","120.721455","24.142907","3"
"10265","66000","387130000C","(04)23274275","(04)23288582","2026","2","28","13","34","臺中市","南屯區","0","0","0","7","","","50","","","","","","","","","","","","","","17","","","","","B03","","","1","","2","","","59","59","1","13","4","120.610835","24.138561","3"
"10266","66000","387130000C","(04)23274275","(04)23288582","2026","2","28","13","36","臺中市","北屯區","0","0","0","7","","","50","","","","","","","","","","","","","","","","","","","B03","","","1","","1","","","8","8","1","13","4","120.667516","24.179759","3"
"10267","66000","387130000C","(04)23274275","(04)23288582","2026","2","28","13","40","臺中市","南屯區","0","0","0","7","","","50","","","","","","","","","","","","","","17","","","","","C03","","","1","","9","","","59","59","1","12","4","120.643912","24.136887","3"
"10268","66000","387130000C","(04)23274275","(04)23288582","2026","2","28","13","41","臺中市","北屯區","0","0","0","7","","","50","","","","","","","","","","","","","","14","","","","","B03","","","1","","1","","","84","84","1","6","4","120.720464","24.162869","3"
"10269","66000","387130000C","(04)23274275","(04)23288582","2026","2","28","13","46","臺中市","西區","0","0","0","7","","","50","","","","","","","","","","","","","","17","","","","","B03","","","1","","2","","","49","49","1","12","4","120.661093","24.159694","3"
"10270","66000","387130000C","(04)23274275","(04)23288582","2026","2","28","13","50","臺中市","北區","0","1","0","7","3","6","50","4","1","1","5","4","6","6","1","1","5","4","5","2","17","3","10","5","4","B03","7","2","1","8","2","3","","49","49","1","12","4","120.67059","24.163063","2"
"10271","66000","387130000C","(04)23274275","(04)23288582","2026","2","28","13","52","臺中市","東區","0","2","0","6","3","6","50","4","2","1","5","4","6","6","2","1","5","5","5","2","13","2","8","2","1","C03","7","9","1","10","1","11","","84","84","1","6","4","120.690828","24.134756","2"
"10272","66000","387130000C","(04)23274275","(04)23288582","2026","2","28","14","0","臺中市","北區","0","1","0","7","2","6","50","3","1","1","5","4","6","6","4","4","10","5","5","2","16","3","10","1","1","C03","7","6","3","19","2","14","","12","12","1","13","4","120.681471","24.159103","2"
"10273","66000","387130000C","(04)23274275","(04)23288582","2026","2","28","14","1","臺中市","南屯區","0","2","0","7","2","6","50","13","9","1","5","4","6","6","4","4","1","4","5","2","13","2","9","1","1","C03","7","9","1","10","2","11","","84","84","1","13","4","120.646805","24.148842","2"
"10274","66000","387130000C","(04)23274275","(04)23288582","2026","2","28","14","2","臺中市","北屯區","0","0","0","7","","","50","","","","","","","","","","","","","","","","","","","B03","","","1","","1","","","84","84","1","12","4","120.689113","24.189755","3"
"10275","66000","387130000C","(04)23274275","(04)23288582","2026","2","28","14","2","臺中市","西屯區","0","0","0","7","","","30","","","","","","","","","","","","","","16","","","","","B03","","","1","","2","","","14","14","1","12","4","120.613809","24.177282","3"
"10276","66000","387130000C","(04)23274275","(04)23288582","2026","2","28","14","4","臺中市","北區","0","1","0","7","2","6","50","3","1","1","5","4","6","6","4","4","10","5","5","2","15","2","9","5","4","C03","7","9","3","19","2","11","","20","20","1","13","4","120.688635","24.152514","2"
"10277","66000","387130000C","(04)23274275","(04)23288582","2026","2","28","14","4","臺中市","西屯區","0","1","0","6","2","6","40","13","8","1","5","4","6","6","4","4","1","4","1","2","12","2","9","1","1","C03","7","8","1","10","1","14","","40","40","1","12","4","120.652732","24.160709","2"
"10278","66000","387130000C","(04)23274275","(04)23288582","2026","2","28","14","5","臺中市","豐原區","0","1","0","6","1","6","50","5","1","1","5","4","6","6","1","1","5","4","4","1","17","3","10","3","1","B03","7","6","1","8","2","4","","84","84","1","6","4","120.718911","24.248243","2"
"10279","66000","387130000C","(04)23274275","(04)23288582","2026","2","28","14","11","臺中市","西屯區","0","0","0","7","","","50","","","","","","","","","","","","","","16","","","","","B03","","","1","","1","","","47","47","1","12","4","120.644246","24.163098","3"
"10280","66000","387130000C","(04)23274275","(04)23288582","2026","2","28","14","19","臺中市","南屯區","0","0","0","6","","","50","","","","","","","","","","","","","","","","","","","B03","","","1","","1","","","40","40","1","13","4","120.641779","24.140873","3"
"10281","66000","387130000C","(04)23274275","(04)23288582","2026","2","28","14","22","臺中市","梧棲區","0","1","0","7","2","6","50","3","1","1","5","4","6","6","4","4","10","5","5","1","10","2","7","4","1","F01","7","9","7","21","2","11","","4","4","1","2","4","120.548028","24.25564","2"
"10282","66000","387130000C","(04)23274275","(04)23288582","2026","2","28","14","28","臺中市","沙鹿區","0","1","0","6","2","6","50","13","9","1","5","4","6","6","4","4","4","3","5","1","17","3","10","3","1","B03","7","1","1","8","2","4","","51","51","1","6","4","120.562182","24.232989","2"
"10283","66000","387130000C","(04)23274275","(04)23288582","2026","2","28","14","29","臺中市","西屯區","0","0","0","7","","","50","","","","","","","","","","","","","","12","","","","","B03","","","1","","2","","","6","6","1","12","4","120.637429","24.175411","3"
"10284","66000","387130000C","(04)23274275","(04)23288582","2026","2","28","14","29","臺中市","太平區","0","0","0","7","","","50","","","","","","","","","","","","","","","","","","","B12","","","1","","2","","","49","49","1","12","4","120.722882","24.142284","3"
"10285","66000","387130000C","(04)23274275","(04)23288582","2026","2","28","14","30","臺中市","北屯區","0","0","0","7","","","50","","","","","","","","","","","","","","17","","","","","B03","","","1","","2","","","58","58","1","6","4","120.686306","24.186899","3"
"10286","66000","387130000C","(04)23274275","(04)23288582","2026","2","28","14","34","臺中市","豐原區","0","2","0","6","2","6","50","4","9","1","5","4","6","6","1","1","1","4","5","1","17","3","10","3","1","B03","7","9","1","8","2","5","","58","58","1","13","4","120.70928","24.248944","2"
"10287","66000","387130000C","(04)23274275","(04)23288582","2026","2","28","14","35","臺中市","太平區","0","1","0","7","2","6","40","4","1","1","5","4","6","6","2","1","10","5","5","2","16","2","8","2","1","C03","7","6","1","10","2","13","12","48","48","1","12","4","120.722382","24.112725","2"
"10288","66000","387130000C","(04)23274275","(04)23288582","2026","2","28","14","36","臺中市","南屯區","0","0","0","7","","","","","","","","","","","","","","","","","17","","","","","","","","","","","","","119","119","1","","","120.606571","24.145908","3"
"10289","66000","387130000C","(04)23274275","(04)23288582","2026","2","28","14","40","臺中市","西屯區","0","0","0","6","","","50","","","","","","","","","","","","","","12","","","","","B03","","","1","","1","","","59","59","1","12","4","120.6265","24.184323","3"
"10290","66000","387130000C","(04)23274275","(04)23288582","2026","2","28","14","46","臺中市","大甲區","0","1","0","6","2","6","50","5","1","1","5","4","6","6","1","1","10","5","5","2","16","2","8","1","1","C03","7","9","1","10","2","12","","21","21","1","6","4","120.624498","24.340636","2"
"10291","66000","387130000C","(04)23274275","(04)23288582","2026","2","28","14","49","臺中市","西屯區","0","0","0","5","","","50","","","","","","","","","","","","","","17","","","","","B03","","","1","","2","","","51","51","1","13","4","120.661505","24.164828","3"
"10292","66000","387130000C","(04)23274275","(04)23288582","2026","2","28","14","51","臺中市","西屯區","0","0","0","6","","","30","","","","","","","","","","","","","","17","","","","","B01","","","1","","2","","","8","8","1","12","4","120.663248","24.175913","3"
"10293","66000","387130000C","(04)23274275","(04)23288582","2026","2","28","14","53","臺中市","西屯區","0","1","0","7","2","6","30","3","1","1","5","4","6","6","4","4","10","5","5","2","16","3","10","5","4","C03","7","6","1","10","2","11","","12","12","1","13","4","120.647683","24.175862","2"
"10294","66000","387130000C","(04)23274275","(04)23288582","2026","2","28","14","54","臺中市","南屯區","0","0","0","6","","","50","","","","","","","","","","","","","","17","","","","","B03","","","1","","2","","","51","51","1","6","4","120.648269","24.132231","3"
"10295","66000","387130000C","(04)23274275","(04)23288582","2026","2","28","14","54","臺中市","北屯區","0","1","0","7","2","6","50","4","1","1","5","4","6","6","1","1","10","5","5","2","13","2","9","1","1","C03","7","9","1","10","2","11","","7","7","1","12","4","120.694672","24.16561","2"
"10296","66000","387130000C","(04)23274275","(04)23288582","2026","2","28","14","55","臺中市","龍井區","0","0","0","7","","","50","","","","","","","","","","","","","","","","","","","B03","","","1","","1","","","84","84","1","12","4","120.546889","24.196682","3"
"10297","66000","387130000C","(04)23274275","(04)23288582","2026","2","28","15","1","臺中市","南區","0","0","0","7","","","50","","","","","","","","","","","","","","16","","","","","B03","","","1","","1","","","11","11","1","13","4","120.681829","24.13397","3"
"10298","66000","387130000C","(04)23274275","(04)23288582","2026","2","28","15","5","臺中市","大安區","0","1","0","6","3","6","50","13","9","1","5","4","6","6","4","4","9","5","5","1","18","2","7","1","1","C03","7","9","1","10","2","12","","59","59","1","12","4","120.616118","24.381582","2"
"10299","66000","387130000C","(04)23274275","(04)23288582","2026","2","28","15","10","臺中市","神岡區","0","1","0","7","1","6","50","13","9","1","5","4","6","6","1","1","1","4","5","1","12","3","10","5","4","B03","7","7","1","8","2","7","","42","42","1","12","4","120.686717","24.246925","2"
"10300","66000","387130000C","(04)23274275","(04)23288582","2026","2","28","15","14","臺中市","西屯區","0","2","0","7","2","6","50","13","9","1","5","4","6","6","4","4","5","4","5","2","17","2","9","1","1","C03","7","1","1","10","2","11","","51","51","1","13","4","120.626526","24.199706","2"
"10301","66000","387130000C","(04)23274275","(04)23288582","2026","2","28","15","15","臺中市","北屯區","0","2","0","7","2","6","50","4","1","1","5","4","6","6","2","1","10","5","5","2","15","2","9","2","1","C03","7","9","1","10","2","12","14","21","21","1","12","4","120.699596","24.164832","2"
"10302","66000","387130000C","(04)23274275","(04)23288582","2026","2","28","15","27","臺中市","大里區","0","2","0","7","2","6","50","3","2","1","5","4","6","6","4","4","5","5","5","1","17","2","8","5","4","C03","7","6","3","19","2","14","","85","85","1","13","4","120.702255","24.088524","2"
"10303","66000","387130000C","(04)23274275","(04)23288582","2026","2","28","15","31","臺中市","豐原區","0","1","0","7","2","6","50","4","1","1","5","4","6","6","1","1","1","5","4","2","15","2","8","5","4","C03","7","9","1","10","2","12","","21","21","1","13","4","120.721961","24.25212","2"
"10304","66000","387130000C","(04)23274275","(04)23288582","2026","2","28","15","35","臺中市","西區","0","0","0","7","","","50","","","","","","","","","","","","","","","","","","","B03","","","1","8","1","","","7","7","1","13","4","120.681461","24.135666","3"
"10305","66000","387130000C","(04)23274275","(04)23288582","2026","2","28","15","38","臺中市","大肚區","0","0","0","7","","","30","","","","","","","","","","","","","","12","","","","","B03","","","1","","2","","","8","8","1","6","4","120.580061","24.166334","3"
"10306","66000","387130000C","(04)23274275","(04)23288582","2026","2","28","15","43","臺中市","太平區","0","0","0","7","","","30","","","","","","","","","","","","","","","","","","","B03","","","1","","2","","","58","58","1","12","4","120.712011","24.157661","3"
"10307","66000","387130000C","(04)23274275","(04)23288582","2026","2","28","15","46","臺中市","大甲區","0","0","0","7","","","50","","","","","","","","","","","","","","13","","","","","C03","","","1","","2","","","7","7","1","12","4","120.622949","24.345218","3"
"10308","66000","387130000C","(04)23274275","(04)23288582","2026","2","28","15","51","臺中市","南區","0","0","0","6","","","50","","","","","","","","","","","","","","","","","","","B03","","","1","","1","","","20","20","1","12","4","120.677119","24.13054","3"
"10309","66000","387130000C","(04)23274275","(04)23288582","2026","2","28","15","55","臺中市","豐原區","0","1","0","6","2","9","60","4","1","1","5","4","6","6","1","1","1","4","5","1","16","3","10","3","1","B03","7","5","1","8","2","5","","11","11","1","13","4","120.735708","24.260717","2"
"10310","66000","387130000C","(04)23274275","(04)23288582","2026","2","28","15","56","臺中市","東區","0","0","0","7","","","50","","","","","","","","","","","","","","17","","","","","B03","","","1","","1","","","51","51","1","6","4","120.687335","24.135181","3"
"10311","66000","387130000C","(04)23274275","(04)23288582","2026","2","28","16","0","臺中市","北屯區","0","0","0","7","","","50","","","","","","","","","","","","","","17","","","","","C03","","","1","","9","","","59","59","1","12","4","120.687411","24.180284","3"
"10312","66000","387130000C","(04)23274275","(04)23288582","2026","2","28","16","2","臺中市","西區","0","1","0","7","1","6","50","5","1","1","5","4","6","6","1","1","1","4","1","2","15","3","10","3","1","B03","7","9","1","8","2","2","","84","84","1","13","4","120.670062","24.150797","2"
"10313","66000","387130000C","(04)23274275","(04)23288582","2026","2","28","16","3","臺中市","西區","0","0","0","6","","","50","","","","","","","","","","","","","","13","","","","","C03","","","1","","1","","","61","61","1","12","4","120.661708","24.139727","3"
"10314","66000","387130000C","(04)23274275","(04)23288582","2026","2","28","16","12","臺中市","西屯區","0","0","0","7","","","50","","","","","","","","","","","","","","12","","","","","C03","","","1","","1","","","8","8","1","13","4","120.649689","24.162956","3"
"10315","66000","387130000C","(04)23274275","(04)23288582","2026","2","28","16","14","臺中市","太平區","0","0","0","5","2","3","80","","","","","","","","","","","","","","","","","","","B12","","","1","","2","1","","58","58","1","12","4","120.71516","24.152695","3"
"10316","66000","387130000C","(04)23274275","(04)23288582","2026","2","28","16","22","臺中市","北區","0","0","0","7","3","6","50","13","24","1","5","4","6","6","4","4","5","4","5","2","17","","","","","B03","","","1","","1","","","56","56","1","13","4","120.684858","24.152939","3"
"10317","66000","387130000C","(04)23274275","(04)23288582","2026","2","28","16","29","臺中市","北屯區","0","0","0","7","","","30","","","","","","","","","","","","","","17","","","","","C03","","","1","","9","","","12","12","2","12","4","120.669094","24.175924","3"
"10318","66000","387130000C","(04)23274275","(04)23288582","2026","2","28","16","41","臺中市","西區","0","1","0","7","3","6","50","3","1","1","5","4","6","6","1","1","10","5","5","2","16","3","10","3","1","B03","7","11","1","8","2","6","","45","45","1","6","4","120.658502","24.155427","2"
"10319","66000","387130000C","(04)23274275","(04)23288582","2026","2","28","16","42","臺中市","西屯區","0","0","0","7","","","50","","","","","","","","","","","","","","12","","","","","B03","","","1","","1","","","8","8","1","12","4","120.645191","24.162759","3"
"10320","66000","387130000C","(04)23274275","(04)23288582","2026","2","28","16","43","臺中市","北屯區","0","1","0","7","2","6","50","4","1","1","5","4","6","6","2","1","10","5","5","2","13","2","8","1","1","C03","7","9","1","10","2","14","","7","7","1","12","4","120.682031","24.194137","2"