序號,縣市別代碼,機關代碼,市話,傳真,年,月,日,時,分,縣市,區,死亡數量,受傷數量,2-30,天候,道路照明設備,道路類別,道路速限,道路型態,事故位置,路面鋪裝,路面狀態,路面缺陷,障礙物,視距,號誌種類,號誌動作,分向設施,快車道或一般車道間,快慢車道間,路面邊線,事故類型及型態,受傷程度,主要傷處,保護裝備,行動電話或功能裝置,當事者區分(類別),車輛用途,當事者行動狀態,駕照狀態,駕照種類,飲酒情形,車輛撞擊部位最初,車輛撞擊部位其他,肇事因素個別,肇事因素主要,肇事逃逸,職業,共享經濟或外送平台,GPS座標X,GPS座標Y,事故類別
"10321","66000","387130000C","(04)23274275","(04)23288582","2026","2","28","16","49","臺中市","西屯區","0","1","0","6","3","6","30","3","1","1","5","4","6","6","4","4","10","5","5","2","16","3","10","1","1","C03","7","11","1","10","2","11","","45","45","1","13","4","120.644151","24.175824","2"
"10322","66000","387130000C","(04)23274275","(04)23288582","2026","2","28","16","49","臺中市","西屯區","0","1","0","6","2","6","50","4","9","1","5","4","6","6","2","1","5","4","5","2","17","3","10","3","1","B03","7","1","1","7","2","8","","51","51","1","13","4","120.62398","24.185403","2"
"10323","66000","387130000C","(04)23274275","(04)23288582","2026","2","28","16","49","臺中市","大甲區","0","0","0","7","","","50","","","","","","","","","","","","","","13","","","","","B03","","","1","","1","","","59","59","1","6","4","120.61653","24.349632","3"
"10324","66000","387130000C","(04)23274275","(04)23288582","2026","2","28","16","54","臺中市","南區","0","0","0","6","3","6","50","4","4","1","5","4","6","6","2","1","1","4","5","2","13","3","10","3","1","B03","7","9","5","19","5","5","","8","8","1","13","4","120.65507","24.115261","3"
"10325","66000","387130000C","(04)23274275","(04)23288582","2026","2","28","16","56","臺中市","南屯區","0","1","0","7","2","6","50","18","24","1","5","4","6","6","4","4","10","5","5","2","18","2","8","2","1","C03","7","1","1","10","2","16","","59","59","1","13","4","120.614328","24.14365","2"
"10326","66000","387130000C","(04)23274275","(04)23288582","2026","2","28","16","58","臺中市","潭子區","0","0","0","7","","","0","","","","","","","","","","","","","","14","","","","","B03","","","1","","1","","","49","49","1","12","4","120.700591","24.214516","3"
"10327","66000","387130000C","(04)23274275","(04)23288582","2026","2","28","16","58","臺中市","清水區","0","0","0","7","2","9","50","13","9","1","5","4","6","","4","4","9","4","5","2","14","","","","","B03","","","1","","1","","","49","49","1","12","4","120.585843","24.288147","3"
"10328","66000","387130000C","(04)23274275","(04)23288582","2026","2","28","17","0","臺中市","北區","0","0","0","7","","","50","","","","","","","","","","","","","","13","","","","","B03","","","1","","2","","","59","59","1","12","4","120.67871","24.147911","3"
"10329","66000","387130000C","(04)23274275","(04)23288582","2026","2","28","17","5","臺中市","龍井區","0","0","0","7","","","50","","","","","","","","","","","","","","","","","","","B03","","","1","","1","","","49","49","1","12","4","120.546674","24.179655","3"
"10330","66000","387130000C","(04)23274275","(04)23288582","2026","2","28","17","10","臺中市","西區","0","1","0","7","2","6","50","13","9","1","5","4","6","6","4","4","5","4","5","2","3","2","9","6","5","H01","8","16","7","21","2","17","","95","95","1","13","5","120.667223","24.130395","2"
"10331","66000","387130000C","(04)23274275","(04)23288582","2026","2","28","17","10","臺中市","南屯區","0","0","0","7","","","50","","","","","","","","","","","","","","13","","","","","C03","","","1","","2","","","7","7","1","12","4","120.644399","24.139125","3"
"10332","66000","387130000C","(04)23274275","(04)23288582","2026","2","28","17","17","臺中市","神岡區","0","2","0","7","2","6","50","3","1","1","5","4","6","6","3","1","5","5","5","1","17","2","9","1","1","C03","7","6","1","10","2","14","14","42","42","1","12","4","120.655792","24.267731","2"
"10333","66000","387130000C","(04)23274275","(04)23288582","2026","2","28","17","18","臺中市","大里區","0","0","0","7","","","50","","","","","","","","","","","","","","12","","","","","B03","","","3","","9","","","51","51","1","13","4","120.681203","24.10506","3"
"10334","66000","387130000C","(04)23274275","(04)23288582","2026","2","28","17","25","臺中市","太平區","0","2","0","6","2","6","50","4","1","1","5","4","6","6","2","1","5","4","5","2","15","2","9","2","1","C03","7","9","3","19","2","11","","21","21","1","6","4","120.710069","24.134821","2"
"10335","66000","387130000C","(04)23274275","(04)23288582","2026","2","28","17","28","臺中市","西屯區","0","0","0","7","","","30","","","","","","","","","","","","","","30","","","","","B03","","","1","","1","","","84","84","1","13","4","120.619955","24.181388","3"
"10336","66000","387130000C","(04)23274275","(04)23288582","2026","2","28","17","32","臺中市","沙鹿區","0","1","0","6","2","6","50","4","1","1","5","4","6","6","1","1","10","5","5","2","16","3","10","3","4","B03","7","6","1","8","2","1","","11","11","1","6","4","120.558914","24.234698","2"
"10337","66000","387130000C","(04)23274275","(04)23288582","2026","2","28","17","33","臺中市","大里區","0","1","0","7","2","6","50","3","1","1","5","4","6","6","4","4","10","5","5","2","17","2","9","1","1","C03","7","5","1","8","2","12","","12","12","1","12","4","120.678676","24.11497","2"
"10338","66000","387130000C","(04)23274275","(04)23288582","2026","2","28","17","36","臺中市","西屯區","0","0","0","7","","","50","","","","","","","","","","","","","","12","","","","","B03","","","1","","11","","","40","40","1","13","4","120.640431","24.168118","3"
"10339","66000","387130000C","(04)23274275","(04)23288582","2026","2","28","17","49","臺中市","后里區","0","0","0","7","3","6","40","13","7","1","5","4","6","6","4","4","9","4","4","1","14","3","10","1","1","C03","7","2","1","10","2","13","","49","49","1","12","4","120.721381","24.308996","3"
"10340","66000","387130000C","(04)23274275","(04)23288582","2026","2","28","17","57","臺中市","北屯區","0","0","0","7","","","50","","","","","","","","","","","","","","30","","","","","B03","","","1","","2","","","59","59","1","13","4","120.743828","24.193283","3"
"10341","66000","387130000C","(04)23274275","(04)23288582","2026","2","28","18","2","臺中市","西屯區","0","0","0","7","","","30","","","","","","","","","","","","","","17","","","","","B01","","","1","","2","","","7","7","1","12","4","120.656724","24.169154","3"
"10342","66000","387130000C","(04)23274275","(04)23288582","2026","2","28","18","4","臺中市","南屯區","0","0","0","7","","","50","","","","","","","","","","","","","","","","","","","C03","","","1","","1","","","51","51","1","13","4","120.649961","24.148339","3"
"10343","66000","387130000C","(04)23274275","(04)23288582","2026","2","28","18","5","臺中市","東區","0","0","0","7","","","50","","","","","","","","","","","","","","13","","","","","C03","","","1","","1","","","84","84","1","13","4","120.704981","24.144378","3"
"10344","66000","387130000C","(04)23274275","(04)23288582","2026","2","28","18","11","臺中市","大甲區","0","1","0","7","1","6","50","13","9","1","5","4","6","6","4","4","5","5","5","1","17","3","10","3","1","B03","7","1","1","8","2","4","","51","51","1","12","4","120.622476","24.343718","2"
"10345","66000","387130000C","(04)23274275","(04)23288582","2026","2","28","18","12","臺中市","西屯區","0","0","0","7","","","50","","","","","","","","","","","","","","12","","","","","B03","","","1","","2","","","40","40","1","13","4","120.645191","24.162759","3"
"10346","66000","387130000C","(04)23274275","(04)23288582","2026","2","28","18","14","臺中市","北屯區","0","0","0","7","","","50","","","","","","","","","","","","","","","","","","","C03","","","1","","1","","","7","7","1","12","4","120.685623","24.175771","3"
"10347","66000","387130000C","(04)23274275","(04)23288582","2026","2","28","18","15","臺中市","西屯區","0","1","0","5","1","6","40","3","1","1","4","4","6","6","3","1","4","5","5","2","17","2","9","1","1","C04","7","6","1","10","2","11","","24","24","1","13","4","120.639762","24.176927","2"
"10348","66000","387130000C","(04)23274275","(04)23288582","2026","2","28","18","32","臺中市","太平區","0","0","0","7","1","6","50","","","","","","","","","","","","","","","","","","","C03","","","1","","2","11","","84","84","1","12","4","120.716358","24.124292","3"
"10349","66000","387130000C","(04)23274275","(04)23288582","2026","2","28","18","40","臺中市","霧峰區","0","0","0","5","","","60","","","","","","","","","","","","","","","","","","","A05","","","1","","2","","","51","51","1","6","4","120.696588","24.067164","3"
"10350","66000","387130000C","(04)23274275","(04)23288582","2026","2","28","18","44","臺中市","北屯區","0","0","0","7","","","50","","","","","","","","","","","","","","12","","","","","B03","","","1","","1","","","59","59","1","12","4","120.700438","24.182607","3"
"10351","66000","387130000C","(04)23274275","(04)23288582","2026","2","28","18","46","臺中市","烏日區","0","0","0","5","","","50","","","","","","","","","","","","","","","","","","","B03","","","1","","2","","","7","7","1","13","4","120.637151","24.107604","3"
"10352","66000","387130000C","(04)23274275","(04)23288582","2026","2","28","18","49","臺中市","太平區","0","1","0","5","1","6","50","4","1","1","4","4","6","6","1","1","5","5","5","1","16","3","10","3","1","B03","7","6","1","8","2","1","","11","11","1","6","4","120.724018","24.130673","2"
"10353","66000","387130000C","(04)23274275","(04)23288582","2026","2","28","18","59","臺中市","龍井區","0","1","0","7","1","6","50","4","1","1","4","4","6","6","4","4","10","5","5","2","12","2","9","1","1","C03","7","9","1","10","2","14","","7","7","1","6","4","120.591157","24.181268","2"
"10354","66000","387130000C","(04)23274275","(04)23288582","2026","2","28","19","4","臺中市","南屯區","0","2","0","7","2","6","50","4","1","1","5","4","6","6","2","1","9","4","5","2","12","2","9","1","1","C03","7","9","1","10","2","11","","7","7","1","12","4","120.63714","24.146931","2"
"10355","66000","387130000C","(04)23274275","(04)23288582","2026","2","28","19","4","臺中市","沙鹿區","0","1","0","5","1","6","50","3","1","1","4","4","6","6","4","4","10","5","5","2","16","3","10","3","4","B03","7","11","1","8","2","8","","14","14","1","5","4","120.572611","24.229637","2"
"10356","66000","387130000C","(04)23274275","(04)23288582","2026","2","28","19","8","臺中市","南區","0","1","0","5","1","6","50","4","1","1","4","4","6","6","1","1","10","5","5","2","18","2","9","2","1","C03","7","5","1","10","2","12","","84","84","1","12","4","120.665601","24.116826","2"
"10357","66000","387130000C","(04)23274275","(04)23288582","2026","2","28","19","10","臺中市","后里區","0","1","0","7","1","6","50","13","8","1","5","4","6","6","4","4","5","4","4","1","28","","","","","","","","","","","","","118","118","1","","","120.707888","24.311196","2"
"10358","66000","387130000C","(04)23274275","(04)23288582","2026","2","28","19","14","臺中市","西區","0","0","0","6","","","50","","","","","","","","","","","","","","","","","","","C03","","","1","10","1","","","51","51","1","13","2","120.661617","24.133705","3"
"10359","66000","387130000C","(04)23274275","(04)23288582","2026","2","28","19","14","臺中市","西屯區","0","1","0","5","1","6","40","3","1","1","4","4","6","6","4","4","1","5","1","2","17","2","9","1","1","C03","7","5","1","10","2","14","","84","84","1","13","4","120.620378","24.181003","2"
"10360","66000","387130000C","(04)23274275","(04)23288582","2026","2","28","19","20","臺中市","西屯區","0","0","0","5","","","50","","","","","","","","","","","","","","13","","","","","B03","","","1","","1","","","59","59","1","13","4","120.656497","24.190133","3"
"10361","66000","387130000C","(04)23274275","(04)23288582","2026","2","28","19","20","臺中市","霧峰區","0","1","0","5","1","6","50","12","9","1","4","4","6","6","4","4","5","5","5","1","18","2","8","1","1","C03","7","9","1","10","2","12","11","85","85","1","12","4","120.715062","24.07438","2"
"10362","66000","387130000C","(04)23274275","(04)23288582","2026","2","28","19","20","臺中市","豐原區","0","0","0","5","","","60","","","","","","","","","","","","","","17","","","","","B03","","","1","","2","","","7","7","1","6","4","120.735912","24.260557","3"
"10363","66000","387130000C","(04)23274275","(04)23288582","2026","2","28","19","27","臺中市","南屯區","0","0","0","5","","","50","","","","","","","","","","","","","","","","","","","B03","","","1","","2","","","8","8","1","13","4","120.645125","24.130605","3"
"10364","66000","387130000C","(04)23274275","(04)23288582","2026","2","28","19","27","臺中市","西屯區","0","1","0","5","1","6","50","3","1","1","4","4","6","6","1","1","10","5","5","2","13","2","9","1","4","C03","7","9","1","10","2","11","","7","7","1","13","4","120.644869","24.182795","2"
"10365","66000","387130000C","(04)23274275","(04)23288582","2026","2","28","19","30","臺中市","北屯區","0","0","0","5","","","50","","","","","","","","","","","","","","12","","","","","B03","","","1","","2","","","84","84","1","12","4","120.709053","24.168012","3"
"10366","66000","387130000C","(04)23274275","(04)23288582","2026","2","28","19","30","臺中市","清水區","0","1","0","5","2","6","30","11","9","1","4","4","6","6","4","4","8","3","5","2","18","2","9","1","1","C03","7","5","1","10","2","11","","87","87","1","12","4","120.629595","24.303993","2"
"10367","66000","387130000C","(04)23274275","(04)23288582","2026","2","28","19","33","臺中市","西屯區","0","0","0","5","","","50","","","","","","","","","","","","","","30","","","","","B03","","","1","","1","","","8","8","1","12","4","120.627598","24.181146","3"
"10368","66000","387130000C","(04)23274275","(04)23288582","2026","2","28","19","33","臺中市","太平區","0","0","0","7","1","6","30","13","9","1","5","4","6","6","4","4","10","5","5","2","14","","","","","B12","","","1","","2","","","49","49","1","12","4","120.717048","24.122459","3"
"10369","66000","387130000C","(04)23274275","(04)23288582","2026","2","28","19","35","臺中市","霧峰區","0","1","0","5","1","6","50","13","9","1","4","4","6","6","4","4","5","5","5","1","30","2","9","5","4","C03","7","9","1","10","2","12","","85","85","1","13","4","120.654326","24.038418","2"
"10370","66000","387130000C","(04)23274275","(04)23288582","2026","2","28","19","38","臺中市","太平區","0","1","0","5","1","6","30","3","1","1","4","4","6","6","3","1","5","5","5","1","16","3","10","2","1","C03","7","6","1","10","2","13","","24","24","1","5","4","120.734094","24.14397","2"
"10371","66000","387130000C","(04)23274275","(04)23288582","2026","2","28","19","40","臺中市","西屯區","0","2","0","5","1","6","50","13","9","1","4","4","6","6","4","4","9","4","5","2","9","2","9","1","1","C03","7","9","1","10","2","11","","85","85","1","13","4","120.612591","24.191217","2"
"10372","66000","387130000C","(04)23274275","(04)23288582","2026","2","28","19","47","臺中市","龍井區","0","1","0","7","1","6","40","4","1","1","4","4","6","6","1","1","10","5","5","2","3","2","9","1","1","C03","7","9","1","10","2","12","","6","6","1","6","4","120.585665","24.186498","2"
"10373","66000","387130000C","(04)23274275","(04)23288582","2026","2","28","19","48","臺中市","豐原區","0","2","0","5","1","6","50","4","1","1","4","4","6","6","1","1","1","5","5","2","15","2","3","5","4","B01","7","9","1","4","2","1","","21","21","1","12","4","120.714425","24.237935","2"
"10374","66000","387130000C","(04)23274275","(04)23288582","2026","2","28","19","49","臺中市","豐原區","0","0","0","7","","","40","","","","","","","","","","","","","","12","","","","","B03","","","1","","2","","","51","51","1","13","4","120.711615","24.240165","3"
"10375","66000","387130000C","(04)23274275","(04)23288582","2026","2","28","19","50","臺中市","北區","0","0","0","5","","","50","","","","","","","","","","","","","","17","","","","","C03","","","6","","1","","","85","85","1","13","4","120.685961","24.146584","4"
"10376","66000","387130000C","(04)23274275","(04)23288582","2026","2","28","19","50","臺中市","南屯區","0","1","0","5","3","6","50","13","9","1","4","4","6","6","4","4","5","5","5","2","18","2","9","2","1","C03","7","9","1","10","2","14","","59","59","1","13","4","120.647047","24.143827","2"
"10377","66000","387130000C","(04)23274275","(04)23288582","2026","2","28","19","56","臺中市","新社區","0","1","0","5","1","6","50","13","9","1","4","4","6","6","4","4","10","5","5","1","27","2","9","5","4","B03","7","9","1","8","2","1","","55","55","1","13","4","120.813526","24.202718","2"
"10378","66000","387130000C","(04)23274275","(04)23288582","2026","2","28","20","0","臺中市","南屯區","0","0","0","5","","","50","","","","","","","","","","","","","","13","","","","","A11","","","1","","1","","","59","59","1","12","4","120.622211","24.150243","3"
"10379","66000","387130000C","(04)23274275","(04)23288582","2026","2","28","20","10","臺中市","清水區","0","0","0","5","","","50","","","","","","","","","","","","","","13","","","","","C03","","","1","","1","","","7","7","1","6","4","120.572435","24.264136","3"
"10380","66000","387130000C","(04)23274275","(04)23288582","2026","2","28","20","14","臺中市","北區","0","0","0","5","1","6","50","18","24","1","5","4","6","6","4","4","10","5","5","2","30","","","","","B03","","","1","","2","","","84","84","1","13","4","120.692462","24.158872","3"
"10381","66000","387130000C","(04)23274275","(04)23288582","2026","2","28","20","16","臺中市","北屯區","0","1","0","5","1","6","50","13","9","1","4","4","6","6","4","4","1","4","5","2","16","3","10","3","1","B03","7","5","1","6","1","2","","20","20","1","12","4","120.689829","24.171525","2"
"10382","66000","387130000C","(04)23274275","(04)23288582","2026","2","28","20","16","臺中市","西屯區","0","1","0","5","1","6","50","3","1","1","4","4","6","6","4","4","10","5","5","2","16","3","10","5","4","B03","7","6","1","8","2","1","","14","14","1","13","4","120.646976","24.1708","2"
"10383","66000","387130000C","(04)23274275","(04)23288582","2026","2","28","20","21","臺中市","西區","0","2","0","7","1","6","50","4","4","1","4","4","6","6","1","1","5","4","5","2","13","2","9","1","1","C03","7","6","1","10","2","13","","84","84","1","13","4","120.665861","24.13467","2"
"10384","66000","387130000C","(04)23274275","(04)23288582","2026","2","28","20","21","臺中市","北屯區","0","0","0","5","","","50","","","","","","","","","","","","","","14","","","","","B03","","","1","","1","","","49","49","1","12","4","120.685331","24.177509","3"
"10385","66000","387130000C","(04)23274275","(04)23288582","2026","2","28","20","23","臺中市","西屯區","0","0","0","5","","","50","","","","","","","","","","","","","","17","","","","","A12","","","1","","2","","","59","59","1","13","4","120.638816","24.182137","3"
"10386","66000","387130000C","(04)23274275","(04)23288582","2026","2","28","20","28","臺中市","北屯區","0","1","0","5","1","6","50","4","1","1","4","4","6","6","2","1","10","5","5","2","15","3","10","1","1","C03","7","9","1","10","2","11","","21","21","1","13","4","120.694104","24.16496","2"
"10387","66000","387130000C","(04)23274275","(04)23288582","2026","2","28","20","32","臺中市","西屯區","0","1","0","5","1","6","40","4","1","1","4","4","6","6","1","1","10","5","5","2","17","2","9","1","4","C03","7","6","1","10","2","11","","48","48","1","13","4","120.635989","24.169183","2"
"10388","66000","387130000C","(04)23274275","(04)23288582","2026","2","28","20","36","臺中市","西區","0","1","0","7","1","6","50","4","3","1","4","4","6","6","2","1","1","4","4","2","18","2","9","1","1","C03","7","9","1","10","2","14","","84","84","1","13","2","120.671274","24.145701","2"
"10389","66000","387130000C","(04)23274275","(04)23288582","2026","2","28","20","42","臺中市","大里區","0","1","0","5","1","6","50","13","9","1","4","4","6","6","4","4","5","5","5","2","13","3","10","5","4","A12","7","9","1","6","2","1","","58","58","1","6","4","120.69163","24.089109","2"
"10390","66000","387130000C","(04)23274275","(04)23288582","2026","2","28","20","46","臺中市","大雅區","0","0","0","5","","","50","","","","","","","","","","","","","","","","","","","C03","","","1","","2","","","7","7","1","12","4","120.647319","24.229231","3"
"10391","66000","387130000C","(04)23274275","(04)23288582","2026","2","28","20","50","臺中市","潭子區","0","0","0","5","1","6","30","3","1","1","4","4","6","6","4","4","10","5","5","2","17","","","","","","","","","","","","","59","59","1","","","120.700346","24.187943","3"
"10392","66000","387130000C","(04)23274275","(04)23288582","2026","2","28","20","51","臺中市","西屯區","0","1","0","5","1","6","50","4","1","1","4","4","6","6","4","4","9","4","5","1","17","2","9","1","1","C03","7","9","1","10","2","14","","84","84","1","12","4","120.611358","24.185291","2"
"10393","66000","387130000C","(04)23274275","(04)23288582","2026","2","28","20","56","臺中市","西屯區","0","1","0","5","1","6","50","4","9","1","4","4","6","6","2","1","1","4","5","2","18","2","9","1","1","C03","7","9","1","10","2","14","","84","84","1","13","4","120.656866","24.200467","2"
"10394","66000","387130000C","(04)23274275","(04)23288582","2026","2","28","21","2","臺中市","梧棲區","0","0","0","7","","","50","","","","","","","","","","","","","","17","","","","","B03","","","1","","1","","","59","59","1","6","4","120.535883","24.260825","3"
"10395","66000","387130000C","(04)23274275","(04)23288582","2026","2","28","21","3","臺中市","北屯區","0","0","0","5","","","50","","","","","","","","","","","","","","14","","","","","B03","","","1","","1","","","49","49","1","12","4","120.691273","24.170465","3"
"10396","66000","387130000C","(04)23274275","(04)23288582","2026","2","28","21","13","臺中市","大里區","0","1","0","5","1","6","50","13","9","1","4","4","6","6","4","4","5","5","5","1","17","2","9","1","1","C03","7","9","1","10","2","16","","85","85","1","6","4","120.700068","24.102128","2"
"10397","66000","387130000C","(04)23274275","(04)23288582","2026","2","28","21","21","臺中市","大里區","0","1","0","5","1","6","50","13","9","1","4","4","6","6","4","4","9","5","5","1","18","2","7","1","1","C03","7","9","1","10","2","14","","84","84","1","12","4","120.697243","24.090303","2"
"10398","66000","387130000C","(04)23274275","(04)23288582","2026","2","28","21","22","臺中市","潭子區","0","0","0","5","","","50","","","","","","","","","","","","","","","","","","","B12","","","1","","2","","","47","47","1","13","4","120.696403","24.195967","3"
"10399","66000","387130000C","(04)23274275","(04)23288582","2026","2","28","21","22","臺中市","東區","0","1","0","5","1","6","50","13","9","1","4","4","6","6","4","4","9","4","5","2","18","2","9","2","1","C03","7","9","1","10","2","14","","59","59","1","13","4","120.701444","24.132109","2"
"10400","66000","387130000C","(04)23274275","(04)23288582","2026","2","28","21","26","臺中市","西屯區","0","0","0","5","","","50","","","","","","","","","","","","","","12","","","","","B03","","","1","","1","","","50","50","1","13","4","120.638391","24.164147","4"
"10401","66000","387130000C","(04)23274275","(04)23288582","2026","2","28","21","30","臺中市","北區","0","0","0","5","","","50","","","","","","","","","","","","","","17","","","","","B12","","","6","","2","","","85","85","1","13","4","120.685055","24.152598","4"
"10402","66000","387130000C","(04)23274275","(04)23288582","2026","2","28","21","35","臺中市","南屯區","0","0","0","7","","","50","","","","","","","","","","","","","","","","","","","B03","","","1","","1","","","59","59","1","12","4","120.640729","24.141315","3"
"10403","66000","387130000C","(04)23274275","(04)23288582","2026","2","28","21","37","臺中市","太平區","0","1","0","7","1","6","50","13","8","1","5","4","6","6","4","4","5","5","4","2","17","2","9","1","1","C03","7","9","1","10","2","12","","84","84","1","12","2","120.712979","24.159262","2"
"10404","66000","387130000C","(04)23274275","(04)23288582","2026","2","28","21","40","臺中市","大雅區","0","2","0","5","1","6","50","13","9","1","4","4","6","6","4","4","5","5","5","1","17","2","8","2","1","C03","7","1","1","10","2","14","","51","51","1","12","4","120.653678","24.225201","2"
"10405","66000","387130000C","(04)23274275","(04)23288582","2026","2","28","21","40","臺中市","北區","0","0","0","5","1","9","50","18","24","4","4","4","6","6","4","4","10","5","5","2","17","","","","","C03","","","1","","1","","","84","84","1","13","4","120.681581","24.155193","3"
"10406","66000","387130000C","(04)23274275","(04)23288582","2026","2","28","21","42","臺中市","西屯區","0","1","0","5","1","6","50","13","9","1","4","4","6","6","4","4","5","5","5","2","12","2","9","5","4","C03","7","9","5","19","8","11","","59","59","1","13","4","120.619103","24.179183","2"
"10407","66000","387130000C","(04)23274275","(04)23288582","2026","2","28","21","48","臺中市","清水區","0","0","0","5","","","40","","","","","","","","","","","","","","","","","","","B03","","","1","","2","","","49","49","1","12","4","120.570806","24.2753","3"
"10408","66000","387130000C","(04)23274275","(04)23288582","2026","2","28","21","50","臺中市","西屯區","0","1","0","5","1","6","50","3","1","1","4","4","6","6","1","1","10","5","5","2","17","3","10","5","4","B03","7","6","1","8","2","6","","14","14","1","13","4","120.641128","24.178615","2"
"10409","66000","387130000C","(04)23274275","(04)23288582","2026","2","28","21","51","臺中市","西屯區","0","4","0","5","1","6","50","4","1","1","4","4","6","6","2","1","10","5","5","2","15","3","10","3","1","B02","7","9","1","8","2","1","","21","21","1","12","4","120.656466","24.190194","2"
"10410","66000","387130000C","(04)23274275","(04)23288582","2026","2","28","21","54","臺中市","西屯區","0","1","0","5","1","6","50","13","9","1","4","4","6","6","4","4","1","4","5","2","17","3","10","3","4","B01","7","1","1","4","2","16","","51","51","1","13","4","120.638881","24.175067","2"
"10411","66000","387130000C","(04)23274275","(04)23288582","2026","2","28","21","55","臺中市","太平區","0","2","0","5","1","6","50","4","1","1","4","4","6","6","4","4","10","5","5","2","16","2","8","6","1","F01","7","6","7","21","7","11","","14","14","1","12","4","120.716954","24.126009","2"
"10412","66000","387130000C","(04)23274275","(04)23288582","2026","2","28","22","2","臺中市","清水區","0","0","0","5","1","6","50","13","9","1","5","4","6","6","4","4","8","3","5","1","12","3","10","1","1","C03","7","9","1","10","2","11","","83","83","1","12","4","120.575969","24.264655","3"
"10413","66000","387130000C","(04)23274275","(04)23288582","2026","2","28","22","5","臺中市","北屯區","0","1","0","7","3","6","50","5","1","1","4","4","6","6","1","1","10","5","5","2","16","3","10","3","1","B03","7","9","1","8","2","1","","21","21","1","6","4","120.712038","24.182138","2"
"10414","66000","387130000C","(04)23274275","(04)23288582","2026","2","28","22","8","臺中市","龍井區","0","0","0","6","","","50","","","","","","","","","","","","","","14","","","","","B03","","","1","","1","","","49","49","1","6","4","120.583352","24.179648","3"
"10415","66000","387130000C","(04)23274275","(04)23288582","2026","2","28","22","19","臺中市","西屯區","0","1","0","5","1","6","50","4","1","1","4","4","6","6","2","1","10","5","5","2","15","2","9","1","1","C03","7","9","1","10","2","11","","21","21","1","13","4","120.638867","24.180194","2"
"10416","66000","387130000C","(04)23274275","(04)23288582","2026","2","28","22","34","臺中市","大里區","0","1","0","5","2","6","50","3","1","1","4","4","6","6","1","1","10","5","5","2","17","3","10","5","4","F03","7","9","7","21","2","11","","21","21","1","13","4","120.688718","24.087348","2"
"10417","66000","387130000C","(04)23274275","(04)23288582","2026","2","28","22","35","臺中市","梧棲區","0","0","0","5","","","50","","","","","","","","","","","","","","17","","","","","B03","","","1","","1","","","59","59","1","6","4","120.53387","24.245921","3"
"10418","66000","387130000C","(04)23274275","(04)23288582","2026","2","28","22","36","臺中市","中區","0","0","0","5","","","50","","","","","","","","","","","","","","17","","","","","B03","","","1","","2","","","84","84","1","12","4","120.683713","24.13905","3"
"10419","66000","387130000C","(04)23274275","(04)23288582","2026","2","28","22","39","臺中市","西屯區","0","0","0","5","","","50","","","","","","","","","","","","","","12","","","","","C03","","","1","","1","","","42","42","1","13","4","120.629921","24.183531","3"
"10420","66000","387130000C","(04)23274275","(04)23288582","2026","2","28","22","46","臺中市","龍井區","0","0","0","5","","","50","","","","","","","","","","","","","","15","","","","","F03","","","7","","1","","","21","21","1","13","4","120.542266","24.21854","3"
"10421","66000","387130000C","(04)23274275","(04)23288582","2026","2","28","22","55","臺中市","西區","0","0","0","5","","","50","","","","","","","","","","","","","","12","","","","","F03","","","7","","1","","","36","36","1","13","4","120.666839","24.141103","3"
"10422","66000","387130000C","(04)23274275","(04)23288582","2026","2","28","23","14","臺中市","南區","0","1","0","5","1","6","5","3","1","1","4","4","6","6","4","4","3","4","5","2","16","3","10","3","1","B03","7","5","1","8","2","5","","14","14","1","13","4","120.662597","24.119964","2"
"10423","66000","387130000C","(04)23274275","(04)23288582","2026","2","28","23","16","臺中市","南屯區","0","1","0","7","1","6","50","4","2","1","4","4","6","6","2","1","1","4","4","2","16","2","9","1","1","C03","7","5","1","10","2","11","","84","84","1","12","4","120.642617","24.151291","2"
"10424","66000","387130000C","(04)23274275","(04)23288582","2026","2","28","23","23","臺中市","中區","0","0","0","7","","","40","","","","","","","","","","","","","","17","","","","","B12","","","1","","1","","","84","84","1","12","4","120.680586","24.145816","3"
"10425","66000","387130000C","(04)23274275","(04)23288582","2026","2","28","23","25","臺中市","太平區","0","1","0","5","1","6","50","13","9","1","4","4","6","6","4","4","9","5","5","1","11","3","10","2","1","C03","7","6","2","19","2","12","","20","20","1","13","4","120.720809","24.117487","2"
"10426","66000","387130000C","(04)23274275","(04)23288582","2026","2","28","23","28","臺中市","西屯區","0","1","0","5","1","6","40","13","8","1","4","4","6","6","4","4","1","4","1","2","18","2","9","5","4","C03","7","9","1","10","2","14","","84","84","1","13","4","120.617802","24.18137","2"
"10427","66000","387130000C","(04)23274275","(04)23288582","2026","2","28","23","50","臺中市","西屯區","0","1","0","6","1","6","50","13","9","1","4","4","6","6","4","4","5","4","5","2","18","2","9","1","1","C03","7","9","1","10","2","16","","84","84","1","12","4","120.645121","24.176742","2"
"10428","66000","387130000C","(04)23274275","(04)23288582","2026","2","28","23","58","臺中市","北區","0","2","0","5","1","6","50","4","1","1","4","4","6","6","1","1","5","4","5","1","16","2","9","1","1","C03","7","6","1","10","2","11","","23","23","1","13","4","120.66409","24.162025","2